code,name,status,codeforiati:organisation-type-code,codeforiati:organisation-type,codeforiati:registry-identifier,codeforiati:hq-country-or-region
AU-5,Australie – Ministère des Affaires étrangères et du Commerce,active,10,Government,ausgov,Australia
44000,Banque mondiale,active,40,Multilateral,worldbank,(No country assigned)
US-EIN-941655673,Fondation William et Flora Hewlett,active,60,Foundation,hewlett-foundation,United States
41AAA,Bureau des Nations Unies pour les services d’appui aux projets (UNOPS),active,40,Multilateral,unops,(No country assigned)
GB-CHC-1038860,Frontline AIDS,active,21,International NGO,f-aids,United Kingdom
XI-IATI-EC_INTPA,Commission européenne – Partenariats internationaux,active,15,Other Public Sector,ec-intpa,(No country assigned)
XI-IATI-EC_DEVCO,Commission européenne – Coopération internationale et développement,withdrawn,15,Other Public Sector,ec-devco,(No country assigned)
SE-0,"Suède, via l’Agence suédoise de coopération internationale au développement (Asdi)",active,10,Government,sida,Sweden
CA-CRA-89980-1815-RR0001,Ingénieurs Sans Frontières Canada,active,21,International NGO,ewb_canada,Canada
XM-DAC-41114,Programme des Nations Unies pour le développement (PNUD),active,40,Multilateral,undp,(No country assigned)
GB-CHC-1075920,Indigo Trust,active,60,Foundation,indtrust,United Kingdom
GB-CHC-202918,Oxfam Royaume-Uni,active,21,International NGO,oxfamgb,United Kingdom
FI-3,Finlande – Ministère des Affaires étrangères de la Finlande,active,10,Government,finland_mfa,Finland
IE-CHY-6663,Self Help Africa,active,21,International NGO,self-help-africa,Ireland
47045,"Fonds mondial de lutte contre le sida, la tuberculose et le paludisme",active,40,Multilateral,theglobalfund,Switzerland
XM-DAC-46004,Banque asiatique de développement,active,40,Multilateral,asdb,(No country assigned)
46004,Banque asiatique de développement,withdrawn,40,Multilateral,asdb,(No country assigned)
GB-COH-07676886,Publish What You Fund,active,21,International NGO,pwyf,United Kingdom
NO-BRC-977538319,Norwegian Refugee Council (conseil norvégien pour les réfugiés),active,21,International NGO,nrc,Norway
NL-KVK-41213450,SPARK,active,21,International NGO,spark,Netherlands
XM-DAC-3-1,Danemark – Ministère des Affaires étrangères,active,10,Government,danida,Denmark
GB-CHC-285776,Catholic Agency For Overseas Development (CAFOD),active,21,International NGO,cafod,United Kingdom
47122,"Gavi, l’Alliance du vaccin",active,30,Public Private Partnership,gavi,Switzerland
US-EIN-300108263,GlobalGiving.org,active,21,International NGO,globalgiving,United States
GB-CHC-1029161,Camfed International,active,21,International NGO,camfed,United Kingdom
GB-CHC-291691,All We Can (anciennement Methodist Relief and Development Fund),active,21,International NGO,allwecan,United Kingdom
GB-CHC-1074937,ADRA-UK,active,21,International NGO,adrauk,United Kingdom
GB-CHC-1017255,Homeless International,active,21,International NGO,hi,United Kingdom
GB-COH-4905100,Resource Extraction Monitoring,active,21,International NGO,rem,United Kingdom
NP-CRO-45995/063/064,Young Innovations Pvt. Ltd,active,80,"Academic, Training and Research",yipl,Nepal
GB-CHC-327421,Article19,active,21,International NGO,art19,United Kingdom
GB-CHC-328434,ChildHope Royaume-Uni,active,21,International NGO,childhopeuk,United Kingdom
GB-CHC-1092236,Concern Worldwide Royaume-Uni,active,21,International NGO,concernuk,United Kingdom
GB-COH-4075590,LEAD International,active,21,International NGO,lead_international,United Kingdom
XM-DAC-21033,Transparency International (Secrétariat),active,21,International NGO,transparency-international,Germany
GB-CHC-1141028,AfriKids,active,21,International NGO,afrikids,United Kingdom
GB-CHC-1089879,EveryChild,active,21,International NGO,evc,United Kingdom
GB-CHC-1126727,MapAction,active,21,International NGO,mapaction,United Kingdom
GB-CHC-254781,The International Children’s Trust,active,21,International NGO,theict,United Kingdom
GB-COH-NI21482,Trocaire (Irlande du Nord),active,21,International NGO,troc,United Kingdom
GB-CHC-1001698,Interact Worldwide,active,21,International NGO,iww_publish,United Kingdom
GB-CHC-1837621,Health Poverty Action,active,21,International NGO,hpa,United Kingdom
GB-CHC-313139,Africa Educational Trust,active,21,International NGO,aet,United Kingdom
GB-CHC-800672,Living Earth Foundation,active,21,International NGO,livingearth12,United Kingdom
GB-COH-0277068,Fauna & Flora International,active,21,International NGO,ffi_publisher,United Kingdom
GB-CHC-1020488,Children in Crisis,active,21,International NGO,cic,United Kingdom
GB-CHC-1090745,ICA:UK,active,22,National NGO,icauk,United Kingdom
GB-CHC-298316,Build Africa,active,21,International NGO,buildafrica,United Kingdom
GB-CHC-265464,Tearfund,active,21,International NGO,tearfund,United Kingdom
GB-CHC-208724,War on Want,active,21,International NGO,waronwant,United Kingdom
GB-COH-06587734,InterClimate Network,active,21,International NGO,icn,United Kingdom
GB-COH-2082273,World Association for Christian Communication Royaume-Uni,active,21,International NGO,wacc-uk,United Kingdom
GB-CHC-1064413,African Initiatives,active,21,International NGO,ai_1064413,United Kingdom
GB-COH-05322719,Opportunity International Royaume-Uni,active,21,International NGO,opportunity-international-uk,United Kingdom
GB-SC-SC030289,Mercy Corps Europe,active,21,International NGO,mce,United Kingdom
GB-COH-1100897,Fondation Aga Khan Royaume-Uni,active,21,International NGO,akfuk73,United Kingdom
GB-CHC-1001349,Samaritan’s Purse Royaume-Uni,active,21,International NGO,spuk,United Kingdom
GB-CHC-327461,Karuna Trust,active,21,International NGO,karuna,United Kingdom
GB-COH-4887855,HealthProm,active,21,International NGO,hp_12,United Kingdom
GB-CHC-207076,Royal Society for the Protection of Birds,active,21,International NGO,rspb_,United Kingdom
GB-CHC-299717,Send a Cow,active,21,International NGO,sendacow,United Kingdom
GB-CHC-1069208,Trust for Africa’s Orphans,active,21,International NGO,tao-03473165,United Kingdom
GB-CHC-283302,Agency for Cooperation and Research in Development (ACORD),active,21,International NGO,acord,United Kingdom
GB-CHC-1068839,Bond,active,22,National NGO,bond,United Kingdom
GB-CHC-291824,Twin,active,21,International NGO,twin-iati,United Kingdom
GB-CHC-1059996,Power International,active,21,International NGO,power,United Kingdom
GB-CHC-1102028,Canon Collins Trust,active,21,International NGO,canoncollinstrust,United Kingdom
GB-COH-5419428,Water & Sanitation for the Urban Poor (WSUP),active,30,Public Private Partnership,wsup,United Kingdom
GB-COH-03877777,CDC Group plc,active,15,Other Public Sector,bii,United Kingdom
GB-CHC-328206,Womankind Worldwide,active,21,International NGO,womankindworld,United Kingdom
GB-CHC-281681,"Friends of the Earth England, Wales and Northern Ireland",active,22,National NGO,foe_ewni,United Kingdom
GB-CHC-272465,United Purpose,active,21,International NGO,cu,United Kingdom
GB-CHC-1125948,PONT,active,21,International NGO,pont,United Kingdom
GB-CHC-1138287,Rainforest Foundation Royaume-Uni,active,21,International NGO,rfuk,United Kingdom
41120,ONU-Habitat,active,40,Multilateral,unhabitat,(No country assigned)
GB-COH-04154075,Penal Reform International,active,21,International NGO,pri,United Kingdom
GB-CHC-288701,WaterAid,active,21,International NGO,wateraid,United Kingdom
GB-CHC-291167,Jeevika Trust,active,21,International NGO,jeevika_trust,United Kingdom
GB-CHC-313757,Voluntary Service Overseas (VSO),active,21,International NGO,vso,United Kingdom
GB-COH-1364201,Plan International Royaume-Uni,active,21,International NGO,plan_uk,United Kingdom
XM-DAC-21032,,active,21,International NGO,psi,United States
21032,Population Services International,withdrawn,21,International NGO,psi,United States
GB-COH-213890,Save the Children Royaume-Uni,active,21,International NGO,scuk,United Kingdom
NL-KVK-41198677,Hivos,active,21,International NGO,stichting_hivos,Netherlands
ZA-NPO-061-870,Southern African Catholic Bishops’ Conference Aids Office,active,23,Regional NGO,sacbc,South Africa
CH-FDJP-CHE-110347351,Alliance mondiale pour l'amélioration de la nutrition,active,21,International NGO,gain,Switzerland
30001,Alliance mondiale pour l'amélioration de la nutrition,withdrawn,21,International NGO,,Switzerland
GB-CHC-1127206,StreetInvest,active,21,International NGO,si,United Kingdom
GB-CHC-1055436,Conciliation Resources,active,21,International NGO,cr,United Kingdom
GB-CHC-1115482,BRAC Royaume-Uni,active,21,International NGO,bracuk,United Kingdom
ZA-NPO-036-515,,active,23,Regional NGO,gl,South Africa
ZA-CIP-2001-005850-08,,withdrawn,23,Regional NGO,gl,South Africa
ZA-CIPC-2001/005850/08,Gender Links,withdrawn,23,Regional NGO,gl,South Africa
GB-CHC-218186,Leonard Cheshire Disability,active,21,International NGO,lcd_admin,United Kingdom
GB-COH-3008440,Forests Monitor,active,21,International NGO,fm,United Kingdom
GB-COH-2100867,SOS Sahel International Royaume-Uni,active,21,International NGO,sossaheluk,United Kingdom
GB-CHC-1065705,Survivors Fund (SURF),active,21,International NGO,surf,United Kingdom
GB-CHC-1122924,Developments In Literacy Trust Royaume-Uni,active,21,International NGO,diltuk,United Kingdom
GB-CHC-292506,CARE International Royaume-Uni,active,21,International NGO,ciuk,United Kingdom
GB-CHC-328158,Islamic Relief Worldwide,active,21,International NGO,irw,United Kingdom
GB-CHC-229476,International Planned Parenthood Federation,active,21,International NGO,ippf,United Kingdom
GB-CHC-326568,Charity Projects Ltd (Comic Relief),active,60,Foundation,cprojects,United Kingdom
XM-DAC-41111,Fonds d’équipement des Nations Unies,active,40,Multilateral,uncdf,United States
NL-CCI-20081098,BRAC International,withdrawn,21,International NGO,bracintl,Netherlands
GB-CHC-1098106,Relief International Royaume-Uni,active,21,International NGO,ri-uk,United Kingdom
GB-CHC-1071886,TB Alert,active,21,International NGO,tbalert,United Kingdom
XM-DAC-41146,ONU Femmes,active,40,Multilateral,unw,(No country assigned)
TZ-BRE-63966,Twaweza,active,23,Regional NGO,twaweza,"Tanzania, United Republic of"
GB-CHC-1104287,MicroLoan Foundation,active,21,International NGO,mlf,United Kingdom
GB-CHC-1152010,Child-to-Child,active,21,International NGO,ctc,United Kingdom
GB-CHC-1105851,Christian Aid,active,21,International NGO,caid,United Kingdom
GB-CHC-1139083,Grow Movement,active,80,"Academic, Training and Research",growmovement_admin,United Kingdom
GB-CHC-1079358,Motivation,active,21,International NGO,motivation,United Kingdom
US-EIN-27-5026293,Disability Rights Fund,active,21,International NGO,drf,United States
US-USAGOV,États-Unis,withdrawn,10,Government,unitedstates,United States
GB-CHC-1081247,WWF Royaume-Uni,active,21,International NGO,wwf-uk,United Kingdom
GB-COH-1102208,MSI Reproductive Choices,active,21,International NGO,msi,United Kingdom
GB-CHC-207544,Sightsavers,active,21,International NGO,ss-org,United Kingdom
GB-COH-03788027,Triple Line,active,70,Private Sector,tripleline_crownagents,United Kingdom
GB-CHC-1058991,Railway Children,active,21,International NGO,rc,United Kingdom
GB-CHC-1140123,Vision for a Nation Foundation,active,21,International NGO,vfan,United Kingdom
21-PK-WWF,Fonds mondial pour la nature – Pakistan,active,21,International NGO,wwfpakistan,Pakistan
NL-KVK-27264198,ActionAid International,active,21,International NGO,aai,Netherlands
XI-IATI-IADB,Banque interaméricaine de développement,active,40,Multilateral,iadb,(No country assigned)
GB-CHC-327519,Zimbabwe Educational Trust,active,21,International NGO,zet,United Kingdom
GB-COH-871954,Practical Action,active,21,International NGO,pa,United Kingdom
GB-CHC-1127488,Restless Development,active,21,International NGO,restless,United Kingdom
GB-COH-2153193,International Alert,active,21,International NGO,international-alert,United Kingdom
DE-1,Allemagne – Ministère fédéral de la Coopération économique et du Développement,active,10,Government,bmz,Germany
GB-CHC-1099776,Malaria Consortium,active,21,International NGO,malariaconsortium,United Kingdom
GB-CHC-1078768,People In Aid,active,21,International NGO,peopleinaid,United Kingdom
47135,Fonds d’investissement pour le climat,active,40,Multilateral,cif,"Bilateral, unspecified"
IN-,MAMTA – Health Institute for Mother and Child,active,22,National NGO,mamta_himc,India
ciks,Centre for Indian Knowledge Systems,active,80,"Academic, Training and Research",ciks,India
GB-CHC-1070684,Cord,active,23,Regional NGO,cord,United Kingdom
GB-GOV-6,Royaume-Uni – Ministère de l’Intérieur,active,10,Government,homeoffice,United Kingdom
US-EIN-13-2702768,Pact,active,21,International NGO,pact,United States
GB-CHC-1071659,War Child Royaume-Uni,active,21,International NGO,wcuk,United Kingdom
GB-CHC-1107403,GOAL,active,21,International NGO,goal,Ireland
GB-COH-3578127,Ethical Trading Initiative,active,21,International NGO,eti,United Kingdom
GPAF-IMP-031,Development Aid from People to People (DAPP) Malawi,active,22,National NGO,dapp,Malawi
XM-DAC-41122,Fonds des Nations Unies pour l’enfance (UNICEF),active,40,Multilateral,unicef,(No country assigned)
US-IRS-562339052,CDA Collaborative Learning Projects,active,21,International NGO,cda,United States
SL-NRA-1001562-8,"Medical Research Centre (MRC), Sierra Leone",active,22,National NGO,mrc-sierra-leone,Sierra Leone
GB-SC-SC035314,Scotland’s International Development Alliance,active,23,Regional NGO,sinda,United Kingdom
XM-DAC-41140,Programme alimentaire mondial des Nations Unies (PAM),active,40,Multilateral,wfp,Italy
BE-BCE_KBO-0462279234,ACODEV,active,22,National NGO,acodev,Belgium
IE-CHY-6410,Dóchas – Irish Association of Non Governmental Development Organisations,active,22,National NGO,dochas,Ireland
GB-COH-01926828,Farm Africa,active,21,International NGO,fa,United Kingdom
IN-AR-775,Pragya India,active,22,National NGO,pragya,India
GB-CHC-1109789,Y Care International,active,21,International NGO,ycare,United Kingdom
GB-CHC-1115109,Women for Women International Royaume-Uni,active,21,International NGO,wfwiuk,United Kingdom
GB-CHC-274467,ActionAid Royaume-Uni,active,21,International NGO,aauk,United Kingdom
NG-CAC-5938,Association for Reproductive and Family Health,active,22,National NGO,arfh,Nigeria
XM-DAC-46002,Banque africaine de développement,active,40,Multilateral,afdb,(No country assigned)
46002,Banque africaine de développement,withdrawn,40,Multilateral,afdb,(No country assigned)
NL-KVK-27327087,Akvo Foundation,active,21,International NGO,akvo,Netherlands
GB-CHC-1043843,Saferworld,active,21,International NGO,saferworld,United Kingdom
XM-DAC-41119,,active,40,Multilateral,unfpa,(No country assigned)
41119,Fonds des Nations Unies pour la population (UNFPA),withdrawn,40,Multilateral,unfpa,(No country assigned)
NP-DAO-27-127/062/063,Freedom Forum,active,22,National NGO,ff,Nepal
GB-CHC-1045348,Afghanaid,withdrawn,21,International NGO,afghanaid,United Kingdom
NZ-1,Nouvelle-Zélande – Ministère des Affaires étrangères et du Commerce extérieur – Programme d’aide de la Nouvelle-Zélande,active,10,Government,mfat,New Zealand
CA-3,Canada – Affaires mondiales Canada,active,10,Government,gac-amc,Canada
XI-IATI-EC_FPI,Commission européenne – Service des instruments de politique étrangère,active,15,Other Public Sector,ec-fpi,"Europe, regional"
XI-IATI-EC_NEAR,Commission européenne – Voisinage et négociations d’élargissement,active,15,Other Public Sector,ec-near,(No country assigned)
ES-DIR3-E04585801,Espagne – Ministère des Affaires étrangères et de la Coopération,active,10,Government,maec,Spain
GB-COH-1762840,HelpAge International,active,21,International NGO,helpage_international,United Kingdom
SACU,Send a Cow Ouganda,active,22,National NGO,sacu,Uganda
XM-DAC-21-1,Irlande – Ministère des Affaires étrangères et du Commerce,active,10,Government,irishaid,Ireland
GB-GOV-9,,active,10,Government,dwp,United Kingdom
GB-GOV-GB-9,,withdrawn,10,Government,dwp,United Kingdom
GB-9,Royaume-Uni – Ministère du Travail et des Retraites,withdrawn,10,Government,dwp,United Kingdom
GB-CHC-1120932,Network for Africa,active,21,International NGO,network4africa,United Kingdom
GB-CC-1098893,Blue Ventures Conservation,active,21,International NGO,blueventures,United Kingdom
GB-CHC-1114944,iPartner India,active,21,International NGO,ip-india,United Kingdom
GB-SC-SC037959,Link Community Development (Écosse),active,21,International NGO,lcds,United Kingdom
GB-COH-07629751,Digital Campus,active,80,"Academic, Training and Research",dc,United Kingdom
ZA-NPO-013484,Heifer International (Afrique du Sud),active,22,National NGO,hsa,South Africa
XI-IATI-EC_ECHO,Commission européenne – Aide humanitaire et protection civile,active,15,Other Public Sector,ec-echo,(No country assigned)
TN-TIN-102123727,CUAMM Trustees,active,22,National NGO,cuammtrustees,"Tanzania, United Republic of"
GB-GOV-10,Royaume-Uni – Ministère de la Santé et des Affaires sociales,active,10,Government,dhsc,United Kingdom
GB-CHC-1120413,MICAIA,active,21,International NGO,mic-uk,United Kingdom
US-IRS-13-5661832,Plan International États-Unis,active,21,International NGO,plan_usa,United States
GB-CHC-1096908,Afghanistan and Central Asian Association,active,21,International NGO,acaa,United Kingdom
GB-COH-RC000346,Royaume-Uni – Medical Research Council,active,10,Government,mrc,United Kingdom
KE-NGC-3372,I Choose Life Africa,active,22,National NGO,ke-ngc-3372,Kenya
GB-CHC-1065972,International Rescue Committee Royaume-Uni,active,21,International NGO,irc_uk,United Kingdom
GB-COH-06407873,HTSPE,active,70,Private Sector,htspe,United Kingdom
GB-CHC-1024903,Hospice Africa Ltd,active,80,"Academic, Training and Research",hauk,United Kingdom
GB-CHC-326859,Able Child Africa,active,21,International NGO,ablechildafrica,United Kingdom
NP-SWC-13712,Global Action Nepal,active,22,National NGO,gan,Nepal
GB-COH-2732176,Adam Smith International,active,70,Private Sector,asi,United Kingdom
US-EIN-131837418,The Foundation Center,active,21,International NGO,foundation_center,United States
GB-COH-4884328,Integrity Action,active,21,International NGO,integrity_action,United Kingdom
CH-4,Direction suisse du développement et de la coopération (DDC),active,10,Government,sdc_ch,Switzerland
GB-CHC-1078803,Bees for Development Trust,active,21,International NGO,beesfordevelopment,United Kingdom
FR-SIRET-4028868160030,ACTED,active,21,International NGO,acted,France
XM-DAC-7,Pays-Bas – Ministère des Affaires étrangères,active,10,Government,minbuza_nl,Netherlands
GB-CHC-289036,Emmanuel International Royaume-Uni,active,21,International NGO,eiuk,United Kingdom
GB-CHC-291333,Feed the Minds,active,21,International NGO,ftm-291333,United Kingdom
NP-DAO-27-689/063/064,Fédération des ONG du Népal,active,22,National NGO,nfn,Nepal
GB-COH-03259922,Crown Agents Limited,active,70,Private Sector,cal,United Kingdom
GB-COH-04589451,ARK (Absolute Return for Kids),active,21,International NGO,ark,United Kingdom
GB-CHC-290836,APT Action on Poverty,active,21,International NGO,apt,United Kingdom
KE-NGCB-149,SOS Villages d’Enfants Kenya,active,21,International NGO,soscvkenya,Kenya
GB-CHC-1083008,MAG,active,21,International NGO,mag,United Kingdom
GB-CHC-1098752,Target Tuberculosis,active,21,International NGO,targettb,United Kingdom
XM-DAC-41127,Bureau des Nations Unies pour la coordination des affaires humanitaires (OCHA),active,40,Multilateral,unocha,Switzerland
GB-COH-1858644,DAI Europe,active,70,Private Sector,dai-e,United Kingdom
GB-CHC-1087997,Stars Foundation,active,60,Foundation,starsfoundation,United Kingdom
NP-SWC-19336,,active,22,National NGO,phase-nepal,Nepal
NP-DAO-531/062/063,PHASE Nepal,withdrawn,22,National NGO,phase-nepal,Nepal
FR-6,France – Ministère de l’Europe et des Affaires étrangères,active,10,Government,france,France
XI-IATI-035026724,Hilfswerk Austria Zimbabwe,active,21,International NGO,hwa-zm,Zimbabwe
IE-CHY-15037,Plan Ireland Charitable Assistance Limited,active,21,International NGO,plan_ireland,Ireland
FR-3,Agence Française de Développement,active,15,Other Public Sector,afd,France
GB-CHC-209131,British Council,active,15,Other Public Sector,britishcouncil,United Kingdom
GB-CHC-1128536,Street Child,active,21,International NGO,street_child,United Kingdom
GB-CHC-1081695,Vision Aid Overseas,active,21,International NGO,vao,United Kingdom
GB-COH-03580586-GEC,Girls’ Education Challenge – Fund Manager PwC,active,70,Private Sector,gecfundmanagerpwc,United Kingdom
GB-COH-07669775,GEMS Education Solutions,active,70,Private Sector,mgcubed,Ghana
US-EIN-54-0536100,ChildFund International,active,21,International NGO,childfund,United States
NP-DAO-DANG-18-046/47,Backward Society Education (BASE),active,22,National NGO,base_22,Nepal
GB-CHC-1104458,Theatre for a Change Royaume-Uni,active,21,International NGO,tfac,United Kingdom
GB-CHC-1093861,International Medical Corps Royaume-Uni,active,21,International NGO,imc_uk,United Kingdom
GB-COH-7557881,Social Impact Lab CIC,active,21,International NGO,simlab,United Kingdom
KE-RCO-270901,Education Development Trust,withdrawn,21,International NGO,edt_kenya,Kenya
GB-CHC-213251,Lepra,active,21,International NGO,lepra,United Kingdom
NL-KVK-51018586,,withdrawn,70,Private Sector,zimmzimm,Netherlands
JO-CCD-50544,Arab Reporters for Investigative Journalism,active,80,"Academic, Training and Research",arij,Jordan
NL-KVK-41188664,ICS,active,21,International NGO,ics,Netherlands
DAC-1601,Fondation Bill et Melinda Gates,active,60,Foundation,bmgf,United States
NP-SWC-00589,Shtrii Shakti,active,22,National NGO,shtrii_shakti,Nepal
GB-CHC-1085096,Women and Children First Royaume-Uni,active,21,International NGO,wcf,United Kingdom
MW-NBM-00139,Theatre for a Change Malawi,active,22,National NGO,tfacmalawi,Malawi
NL-KVK-41166983,Center for International Legal Cooperation (CILC),active,60,Foundation,cilc,Netherlands
GB-CHC-1135156,Tree Aid,active,21,International NGO,treea,United Kingdom
CA-CRA_ARC-119304848,Entraide universitaire mondiale du Canada,active,21,International NGO,wusc,Canada
GB-CHC-1154085,Exeter Ethiopia Link,active,21,International NGO,eel,United Kingdom
TZ-BRLA-36057,KPMG Afrique de l’Est,active,70,Private Sector,kpmgea,"Tanzania, United Republic of"
GB-CHC-1053389,Viva,active,21,International NGO,viva,United Kingdom
XM-DAC-47111,Fonds d’adaptation,active,40,Multilateral,af,United States
47111,Fonds d’adaptation,withdrawn,40,Multilateral,af,United States
DK-CVR-33985339,Trianglen,active,22,National NGO,trianglen,Denmark
GB-CHC-1094478,Excellent Development,active,21,International NGO,excellent,United Kingdom
GB-CHC-1047501,Action contre la Faim Royaume-Uni,active,21,International NGO,acf,United Kingdom
CA-4,Canada – Ministère des Finances,active,10,Government,finance_canada,Canada
GB-CHC-1105489,Sabre Education Limited,active,21,International NGO,sct,United Kingdom
DE-AG-VR7795,Fairtrade Labelling Organizations International e.V.,active,21,International NGO,fairtrade_international,Germany
NL-KVK-41210098,Both ENDS,active,22,National NGO,bothends,Netherlands
NL-KVK-20093733,Heifer Nederland,active,22,National NGO,heifernederland,Netherlands
GB-CHC-1112699,Teach A Man To Fish,active,21,International NGO,tamtf,United Kingdom
NL-KVK-34141098,Fairfood International,active,22,National NGO,fairfood,Netherlands
NL-KVK-41201806,Transnational Institute,active,60,Foundation,tni,Netherlands
GB-CHC-261488,Amref Health Africa Royaume-Uni,active,21,International NGO,amrefha,United Kingdom
XI-IATI-CHSA,Association CHS Alliance,active,21,International NGO,chs_alliance,Switzerland
NL-KVK-40535338,Amis de la Terre International,active,21,International NGO,foei,Netherlands
PK-MSW-633-1965,Rahnuma-Family Planning Assocation of Pakistan,active,22,National NGO,rfpap,Pakistan
GB-CHC-1147083,Rojiroti Royaume-Uni,active,21,International NGO,rojiroti,United Kingdom
GB-CHC-1125512,Lively Minds,active,21,International NGO,livelyminds,United Kingdom
NL-KVK-27108436,Oxfam Novib,active,21,International NGO,onl,Netherlands
GB-COH-877338,Institute of Development Studies,active,80,"Academic, Training and Research",ids,United Kingdom
GB-SC-SC032327,EMMS International,active,21,International NGO,emms,United Kingdom
US-EIN-522043740,"Discovery Learning Alliance, Inc.",active,21,International NGO,dla,United States
GB-CHC-1128267-8,HelpAge International Royaume-Uni,active,22,National NGO,ageintl,United Kingdom
GB-CHC-293734,Christian Engineers in Development,active,21,International NGO,ced,United Kingdom
GB-GOV-7,"Royaume-Uni – Ministère de l’Environnement, de l’Alimentation et des Affaires rurales",active,10,Government,defra_transparency,United Kingdom
BE-BCE_KBO-0447404580,Avocats Sans Frontières,active,22,National NGO,asf,Belgium
US-501c3-522318905,AidData,active,80,"Academic, Training and Research",aiddata,United States
XM-DAC-701-8,Agence japonaise de coopération internationale (JICA),active,10,Government,jica,Japan
GB-SC-037597,Centre International de Formation des Autorités et Leaders (CIFAL) Écosse,active,80,"Academic, Training and Research",cifal,United Kingdom
GH-RGD-CG220182018,,active,60,Foundation,star_ghanafoundation,Ghana
US-EIN-84-1166148,Water for People,active,21,International NGO,w4p,United States
NL-KVK-27248417,Aqua for All,active,60,Foundation,aqua4all,Netherlands
GB-CHC-1112734,PHASE Worldwide,active,21,International NGO,phase_worldwide,United Kingdom
KE-NGC-9381,Across,active,21,International NGO,across,Kenya
GB-CHC-295224,Muslim Aid,active,21,International NGO,muslimaid,United Kingdom
GB-CHC-250456,Find Your Feet,active,21,International NGO,fyf,United Kingdom
XM-DAC-47501,Partenariat mondial pour l’éducation,active,40,Multilateral,gpe,United States
GB-CHC-1086159,One to One Children’s Fund,active,21,International NGO,onetoonecf,United Kingdom
IN-ITA-1886,Micro Insurance Academy,active,80,"Academic, Training and Research",mia_india,India
GB-CHC-1121273,FRANK Water,active,21,International NGO,frankwater,United Kingdom
GB-COH-3799145,Coffey International Development,active,70,Private Sector,coffey,United Kingdom
GB-COH-04276635,act4africa,active,21,International NGO,act4africa,United Kingdom
NL-KVK-41022454,Red een Kind,active,21,International NGO,redeenkind,Netherlands
GB-CHC-1096479,ShelterBox,active,21,International NGO,shelterbox,United Kingdom
GB-CHC-1108464,Bees Abroad Royaume-Uni,active,21,International NGO,bauk,United Kingdom
US-EIN-13-5563422,Catholic Relief Services,active,21,International NGO,crs,United States
XM-DAC-41108,Fonds international de développement agricole (FIDA),active,40,Multilateral,ifad,(No country assigned)
GB-CHC-1001813,The HALO Trust,active,21,International NGO,halo,United Kingdom
NL-KVK-56484038,ICCO Cooperation,active,21,International NGO,icco-cooperation,Netherlands
GB-CHC-1077889,Pump Aid,active,21,International NGO,pumpaid,United Kingdom
GB-CHC-328273,Food for the Hungry Royaume-Uni,active,21,International NGO,fh,United Kingdom
GB-CHC-1126550,Promoting Equality in African Schools (PEAS),active,21,International NGO,peas,United Kingdom
UA-EDR-37199602,École d’économie et de gestion de Kiev,active,80,"Academic, Training and Research",kse,Ukraine
GB-CHC-270901,,active,21,International NGO,eddevtrust,United Kingdom
GB-CHC-1122799,Retrak,active,21,International NGO,retrak,United Kingdom
XM-DAC-30010,Unitaid,active,40,Multilateral,utd,Switzerland
GB-SC-044007,Bioclimate Research and Development,active,21,International NGO,bioclimate,United Kingdom
GB-CHC-220949,Croix-Rouge britannique,active,21,International NGO,gb-chc-220949,United Kingdom
NL-KVK-32108345,CHOICE for Youth and Sexuality,active,21,International NGO,cfyas,Netherlands
NL-KVK-27378529,Agence néerlandaise pour les entreprises,active,10,Government,rvo,Netherlands
NL-KVK-41180500,Fondation SeeYou,active,21,International NGO,syf,Netherlands
XM-DAC-47086,Groupe du développement des infrastructures privées,active,40,Multilateral,pidg,United Kingdom
GB-CHC-1079599,BasicNeeds,active,21,International NGO,basicneeds,United Kingdom
GB-CHC-1071660,Cecily’s Fund,active,21,International NGO,cecily,United Kingdom
NL-KVK-41150298,Amref Flying Doctors,active,22,National NGO,amrefnl,Netherlands
XM-DAC-301-2,Canada – Centre de recherches pour le développement international,active,15,Other Public Sector,idrccrdi,Canada
GB-CHC-1000717,CODA International,active,21,International NGO,coda,United Kingdom
US-EIN-13-3287064,InterAction,active,21,International NGO,interaction,United States
ZA-ROC-1999/05072/08,Desmond Tutu HIV Foundation,active,80,"Academic, Training and Research",dthfxx12,South Africa
GB-CHC-1143852,Hagar International UK,active,21,International NGO,hagar_uk,United Kingdom
GB-COH-353570,Water Witness International,active,21,International NGO,water-witness-international,United Kingdom
NL-KVK-34200988 (deprecated),Fondation RAIN (anciennement),active,21,International NGO,rainfoundation,Netherlands
NL-KVK-34229026,Aflatoun International,active,21,International NGO,aflatoun,Netherlands
GB-GOV-8,Royaume-Uni – Ministère de la Défense,active,10,Government,ukmod,United Kingdom
ZA-NPO-025-359,mothers2mothers,active,21,International NGO,m2m_sa,South Africa
NL-KVK-34214586,Partos,active,22,National NGO,partos_nl,Netherlands
XM-DAC-41304,"Organisation des Nations Unies pour l’éducation, la science et la culture (UNESCO)",active,40,Multilateral,unesco,France
GB-CHC-1157009,Abaseen Foundation Royaume-Uni,active,21,International NGO,abaseen,United Kingdom
ML-NIF-086108989R,Association de soutien au développement des activités de population,active,22,National NGO,asdap,Mali
BD-NAB-0203,"Association for Prevention of Septic Abortion, Bangladesh (BAPSA)",active,22,National NGO,bapsa,Bangladesh
GB-CHC-1069182,International Service,active,21,International NGO,unais,United Kingdom
GB-COH-06133927,Avanti Communications Plc,active,70,Private Sector,ava_admin,United Kingdom
GH-DSW-258,Amis de la Terre Ghana,active,22,National NGO,foe-ghana,Ghana
XM-DAC-918-3,Banque européenne d’investissement,active,40,Multilateral,eib,(No country assigned)
GB-CHC-1084729,World Child Cancer UK,active,21,International NGO,wccuk,United Kingdom
MZ-MOJ-F2G1No4,Magariro,active,22,National NGO,magariro,Mozambique
XI-IATI-EBRD,Banque européenne pour la reconstruction et le développement,active,40,Multilateral,ebrd,"Bilateral, unspecified"
GB-CHC-000391,The Open University,active,80,"Academic, Training and Research",open_university,United Kingdom
GB-CHC-1038785,Mifumi Royaume-Uni,active,21,International NGO,mifumi_uk,United Kingdom
GB-CHC-1094272,Project Harar,active,21,International NGO,phe,United Kingdom
XM-DAC-77,Roumanie – Ministère des Affaires étrangères,active,10,Government,uasd,Romania
XI-IATI-1001,The Coca-Cola Export Corporation,active,70,Private Sector,tccec,United States
GB-CHC-1125217,Welbodi Partnership,active,80,"Academic, Training and Research",welbodipartnership,United Kingdom
FI-PRO-143138,Kepa ry,active,22,National NGO,kepa,Finland
KE-NCB-OP/218/051/915/65,Windle Trust Kenya,active,22,National NGO,wtk,Kenya
NL-KVK-41048542,Agriterra,active,60,Foundation,agriterra,Netherlands
UG-NGB-5914-7209,Cheshire Services Uganda,withdrawn,22,National NGO,csu,Uganda
GB-CHC-1150214,Carers Worldwide,active,21,International NGO,cww,United Kingdom
GB-CHC-1054369,KwaAfrica,active,21,International NGO,kwaafrica,United Kingdom
KE-NGC-663,"Adventist Development and Relief Agency (Agence adventiste de développement et de secours en Somalie, ADRA Somalie)",active,21,International NGO,adrasom,Somalia
MZ-MOJ-F30G1No89,ANDA,active,22,National NGO,anda,Mozambique
GB-CHC-1117528,Haiti Hospital Appeal,active,21,International NGO,hha,United Kingdom
NL-KVK-30285304,Fondation Humana,active,21,International NGO,humana_houben,Netherlands
GB-CHC-1148404,Internews Europe,active,21,International NGO,ieu,United Kingdom
NL-KVK-41217404,Fondation du Partenariat mondial pour la prévention des conflits armés (GPPAC),active,21,International NGO,gppac,Netherlands
GB-COH-NI011322,War on Want Irlande du Nord,active,21,International NGO,wowni,United Kingdom
GB-CHC-1123946,Youth Business International,active,21,International NGO,ybi,United Kingdom
GB-CHC-1049160,Anti-Slavery International,active,21,International NGO,asil,United Kingdom
XM-DAC-2-10,Belgique – Coopération au développement,active,10,Government,be-dgd,Belgium
GB-COH-1110949,Mott MacDonald Limited,active,70,Private Sector,mml,United Kingdom
US-EIN-941191246,The Asia Foundation,active,21,International NGO,taf,United States
GB-CHC-1129603,Cyan International,active,21,International NGO,cyan,United Kingdom
GB-SC-SC012302,Scottish Catholic International Aid Fund (SCIAF),active,21,International NGO,sciaf,United Kingdom
GB-CHC-1151615,Signal,active,21,International NGO,signal,United Kingdom
CH-FDJP-CHE109668357,Fondation Lemann,active,60,Foundation,lemann,Switzerland
UG-NGB-5914-9186,CRANE,active,22,National NGO,crane,Uganda
GB-CHC-1076235,BBC Media Action,active,21,International NGO,bbcmediaaction,United Kingdom
US-EIN-20-4451390,Natural Resource Governance Institute (NRGI),active,21,International NGO,nrgi,United States
SK-ZRSR-31784828,Fondation Pontis,active,60,Foundation,pontis,Slovakia
NO-BRC-971277882,Agence norvégienne de coopération pour le développement (NORAD),active,10,Government,norad,Norway
US-EIN-20-3690821,Initiative des Droits et Ressources,active,21,International NGO,rri,United States
KE-RCO-C95110,,active,60,Foundation,kcdf,Kenya
US-EIN-81-3014704,"Syrian Justice and Accountability Centre (Centre syrien de justice et de redevabilité, SJAC)",active,22,National NGO,sjac,United States
XI-IATI-5914-1107,Fondation Stromme,active,22,National NGO,stromme_ug,Uganda
GB-CHC-1122299,Interburns,active,21,International NGO,interburns,United Kingdom
GB-COH-06368740,Development Initiatives Poverty Research,active,21,International NGO,dipr,United Kingdom
GB-CHC-294329,Progressio (fermé),active,21,International NGO,progressio,United Kingdom
US-EIN-52-1826242,,active,21,International NGO,tan,United States
CA-CRA_ACR-127202349,Institut international du développement durable,active,21,International NGO,iisd,Canada
GB-GOV-24,Office for National Statistics (bureau national des statistiques britannique),active,10,Government,ons,United Kingdom
GB-CHC-285908,Vision du Monde UK,active,21,International NGO,wvuk,United Kingdom
GB-COH-3031674,Traidcraft Exchange,active,21,International NGO,traidcraft,United Kingdom
DE-CR-RA000217-HRB157125B,Fondation Wayamo,active,21,International NGO,wayamo,Germany
GB-COH-294860,ADD International (Action on Disability and Development),active,21,International NGO,addinternational,United Kingdom
GB-CHC-1076497,Sense International,active,21,International NGO,sense_international,United Kingdom
GB-CHC-1142476,Friends of Kipkelion,active,23,Regional NGO,kipkelion,Kenya
GB-CHC-1050327,"The Leprosy Mission, Angleterre et Pays de Galles",active,21,International NGO,tlmew,United Kingdom
NL-KVK-41155934,,active,21,International NGO,vso_nl,Netherlands
GB-CHC-1089490,Hope and Homes for Children,active,21,International NGO,hhc,United Kingdom
GB-CHC-1156822,Centre gallois pour les Affaires étrangères,active,22,National NGO,wcia,United Kingdom
KE-NCB-OP218051200904966065,Alliance panafricaine pour la justice climatique,active,21,International NGO,pacja,Kenya
GB-COH-11126312,Global Disability Innovation Hub,active,80,"Academic, Training and Research",gdihub,United Kingdom
GB-COH-OC301540,KPMG LLP,active,70,Private Sector,kpmgllp,United Kingdom
GB-COH-05393391,,active,21,International NGO,galvmed,United Kingdom
GB-CH-05393391,,withdrawn,21,International NGO,galvmed,United Kingdom
UG-NGB-63360,Protecting Families Against HIV/AIDS,active,22,National NGO,prefa_1,Uganda
NL-KVK-27293385,"WO=MEN, Dutch Gender Platform (plateforme néerlandaise sur les questions de genre)",active,22,National NGO,wo-men,Netherlands
VN-MOST-A399,,active,22,National NGO,cdi_vn_2021,Viet Nam
IN-MCA-U74999DL2004NPL131340,Oxfam Inde,active,22,National NGO,oxfamindia,India
GB-SC-035056,International Primary Care Respiratory Group (Groupe international des soins primaires en matière respiratoire),active,80,"Academic, Training and Research",ipcrg,United Kingdom
NL-KVK-41217595,ActionAid Pays-Bas,active,21,International NGO,aanl,Netherlands
DK-CVR-88136411,Oxfam IBIS,active,21,International NGO,ibis_denmark,Denmark
NL-KVK-41160054,Cordaid,active,21,International NGO,cordaid,Netherlands
NP-SWC-27693,Aasaman Nepal,active,22,National NGO,aasaman,Nepal
MZ-MOJ-203D,Alfalit,active,22,National NGO,alfalit,Mozambique
NL-KVK-08215619-201210000,Kadaster International,active,10,Government,kad,Netherlands
NL-KVK-41077447,Centre européen de gestion des politiques de développement,active,80,"Academic, Training and Research",ecdpm,Netherlands
GB-CHC-1067406,Médecins du monde Royaume-Uni,active,21,International NGO,dotw_uk,United Kingdom
GB-CHC-1046001,Disability and Development Partners,active,21,International NGO,ddp,United Kingdom
PK-NTN-6110190392611,,active,80,"Academic, Training and Research",aaip,Pakistan
GB-CHC-1113868,Hand in Hand International,active,21,International NGO,handinhand,United Kingdom
BD-NAB-1301,Transparency International Bangladesh,active,22,National NGO,tib,Bangladesh
BE-BCE_KBO-0464019195,,active,21,International NGO,apopo,Belgium
NL-KVK-61172863,Stichting fondsbeheer DGGF lokaal MKB,active,60,Foundation,dggf_financing_local_smes,Netherlands
US-EIN-042347643,Abt Associates Inc,active,70,Private Sector,abt,United States
XM-DAC-84,Lituanie – Ministère des Affaires étrangères,active,10,Government,lithuania_mfa,Lithuania
IE-CHY-6998,Christian Aid Irlande,active,21,International NGO,caid_ireland,Ireland
NL-KVK-34308169,Free a Girl,active,60,Foundation,freeagirl,Netherlands
XI-IATI-1002,United Mission to Nepal,active,21,International NGO,umn,Nepal
GB-COH-1134415,MADE in Europe,active,21,International NGO,mie-1134415,United Kingdom
GB-CHC-214779,"Armée du salut Royaume-Uni, développement international",active,21,International NGO,said-uk,United Kingdom
US-EIN-13-3287064NAM,Carte des ONG d’InterAction,withdrawn,21,International NGO,ia_nam,United States
GB-CHC-1145119,Fondation Varkey,active,21,International NGO,varkeyfoundation,Ghana
NL-KVK-34197379,dance4life,active,21,International NGO,dance4life,Netherlands
US-EIN-95-3202116,Vision du Monde International,active,21,International NGO,wvi,United States
GB-CHC-1105277,Learning for Life,active,21,International NGO,learningforlife,United Kingdom
GB-CHC-1061352,Fonds à but non lucratif d’Orbis,active,21,International NGO,orbis_uk,United Kingdom
GB-GOV-21,Royaume-Uni – gouvernement écossais,active,10,Government,scottish_government,United Kingdom
GB-COH-2695347,Options Consultancy Services,active,70,Private Sector,options,United Kingdom
NL-KVK-41149287,Terre des Hommes Pays-Bas,active,21,International NGO,tdh_nl,Netherlands
GB-CHC-1110434,Wellfound,active,21,International NGO,wellfound,United Kingdom
NL-KVK-41149486,Stichting Vluchteling (fondation pour les réfugiés aux Pays-Bas),active,21,International NGO,st_vluchteling,Netherlands
GB-CHC-1133342,Zing,active,60,Foundation,zing,United Kingdom
NL-KVK-41009723,ZOA,active,21,International NGO,zoa,Netherlands
NL-KVK-41223308,"Stichting Onderzoek Multinationale Ondernemingen (SOMO, centre de recherches sur les entreprises multinationales)",active,80,"Academic, Training and Research",somo,Netherlands
NL-KVK-06702132,WYG International B.V.,active,70,Private Sector,wygi,United Kingdom
GB-COH-1869600,Itad,active,70,Private Sector,itad,United Kingdom
GB-COH-03122495,Oxford Policy Management,active,70,Private Sector,opml,United Kingdom
GB-COH-SC301345,Upper Quartile,active,70,Private Sector,uq,United Kingdom
NL-KVK-32037590,International Procurement Agency,active,70,Private Sector,ipa,Netherlands
GB-COH-02768268,Nathan Associates London Ltd.,active,70,Private Sector,nathan,United Kingdom
GB-COH-5155300,Alcis Holdings Limited,active,70,Private Sector,alcis,United Kingdom
mz-moj-64vq1,Ajuda de Desenvolvimento de Povo para Povo (ADPP),active,22,National NGO,adpp,Mozambique
GB-COH-2394229,Palladium International Ltd (Royaume-Uni),active,70,Private Sector,palladium,United Kingdom
FI-PRO-1498487-2,Plan International Finlande,active,21,International NGO,planinternationalfinland,Finland
NL-KVK-41193594,Rutgers,active,21,International NGO,rutgers,Netherlands
GB-COH-00637978,Maxwell Stamp PLC,active,70,Private Sector,mstamp,United Kingdom
KE-NCB-218-051-9341-334,Académie africaine des sciences,active,21,International NGO,aas,Kenya
GB-CHC-1101217,Fondation LAMB Health Care,active,22,National NGO,lhcf,United Kingdom
GB-COH-03580586,PwC,active,70,Private Sector,pwc,United Kingdom
GB-CHC-1048007,Link Community Development International,active,21,International NGO,lcdi_admin,United Kingdom
NG-CAC-RC481360,The Convention on Business Integrity,active,21,International NGO,cbi-nigeria,Nigeria
GB-COH-1574821,Landell Mills,active,70,Private Sector,landell-mills,United Kingdom
GB-COH-00986729,"Institut des ressources naturelles, Université de Greenwich",active,80,"Academic, Training and Research",nri,United Kingdom
NL-KVK-41215393,War Child Holland,active,21,International NGO,warchildholland,Netherlands
GB-COH-01245534,Atos IT Services Ltd,active,70,Private Sector,atosuk,United Kingdom
NL-KVK-41158230,CARE Pays-Bas,active,21,International NGO,carenederland,Netherlands
GB-COH-03613839,IOD PARC,active,70,Private Sector,iodparc,United Kingdom
NL-KVK-41210820,Clean Clothes Campaign,active,21,International NGO,ccc,Netherlands
GB-COH-FC012665,McKinsey & Company,active,70,Private Sector,mck,(No country assigned)
GB-COH-08327972,Aktis Strategy Ltd,active,70,Private Sector,aktis,United Kingdom
NL-KVK-41236410,Dorcas Aid International,active,21,International NGO,dai,Netherlands
US-GOV-18,,active,10,Government,millenniumchallenge,United States
US-18,Millennium Challenge Corporation,withdrawn,10,Government,millenniumchallenge,United States
NL-KVK-41202535,Mama Cash,active,60,Foundation,mamac,Netherlands
GB-COH-8835431,Simprints,active,21,International NGO,simprints,United Kingdom
GB-CHC-1158206,Water Works,active,21,International NGO,waterworks,United Kingdom
NL-KVK-30214009,PAX,active,21,International NGO,pax,Netherlands
NL-KVK-27284008,DECP,active,22,National NGO,decp,Netherlands
CO-CCB-00159397,Fonds d’Action Urgente Amérique latine et Caraïbes,active,23,Regional NGO,uafla,Colombia
US-EIN-03-0419743,Fonds d’Action Urgente pour les droits de la femme,active,21,International NGO,uaf,United States
NL-KVK-41177385,Tearfund Pays-Bas,active,22,National NGO,tear,Netherlands
NL-KVK-41152786,Organisation néerlandaise de développement (SNV),active,21,International NGO,snv,Netherlands
NL-KVK-41167934,Stichting Kinderpostzegels Nederland,active,21,International NGO,skn,Netherlands
US-EIN-522044704,Aeras,active,21,International NGO,aeras,United States
US-EIN-06-1597-668,Just Associates,active,21,International NGO,jass,United States
IN-MHA-083781496,,active,22,National NGO,fhf,India
US-EIN-521291786,Association pour les droits des femmes dans le développement (AWID),active,21,International NGO,awid,United States
NL-KVK-41179943,Vision du Monde Pays-Bas,active,60,Foundation,wvnld,Netherlands
NL-KVK-41201463,Save the Children Pays-Bas,active,21,International NGO,scnl,Netherlands
NL-KVK-41151952,IRC,active,21,International NGO,irc,Netherlands
XM-OCHA-CERF,Fonds central pour les interventions d’urgence des Nations Unies,active,40,Multilateral,cerf,United States
NL-KVK-34106722,AWEPA,active,21,International NGO,awepa,Netherlands
NL-KVK-40594571,Simavi,active,60,Foundation,simavi,Netherlands
NL-KVK-41118168,Woord en Daad,active,21,International NGO,w-d,Netherlands
NL-KVK-41198890,Plan International Pays-Bas,active,21,International NGO,plannlno,Netherlands
XI-IATI-OFID,Fonds de l’OPEP pour le développement international,active,40,Multilateral,ofid,Austria
XI-IATI-CWSEC,Secrétariat du Commonwealth,active,40,Multilateral,commonwealthsecretariat,(No country assigned)
NL-KVK-41201644,Fondation Wemos,active,21,International NGO,wemos,Netherlands
US-EIN-26-1931968,Promundo-US,active,21,International NGO,pmo-us,United States
NL-KVK-33185213,Institut royal des Tropiques,active,21,International NGO,kit,Netherlands
NL-KVK-41207580,Fondation Health Action International,active,60,Foundation,hai,Netherlands
NI-MIGOB-3602,Fondo Centroamericano de Mujeres,active,60,Foundation,fcam,Nicaragua
NL-KVK-34159275,UTZ,active,21,International NGO,utz,Netherlands
NL-KVK-41207989,"Aidsfonds, Soa Aids Nederland (IST Sida Pays-Bas)",active,21,International NGO,nl-kvk-41207989,Netherlands
UG-RSB-73316,Centre africain pour la santé mondiale et la transformation sociale,active,21,International NGO,achest,Uganda
ZW-PVO-WO1789,Family Aids Caring Trust,active,22,National NGO,fact,Zimbabwe
GB-CHC-222655,Liverpool School of Tropical Medicine (École de médecine tropicale de Liverpool),active,80,"Academic, Training and Research",lstm,United Kingdom
GB-COH-RC000710,,active,80,"Academic, Training and Research",queen_mary_london,United Kingdom
KE-NCB-200201282375,Fonds d’Action Urgente Afrique,active,23,Regional NGO,uaf-africa,Kenya
GB-CHC-1142516,ColaLife,active,22,National NGO,colalife,United Kingdom
XM-DAC-47059,Organisation internationale de droit du développement,active,40,Multilateral,idlo,Italy
NL-KVK-41149831,Mensen met een Missie,active,22,National NGO,mm1,Netherlands
NL-KVK-30204842,Netherlands Food Partnership (partenariat alimentaire pour les Pays-Bas),active,60,Foundation,nfp,Netherlands
NL-KVK-41208813,Défense des Enfants International Pays-Bas – ECPAT Pays-Bas,active,22,National NGO,dciecpatnl,Netherlands
XM-DAC-41302,Organisation internationale du Travail (OIT),active,40,Multilateral,ilo,Switzerland
NL-KVK-27189542,Institut néerlandais pour la démocratie multipartite (NIMD),active,21,International NGO,nimd-hq,Netherlands
NL-KVK-40530467,Milieudefensie,active,22,National NGO,foenl,Netherlands
US-EIN-47-4128047,Friends of Publish What You Fund,active,21,International NGO,friendsofpwyf,United States
BD-ROC-S-12313,,active,80,"Academic, Training and Research",bpcrs,Bangladesh
NL-KVK-58183167,HE Foundation,active,60,Foundation,hefoundation,Netherlands
KE-NCB-93175,Amref Health Africa au Kenya,active,21,International NGO,amrefkenya,Kenya
NL-KVK-41150939,Solidaridad Europe,active,21,International NGO,solidaridad-europe,Netherlands
UG-RSB-29587,,active,22,National NGO,fidauganda,Uganda
US-EIN-31-1812979,CREA,active,21,International NGO,creausa-org,India
NL-KVK-52957535,Free Press Unlimited,active,21,International NGO,free_press_unlimited,Netherlands
NL-KVK-41172933,WASTE advisers on urban environment and development (conseillers environnement et développement urbain),active,60,Foundation,waste,Netherlands
FR-SIRET-77566669600015,Secours catholique – Caritas France,active,21,International NGO,sccf,France
GB-CHC-1062638,Disasters Emergency Committee (DEC),active,22,National NGO,dec-uk,United Kingdom
US-EIN-91-1179750,,active,21,International NGO,pbi_io,United States
NL-KVK-40409352,Croix-Rouge néerlandaise,active,21,International NGO,nlrc,Netherlands
XI-IATI-IKI,Initiative internationale pour le climat (IKI) / Secrétariat du ministère fédéral de l’environnement (BMU) pour l’IKI,active,10,Government,bmu_iki,Germany
NL-KVK-51756811,Solidaridad,active,21,International NGO,solidaridad,Netherlands
NL-KVK-34111374,Fair Wear Foundation,active,21,International NGO,fwf,Netherlands
NL-KVK-40530953,Amnesty International Pays-Bas,active,21,International NGO,amnesty,Netherlands
NL-KvK-41177601,Mondiaal FNV,active,22,National NGO,mondiaalfnv,Netherlands
NL-KVK-41177588,Fonds mondial pour la nature (WWF) Pays-Bas,active,21,International NGO,wnf,Netherlands
AU-ACNC-19242959685,"International Women’s Development Agency (Agence internationale de développement pour les femmes, IWDA)",active,21,International NGO,iwda,Australia
NL-KVK-41180885,Comité néerlandais de l’Union internationale pour la conservation de la nature (UICN),active,21,International NGO,iucn_nl,Netherlands
NL-KVK-41155305,Tropenbos International,active,21,International NGO,tbi,Netherlands
ZA-PBO-064-502,Sonke Gender Justice,active,21,International NGO,sjg,South Africa
NL-KVK-27267681,"Centre climat, Croix-Rouge Croissant-Rouge",active,21,International NGO,climate_centre,Netherlands
NL-KVK-9099028,Wetlands International,active,21,International NGO,wi,(No country assigned)
PK-VSWA-511-2007,Acid Survivors Foundation,active,22,National NGO,_admin,Pakistan
NL-KVK-54436222,CNV Internationaal,active,22,National NGO,nl-kvk-54436222-27541,Netherlands
GB-COH-01846493,AECOM,active,70,Private Sector,aecom,United Kingdom
GB-CHC-1160256,,active,21,International NGO,read-foundation,United Kingdom
BE-BCE_KBO-0410057701,Institut de Médecine Tropicale,active,15,Other Public Sector,itm,Belgium
ZW-ROD-2172,,active,22,National NGO,galz,Zimbabwe
BE-BCE_KBO-0264814354,Agence belge de développement (Enabel),active,10,Government,enabel,Belgium
GB-CHC-287287,"Centre for Economic Policy Research (Centre de recherche économique et politique, CEPR)",active,22,National NGO,cepr,United Kingdom
NL-KVK-41197577,SOS Villages d’enfants Pays-Bas,active,60,Foundation,sosnl,Netherlands
NL-KVK-41211943,HealthNet TPO,active,21,International NGO,healthnet,Netherlands
GB-SC-SCO45223,Mary’s Meals,active,21,International NGO,marysmeals,United Kingdom
AF-MOE-1212,"Afghanistan Public Policy Research Organization (Organisme de recherche sur les politiques publiques de l’Afghanistan, APPRO)",active,80,"Academic, Training and Research",appro-af,Afghanistan
GB-COH-04105827,MannionDaniels,active,70,Private Sector,manniondaniels,United Kingdom
BE-GTCF-630789842,APPRO Europe,active,80,"Academic, Training and Research",appro-eu,Belgium
NL-KVK-27195046,VNG International,active,15,Other Public Sector,vngi,Netherlands
KE-RCO-C1-61,Siège d’Amref Health Africa,active,21,International NGO,amrefhq,Kenya
NL-KVK-09098104,Wageningen University & Research – fondation Wageningen Research,active,80,"Academic, Training and Research",wageningen_ur,Netherlands
NL-KVK-27078545,FMO,active,30,Public Private Partnership,fmo,Netherlands
GB-COH-03846881,Social Development Direct Limited,active,70,Private Sector,sddirect,United Kingdom
XI-IATI-CABI,CABI,active,40,Multilateral,cabi,(No country assigned)
US-EIN-52-1764268,BSR,active,21,International NGO,bsr_admin,United States
GB-COH-07964746,,active,70,Private Sector,satelliteapplicationscatapultltd,United Kingdom
GB-COH-11080032,,active,70,Private Sector,medaccess,United Kingdom
NL-KVK-40530156,COC Nederland,active,22,National NGO,cocnl_publisher,Netherlands
NL-KVK-41078390,Centre européen de journalisme,active,22,National NGO,ejc,Netherlands
KR-GOV-010,République de Corée,active,10,Government,odakorea,Korea (Republic of)
ET-MFA-0001989741,Amref Health Africa en Éthiopie,active,21,International NGO,amrefeth,Ethiopia
GB-COH-02651349,IMC Worldwide,active,70,Private Sector,imcw_admin,United Kingdom
IN-MCA-U74140DL1998PLC097579,IPE Global Limited,active,70,Private Sector,ipeglobal,India
GB-CHC-209603,"Royal National Lifeboat Institution (Institution nationale royale de sauvetage en mer, RNLI)",active,21,International NGO,rnli_international,United Kingdom
GB-COH-05543952,Cardno Emerging Markets,active,70,Private Sector,cardnoem,United Kingdom
MW-NBM-R1527,Amref Health Africa au Malawi,active,22,National NGO,amrefmw,Malawi
XI-IATI-WAI,WASH Alliance International,active,21,International NGO,wai,Netherlands
GB-CHC-1148143,Stakeholder Democracy Network,active,21,International NGO,sdn,United Kingdom
GB-COH-04354941,Sound Seekers Limited,active,21,International NGO,soundseekers,United Kingdom
US-DOS-64562614,One Acre Fund,active,21,International NGO,oneacrefund,(No country assigned)
MW-CNM-BCM-CF,"Fondation pour l’enfance du Baylor College of Medicine, Malawi",active,22,National NGO,bcm-cf,Malawi
UG-NGB-5914-252,Amref Health Africa en Ouganda,active,22,National NGO,amrefug,Uganda
GB-CHC-228248,"Institut de développement d’outre-mer (Overseas Development Institute, ODI)",active,80,"Academic, Training and Research",odi,United Kingdom
NL-KVK-53521129,"IDH, the Sustainable Trade Initiative",active,21,International NGO,idh,Netherlands
MW-CNM-C076-1999,Youth Net and Counselling – YONECO,active,22,National NGO,yoneco1997,Malawi
XM-DAC-69-1,Slovaquie – Ministère des Affaires étrangères et européennes,active,10,Government,slovakaid,Slovakia
US-EIN-20-1173866,Fonds d’investissement de Omidyar Network Inc.,active,60,Foundation,omidyarnetwork,United States
CA-CRA_ACR-101182509,Cowater International Inc,active,70,Private Sector,cowater,Canada
ZA-NPO-057-611,,active,23,Regional NGO,nj_1,South Africa
FI-PRO-139407,Caritas Finlande,active,22,National NGO,caritasfin,Finland
XM-DAC-903,Société financière internationale,active,40,Multilateral,ifcwbg,United States
US-EIN-550825466,IntraHealth International,active,21,International NGO,intrahealth,United States
NL-KVK-855689493,Fondation Mayday Rescue,active,60,Foundation,maydayrescue,Netherlands
GB-COH-08828458,Réseau international des personnes consommatrices de drogues (INPUD),active,21,International NGO,inpud_admin,United Kingdom
US-EIN-13-4128413,Global Alliance for TB Drug Development,active,80,"Academic, Training and Research",tb-a,United States
NL-KVK-41146461,Fondation Deltares,active,60,Foundation,deltares,Netherlands
NO-BRC-871033552,Norwegian People’s Aid,active,21,International NGO,npa,Norway
GB-CHC-1145640,The Queen Elizabeth Diamond Jubilee Trust,active,60,Foundation,qedjt,United Kingdom
ZA-PBO-930040668,Orbis Africa,active,21,International NGO,orbis_africa,South Africa
XM-DAC-1409,Cadre intégré renforcé,active,40,Multilateral,eif,Switzerland
IM-CR-024714B,openmindedly,active,70,Private Sector,openmindedly,Isle of Man
GB-COH-08333641,Delivery Associates Ltd,active,70,Private Sector,delivery_associates,United Kingdom
XM-DAC-41110,Secrétariat du Programme commun des Nations Unies sur le VIH/sida (ONUSIDA),active,40,Multilateral,unaids,Switzerland
NL-KVK-41209946,Mainline,active,60,Foundation,mainline,Netherlands
GB-COH-SC100833,LTS International Limited,active,70,Private Sector,lts,United Kingdom
GB-CHC-1126281,Secours Humanitaire,active,21,International NGO,hrf,United Kingdom
US-EIN-262681792,Initiative internationale pour l’évaluation d’impact,active,21,International NGO,3ie,United States
BE-BCE_KBO-0453975341,Search for Common Ground (SFCG),active,21,International NGO,sfcg,Belgium
BE-BCE_KBO-0453475391,Search for Common Ground (SFCG),withdrawn,21,International NGO,sfcg,Belgium
US-EIN-13-5660870,The International Rescue Committee,active,21,International NGO,irc_inc,United States
NP-SWC-27288,Burns Violence Survivors Nepal,active,22,National NGO,bvs-nepal,Nepal
US-EIN-13-3960591,,active,21,International NGO,social_accountability_international,United States
NL-KVK-56083459,Women Peacemakers Program,active,21,International NGO,wpp,Netherlands
GB-COH-01650169,Ecorys Royaume-Uni,active,70,Private Sector,ecuk,United Kingdom
US-EIN-471065461,Forum global sur les HSH et le VIH (MSMGF),active,21,International NGO,msmgf,United States
US-EIN-56-1071085,Ipas,active,21,International NGO,ipas,United States
NG-CAC-495140,Women Environmental Programme,active,22,National NGO,wep,Nigeria
DK-CVR-36980214,DanChurchAid,active,21,International NGO,dca,Denmark
NL-KVK-41214768,Global Network of People Living with HIV (GNP+),active,21,International NGO,gnpplus,Netherlands
BO-NIT-1013209020,,active,21,International NGO,wwf_bolivia,Bolivia
GB-COH-08705643,,active,15,Other Public Sector,ktn,United Kingdom
GB-COH-SC349355,Global Network of Sex Work Projects (NSWP),active,21,International NGO,nswp,United Kingdom
NL-KVK-34219433,Max Foundation,active,60,Foundation,max-foundation,Netherlands
CH-FDJP-66029860165,International Disability Alliance,active,21,International NGO,ida,Switzerland
US-EIN-27-5026463,Disability Rights Advocacy Fund,active,21,International NGO,draf,United States
DK-CVR-29439915,Caritas Danemark,active,22,National NGO,caritas_denmark,Denmark
NL-KVK-66926262,Win Win Strategies,active,21,International NGO,wws,Netherlands
GB-COH-03054929,DAI Global Health,active,70,Private Sector,healthpartners-international,United Kingdom
GB-COH-OC305127,BDO LLP,active,70,Private Sector,bdo,United Kingdom
US-EIN-203908371,Forum économique mondial,active,21,International NGO,worldeconomicforum,United States
BW-CIPA-CO20151011,"Coalition internationale de préparation au traitement (International Treatment Preparedness Coalition, ITPC)",active,21,International NGO,itpc,Botswana
TZ-BRLA-4368,Amref Health Africa en Tanzanie,active,21,International NGO,amreftz,"Tanzania, United Republic of"
US-EIN-52-1238773,Organisation des Femmes pour l’Environnement et le Développement,active,21,International NGO,wedo,United States
GB-COH-NI630024,Siren Associates,active,70,Private Sector,siren,United Kingdom
GB-COH-8159144,Initiative de transparence dans le secteur de la construction (CoST),active,21,International NGO,cost_uk,(No country assigned)
NL-KVK-32022621,,active,21,International NGO,rnw_org,Netherlands
BE-BCE_KBO-0550758080,Institut européen de la paix,active,15,Other Public Sector,eip,Belgium
NL-KVK-33226495,Atradius Dutch State Business,active,70,Private Sector,adsb,Netherlands
ZA-NPO-029-864,Alliance mondiale pour la participation citoyenne,active,21,International NGO,civicus,South Africa
NG-CAC-IT-23286,Centre For Citizens With Disabilities,active,22,National NGO,ccdnigeria,Nigeria
XI-IATI-UNPF,Fonds commun des Nations Unies,active,40,Multilateral,unpf,(No country assigned)
CH-FDJP-66006990023,Alliance ACT,active,21,International NGO,act_alliance,Switzerland
NL-KVK-30258482,,active,21,International NGO,kerk_in_actie,Netherlands
XM-DAC-47064,Organisation Internationale pour le Bambou et le Rotin (INBAR),active,40,Multilateral,inbar,(No country assigned)
NL-KVK-27251823,Support Trust for Africa Development (STAD),active,21,International NGO,stad,Netherlands
XM-DAC-5-52,,active,15,Other Public Sector,giz,Germany
XM-DAC-236,Bénin – Ministère de l’Économie et des Finances,active,10,Government,mefbenin,Benin
DK-CVR-44623528,COWI,active,15,Other Public Sector,cowi,Denmark
NL-KVK-34148682,AFEW International,active,21,International NGO,afewinternational,Netherlands
XM-DAC-30011,Union internationale pour la conservation de la nature et de ses ressources,active,15,Other Public Sector,iucn,Switzerland
BJ-IFU-3200700033415,Société nationale des eaux du Bénin (SONEB),active,15,Other Public Sector,soneb-benin,Benin
LB-MOI-18291,Fondation arabe pour les libertés et l’égalité,active,23,Regional NGO,afemena,Lebanon
US-GOV-1,Agence des États-Unis pour le développement international (USAID),active,10,Government,usaid,United States
GB-COH-07321996,Integrity Research and Consultancy Ltd,active,70,Private Sector,integrity,United Kingdom
CH-FDJP-109458452,Centre de Genève pour la gouvernance du secteur de la sécurité (DCAF),active,60,Foundation,dcaf,Switzerland
US-EIN-943287156,Association pour le progrès des communications,active,21,International NGO,apc,United States
KE-RCO-201036685,UHAI EASHRI,active,60,Foundation,uhai-eashri,Kenya
CZ-ICO-25755277,People in Need,active,21,International NGO,pin,Czechia
ZA-NPO-060766,,active,21,International NGO,cal_2000-pu,South Africa
BE-BCE_KBO-0427736148,Trias,active,22,National NGO,trias,Belgium
IE-CHY-20009601,Trocaire,active,21,International NGO,trocaire,Ireland
GB-CHC-1171353,Fonds mondial pour l’innovation,active,21,International NGO,gif,United Kingdom
GB-COH-04161656,ICF Consulting Services Ltd,active,70,Private Sector,icf,United Kingdom
BJ-IFU-6201408024805,Association nationale des communes du Bénin (ANCB),active,22,National NGO,ancb_benin,Benin
US-EIN-13-2890727,Institut Guttmacher,active,21,International NGO,guttmacher,United States
XM-DAC-41301,Organisation des Nations Unies pour l’alimentation et l’agriculture (FAO),active,40,Multilateral,fao,Italy
CH-FDJP-106064950,Medair,active,21,International NGO,medair,Switzerland
NL-KVK-27302841,Giro555 (fondation Samenwerkende Hulporganisaties),active,21,International NGO,giro555,Netherlands
GB-COH-RC000053,,active,80,"Academic, Training and Research",thebritishacademy,United Kingdom
XM-DAC-928,Organisation mondiale de la Santé (OMS),active,40,Multilateral,who,Switzerland
GB-CHC-1154230,Filles pas épouses : le partenariat mondial pour la fin du mariage des enfants,active,21,International NGO,girlsnotbrides,United Kingdom
NL-KVK-41152832,"Institut Néerlandais de Relations Internationales, l’institut « Clingendael »",active,80,"Academic, Training and Research",clingendael,Netherlands
IN-MCA-U74900MH2015PTC310042,,withdrawn,70,Private Sector,intellecap,India
NL-KVK-41160229,PUM Pays-Bas,active,21,International NGO,pumnl,Netherlands
NL-KVK-41153698,World Federalist Movement – Institute for Global Policy,active,21,International NGO,wfm-igp,Netherlands
GB-CHC-1091105,Fondation pour la recherche sur la méningite,active,21,International NGO,mrf,United Kingdom
PH-SEC-FN200806591,Réseau mondial des femmes pour les droits sur la reproduction,active,21,International NGO,wgnrr_iati,Philippines
US-EIN-27-3755556,IDEO.org,active,21,International NGO,ideo_org,United States
ET-CSA-0081,,active,22,National NGO,swda,Ethiopia
CH-FDJP-66004229946,Forum économique mondial Genève,active,21,International NGO,weforum_geneva,Switzerland
BE-BCE_KBO-0410644946,Caritas International (Belgique),active,22,National NGO,cibe,Belgium
CH-FDJP-CHE105834763,Helvetas Swiss Intercooperation,active,21,International NGO,hsi,Switzerland
NL-KVK-30195730,MVO Nederland,active,15,Other Public Sector,mvo_nederland,Netherlands
ML-NIF-400100027H,DNH Mali (Direction Nationale de l’Hydraulique du Mali),active,10,Government,pca-gire,Mali
US-EIN-13-1624114,Near East Foundation (NEF USA),active,21,International NGO,nef_usa,United States
US-EIN-58-1454716,Centre Carter,active,21,International NGO,carter-center,United States
NL-KVK-41169161,International Child Development Initiatives,withdrawn,21,International NGO,icdi,Netherlands
NL-KVK-27290536,HiiL innovating Justice,active,60,Foundation,hiil_mfa,Netherlands
PS-MOI-RA-22220-A,Union des comités de travail agricole,active,22,National NGO,uawc,"Palestine, State of"
NL-KVK-53815211,Fondation VU Amsterdam - Centre pour les études alimentaires mondiales d’Amsterdam,active,80,"Academic, Training and Research",acwfs_vu,Netherlands
ET-MOT-020/4/007,"Ethiopian Horticulture Producer Exporters Association (Association éthiopienne des producteurs et exportateurs horticoles, EHPEA)",active,22,National NGO,ehpea,Ethiopia
NL-KVK-41197411,Bureau international de documentation fiscale,active,80,"Academic, Training and Research",ibfd,Netherlands
NL-KVK-67143555,United Work,active,22,National NGO,united_work,Netherlands
NL-KVK-27102631,Comité national des Pays-Bas pour l’UNICEF,active,22,National NGO,unicefnl,Netherlands
XM-DAC-6-4,"Agenzia Italiana per la Cooperazione allo Sviluppo (Agence italienne pour la coopération au développement, AICS)",active,10,Government,aics,Italy
US-EIN-26-4129153,Climate Policy Initiative,active,80,"Academic, Training and Research",cpi,United States
LR-MPEA-NGO-AC-0298,YMCA du Libéria,active,22,National NGO,libymca,Liberia
KE-RCO-CPR-2009-5689,,active,23,Regional NGO,tma,Kenya
KE-RCO-CPR/2009/5689,TradeMark East Africa,withdrawn,23,Regional NGO,tmea,Kenya
TR-MOI-27-018-163,Local Development and Small Projects Support,active,22,National NGO,ldsps,Turkey
BE-BCE_KBO-0418766123,Vlaamse Interuniversitaire Raad voor Universitaire Ontwikkelingssamenwerking (VLIR-UOS),active,80,"Academic, Training and Research",vlir-uos,Belgium
ET-CSA-0009,,active,22,National NGO,dec_ethiopia,Ethiopia
AR-CENOC-16969-A,Fundación Fondo Mujeres del Sur,active,60,Foundation,fms,Argentina
US-EIN-58-2368165,Fondation pour les Nations Unies,active,22,National NGO,unf,United States
XM-DAC-47058,Institut international pour la démocratie et l’assistance électorale,active,40,Multilateral,idea,Sweden
NL-KVK-41146484,IHE Delft Institut pour l’éducation relative à l’eau,active,80,"Academic, Training and Research",ihedelft,Netherlands
US-EIN-13-2626135,TechnoServe,active,21,International NGO,tns,United States
MZ-NUIT-700098168,Administração de Infra-Estruturas de Águas e Saneamento,active,10,Government,aias,Mozambique
XM-DAC-46009,Banque de développement des Caraïbes (CDB),active,40,Multilateral,caribank,(No country assigned)
US-EIN-463668128,Women’s Refugee Commission,active,21,International NGO,w_r_c,United States
MZ-NUIT-50039061,Agência de Desenvolvimento do Vale do Zambeze,active,10,Government,agencia_do_zambeze,Mozambique
US-EIN-56-2460366,Conflict Dynamics International,active,21,International NGO,cdi,United States
GB-COH-RC000658,Université de Leeds,active,80,"Academic, Training and Research",leedsuni,United Kingdom
MW-MRA-20125995,Mulanje Mission Hospital,active,22,National NGO,mmh,Malawi
NL-KVK-73728489,,active,21,International NGO,inso,Netherlands
GB-CHC-1140276,International NGO Safety Orgnisation,withdrawn,21,International NGO,inso,United Kingdom
XM-DAC-41116,Programme des Nations Unies pour l’environnement (PNUE),active,40,Multilateral,un-environment,(No country assigned)
MW-RG-2977,Palliative Care Support Trust,active,22,National NGO,pcst,Malawi
GB-CHC-802353,Ethiopiaid Royaume-Uni,active,21,International NGO,ethiopiaiduk,United Kingdom
NL-KVK-70292361,Fondation Access to Seeds,active,21,International NGO,atsf,Netherlands
BE-BCE_KBO-0408643875,Oxfam Solidarité-Solidariteit,active,22,National NGO,oxsol,Belgium
US-EIN-33-1112770,CLASP,active,21,International NGO,clasp,United States
NL-KVK-58279199,The Access to Nutrition Foundation,active,21,International NGO,atnf,Netherlands
GB-CHC-1106349,International Network for Advancing Science and Policy,active,21,International NGO,inasp,United Kingdom
BD-NAB-1102,Population Services and Training Centre (PSTC),active,22,National NGO,pstc_1102,Bangladesh
JO-CCD-200138796,Horizons for Green Development,active,22,National NGO,horizons,Jordan
GB-CHC-1082565,Handicap international Royaume-Uni,active,80,"Academic, Training and Research",hiuk,United Kingdom
ET-CSA-0638,Send a Cow Éthiopie,active,22,National NGO,sacethiopia,Ethiopia
RS-APR-17062603,Caritas Serbie,active,22,National NGO,caritas_serbia,(No country assigned)
NL-KVK-41185216,Commission néerlandaise pour l’évaluation environnementale,active,60,Foundation,ncea,Netherlands
US-EIN-23-7069110,Oxfam Amérique,active,21,International NGO,oxfamus,United States
KE-NCB-218/051/15179/10159,Kesho Kenya,active,22,National NGO,kesho_kenya,Kenya
KE-NCB-OP21805193101154,Ananda Marga Universal Relief Team (AMURT) Africa,active,22,National NGO,amurt_kenya,Kenya
KE-NCB-KENCBOP218051200802235390,Pastoralist Girls Initiative,active,22,National NGO,pgi_kenya,Kenya
LB-MOI-26_AD,Fondation Berytech,active,60,Foundation,berytech,Lebanon
NL-KVK-64680029,,active,60,Foundation,wfaf,Netherlands
NL-KVK-41150085,Nuffic,active,80,"Academic, Training and Research",nuffic20171017,Netherlands
BJ-IFU-6201200599008,ONG ALCRER,active,22,National NGO,alcrer-1,Benin
SE-ON-802017-3517,Diakonia Suède,active,21,International NGO,diakonia-sweden,Sweden
BJ-IFU-6201101048400,Social Watch Bénin,active,22,National NGO,swb_1,Benin
GB-GOV-13,"Royaume-Uni – Ministère des Affaires, de l’Énergie et de la Stratégie industrielle",active,10,Government,beis,United Kingdom
US-EIN-13-1687001,"The Population Council, Inc.",active,80,"Academic, Training and Research",populationcouncil,United States
SN-NINEA-621108990A0,Institut Panos Afrique de l’Ouest (IPAO),active,21,International NGO,ipao,Senegal
NL-KVK-41159889,Prince Claus Fund,active,21,International NGO,pcf,Netherlands
US-EIN-11-3803281,Centre africain pour la transformation économique (ACET),active,23,Regional NGO,acet,United States
GB-COH-09288843,The Power of Nutrition,active,60,Foundation,the_power_of_nutrition,United Kingdom
DK-CVR-20699310,Danish Refugee Council (conseil danois pour les réfugiés),active,21,International NGO,drc,Denmark
GB-CHC-1051681,"Amnesty International, UK Section et Charitable Trust",active,21,International NGO,aiuk,United Kingdom
GB-EDU-133784,Université de Birmingham,active,80,"Academic, Training and Research",universityofbirmingham,United Kingdom
MZ-NUIT-600000381,Fundo de Investimento e Patrimonio do Abastecimento de Água (FIPAG),active,15,Other Public Sector,fipag,Mozambique
ZW-PVO-15/2003,CARE International au Zimbabwe,active,21,International NGO,ciz,Zimbabwe
US-EIN-521257057,World Resources Institute,active,21,International NGO,wri,United States
KE-RSO-14210,United Disabled Persons of Kenya,withdrawn,22,National NGO,udpk,Kenya
BE-BCE_KBO-0435563751,Memisa,active,80,"Academic, Training and Research",memisa,Belgium
ZW-PVO-26/79,Vision du Monde Zimbabwe,active,21,International NGO,wvz-gec,Zimbabwe
NL-KVK-34271281,World Waternet,active,60,Foundation,worldwaternet,Netherlands
NL-KVK-24316726,Ecorys Nederland B.V.,active,70,Private Sector,ecorysnl,Netherlands
XM-DAC-47136,Institut mondial de la croissance verte,active,40,Multilateral,gggi,(No country assigned)
BE-BCE_KBO-0448755949,Collectif Stratégies Alimentaires,active,22,National NGO,csa,Belgium
NL-KVK-34370207,Université d’Amsterdam,active,80,"Academic, Training and Research",uva_org,Netherlands
NL-KVK-41201198,The Hunger Project Pays-Bas,active,21,International NGO,thp_org,Netherlands
BE-BCE_KBO-0451857573,"Vereniging van Vlaamse Steden en Gemeenten (Union des villes et communes flamandes, VVSG)",active,15,Other Public Sector,vvsg,Belgium
BE-BCE_KBO-0425410524,SOS FAIM,active,22,National NGO,sosfaim,Belgium
ET-CSA-0486,Wolayita Development Association,active,80,"Academic, Training and Research",woda_0486,Ethiopia
BE-BCE_KBO-0423616717,VVOB Education for Development,active,15,Other Public Sector,vvob,Belgium
BE-BCE_KBO-0423588904,Autre Terre asbl,active,80,"Academic, Training and Research",a-t,Belgium
BE-BCE_KBO-0449400604,Ngo-federatie (Vlaamse federatie van ngo’s voor ontwikkelingssamenwerking),active,22,National NGO,ngo-federatie,Belgium
CA-CRA_ACR-872374426,War Child Canada,active,21,International NGO,wcc,Canada
KE-NCB-218/051/93132/90,Federation of Women Lawyers Kenya,active,22,National NGO,fida,Kenya
IN-MCA-U74140WB1983PTC036093,PricewaterhouseCoopers Private Limited Inde,active,70,Private Sector,pwcplindia,India
ET-CSA-1063,Orbis Ethiopia,active,22,National NGO,orbis_ethiopia,Ethiopia
BE-BCE_KBO-0461076236,Centre tricontinental (CETRI),active,22,National NGO,ct-admin,Belgium
BE-BCE_KBO-0418015461,Entraide et Fraternité,active,22,National NGO,ef_,Belgium
GB-CHC-1076822,Save the Children International,active,21,International NGO,sci,United Kingdom
BE-BCE_KBO-0422717486,Louvain Coopération,active,22,National NGO,lc,Belgium
BE-BCE_KBO-0451516390,Brulocalis,active,15,Other Public Sector,brulocalis,Belgium
BE-BCE_KBO-0421207751,Centre National de Coopération au Développement (CNCD-11.11.11),active,22,National NGO,cncd,Belgium
BE-BCE_KBO-0418282311,Viva Salud,active,22,National NGO,g3w-m3m_admin,Belgium
BE-BCE_KBO-0416486821,Oxfam-Magasins du monde,active,22,National NGO,omdm,Belgium
BE-BCE_KBO-0451461655,Union des Villes et Communes de Wallonie (UVCW),active,15,Other Public Sector,uvcw,Belgium
XM-OCHA-CBPF,Fonds de financement commun pour les pays de l’OCHA,active,40,Multilateral,unocha-cbpf,(No country assigned)
BE-BCE_KBO-0424198222,Association for Cultural Technical and Educational Cooperation (ACTEC),active,22,National NGO,actec,Belgium
BE-BCE_KBO-0408908151,Iles de Paix,active,22,National NGO,idp,Belgium
NP-SWC-1844,Center for Research on Environment Health and Population Activities (CREHPA),active,22,National NGO,crehpa,Nepal
US-EIN-237297651,Orbis International,active,21,International NGO,orbis_international,United States
BE-BCE_KBO-0474198059,Africalia,active,15,Other Public Sector,africalia,Belgium
BE-BCE_KBO-0419872616,Tearfund VZW (TFBE),active,22,National NGO,tfb_admin1,Belgium
BE-BCE_KBO-0413986102,We Social Movements (WSM),active,22,National NGO,wsm,Belgium
NG-CAC-692943,Academy for Health Development (AHEAD),active,80,"Academic, Training and Research",ahead,Nigeria
BE-BCE_KBO-0461634084,Rode Kruis-Vlaanderen Internationaal vzw (Croix-Rouge flamande),active,22,National NGO,rkiv,Belgium
BE-BCE_KBO-0410661673,SCI Projets Internationaux ASBL_Service Civil International branche belge,active,22,National NGO,scibelgium,Belgium
BE-BCE_KBO-0432552989,Fonds voor Ontwikkelingssamenwerking - Socialistische Solidariteit VZW,active,22,National NGO,fos,Belgium
BE-BCE_KBO-0445412518,Institute for International Workers Education,active,22,National NGO,iiwe,Belgium
AF-MOE-138,Fondation Aga Khan Afghanistan,active,60,Foundation,akf_afghanistan,Afghanistan
BE-BCE_KBO-0415627875,ULB-Coopération,active,22,National NGO,ulbcoop,Belgium
DK-CVR-37295728,NIRAS A/S,active,70,Private Sector,niras,Denmark
NL-KVK-62066064,Global Off-Grid Lighting Association (GOGLA),active,70,Private Sector,gogla,Netherlands
US-EIN-06-1608361,Centre Africain de Recherche sur la Population et la Santé,active,21,International NGO,aphrc,United States
BE-BCE_KBO-0409451054,Enfance Tiers Monde Kinderen Derde Wereld,active,22,National NGO,etmkdw,Belgium
ZW-ROD-MA988/87,Women’s Action Group,active,22,National NGO,wag-1983,Zimbabwe
BE-BCE_KBO-0408628435,SOS Kinderdorpen België / SOS Villages d’enfants Belgique,active,21,International NGO,svdbskb_admin,Belgium
ET-CSA-1233,EngenderHealth Ethiopia,active,21,International NGO,engenderhealth_eth,Ethiopia
US-EIN-52-2145827,Chemonics International Inc.,active,70,Private Sector,chemonics,United States
BE-BCE_KBO-0441988715,Fairtrade Belgium,active,22,National NGO,fairtrade_be,Belgium
LB-MOI-497,ABAAD Resource Centre for Gender Equality (Centre de ressources ABAAD pour l’égalité des sexes),active,22,National NGO,arcfge,Lebanon
ZM-PCR-10104052014,,active,21,International NGO,pphpz,Zambia
BE-BCE_KBO-0462132150,Croix-Rouge de Belgique Communauté francophone - Activités internationales ASBL,active,22,National NGO,crb-ai_admin,Belgium
BE-BCE_KBO-0431955945,Sensorial Handicap Cooperation,active,80,"Academic, Training and Research",shc,Belgium
BE-BCE_KBO-0415880570,Association pour la Promotion de l’Éducation et de la Formation à l’Étranger,active,15,Other Public Sector,apefe,Belgium
BE-BCE_KBO-0433439550,Défi Belgique Afrique,active,22,National NGO,dba,Belgium
BE-BCE_KBO-0463455904,Chaîne de l’Espoir Belgique / Keten van Hoop België,active,22,National NGO,cdeb-kvhb_admin,Belgium
BE-BCE_KBO-0432235661,Handicap international Belgique,active,22,National NGO,hib,Belgium
BE-BCE_KBO-0415426155,Miel Maya Honing asbl,active,22,National NGO,mmha,Belgium
NL-KVK-34185938,Fondation Access to Medicine,active,60,Foundation,atmf,Netherlands
BE-BCE_KBO-0442168263,Vétérinaires Sans Frontières / Dierenartsen Zonder Grenzen (Belgique),active,22,National NGO,vsfbelgium,Belgium
BE-BCE_KBO-0419189557,Rotary Clubs For Development,active,22,National NGO,rc4d,Belgium
BE-BCE_KBO-0454555163,RCN Justice & Démocratie,active,22,National NGO,rcn,Belgium
BE-BCE_KBO-0460162753,Medecins du Monde Belgique / Dokters van de Wereld Belgïe,active,22,National NGO,medecins,Belgium
BE-BCE_KBO-0413119733,VIA Don Bosco,active,22,National NGO,via-db,Belgium
BE-BCE_KBO-0408022778,Djapo,active,22,National NGO,djapo,Belgium
BE-BCE_KBO-0420656336,Rikolto Belgique,active,22,National NGO,rikolto_belgium,Belgium
BE-BCE_KBO-0407562029,Comité national de la Belgique pour l’UNICEF,active,22,National NGO,ub,Belgium
BE-BCE_KBO-0662878501,Rikolto,active,60,Foundation,rikolto,Belgium
BE-BCE_KBO-0418088113,Broederlijk Delen,active,22,National NGO,bd,Belgium
BE-BCE_KBO-0417299047,Protos,active,22,National NGO,protos,Belgium
BE-BCE_KBO-0479866027,Studio Globo,active,80,"Academic, Training and Research",sg,Belgium
BE-BCE_KBO-0478060441,Mouvement pour la Solidarité Internationale / Beweging voor Internationale Solidariteit,active,22,National NGO,bismsi,Belgium
BE-BCE_KBO-0479222461,BOS+ tropen,active,22,National NGO,bos_plus_tropen,Belgium
BE-BCE_KBO-0432622077,FIAN Belgium,active,22,National NGO,fian-belgium,Belgium
BE-BCE_KBO-0463729878,Benelux Afro Center,active,22,National NGO,bac,Belgium
BE-BCE_KBO-0432624255,Solsoc,active,22,National NGO,solsoc,Belgium
BE-BCE_KBO-0408095925,Auto-Développement Afrique (ADA),active,22,National NGO,ada,Belgium
CO-RUE-860013779-5,,active,70,Private Sector,profamilia,Colombia
BE-BCE_KBO-0416934803,Forum Universitaire pour la Coopération Internationale au Développement – FUCID ASBL,active,22,National NGO,fucid,Belgium
BE-BCE_KBO-0418399305,Commission Justice et Paix ASBL (cjp),active,22,National NGO,cjp,Belgium
BE-BCE_KBO-0408656248,Fonds mondial pour la nature Belgique (WWF-Belgique),active,22,National NGO,wwf-be,Belgium
BE-BCE_KBO-0472089102,Geomoun ASBL,active,22,National NGO,geomoun,Belgium
BE-BCE_KBO-0408256667,Congodorpen vzw,active,22,National NGO,congodorpen,Belgium
GB-COH-04644326,Agulhas Applied Knowledge,active,70,Private Sector,aak,United Kingdom
BE-BCE_KBO-0409597544,FONCABA ASBL KBA VZW,active,22,National NGO,foncaba,Belgium
BE-BCE_KBO-0432503697,Eclosio,active,22,National NGO,eclosio,Belgium
BE-BCE_KBO-0420790948,Universitair Centrum voor Ontwikkelingssamenwerking,active,22,National NGO,ucos,Belgium
XM-DAC-7-PPR-4000005312,,active,60,Foundation,ybawahid,Indonesia
CO-RUE-900.683.942-8,,active,30,Public Private Partnership,rpm,Colombia
BE-BCE_KBO-0421210424,Koepel van de Vlaamse Noord-Zuidbeweging 11.11.11 VZW,active,22,National NGO,111111_publisher,Belgium
BE-BCE_KBO-0415365777,Oxfam Wereldwinkels,active,22,National NGO,oww,Belgium
JO-MSD-2013011100066,Queen Rania Foundation for Education and Development (Fondation de la reine Rania pour l’éducation et le développement),active,22,National NGO,qrfed,Jordan
KE-NCB-218-051-93197-173,,active,23,Regional NGO,fawe-rs,Kenya
KE-NCB-218.051.93197.173,,withdrawn,23,Regional NGO,fawe-rs,Kenya
NL-KVK-09119363,Fondation PRACTICA,active,60,Foundation,practica,Netherlands
JO-COA-1701-HPC,,active,15,Other Public Sector,hpc,Jordan
US-EIN-22-3087809,IREX (International Research and Exchange Board),active,21,International NGO,irex,United States
XM-DAC-47066,Organisation internationale pour les migrations (OIM),active,40,Multilateral,iom,Switzerland
BE-BCE_KBO-0416867297,KIYO,active,21,International NGO,kiyo,Belgium
US-EIN-900634376,C40 Cities Climate Leadership Group,active,80,"Academic, Training and Research",c40cities,United States
GB-CHC-1135700,British & Irish Agencies Afghanistan Group,active,21,International NGO,baag,United Kingdom
BE-BCE_KBO-0546740696,Académie de recherche et d’enseignement supérieur,active,80,"Academic, Training and Research",ares,Belgium
BE-BCE_KBO-0474912493,Dynamo International asbl,active,22,National NGO,dynamo_international,Belgium
BE-BCE_KBO-0445741823,Quinoa,active,22,National NGO,quinoa,Belgium
BE-BCE_KBO-0443262185,Echos Communication,active,22,National NGO,ec,Belgium
BE-BCE_KBO-0448723978,Médecins Sans Vacances,active,22,National NGO,msv,Belgium
BE-BCE_KBO-0446340550,Comité pour l’abolition des dettes illégitimes,active,22,National NGO,cadtm,Belgium
BE-BCE_KBO-0415499795,ITECO – Centre de formation pour le développement,active,22,National NGO,iteco,Belgium
NL-KVK-40478591,Association royale de football des Pays-Bas,active,15,Other Public Sector,knvb,Netherlands
ES-CIF-G81164105,Action contre la Faim Espagne,active,21,International NGO,acfspain,Spain
BE-BCE_KBO-0406694670,Action Damien / Damiaanactie,active,22,National NGO,damien-foundation,Belgium
RW-RGB-101-RGB-NGO-2014,UWEZO Youth Empowerment,active,22,National NGO,uwezo_youth_empowerment,Rwanda
NL-KVK-41208024,Aidenvironment,active,60,Foundation,aidenvironment,Netherlands
BE-BCE_KBO-0425420917,Plan International Belgique,active,22,National NGO,pib,Belgium
NL-KVK-32102434,Fondation RUAF,active,60,Foundation,ruaf,Netherlands
US-EIN-030358029,Population Media Center,active,21,International NGO,pmc,United States
BE-BCE_KBO-0430826290,Le Monde selon les femmes asbl,active,22,National NGO,mondefemmes,Belgium
BE-BCE_KBO-0417549465,Coopération par l’Éducation et la Culture,active,22,National NGO,cec,Belgium
DK-CVR-25191501,Danmission,active,22,National NGO,danmission,Denmark
IN-MHA-337680017,Network For Enterprise Enhancement and Development Support,active,22,National NGO,needs,India
CO-RUE-860049972,Oriéntame,active,22,National NGO,orientame,Colombia
CH-FDJP-CHE102197003,Fédération internationale des experts comptables,active,21,International NGO,ifac,Switzerland
US-EIN-27-1414646,Initiative Clinton pour l’accès à la santé (Clinton Health Access Initiative),active,21,International NGO,chai,United States
US-EIN-13-3327220,Action contre la Faim États-Unis,active,21,International NGO,aahusa,United States
GB-COH-07157505,ODI Global Advisory Ltd,active,80,"Academic, Training and Research",odi_sales_ltd,United Kingdom
UG-NGB-5914-129,Fondation AVSI en Ouganda,active,21,International NGO,avsi_uganda,Uganda
GH-DSW-2046,Fonds Africain pour le Développement de la Femme,active,23,Regional NGO,awdf,Ghana
DE-CR-BonnVR8726,IFOAM – Organics International,active,21,International NGO,ifoam,Germany
GB-COH-05126149,The MENTOR Initiative,active,21,International NGO,the_mentor_initiative,United Kingdom
EG-CR-117508,,active,70,Private Sector,nroot,Egypt
BD-NAB-0271,Bangladesh Nari Progati Sangha,active,22,National NGO,bnps,Bangladesh
GB-CHC-1112842,Transparency International UK,active,21,International NGO,ti-uk,United Kingdom
GB-CHC-1119168,Energy 4 Impact,active,21,International NGO,e4i,United Kingdom
US-EIN-75-3130860,Center for Civilians in Conflict,active,21,International NGO,civic_admin,United States
GB-COH-RC000672,,active,80,"Academic, Training and Research",uos,United Kingdom
GB-CHC-1047653,Raleigh International,active,21,International NGO,raleigh_int,United Kingdom
BE-BCE_KBO-0410757386,Solidagro,active,80,"Academic, Training and Research",solidagro_admin,Belgium
NL-KVK-41199723,NLR,active,21,International NGO,nlr,Netherlands
TZ-TRA-101-091-759,Economic and Social Research Foundation (ESRF),active,80,"Academic, Training and Research",esrf,"Tanzania, United Republic of"
NL-KVK-24365461,Fondation Right to Play Pays-Bas,active,21,International NGO,rtp,Netherlands
NL-KVK-08134161,VEI (Vitens-Evides International),active,70,Private Sector,vei_nl,Netherlands
XM-DAC-21018,Fédération internationale des sociétés de la Croix-Rouge et du Croissant-Rouge,active,21,International NGO,ifrcrcs,Switzerland
UG-NGB-10890,Bucks Community NGO,active,22,National NGO,bucksfarm,Uganda
XM-DAC-43000,Fonds monétaire international,active,40,Multilateral,imf,United States
GB-CHC-314137,Association des Universités du Commonwealth,active,80,"Academic, Training and Research",acu,United Kingdom
NL-KVK-56185154,"NpM, plateforme pour la finance inclusive",active,22,National NGO,npm,Netherlands
GB-CHC-1113101,Tropical Health and Education Trust,active,21,International NGO,tropicalhealth,United Kingdom
US-EIN-52-0595110,Université Johns Hopkins,active,80,"Academic, Training and Research",gi-jhu,United States
NL-KVK-56821743,MDF Global,active,60,Foundation,mdf,Netherlands
CH-FDJP-CHE100871337,Conseil international des agences bénévoles,active,21,International NGO,icva,Switzerland
US-EIN-521750875,Iraq Foundation,active,21,International NGO,iraq_foundation,United States
ES-CIF-G-8236803,Oxfam Intermón,active,21,International NGO,oxfamintermon,Spain
XM-DAC-41123,Organisation des Nations Unies pour le développement industriel (ONUDI),active,40,Multilateral,unido,(No country assigned)
GH-DSW-4711,Savana Signatures,active,22,National NGO,savsign-org,Ghana
GB-COH-00041424,,active,30,Public Private Partnership,ul,(No country assigned)
BD-NAB-0682,Development Organisation of the Rural Poor,active,22,National NGO,dorp-org,Bangladesh
BE-BCE_KBO-0453072647,Institut de Formation Syndical International / Internationaal Syndicaal Vormingsinstituut,active,22,National NGO,ifsi_isvi,Belgium
MW-CNM-C057/1998,Center for Alternatives for Victimized Women and Children,active,22,National NGO,cavwoc,Malawi
NL-KVK-65306198,Equileap,active,21,International NGO,equileap,Netherlands
UG-NGB-1826,Family Life Education Program,active,22,National NGO,flepuganda,Uganda
GB-COH-RC000631,University College London,active,80,"Academic, Training and Research",ucl,United Kingdom
TZ-TRA-101-304-795,Chama cha Uzazi na Malezi Bora Tanzania (UMATI),active,22,National NGO,umati,"Tanzania, United Republic of"
KE-NCB-218/051/96110/823,Centre for the Study of Adolescence,active,80,"Academic, Training and Research",csa-kenya,Kenya
US-GOV-17,,active,10,Government,dol,United States
GB-CHC-1114727,Joshua Orphan and Community Care,active,21,International NGO,jocc_uk,(No country assigned)
BE-BCE_KBO-0460240749,Lumière pour le Monde Belgique,active,22,National NGO,lftw-be,Belgium
JO-CCD-2826,Vision du Monde Syrie,withdrawn,21,International NGO,wvsyria,Syrian Arab Republic
IN-MHA-231650063,Voluntary Health Association of India,active,80,"Academic, Training and Research",vhai-org,(No country assigned)
DK-CVR-20074035,ADRA Danemark,active,22,National NGO,adra-dk,Denmark
KE-RCO-78260,ADS-Nyanza,active,15,Other Public Sector,ads-nyanza,Kenya
HK-CR-1494242,Solidaridad Asie du sud et du sud-est,active,21,International NGO,solidaridad-ssea,India
GH-DSW-5574,Solidaridad Afrique de l’Ouest,active,21,International NGO,solidaridad-waf,Ghana
XI-IATI-FIABEL,Fiabel,active,22,National NGO,fiabel,Belgium
KE-NCB-218/051/9384/74,CARE Somalie,active,22,National NGO,csom1,Kenya
GB-COH-07627789,D. Capital Partners,active,30,Public Private Partnership,dcapitalpartners,United Kingdom
JO-MSD-2009011100178,The Princess Alia Foundation (Fondation de la princesse Alia),active,60,Foundation,paf_2018,Jordan
GB-CHC-1157722,Irise International,active,21,International NGO,irise_int,United Kingdom
TZ-TRA-102316134,"Iringa Development of Youth, Disabled and Children Care",active,22,National NGO,idydc,"Tanzania, United Republic of"
TZ-TRA-116315386,Babawatoto Centre For Children and Youth,active,22,National NGO,bawacecy-tz,"Tanzania, United Republic of"
TZ-TRA-110-664-087,Railway Children Africa,active,22,National NGO,rc2africa,"Tanzania, United Republic of"
US-GOV-6,,active,10,Government,treasury,United States
US-EIN-14-1945286,"The Global Development Incubator, Inc",active,21,International NGO,gdi,United States
TZ-TRA-121406209,Cheka Sana Tanzanie,active,22,National NGO,cst,"Tanzania, United Republic of"
GB-COH-06735120,Worldwide Hospice Palliative Care Alliance,active,21,International NGO,whpca,United Kingdom
GB-COH-RC000797,Université de Manchester,active,80,"Academic, Training and Research",uom,United Kingdom
IT-CF-97091470589,INTERSOS Onlus,active,21,International NGO,intersos_main,Italy
GB-GOV-14,Royaume-Uni – Ministère de l’Éducation,active,10,Government,dfe,United Kingdom
US-EIN-27-1661997,GiveDirectly,active,21,International NGO,givedirectly,United States
MM-MHA-1/Local/0047,Karuna Mission Social Solidarity (KMSS),active,22,National NGO,kmss,Myanmar
CA-CRA_ACR-817387277,Fondation Mastercard,active,60,Foundation,mastercard-foundation,Canada
BD-NAB-002,BRAC,active,21,International NGO,brac_admin2,Bangladesh
GB-CHC-223106,Royal College of General Practitioners (RCGP),active,22,National NGO,rcgp-international,United Kingdom
US-EIN-042312909,Brigham and Women's Hospital,active,80,"Academic, Training and Research",bwh,United States
US-EIN-237413005,FHI360,active,21,International NGO,fhi360,United States
XM-DAC-47056,Centre mondial de l’agroforesterie,active,80,"Academic, Training and Research",icraf_,Kenya
GB-COH-10633588,Abt Britain Limited,active,70,Private Sector,abtbritain,United Kingdom
GB-CHC-213280,Royal College of Obstetricians & Gynaecologists,active,80,"Academic, Training and Research",rcog_resilience_in_obstetric_skills,United Kingdom
GB-COH-02188452,,active,80,"Academic, Training and Research",iied,United Kingdom
KE-KRA-P051311853T,Northern Rangelands Trust,active,22,National NGO,nrt-kenya,Kenya
GB-CHC-1047608,Alliance of Religions and Conservation,active,21,International NGO,alliance_of_religions_and_conservation,United Kingdom
BD-NAB-051,YMCA du Bangladesh,active,22,National NGO,ywcabd,Bangladesh
PS-MOI-QR-209-HR,,active,22,National NGO,wclac,"Palestine, State of"
XI-IATI-MIF,Fonds d’investissement multilatéral,active,40,Multilateral,fomin,United States
IE-CHY-20009090,Concern Worldwide,active,21,International NGO,concern_worldwide,Ireland
XM-OCHA-FTS18563,"Fonds social de développement, Yémen",active,15,Other Public Sector,sfd-yemen,Yemen
US-EIN-63-0676451,Centre international pour le développement des engrais,active,21,International NGO,ifdc-us,United States
LB-MOI-14739,,active,23,Regional NGO,marsa_welead,Lebanon
US-EIN-134166228,Acumen,active,21,International NGO,acumen,United States
GB-CHC-1046579,Consortium for Street Children,active,21,International NGO,csc,United Kingdom
IN-MHA-147110006,CINI,active,22,National NGO,cini_jhk,India
SE-ON-802007-2446,Afrikagrupperna Suède,active,21,International NGO,afrikagrupperna,Sweden
XI-IATI-OCHASDC,Bureau des Nations Unies pour la coordination des affaires humanitaires (contributions désignées particulières),active,40,Multilateral,unocha-sdc,United States
GH-DSW-4834,NORSAAC,active,22,National NGO,norsaac,Ghana
GB-COH-04930461,Concordis International,active,21,International NGO,concordis,United Kingdom
CR-RPJ-3-006-125548,Fondation Acceso,active,23,Regional NGO,fundacion-acceso,Costa Rica
US-GOV-23,,active,10,Government,ftc,United States
US-GOV-TBD,,withdrawn,10,Government,ftc,United States
US-EIN-91-1157127,Programme de technologie appropriée en santé (PATH),active,21,International NGO,_path_,United States
DE-CR-VR32914,Association Water Integrity Network (Réseau d’intégrité de l’eau),active,21,International NGO,win,Germany
IL-RA-580166452,Musalaha – Ministère de Réconciliation,active,80,"Academic, Training and Research",mmr_admin2,Israel
AF-MOE-22,CARE International Afghanistan,active,21,International NGO,ciafg,Afghanistan
GB-COH-02622374,Energy Saving Trust,active,15,Other Public Sector,energy_saving_trust,United Kingdom
PK-SEC-0080655,DKT Pakistan,active,70,Private Sector,dkt,Pakistan
XI-GRID-grid.442465.5,Université de Mzumbe,active,80,"Academic, Training and Research",m_u,"Tanzania, United Republic of"
US-EIN-32-0060251,AIDSPAN,active,21,International NGO,aidspan,United States
KE-KRA-P051119468K,Kisumu Medical and Education Trust,active,22,National NGO,kmet,Kenya
XM-DAC-45001,Centre du commerce international (ITC),active,21,International NGO,itc,Switzerland
AU-ACNC-18055208636,Oxfam Australie,active,21,International NGO,oau,Australia
FR-RCS-389515180,Solidarités International,active,21,International NGO,solidarites-international,France
US-EIN-23-1352010,American Friends Service Committee,active,80,"Academic, Training and Research",afsc,United States
XI-GRID-grid.52681.38,BRAC University,active,80,"Academic, Training and Research",bu,Bangladesh
US-GOV-22,,active,10,Government,dfc,United States
KE-RCO-84486,Transparency International Kenya,active,22,National NGO,ti_kenya,Kenya
GB-CHC-1151219,DeafKidz International,active,21,International NGO,dki1151219,United Kingdom
LB-MOI-853,Association libanaise des victimes du terrorisme (AVT-L),active,22,National NGO,avt-l,Lebanon
IQ-NGO-1Z2634,"Rehabilitation, Education and Community Health (Réhabilitation, éducation et santé communautaire, REACH)",active,22,National NGO,reach-iraq,Iraq
XM-DAC-41121,Haut-Commissariat des Nations Unies pour les réfugiés (HCR),active,40,Multilateral,unhcr,Switzerland
US-EIN-58-1593137,,active,21,International NGO,dkti,United States
XM-DAC-701-2,Japon – Ministère des Affaires étrangères,active,10,Government,mofa-jpn,Japan
XI-IATI-AGR,AgResults Initiative,active,40,Multilateral,agresults,(No country assigned)
BJ-IFU-4201710116446,"Institut National de l’Eau, Bénin",active,80,"Academic, Training and Research",ine_benin,Benin
BJ-IFU-4201710182326,Agence Nationale d’Approvisionnement en Eau Potable en Milieu Rural du Bénin,active,10,Government,anaepmr_benin,Benin
GB-COH-02517018,,active,22,National NGO,uuk,United Kingdom
NL-KVK-70292388,Index Initiative Foundation,active,60,Foundation,iif,Netherlands
US-EIN-13-5562308,Université de New York,active,80,"Academic, Training and Research",nyu,United States
BJ-IFU-4201710012551,"Commune de Dangbo, Bénin",active,15,Other Public Sector,dangbo,Benin
BJ-IFU-6201810251129,"Commune d’Adjarra, Bénin",active,15,Other Public Sector,adjarra,Benin
BJ-IFU-6201000068802,"Commune de Parakou, Bénin",active,15,Other Public Sector,parakou,Benin
BJ-IFU-5200081145006,"Commune de Toffo, Bénin",active,15,Other Public Sector,toffo,Benin
BJ-IFU-6200901945503,"Commune de Toviklin, Bénin",active,15,Other Public Sector,toviklin,Benin
BJ-IFU-6201101182902,"Commune de Kpomassè, Bénin",active,15,Other Public Sector,kpomasse,Benin
BJ-IFU-6200801257400,"Commune de Zè, Bénin",active,15,Other Public Sector,ze,Benin
BJ-IFU-6201501755307,"Commune d’Allada, Bénin",active,15,Other Public Sector,allada,Benin
BJ-IFU-6201001076902,"Commune de Aplahoué, Bénin",active,15,Other Public Sector,aplahoue,Benin
BJ-IFU-6200901944805,"Commune de Lalo, Bénin",active,15,Other Public Sector,lalo,Benin
GH-RGD-CG109732014,,active,23,Regional NGO,twnafrica,Ghana
BJ-IFU-6200901851300,"Commune de Kétou, Bénin",active,15,Other Public Sector,ketou,Benin
BJ-IFU-5200801335602,"Commune d’Adjohoun, Bénin",active,15,Other Public Sector,adjohoun,Benin
BJ-IFU-6200901944008,"Commune d’Adja-Ouèrè, Bénin",active,15,Other Public Sector,adja-ouere,Benin
BJ-IFU-6201200579608,"Commune de Pobè, Bénin",active,15,Other Public Sector,pobe,Benin
BJ-IFU-6200901944209,"Commune de Bopa, Bénin",active,15,Other Public Sector,bopa,Benin
BJ-IFU-6201001843703,"Commune d’Akpro-Missérété, Bénin",active,15,Other Public Sector,akpro-misserete,Benin
BJ-IFU-6201000370801,"Commune de Comè, Bénin",active,15,Other Public Sector,come,Benin
BJ-IFU-6201300688700,"Commune d’Avrankou, Bénin",active,15,Other Public Sector,avrankou,Benin
BJ-IFU-6201100143407,"Commune d’Ifangni, Bénin",active,15,Other Public Sector,ifangni,Benin
SE-ON-802004-1524,We Effect,active,21,International NGO,weeffect,Sweden
BJ-IFU-6201100034408,"Commune de Klouékanmè, Bénin",active,15,Other Public Sector,klouekanme,Benin
KE-KRA-P051502549C,"National Coalition of Human Rights Defenders, Kenya (Coalition nationale kényane des défenseurs des droits humains)",active,22,National NGO,nchrdk,Kenya
ZA-NPO-006-981,Institut d’études de sécurité,active,21,International NGO,issafrica,South Africa
NP-SWC-10136,Nepal Disabled Human Rights Center,active,22,National NGO,dhrc_nepal,Nepal
IN-MCA-AAE-8458,Deloitte Touche Tohmatsu India LLP,active,70,Private Sector,dttillp,India
UG-NGO-1406,DefendDefenders,active,80,"Academic, Training and Research",defenddefenders,Uganda
KE-NCB-2180511703310709,Send a Cow Kenya,active,22,National NGO,sac_kenya,Kenya
NL-KVK-70048436,Global Rights Compliance,active,60,Foundation,grc2018,Netherlands
US-EIN-11-3580024,International Center for Transitional Justice,active,21,International NGO,ictj,United States
DK-CVR-19348407,CISU,active,22,National NGO,cisu,Denmark
UG-NGB-0498,Fondation Mukisa,active,22,National NGO,mukisa_foundation,Uganda
NL-KVK-27367015,Organisation néerlandaise pour la recherche scientifique (NWO),active,10,Government,nwo,Netherlands
US-EIN-13-3377893,Rainforest Alliance,active,21,International NGO,rainforest-alliance,United States
GB-CHC-1127366,British Asian Trust,active,21,International NGO,b_a_t,United Kingdom
RW-RGB-002-RGB-NGO-2017,"Education Development Trust, Rwanda",withdrawn,21,International NGO,edt_rwanda,Rwanda
GB-CHC-1058162,Christian Blind Mission (UK) Ltd.,active,21,International NGO,cbm,United Kingdom
US-EIN-53-0242652,,active,21,International NGO,the_nature_conservancy,United States
GB-COH-RC000664,Université de Nottingham,active,80,"Academic, Training and Research",uni_of_nottingham,United Kingdom
LK-DRC-GA139,Women's Fund Asia,active,23,Regional NGO,wf-asia,Sri Lanka
HK-CR-2091642,Seefar,active,70,Private Sector,seefar,Hong Kong
SO-MPND-L43135002018MJ,,active,22,National NGO,nagaad,Somalia
GB-CHC-1118528,Child.org,active,21,International NGO,child-dot_org,(No country assigned)
XI-IATI-DGF,Democratic Governance Facility,active,15,Other Public Sector,dgf,Uganda
NP-SWC-8220,Aapasi Sahayog Kendra Syangja Nepal (ASK Nepal),active,22,National NGO,ask,Nepal
NE-DGI-5355,Timidria,active,22,National NGO,timidria,Niger
DK-CVR-12006004,Center for Church-Based Development,active,21,International NGO,cku,Denmark
XI-GRID-grid.9829.a,Université des sciences et technologies Kwame Nkrumah,active,80,"Academic, Training and Research",knust,Ghana
DK-CVR-63407216,Save the Children Danemark,active,21,International NGO,redbarnet,Denmark
GB-CHC-1089110,Global Canopy,active,21,International NGO,globalcanopy,United Kingdom
NL-KVK-60633468,Water Finance Facility,active,70,Private Sector,wff,Netherlands
GB-COH-10333897,Pegasys Limited,active,70,Private Sector,pegasys-eu,United Kingdom
XM-DAC-21016,Comité international de la Croix-Rouge (CICR),active,40,Multilateral,icrc,Switzerland
DK-CVR-40781218,Fonds mondial pour la nature (WWF) Danemark,active,60,Foundation,wwfdk,Denmark
DE-CR-RA000220-VR3810,Welthungerhilfe,active,21,International NGO,whh,Germany
MZ-NUIT-500004037,Direcção Provincial de Saúde de Nampula,active,10,Government,dps-nampula,Mozambique
KE-KRA-P051097200R,Centre international de physiologie et d’écologie des insectes (icipe),active,80,"Academic, Training and Research",icipe,Kenya
DK-CVR-12921047,CARE Danmark Fonden for Frivillig Ulandsbistand,active,22,National NGO,12921047,Denmark
NL-KVK-27368929,Université de Leyde,active,80,"Academic, Training and Research",universiteit_leiden,Netherlands
NL-KVK-72849770,Stichting Beheer Subsidiegelden DRA,active,21,International NGO,stichting-subsidiegelden-dra,Netherlands
KE-RCO-C110031,Farm Concern International,active,23,Regional NGO,fci,Kenya
ET-CSA-0976,Dawuro Development Association,active,80,"Academic, Training and Research",dawuro_da,Ethiopia
DK-CVR-20453672,Agence Danoise pour le Développement des syndicats (Ulandssekretariatet),active,21,International NGO,loftf,Denmark
DK-CVR-18243717,ActionAid Danemark (Mellemfolkeligt Samvirke),active,21,International NGO,aadk,Denmark
US-EIN-84-1648607,Educate!,active,21,International NGO,educate,United States
CH-FDJP-CHE232974628,Responsible Mining Foundation,active,60,Foundation,rmf,Switzerland
ID-KHH-0000871,,active,22,National NGO,ja_ppmn,Indonesia
DK-CVR-14723692,Mission Øst,active,21,International NGO,missioneast,Denmark
GB-COH-RC000297,King's College London,active,80,"Academic, Training and Research",kingscollegelondon,United Kingdom
DK-CVR-16077593,Confédération des industries danoises,active,70,Private Sector,di,Denmark
NL-KVK-50130536,Université de Twente,active,80,"Academic, Training and Research",utwente,Netherlands
DK-CVR-31378028,,active,22,National NGO,3fi,Denmark
DK-CVR-13078513,Conseil danois de la jeunesse (DUF),active,22,National NGO,duf,Denmark
GB-COH-07291220,50 Eight Limited,active,70,Private Sector,fifty_eight,United Kingdom
DK-CVR-58185728,Danish Family Planning Association,active,22,National NGO,dfpa,Denmark
RW-RGB-61-RGB-NGO-2017,ActionAid Rwanda,active,22,National NGO,aar,Rwanda
DK-CVR-35429867,Global Focus,active,22,National NGO,globaltfokus,Denmark
CH-FDJP-CHE109506789,"Centre international de déminage humanitaire, Genève",active,60,Foundation,gichd,Switzerland
DK-CVR-14766383,Disabled People's Organisations Denmark (organisations de personnes handicapées au Danemark),active,22,National NGO,dpod,Denmark
GB-UKPRN-10007774,Université d’Oxford,active,80,"Academic, Training and Research",oxford,United Kingdom
GB-CHC-1077216,Compassion Royaume-Uni,active,21,International NGO,comp_uk,United Kingdom
GB-CHC-1016676,INTRAC,active,21,International NGO,intrac,United Kingdom
US-EIN-26-3933134,Special Hope Network,active,21,International NGO,shn,United States
GB-COH-08212556,PositiveNegatives,active,15,Other Public Sector,posneg,United Kingdom
NL-KVK-64763064,Data4Development,active,70,Private Sector,d4d,Netherlands
GB-CHC-1161729,Hope for Children,active,21,International NGO,hfc,United Kingdom
SE-ON-802005-9823,Fonds mondial pour la nature (WWF) Suède,active,21,International NGO,wwf-se,Sweden
US-EIN-91-1148123,Mercy Corps Global,active,21,International NGO,mcg,United States
GB-CHC-1108718,African Revival,active,21,International NGO,africanrevival,United Kingdom
NL-KVK-30276595,Koninklijk Nederlands Meteorologisch Instituut (Institut royal météorologique des Pays-Bas),active,10,Government,knmi,Netherlands
PK-SEC-0105957,Sehat Kahani (Community Innovation Hub),active,70,Private Sector,sehatkahanicih,Pakistan
NL-KVK-70333564,Mercy Corps Pays-Bas,active,21,International NGO,mcn,Netherlands
PE-SUNARP-12623829,Forum international des femmes autochtones,active,60,Foundation,fimi_iiwf_2019,Peru
XI-IATI-ACATBA,Association centrafricaine de traduction de la Bible et alphabétisation,active,22,National NGO,acatba,Central African Republic
XI-GRID-grid.13001.33,Université du Zimbabwe,active,80,"Academic, Training and Research",1-uz,Zimbabwe
CH-FDJP-CHE109994012,Interpeace,active,21,International NGO,interpeace,Switzerland
DK-CVR-20700211,Croix-Rouge danoise,active,22,National NGO,danishrc,Denmark
MW-NBM-NGO/L/18/024,Palliative Care Association of Malawi (association des soins palliatifs au Malawi),active,22,National NGO,pacam,Malawi
MW-MRA-20123139,Nkhoma Mission Hospital,active,22,National NGO,nmhiati,Malawi
MW-MRA-20120896,David Gordon Memorial Hospital,active,80,"Academic, Training and Research",dgmh,Malawi
DE-CR-RA000243-HRB5459,,active,70,Private Sector,particip,Germany
ML-NIF-082208943A,Groupe Pivot Santé Population,active,80,"Academic, Training and Research",gpsp-org,Mali
MZ-NUIT-700179850,Plataforma Moçambicana da Água (PLAMA),active,22,National NGO,plama,Mozambique
NL-KVK-27310568,,active,60,Foundation,arq_intl,Netherlands
UG-RSB-80010003259159/105066,SolarNow Services (U) Ltd,active,70,Private Sector,solarnowsofa,Uganda
GB-CHC-1145721,Zambia Orphans Aid UK,active,21,International NGO,zoa_uk,United Kingdom
dk-cvr-26487013,International Media Support,active,21,International NGO,ims,Denmark
US-EIN-22-2852248,Village Enterprise,active,21,International NGO,villageenterprise,United States
IT-RI-97241280151,We World – GVC Onlus,active,21,International NGO,ww-gvc,Italy
GB-CHC-1143797,Syria Relief,active,22,National NGO,sr,United Kingdom
TR-MOI-27-019-074,Emissa,active,22,National NGO,emissa,Turkey
US-EIN-52-1818273,International Center for Not-for-Profit Law,active,21,International NGO,icnl_org,United States
FI-PRO-1993025-9,Institut européen des forêts,active,80,"Academic, Training and Research",efi,Finland
US-EIN-13-3622707,WSP USA Solutions Inc.,active,70,Private Sector,lbg,United States
CA-CRA_ACR-805837713,OpenNorth,active,21,International NGO,opennorth,Canada
DK-CVR-20356731,Plan International Danemark (PlanBørnefonden),active,21,International NGO,plb,Denmark
NL-KVK-32092131,Fondation Edukans,active,21,International NGO,edukans_foundation,Netherlands
GB-CHC-1027201,Institute for War & Peace Reporting (Institut de reportage sur la guerre et la paix),active,21,International NGO,iwpr,United Kingdom
GB-CHC-1150993,Near East Foundation UK (NEF UK),active,21,International NGO,nef-uk,United Kingdom
FR-INSEE-32101874900127,Médecins du Monde France,active,21,International NGO,mdm-fr,France
NG-CAC-54522,Centre for Legal Research and Development,active,22,National NGO,clerd-prpi,Nigeria
GB-CHC-1140288,Fondation Fred Hollows (Royaume-Uni),active,21,International NGO,fhfuk,United Kingdom
NL-KVK-34176587,Radio La Benevolencija,active,21,International NGO,rlb,Netherlands
NL-KVK-41081480,Fondation Liliane,active,22,National NGO,slf,Netherlands
XI-IATI-LPI,Living Peace Institute,active,22,National NGO,lpi,Congo (Democratic Republic of the)
US-EIN-30-0739799,Heartland Alliance International,active,21,International NGO,ha-i,United States
JE-FSC-NPO_1108,Irrawaddy Policy Exchange,active,80,"Academic, Training and Research",ipe,United Kingdom
KE-NCB-OP/218/051/924/84,ActionAid International Kenya,active,21,International NGO,aaik,Kenya
US-EIN-45-5015494,Instiglio,active,21,International NGO,instiglio,United States
NG-CAC-73022,Niger Delta Stakeholders Initiative for Community Development and Empowerment,active,22,National NGO,ndsicde,Nigeria
XM-DAC-5-7,Allemagne – Ministère fédéral des Affaires étrangères,active,10,Government,fo_germany,Germany
US-EIN-27-4933181,IDinsight,active,21,International NGO,idinsight,United States
XM-DAC-61-2,Slovénie – Ministère des Affaires étrangères,active,10,Government,si-mfa,Slovenia
US-EIN-47-3594688,Fonds mondial pour mettre fin à l’esclavage moderne,active,22,National NGO,gfems,United States
US-EIN-45-2796201,"Namati, Inc",active,21,International NGO,namati_inc,United States
GB-COH-893249298,,active,80,"Academic, Training and Research",wrgb,(No country assigned)
XI-IATI-NSO,Netherlands Space Office,active,80,"Academic, Training and Research",nso,Netherlands
US-EIN-22-3900800,VisionFund International,active,21,International NGO,vfi,United States
CA-CRA_ACR-118846575,Centre d’étude et de coopération internationale,active,21,International NGO,ceci,Canada
GB-COH-07026479,AgDevCo,active,70,Private Sector,agdevco,United Kingdom
XM-DAC-47008,Centre mondial des légumes,active,21,International NGO,worldveg,Taiwan (Province of China)
GB-CHC-1178168,CDAC Network (Réseau pour la communication avec les communautés touchées par des catastrophes),active,21,International NGO,cdacnetwork,United Kingdom
GH-DSW-1103,Regional Advisory Information and Network Systems,active,22,National NGO,rains,Ghana
KE-KRA-P051713416W,AFELT,active,80,"Academic, Training and Research",afelt,Kenya
DE-CR-RA000217-HRB121747B,Democracy Reporting International gGmbH,active,21,International NGO,dri,Germany
BJ-IFU-5201000673108,CARE Bénin/Togo,active,21,International NGO,carebenintogo,United States
GB-COH-02693163,Fondation Westminster pour la démocratie,active,15,Other Public Sector,wfd,United Kingdom
UG-RSB-80010000253134/25060,Université des martyrs de l’Ouganda,active,80,"Academic, Training and Research",umu,Uganda
XI-GRID-grid.442626.0,Université de Gulu,active,80,"Academic, Training and Research",guluuni,Uganda
XI-GRID-grid.442459.a,Université de Dodoma en Tanzanie,active,80,"Academic, Training and Research",udom,"Tanzania, United Republic of"
KE-KRA-P051542095J,LIWA programme trust,active,80,"Academic, Training and Research",liwa-admin,Kenya
GH-DSW-2000,Northern Network for Education Development,active,22,National NGO,nned,Ghana
US-EIN-45-4613016,Accountability Lab,active,22,National NGO,alab,United States
XI-GRID-grid.419346.d,Institut international de recherche sur les politiques alimentaires,active,21,International NGO,ifpri,United States
GH-RGD-99389,Opportunity International Savings and Loans Ltd,active,70,Private Sector,oisl_gh,Ghana
NG-CAC-1260478,Silsab Foundation,active,22,National NGO,silsab1-_,Nigeria
XI-BRIDGE-6385676864,Secrétariat du Fonds pour l’environnement mondial,active,40,Multilateral,gef,United States
KE-NCB-21805120080955572,Ashoka East Africa (Bureau régional d’Ashoka Afrique pour l’Afrique de l’Est),active,21,International NGO,ashoka,Kenya
GB-CHC-206658,World Horse Welfare,active,21,International NGO,whw2019,United Kingdom
US-EIN-522112460,IMA World Health,active,21,International NGO,us-imawh,United States
FR-RCS-78049888700022,Centre International de Développement et de Recherche,active,21,International NGO,cidr,France
GB-COH-RC000749,Société zoologique de Londres,active,21,International NGO,zsl,United Kingdom
XM-DAC-47080,OCDE,active,40,Multilateral,oecd,France
ZA-NPO-048-364,SouthSouthNorth,active,21,International NGO,ssn,South Africa
CH-FDJP-258577051,Humanitarian Quality Assurance Initiative (Initiative d’assurance qualité humanitaire),active,21,International NGO,hqai,Switzerland
GB-GOV-2,Trésor de sa Majesté,active,10,Government,hmtfitb,United Kingdom
NO-BRC-917687811,Coalition pour les innovations en matière de préparation aux épidémies,active,21,International NGO,cepi,Norway
GB-GOV-15,Royaume-Uni – Ministère du Commerce international,active,10,Government,dit,United Kingdom
GB-NIC-101412,Children in Crossfire,active,21,International NGO,cicni,United Kingdom
XM-OCHA-HPC3664,Jordan River Foundation,active,22,National NGO,jrf,Jordan
XM-OCHA-HPC6770,Centre du Roi Salman pour l’aide humanitaire et de secours,active,10,Government,ksrelief291,Saudi Arabia
MZ-MOJ-100717344,IMD Moçambique (Institut pour la démocratie multipartite au Mozambique),active,22,National NGO,imdmozambique,Mozambique
GB-CHC-1081769,Transform Africa,active,21,International NGO,transafrica19,United Kingdom
CH-FDJP-CHE107828868,,active,21,International NGO,swisscontact,Switzerland
CH-FDJP-CHE109947366,Fondation Hirondelle,active,21,International NGO,fh_ch,Switzerland
GB-CHC-1147298,One Young World,active,22,National NGO,oyw,United Kingdom
GB-EDU-133903,London School of Hygiene and Tropical Medicine (École d’hygiène et de médecine tropicale de Londres),active,80,"Academic, Training and Research",lshtm,United Kingdom
GB-GOV-12,"Royaume-Uni – Ministère du Numérique, de la Culture, des Médias et des Sports",active,10,Government,dcms,United Kingdom
GB-CHC-1117377,Village Water Ltd,active,21,International NGO,villagewater,United Kingdom
FR-RCS-31899089200065,Action contre la Faim,active,21,International NGO,acf-fr,France
US-EIN-27-3440108,,active,70,Private Sector,vera-solutions,United States
CA-CRA_ACR-107848319,Action Canada pour la santé et les droits sexuels,active,21,International NGO,acfshr,Canada
NP-IRD-302274734,CARE Népal,active,21,International NGO,cnepal,Nepal
US-EIN-13-1804349,World Education Inc.,active,80,"Academic, Training and Research",wei,United States
PK-VSWA-32-2004,Tameer-e-Khalaq Foundation (Foundation Tameer-e-Khalaq),active,22,National NGO,tkf1234,Pakistan
NP-IRD-302113730,"Adventist Development and Relief Agency, Nepal (Agence adventiste de développement et de secours au Népal)",active,21,International NGO,adra_nepal,Nepal
IT-CF-95008730160,Cesvi,active,21,International NGO,cesvi,Italy
GB-CHC-282305,Minority Rights Group (Groupe de défense des droits des minorités),active,21,International NGO,mrg,United Kingdom
XM-DAC-7-PPR-4000002894,,active,10,Government,iwrm,Mozambique
PE-SUNARP-11744379,Centro de Promocion y Defensa de los Derechos Sexuales y Reproductivos (Centre pour la promotion et la défense des droits sexuels et reproductifs),active,23,Regional NGO,promsex,Peru
XM-OCHA-HPC8568,CARE international au Soudan,active,21,International NGO,cis,Sudan
UG-RSB-80020001996190,,active,70,Private Sector,lpa,Uganda
RW-RGB-77-RGB-NGO-2013,Health Development Initiative (Initiative pour la promotion de la santé),active,22,National NGO,hdi,Rwanda
KE-RCO-105217,Kenya Private Sector Alliance (Alliance du secteur privé kényan),active,70,Private Sector,kepsa,Kenya
KE-KRA-P051098561L,KITUO CHA SHERIA,active,22,National NGO,kituo,Kenya
FR-RCS-83764263600018,Centre syrien pour les médias et la liberté d’expression,active,22,National NGO,scm,France
SS-RRC-004,Nonviolent Peaceforce,active,21,International NGO,npss,South Sudan
NL-KVK-31047672,Twynstra Gudde,active,70,Private Sector,twynstragudde,Netherlands
ID-KHH-AHU17AH0107,"Institute for Policy Research and Advocacy (Institut de recherche et de plaidoyer politique, ELSAM)",active,22,National NGO,elsam,Indonesia
GB-COH-00070527,,active,80,"Academic, Training and Research",lse,United Kingdom
GB-GOV-52,"Fonds pour les conflits, la stabilité et la sécurité",active,10,Government,cssf,United Kingdom
GB-GOV-50,Cross-Government Prosperity Fund,active,10,Government,prosperityfund,United Kingdom
GB-CHC-1174874,Royal Commonwealth Ex-Services League,active,21,International NGO,rcel,United Kingdom
CH-FDJP-CHE110141200,Drugs for Neglected Diseases initiative (Initiative Médicaments pour les maladies négligées),active,80,"Academic, Training and Research",dndi_transparency,Switzerland
RW-RRA-103197639,Collaboration Transfrontalière du Grand Virunga,active,10,Government,gvtc,Rwanda
NP-SWC-37725,South Asian Women Development Forum,active,80,"Academic, Training and Research",sawdf-admin,(No country assigned)
NP-SWC-46024,Accelerator Nepal,active,22,National NGO,acceleratornepal,Nepal
CA-CRA_ACR-869974816,Nutrition International,active,21,International NGO,nutritionintl,Canada
CH-FDJP-CHE-105181636,Centre pour le dialogue humanitaire (HD),active,60,Foundation,hdcentre,Switzerland
US-EIN-13-3870223,Initiative internationale du vaccin contre le sida (IAVI),active,21,International NGO,iavi,United States
KE-RCO-CPR/2011/63463,Partnership for African Social & Governance Research (PASGR),active,80,"Academic, Training and Research",pasgr,Kenya
NL-KVK-09181221,Resilience,active,80,"Academic, Training and Research",resilience,Netherlands
NL-KVK-41145371,École de gestion de Maastricht,active,60,Foundation,msm-ipd,Netherlands
BF-MATD-RNRD00045-4000004688,,active,22,National NGO,cdc_ohg,Burkina Faso
GB-COH-06274284,Carbon Trust Advisory Ltd,active,70,Private Sector,carbontrustadvisory,United Kingdom
IN-MHA-231660927,,active,22,National NGO,phfi,India
GB-COH-07171834,,active,70,Private Sector,taginternational,United Kingdom
GB-UKPRN-10007801,,active,80,"Academic, Training and Research",uop,United Kingdom
NA-NAMRA-04822224,,active,21,International NGO,pv,Namibia
ZA-CIP-2005-028883-23,Okapi Consulting,active,21,International NGO,okapiconsulting,South Africa
NL-KVK-34234456,Health Insurance Fund,active,21,International NGO,hif,Netherlands
GB-COH-OC350651,Montrose International LLP,active,80,"Academic, Training and Research",montrose_llp,(No country assigned)
GB-CHC-1013587,Chance for Childhood,active,21,International NGO,chanceforchildhood,United Kingdom
GB-COH-7207947,Principes pour l’investissement responsable,active,80,"Academic, Training and Research",pri_icf,United Kingdom
NO-BRC-980997278,Health Development Initiative,active,21,International NGO,idi,Norway
JO-MSD-2011101100001,Jordan Open Source Association,active,22,National NGO,josa,Jordan
US-EIN-53-0196584,,active,80,"Academic, Training and Research",gwu_gwi,United States
NL-KVK-30238214,Impunity Watch,active,21,International NGO,iw_admin,Netherlands
NG-CAC-83813,Neem Foundation,active,22,National NGO,neem,Nigeria
US-EIN-23-2220051,iDE,active,21,International NGO,ide,United States
FR-RCS-40885667200030,Triangle Génération Humanitaire,active,21,International NGO,tgh,France
AU-ABN-42097054165,Land Equity International,active,70,Private Sector,lei,Australia
GB-COH-RC000655,,active,80,"Academic, Training and Research",keele-university,United Kingdom
US-EIN-20-8530747,Results for Development,active,21,International NGO,r4d,United States
XM-DAC-50-21,,active,10,Government,aecid,Spain
ES-DIR3-EA0035768,Agence espagnole pour la coopération internationale au développement (AECID),withdrawn,10,Government,aecid,Spain
GH-DSW-3064,ActionAid Ghana,active,22,National NGO,aag,Ghana
NG-CAC-19258,Centre for Environment Human Rights and Development,active,21,International NGO,cehrd1,Nigeria
NL-KVK-53744993,World Benchmarking Alliance Foundation,active,60,Foundation,wba,Netherlands
XI-IATI-3435,,active,22,National NGO,sosss_admin,Sudan
CO-CCB-S0052181,transforma,active,22,National NGO,transforma,Colombia
YE-MSAL-80/295,Yamaan Foundation for Health and Social Development,active,22,National NGO,yffhsd,Yemen
GB-COH-02863827,ClientEarth,active,21,International NGO,clientearth-1,United Kingdom
CH-FDJP-CHE106823242,Fondation Terre des hommes – Aide à l’enfance dans le monde,active,21,International NGO,tdh_foundation,Switzerland
GB-SC-015096,Université de Dundee,active,80,"Academic, Training and Research",uodcepmlp,United Kingdom
ZW-ROD-MA0000405/2015,Young Africa International HUB,active,21,International NGO,yai-hub,Zimbabwe
XM-DAC-47021,Centre international de la pomme de terre (CIP),active,40,Multilateral,cip,Peru
ET-CSA-3994,Triggerise Éthiopie,active,21,International NGO,trig,Ethiopia
BD-NAB-0210,ActionAid Bangladesh,active,21,International NGO,aab,Bangladesh
US-EIN-45-2779314,Shift Project Ltd.,active,21,International NGO,shiftproject,United States
KE-KRA-P051155108P,Commission nationale kényane des droits de l’homme,active,10,Government,knchr,Kenya
GB-CHC-290767,World Jewish Relief,active,21,International NGO,wjr_001,United Kingdom
ET-CSA-0062,DKT Ethiopia,active,21,International NGO,dkt_ethiopia,Ethiopia
NL-KVK-40407706,Unie van Waterschappen,active,15,Other Public Sector,uvw,Netherlands
GB-COH-03147724,Mercy Ships UK Limited,active,21,International NGO,msuk,United Kingdom
US-EIN-94-3045180,Rainforest Action Network,active,21,International NGO,ran,United States
XI-GRID-grid.9783.5,Université de Kinshasa,active,80,"Academic, Training and Research",dspd_unikin,Congo (Democratic Republic of the)
GB-CHC-1106156,kidasha,active,21,International NGO,kidasha,United Kingdom
DE-CR-RA000209-VR1207,Vision du Monde Allemagne,active,21,International NGO,wv_de,Germany
ET-CSA-0784,Vision du Monde Éthiopie,active,21,International NGO,wv_et_activities,Ethiopia
IT-CF-00677540288,Médecins avec l’Afrique CUAMM,active,21,International NGO,cuamm,Italy
AT-UID-U74408937,Ground Truth Solutions,active,21,International NGO,ground-truth-solutions,Austria
XI-BRIDGE-3665722432,Forum africain d’administration fiscale (ATAF),active,21,International NGO,ataf,South Africa
GB-CHC-1123241,Peace Direct,active,21,International NGO,peacedirect,(No country assigned)
XI-GRID-grid.8193.3,Université de Dar es Salam,active,80,"Academic, Training and Research",udsm-cbs,"Tanzania, United Republic of"
XM-DAC-30009,Small Arms Survey,active,80,"Academic, Training and Research",sas_sana,Switzerland
ET-CSA-0475,Family Guidance Association of Ethiopia,active,22,National NGO,fgae_ethiopia,Ethiopia
XM-DAC-576,Émirats arabes unis – Ministère des Affaires étrangères et de la Coopération internationale,active,10,Government,mofaic_uae,United Arab Emirates
KE-NCB-2180511304359047,Population Services Kenya,active,22,National NGO,pskenya_19,Kenya
KE-NCB-2180511403539790,Faith to Action Network,active,21,International NGO,f2a,Kenya
UG-NGO-3329,Institut d’Auschwitz pour la prévention du génocide et des atrocités de masse,active,80,"Academic, Training and Research",aipr,Uganda
KE-NCB-218051200501953650,Healthright International-Kenya,active,22,National NGO,hri,Kenya
CN-SAIC-9111010506489375XP,Carbon Trust (Beijing) Consulting Limited,active,70,Private Sector,ctbeijing,China
GB-COH-OC364842,,active,70,Private Sector,mcs_new,United Kingdom
LB-MOI-6491,Restart Center,active,22,National NGO,restartcenter,Lebanon
GB-CHC-297716,Business in the Community,active,21,International NGO,bitc,United Kingdom
GB-CHC-1141552,Balloon Ventures Foundation,active,21,International NGO,bvf,United Kingdom
ZA-CIP-2007-0308903-08,African Parks,active,21,International NGO,african_parks,South Africa
GB-COH-06581421,Institut pour le Dialogue Stratégique (IDS),active,80,"Academic, Training and Research",isdglobal,United Kingdom
ML-NIF-055000335T,Near East Foundation Mali,active,21,International NGO,nef_mali,Mali
NL-KVK-41186799,Women Engage for a Common Future (WECF),active,21,International NGO,wecf,Netherlands
US-EIN-52-5170039,International Crisis Group,active,21,International NGO,crisisgroup,Belgium
FR-RCS-49962201700014,Bibliothèques Sans Frontières,active,21,International NGO,bsf1,France
SE-ON-802425-8702,Institut international de l’eau de Stockholm,active,21,International NGO,siwi,Sweden
GH-RGD-CG077262013,Nature and Development Foundation (Fondation pour la Nature et le Développement),active,22,National NGO,ndf_fgm,Ghana
BD-NAB-2004,"Centre for Injury Prevention and Research, Bangladesh",active,22,National NGO,ciprb,Bangladesh
XI-IATI-RUF,,active,60,Foundation,ruf,Netherlands
XM-DAC-40-3,,active,10,Government,greece_mfa,Greece
XI-BRIDGE-1812689272,École de Santé publique Mailman de l’Université Columbia,active,80,"Academic, Training and Research",mailman_school_of_public_health,United States
US-EIN-04-2103547,Université de Boston,active,80,"Academic, Training and Research",bu-carbx-admin,United States
LB-MOI-110,Fondation René Moawad,active,22,National NGO,rmf-lb,Lebanon
GB-CHC-1173827,Accountable Now,active,21,International NGO,accountablenow,United Kingdom
NL-KVK-30157019,Larive International,active,70,Private Sector,larive,Netherlands
NG-CAC-57289,Environmental Centre for Oil Spills and Gas Flaring (NACGOND),active,22,National NGO,nacgond-,Nigeria
US-GOV-13,,active,10,Government,usadf,United States
US-GOV-13-ADF,,withdrawn,10,Government,usadf,United States
FR-RCS-519655997,Handicap International,active,21,International NGO,hi_fed,France
US-EIN-82-3941326,Luminate Foundation Inc.,active,60,Foundation,luminate,United States
US-EIN-98-0513530,Alliance pour une révolution verte en Afrique,active,21,International NGO,agra,United States
GB-COH-08567792,Behavioural Insights Team,active,70,Private Sector,bit,United Kingdom
NP-SWC-24,Nepal Netra Jyoti Sangh,active,22,National NGO,nnjs_nepal,Nepal
KE-KRA-P051161193S,Trust for Indigenous Culture and Health,active,21,International NGO,ticah,Kenya
CO-RUE-830140714-1,Brujula Comunicaciones Estrategicas SAS,active,70,Private Sector,brujula,Colombia
XI-GRID-grid.11194.3c,École de santé publique de l’université Makerere,active,80,"Academic, Training and Research",maksph,Uganda
UG-NGB-12317,Reach A Hand Uganda,active,22,National NGO,rahuug,Uganda
GB-COH-08567552,UN Global Compact Local Network UK (Pacte mondial des Nations Unies – réseau local au Royaume-Uni),active,40,Multilateral,ungc-uk,United Kingdom
NL-KVK-815165924,STC International,active,80,"Academic, Training and Research",stc-international,Netherlands
NP-SWC-17775,"The Leprosy Mission, Népal",active,22,National NGO,tlmnepal,Nepal
LB-MOI-25465,Fiftyfifty,active,22,National NGO,fiftyfifty-lb,Lebanon
GB-CHC-1172875,Play Action International,active,21,International NGO,eap,United Kingdom
XM-DAC-41130,Office de secours et de travaux des Nations Unies pour les réfugiés de Palestine dans le Proche-Orient (UNRWA),active,40,Multilateral,unrwa,(No country assigned)
BD-NAB-0918,Centre for Policy Dialogue,active,22,National NGO,cpd,Bangladesh
KE-KRA-P000634725S,Réseau de développement et de communication des femmes africaines (FEMNET),active,23,Regional NGO,femnet,Kenya
UG-NGO-2292,,active,21,International NGO,wipc,Uganda
US-EIN-37-1552838,GSMA Foundation,active,60,Foundation,gsma_foundation,United States
CH-FDJP-CHE296622304,Initiative mondiale contre la criminalité transnationale organisée,active,15,Other Public Sector,gi-toc,Switzerland
BE-BCE_KBO-0434417468,Codéart,active,22,National NGO,codeart,Belgium
LB-MOI-1-100,Al Majmoua,active,22,National NGO,al_majmoua,Lebanon
XI-IATI-ESFD,Economic and Social Fund for Development (Fonds de développement économique et social),active,10,Government,esfd,Lebanon
XI-IATI-DKTDRC,,active,22,National NGO,dkt_drc,Congo (Democratic Republic of the)
JO-CCD-200104681,Leaders of Tomorrow,active,70,Private Sector,sqf,Jordan
AE-HFZA-1526,Altai Consulting,active,70,Private Sector,altai,United Arab Emirates
CA-CRA_ACR-811793611,Grands Défis Canada,active,22,National NGO,hgc,Canada
NP-CRO-83836,,withdrawn,15,Other Public Sector,7272,(No country assigned)
YE-MSAL-473-2001,Family Counseling and Development Foundation,active,22,National NGO,fcdf,Yemen
ET-CSA-1327,,active,22,National NGO,jfa-pfe,Ethiopia
CH-FDJP-CHE331930936,Partenariat mondial sur la recherche-développement en matière d’antibiotiques (GARDP),active,30,Public Private Partnership,gardp,Switzerland
US-EIN-47-5049026,Alliance internationale des jeunes pour la planification familiale,active,21,International NGO,iyafp,United States
UG-NGB-1277,Forum for Women in Democracy,active,22,National NGO,fowode,Uganda
RW-RGB-114-RGB-RGO-2013,The Legal Aid Forum,active,22,National NGO,laf,Rwanda
AE-ADCD-64747,,withdrawn,21,International NGO,72728,(No country assigned)
NL-KVK-30114696,Palladium Europe,active,70,Private Sector,palladium_eur,Netherlands
NL-KVK-50744984,BoP Innovation Center,active,60,Foundation,bopinc,Netherlands
CO-RUE-900619925-0,,active,70,Private Sector,awaketravel,Colombia
YE-MSAL-18-2013,Mwatana for Human Rights,active,22,National NGO,mwatana,Yemen
GB-CHC-1122330,CDP Worldwide,active,21,International NGO,cdp,United Kingdom
GB-COH-RC000541,,active,80,"Academic, Training and Research",soas,United Kingdom
NL-KVK-41169658,Fern,active,21,International NGO,stichtingfern,Netherlands
GB-CHC-1154413,,active,21,International NGO,cbi,(No country assigned)
FI-PRO-0998454-4,Finn Church Aid (Kirkon Ulkomaanapu sr),active,21,International NGO,fca,Finland
GB-COH-06069322,Development Media International,active,21,International NGO,dmi_admin,United Kingdom
US-EIN-47-3511012,"Association SDSN, Inc.",active,21,International NGO,sdsna,United States
BE-BCEKB0-0537407021,,active,22,National NGO,wapa,Belgium
XI-GRID-grid.7247.6,Université des Andes (Colombie),active,80,"Academic, Training and Research",uand_2020,Colombia
NL-KVK-74064800,Programming Their Future,active,80,"Academic, Training and Research",p-t-f-,Netherlands
US-EIN-13-1740011,Wildlife Conservation Society (Société pour la conservation de la vie sauvage),active,21,International NGO,wcs,United States
NL-KVK-27186453,Netherlands Water Partnership,active,60,Foundation,nwp,Netherlands
GB-COH-02962250,Forum des gouvernements locaux du Commonwealth,active,21,International NGO,clgf_data,United Kingdom
NL-KVK-64460789,Coöperatief Climate Fund Managers U.A.,active,70,Private Sector,cfm,Netherlands
CH-FDJP-CHE251665168,Earthworm Foundation,active,21,International NGO,ewf,Switzerland
GB-CHC-1082139,Fondation Thomson Reuters,active,60,Foundation,trf,United Kingdom
GB-LAE-LND,Corporation de la Cité de Londres,active,15,Other Public Sector,col-greenfinance,United Kingdom
GB-CHC-1160263,WasteAid UK,active,21,International NGO,wasteaid,United Kingdom
GB-COH-RC000660,Université de Liverpool,active,80,"Academic, Training and Research",uol,United Kingdom
MU-CR-C134274,Shortlist Professionals Limited,active,70,Private Sector,shortlistogti,Mauritius
GB-CHC-1187935,International Campaign for Women's Right to Safe Abortion,active,22,National NGO,icwrsa,United Kingdom
GB-CHC-208223,Royal Institute of International Affairs (Institut Royal des Relations Internationales à Londres),active,80,"Academic, Training and Research",riia,United Kingdom
DE-CR-RA000220-VR9971,Center for Applied Research in Partnership with the Orient (CARPO),active,21,International NGO,carpo,Germany
GB-CHC-1150964,inHive,active,21,International NGO,inhive,United Kingdom
BE-BCE-KBO-0461977940,,active,22,National NGO,fdhommes,Belgium
GB-COH-11116719,,active,70,Private Sector,brink_innovation,United Kingdom
GB-CHC-1079752,RedR Royaume-Uni,active,21,International NGO,redruk,United Kingdom
XI-IATI-WBTF,Fonds fiduciaires de la Banque mondiale,active,40,Multilateral,wbtf,United States
GB-COH-11373728,Cowater UK Limited,active,70,Private Sector,cowateruk,United Kingdom
ZA-CIP-M2005001486,Sexual Reproductive Health and Rights Africa Trust,active,23,Regional NGO,srhr_africa_trust,South Africa
US-EIN-61-1725201,"Field Ready, États-Unis",active,21,International NGO,field_ready,United States
GB-UKPRN-10007141,Université du Central Lancashire,active,80,"Academic, Training and Research",uclan,United Kingdom
ML-NIF-084106436R,Conseil et Appui pour l’Éducation à la Base Mali,active,22,National NGO,caeb_mali,Mali
XM-OCHA-7482,Vision du monde République centrafricaine,active,21,International NGO,wv_cf,Central African Republic
GB-COH-07840888,MedicineAfrica Ltd.,active,80,"Academic, Training and Research",medafrica,United Kingdom
CA_ON-ONT-1597880,CANADEM,active,21,International NGO,canadem,Canada
ET-CSA-1351,Ethiopian Public Health Association,active,15,Other Public Sector,epha,Ethiopia
NL-KVK-68758766,CAPABUILD,active,21,International NGO,capabui,Netherlands
NL-KVK-72908114,The AGRI3 Fund,active,30,Public Private Partnership,agri3_fund,Netherlands
NL-KVK-729081140000,The AGRI3 Fund,withdrawn,30,Public Private Partnership,,Netherlands
YE-MSAL-49-M-2019,Centre d’études stratégiques Sana'a,active,22,National NGO,scss,Yemen
XI-IATI-BBDN,Bangladesh Business and Disability Network (Réseau des entreprises et d’organisation de personnes handicapées du Bangladesh),active,22,National NGO,bbdn,Bangladesh
GB-UKPRN-10007164,"Université de l’Ouest de l’Angleterre, Bristol",active,80,"Academic, Training and Research",uwe,United Kingdom
MX-RFC-ICM160118IZ1,Iniciativa Climatica de Mexico,active,22,National NGO,icm_mx,Mexico
XM-DAC-7-PPR-4000002938,Partenariat mondial de l’eau,active,21,International NGO,gwp,Sweden
JO-CCD-200006694,"Entiqal for Training ""Partners for Good""",active,22,National NGO,pfg,Jordan
XI-IATI-WVDRC,Vision du monde République démocratique du Congo,active,21,International NGO,wv_cd,Congo (Democratic Republic of the)
ID-KHH-5018112631240040,NLR Indonesia,active,22,National NGO,nlr_indonesia,Indonesia
GB-CHC-1076722,TRAFFIC International,active,80,"Academic, Training and Research",traffic,United Kingdom
US-EIN-81-2339233,Youth Development Labs Inc,active,21,International NGO,ylabs,United States
AM-SRALE-222.160.00823,Eurasia Partnership Foundation,active,60,Foundation,epf,Armenia
US-EIN-83-3580499,,active,21,International NGO,orraa_inc,United States
GB-CHC-1177110,Elrha,active,21,International NGO,elrha,United Kingdom
GB-CHC-206504,International Institute for Strategic Studies (Institut international d’études stratégiques),active,80,"Academic, Training and Research",iiss,United Kingdom
XI-GRID-grid.8652.9,,active,80,"Academic, Training and Research",ugorid,Ghana
NL-KVK-30114598,Rabo Partnerships,active,70,Private Sector,rabo_partnerships,Netherlands
IE-CHY-20041069,Ethiopiaid Irlande,active,21,International NGO,ethiopiaidireland,Ireland
GB-GOV-1,"Royaume-Uni – Ministère des Affaires étrangères, du Commonwealth et du Développement",active,10,Government,fcdo,United Kingdom
XM-OCHA-HPC9829,IMPACT Initiatives,active,21,International NGO,impact_initiatives,Switzerland
US-EIN-82-0644678,Synergía – Initiatives for Human Rights,active,21,International NGO,synergiaihr,United States
GB-COH-11594545,McKinsey Development Partners,active,70,Private Sector,mdp,United Kingdom
XI-GRID-grid.7836.a,Université du Cap,active,80,"Academic, Training and Research",uct,South Africa
XI-IATI-KHF,Fondation du Roi Hussein,active,22,National NGO,khf,Jordan
GB-COH-04465125,"Imperial College of Science, Technology and Medicine (Collège impérial des sciences, de la technologie et de la médecine)",active,80,"Academic, Training and Research",imperial,United Kingdom
GB-CHC-1158838,The Freedom Fund,active,21,International NGO,tff,United Kingdom
CA-CRA_ACR-119075091,Oxfam-Québec,active,21,International NGO,oqc,Canada
GB-CHC-1175658,The global steering group for impact investment,active,21,International NGO,gsg,United Kingdom
ID-KHH-6014052331100057,Kemitraan Bagi Pembaruan Tata Pemerintahan,active,22,National NGO,kemitraan,Indonesia
MX-RFC-SLP1412039F3,Soluciones en Legislación y Política Ambiental AC,active,22,National NGO,polea,Mexico
GB-CHC-1166956,UK-Med,active,21,International NGO,uk-med,United Kingdom
JO-CCD-45293,Sowt podcasting and training L.L.C,active,70,Private Sector,sowt,Jordan
BD-NAB-2686,Bangladesh Youth Leadership Center (Centre du leadership de la jeunesse du Bangladesh),active,22,National NGO,bylc,Bangladesh
US-EIN-27-3166994,Global Impact Investing Network,active,22,National NGO,giin,United States
MX-RFC-IIN920701G55,IDOM INGENIERIA,active,70,Private Sector,idom_mx,Mexico
ID-DJP-312529852906000,Asia Justice and Rights (Justice et droits en Asie),active,23,Regional NGO,ajar,Indonesia
CH-FDJP-CHE105829963,Solidar Suisse,active,21,International NGO,solidarsuisse,Switzerland
GB-UKPRN-10007790,Université d’Édimbourg,active,80,"Academic, Training and Research",uoe,United Kingdom
KE-KRA-P051335339D,African Institute For Development Policy (Institut africain pour les politiques de développement),active,21,International NGO,afidep,Kenya
JO-CCD-200167994,,active,21,International NGO,lifed_admin,Jordan
NL-KVK-27363950,Sociaal-Economische Raad (Conseil économique et social),active,15,Other Public Sector,ser,Netherlands
KE-KRA-P051172537S,,active,15,Other Public Sector,fsdk,Kenya
GB-COH-10516061,Cobra Collective CIC,active,21,International NGO,cobracollective,United Kingdom
GB-GOR-OT1175,Agence de coopération étrangère de l’Irlande du Nord,active,15,Other Public Sector,nico,United Kingdom
AT-ZVR-315688676,,active,21,International NGO,lftw-int,Austria
XI-GRID-grid.473464.6,Water & Land Resource Center – Université d’Addis Abeba,active,80,"Academic, Training and Research",wlrc_aau,Ethiopia
NG-CAC-30547,Paradigme Initiative,active,21,International NGO,paradigm,Nigeria
JO-MSD-200159274,JoWomenomics,active,22,National NGO,jowomenomics,Jordan
NL-KVK-09108013,Advance Consulting,active,70,Private Sector,ac1999,Netherlands
XI-GRID-grid.11835.3e,Université de Sheffield,active,80,"Academic, Training and Research",tuos,United Kingdom
XM-DAC-47015,Groupe consultatif pour la recherche agricole internationale (CGIAR),active,80,"Academic, Training and Research",cgiar,France
UG-RSB-197310,Financial Sector Deepening Uganda,active,22,National NGO,fsduganda,Uganda
NL-KVK-41192276,Stichting Wilde Ganzen/ IKON,active,22,National NGO,nl_wg,Netherlands
ZM-PCR-12015013762,Prospero Limited,active,22,National NGO,prospero,Zambia
GB-COH-RC000679,Université d’York,active,80,"Academic, Training and Research",uoy,United Kingdom
ZA-NPO-081-788,,active,21,International NGO,sustainable_livelihoods_foundation,South Africa
XM-DAC-41149,Bureau de la coordination des activités de développement,active,15,Other Public Sector,undco,United States
GB-COH-02871809,Global Witness,active,21,International NGO,globalwitness,United Kingdom
GB-CHC-1175791,Global Anaesthesia Development Partnerships,active,80,"Academic, Training and Research",gadp,United Kingdom
US-EIN-042103594,Abdul Latif Jameel Poverty Action Lab à l’Institut de technologie du Massachusetts (MIT),active,80,"Academic, Training and Research",jpal,United States
MW-RG-1011251,Wala Ltd,active,70,Private Sector,walaltd,Malawi
US-EIN-83-1236759,,active,70,Private Sector,neopenda,United States
US-EIN-53-0235320,Kadaster International,active,21,International NGO,pathfinder1,United States
BI-NIF-4000742330,AUXFIN Burundi,active,70,Private Sector,auxfinbi,Burundi
MZ-MOJ100094525,Micaia Foundation,active,22,National NGO,micfound,Mozambique
MY-SSM-1172311D,Forever Sabah,active,22,National NGO,fs,Malaysia
UA-EDR-9795443,Centre pour la planification économique d’Ukraine,active,22,National NGO,ces-ua,Ukraine
FR-INSEE-31827645800037,"Association de solidarité internationale, Agriculteurs français et développement international (Afdi) France",active,15,Other Public Sector,afdi-fr,France
GB-CHC-1017336,Elton John AIDS Foundation (Fondation Elton John pour la lutte contre le sida),active,60,Foundation,ejaf,United Kingdom
CA_AB-ABT-203435797,Alinea International Ltd.,active,70,Private Sector,alineainternational_2020,Canada
GB-CHC-1188731,Sustainable Hospitality Alliance,active,21,International NGO,sha,United Kingdom
BR-CNPJ-14.563.354/0001-50,Instituto BVRio,active,21,International NGO,bvrio,Brazil
NL-KVK-861193660,OurLoop Stitchting,active,60,Foundation,loop,Netherlands
GB-CHC-1137523,The Proforest Initiative UK,active,80,"Academic, Training and Research",pi-uk,United Kingdom
US-EIN-13-1623838,EngenderHealth,active,21,International NGO,ehorg,United States
US-EIN-843236198,Corus International,active,21,International NGO,corus,United States
US-EIN-52-2135531,Forest Trends Association,active,21,International NGO,forest-trends,United States
GB-CHC-1074857,Conseil des Archevêques de l’Église d’Angleterre,active,80,"Academic, Training and Research",coe-abc,United Kingdom
GB-COH-02515034,Timber Trade Federation Ltd.,active,70,Private Sector,ttf,United Kingdom
US-EIN-38-2846307,Mercy-USA for Aid and Development,active,21,International NGO,mercy-usa,United States
US-EIN-13-4052259,Media Development Investment Fund (Fonds d’investissement pour le développement des médias),active,21,International NGO,mdif,United States
KE-RCO-PLC-MYSMV2,,active,70,Private Sector,eabx,Kenya
GB-CHC-1144091,,active,15,Other Public Sector,nesta,United Kingdom
GB-NIC-073343,Fonds mondial pour les fondations communautaires,active,60,Foundation,gfcf,United Kingdom
GB-CHC-1123384,Foundation for Social Improvement,active,80,"Academic, Training and Research",the_fsi,United Kingdom
ES-NIF-G02766913,Fields Data,withdrawn,21,International NGO,fd-es,Spain
ES-NIF-G79408852,Médecins du Monde,active,21,International NGO,mdm_spain,Spain
BE-BCE_KBO-0464147473,Laïcité et Humanisme en Afrique Centrale (LHAC),active,22,National NGO,lhac,Belgium
KE-RCO-CPR-2010-28036,Open Capital Advisors,active,70,Private Sector,oca,Kenya
GB-COH-RC000652,,active,80,"Academic, Training and Research",university_of_essex,United Kingdom
GE-RS-406061513,,active,22,National NGO,cpd_2021,Georgia
US-EIN-30-0805768,,active,21,International NGO,tffus,United States
ZA-NPO-053-456,,active,22,National NGO,cegaa,South Africa
KE-NCB-OP-218-051-9994-1329,,active,22,National NGO,creawkenya,Kenya
NP-CRO-1158-065-066,Kathmandu Medical College Public Limited,active,80,"Academic, Training and Research",kmc,Nepal
ZA-CIT-9415005603,Université de Stellenbosch,active,80,"Academic, Training and Research",su-impala,South Africa
GB-COH-RC000668,,active,80,"Academic, Training and Research",soton,United Kingdom
NG-CAC-37051,,active,22,National NGO,dsfn,Nigeria
GB-CHC-1173320,South West International Development Network,active,80,"Academic, Training and Research",swidn,United Kingdom
GB-HESA-10004113,Université de Loughborough,active,80,"Academic, Training and Research",lboro,United Kingdom
CA-CC-13474046,,active,22,National NGO,transparently_lebanese,Canada
CH-FDJP-106756410,,active,21,International NGO,world_ywca,Switzerland
CH-660-0294975-4,Association mondiale des jeunes femmes chrétiennes,withdrawn,21,International NGO,world_ywca,Switzerland
NP-IRD-301131441,,active,21,International NGO,aain,Nepal
SN-NINEA-004487121,,active,21,International NGO,awa_sn,Senegal
KE-NCB-218051981161116,Equality Now,active,21,International NGO,e_n,Kenya
UG-NGO-1317,,active,23,Regional NGO,siharegional,Uganda
GH-RGD-CG001532017,PPAG,active,22,National NGO,ppag_123,Ghana
NL-KVK-69759103,,active,70,Private Sector,laterite_bv,Netherlands
XM-OCHA-585,,active,40,Multilateral,icmpd,Austria
NL-KVK-27293917,The Hague Academy for Local Governance (Académie de La Haye pour la gouvernance locale),active,80,"Academic, Training and Research",tha,Netherlands
IT-CF-80017510225,,active,22,National NGO,sosvdb_italia,Italy
KE-NCB-218-051-9263-33,Association des jeunes femmes chrétiennes du Kenya,active,22,National NGO,ywcakenya,Kenya
SS-RRC-342,Association des jeunes femmes chrétiennes du Soudan (YWCA SS),active,22,National NGO,ywcass,South Sudan
NL-KVK-74983393,IDH Investment Management B.V.,active,70,Private Sector,idh_im,Netherlands
UG-RSB-229709,Mango Tree Property Management LTD,active,70,Private Sector,mangotree,Uganda
NL-KVK-41039028,"Stichting Leprazending Nederland – The Leprosy Mission, Pays-Bas",active,60,Foundation,leprazending-tlm-nl,Netherlands
XI-IATI-SPR,,active,23,Regional NGO,spr,Congo (Democratic Republic of the)
SS-RRC-465,Assistance Mission for Africa,active,22,National NGO,ama-south-sudan,South Sudan
UG-NGO-3580,,active,21,International NGO,amwa,Uganda
JO-CCD-200178924,,active,21,International NGO,ktk,Jordan
ID-KHH-AHU-0013363.AH.01.04,,active,22,National NGO,pekka_21,Indonesia
NG-CAC-IT-NO96562,Olamma Cares Foundation,active,22,National NGO,olammacares,Nigeria
SS-RRC-405,Eve Organization for Women Development (Organisation Eve pour le développement des femmes),active,22,National NGO,eveowd,South Sudan
DE-CR-RA000220-HRB7745,Forschungsinstitut zur Zukunft der Arbeit GmbH (IZA),active,80,"Academic, Training and Research",iza,Germany
CA_ON-ONT-1783682,,active,21,International NGO,genderatwork,Canada
NL-KVK-74799525,Legal Action Worldwide,active,21,International NGO,law,Netherlands
ZA-NPO-189357,,active,22,National NGO,sisonke,South Africa
UG-204CBO-JJA02202000348,,active,23,Regional NGO,jidu2021,Uganda
GB-COH-RC000721,London Business School,active,80,"Academic, Training and Research",lbs,United Kingdom
IN-MHA-083930147,,withdrawn,80,"Academic, Training and Research",kemhrc,India
XI-GRID-grid.10347.31,,active,80,"Academic, Training and Research",rmc_um,Malaysia
XI-GRID-grid.11142.37,,active,80,"Academic, Training and Research",upm,Malaysia
PS-MOI-QR-1420-C,,active,22,National NGO,ywca,"Palestine, State of"
EG-MOSS-3959350,,active,22,National NGO,imc-2021,Egypt
US-EIN-13-3615533,,active,80,"Academic, Training and Research",educomm,United States
BD-ROC-C-107131,Light Castle Partners,active,70,Private Sector,lcp,Bangladesh
US-EIN-522042014,GoodWeave International,active,21,International NGO,goodweave_intl,United States
TH-TIN-0993000190092,Coalition asiatique pour les droits au logement,active,23,Regional NGO,achr,Thailand
GB-COH-OC359103,,active,70,Private Sector,bcg,United Kingdom
JO-CCD-58307,,active,70,Private Sector,7iberdotcom,Jordan
KE-NCB-WDCBO542010192,Women Challenged to Challenge,active,22,National NGO,wctc,Kenya
UG-NGO-S59143785,,active,22,National NGO,nuwodu,Uganda
ET-CSA-1128,,active,22,National NGO,ewla,Ethiopia
et-CSA-0444,,active,22,National NGO,ewdna2025,Ethiopia
NL-KVK-83517626,,active,70,Private Sector,investinternational,Netherlands
NL-KVK-77583442,,active,10,Government,ti_nl,Netherlands
XM-OCHA-4438,,active,80,"Academic, Training and Research",icddrb,Bangladesh
GB-COH-10959095,,active,80,"Academic, Training and Research",thefaradayinstitution,United Kingdom
HK-CR-2288921,,active,70,Private Sector,elevatelimited,Hong Kong
NL-KVK-80547745,,active,60,Foundation,traide_foundation,Netherlands
MZ-NUIT-700089584,,active,22,National NGO,cesc,Mozambique
US-EIN-04-3309296,,active,22,National NGO,pilpg,United States
MY-SSM-1162174T,,active,21,International NGO,musawah,Malaysia
ZA-NPO-213-268,,active,22,National NGO,sanpud,South Africa
US-EIN-74-2244146,,active,21,International NGO,rmi,United States
GH-RGD-CG200980721,,active,21,International NGO,isdao,Ghana
IN-MHA-094421114,,active,80,"Academic, Training and Research",itforchange,India
XM-DAC-46012,,active,40,Multilateral,idbinvest,United States
TZ-NNCB-INGOR2000123,,active,21,International NGO,apn,"Tanzania, United Republic of"
PA-PRP-5789,,active,60,Foundation,fundacionavina,Panama
BR-CNPJ-26990192000114,,active,21,International NGO,wwfbr,Brazil
UG-NGO-3690,,withdrawn,21,International NGO,rv-ww2,Uganda
GH-DSW-7992,,active,22,National NGO,assn,Ghana
XM-DAC-46025,,active,40,Multilateral,isdb,Saudi Arabia
ID-DJP-018321174017000,,active,21,International NGO,wwf_id,Indonesia
TN-RNE-1540791FPN000,,active,21,International NGO,wwfna,Tunisia
PH-SEC-CN200340507,,active,23,Regional NGO,samdhana_institute,Philippines
PK-NTN-1433899-8,,active,22,National NGO,pill,Pakistan
ZM-PCR-10102712014,,active,21,International NGO,wwfzambia,Zambia
KE-KRA-P051326872M,,active,22,National NGO,sdi-k,Kenya
ID-DJP-023047012526000,,active,22,National NGO,bwi,Indonesia
GB-CHC-1102909,,active,21,International NGO,climate-group,United Kingdom
BR-CNPJ-09294138-0001-15,,active,70,Private Sector,agroicone,Brazil
GH-DSW-1334,,active,23,Regional NGO,wanep,Ghana
NG-CAC-11660,,active,22,National NGO,crerd_ng,Nigeria
KE-NCB-OP2180511619410357,,active,22,National NGO,wwf-kenya,Kenya
PH-SEC-CN200324943,,active,23,Regional NGO,ntfp-ep,Philippines
CO-RUE-8300033586,,active,23,Regional NGO,gaia,Colombia
BF-MATD-2407,,active,22,National NGO,spong-burkina,Burkina Faso
GH-RGD-CG159432015,,active,22,National NGO,gnbcc,Ghana
LR-MFDPNGO-0961,,active,23,Regional NGO,sdi,Liberia
MY-SSM-199601006465,,active,21,International NGO,iwrawasiapacific,Malaysia
US-EIN-83-3732786,,active,21,International NGO,agwa,United States
IN-MHA-1070-99-2000,,active,22,National NGO,cividep,India
KE-NCB-218051200602584403,,active,22,National NGO,ad,Kenya
BJ-IFU-6201500233008,,active,22,National NGO,pascib_benin,Benin
ML-MAT-028-MAT-DNIC-DAG,,active,22,National NGO,seco-ong-mali,Mali
XI-GRID-grid4157124,,active,80,"Academic, Training and Research",iop-rmu,Pakistan
XM-DAC-46021,,active,40,Multilateral,boadiita,Togo
YE-MSAL-288-2013,,active,22,National NGO,ywbod,Yemen
SG-ACRA-201507403G,,active,23,Regional NGO,growasia,Singapore
US-EIN-20-3074517,,active,21,International NGO,trustafrica,United States
PK-SEC-0108318,,active,22,National NGO,tfp,Pakistan
ZA-CIP-2021-421804-08,,active,21,International NGO,sdi-int,South Africa
BD-ROC-C-104266,,active,70,Private Sector,redorange,Bangladesh
ZA-NPO-155-669,,active,23,Regional NGO,pai155669,South Africa
ET-CSA-1424,,active,22,National NGO,corha,Ethiopia
KE-RCO-155081,,active,21,International NGO,fsdafrica,Kenya
BI-NIF-4001055070,,active,22,National NGO,j2022,Burundi
AF-MOE-611,,active,22,National NGO,tlo,Afghanistan
PY-RUC-80025907-6,,active,21,International NGO,wwf-py,Paraguay
TN-RNE-1027578P,,active,22,National NGO,cemi,Tunisia
SN-NINEA-21516110A0,,active,22,National NGO,gorin,Netherlands
NL-KVK-54749484,,active,21,International NGO,fc-f,Netherlands
PS-MOI-RA279C,,active,22,National NGO,pwwsd_2022,"Palestine, State of"
LB-MOI-30-ED,,active,22,National NGO,skf,Lebanon
TH-MOI-KhorThor2882,,active,23,Regional NGO,ilgaasia,Thailand
BI-NIF-4000450306,,active,22,National NGO,bltp,Burundi
FI-PRO3087706-5,,active,70,Private Sector,riverrecycle,Finland
LB-MOI-3567,,active,22,National NGO,crtda,Lebanon
JO-MSD-19700011100010,,active,22,National NGO,awo2022,Jordan
MM-MHA-0295,,active,22,National NGO,gen,Netherlands
CO-RUE-830053223,,active,22,National NGO,limpal-colombia,Colombia
GB-GOV-11,,active,10,Government,cbu_hmrc,United Kingdom
MY-SSM-256530H,,active,23,Regional NGO,my-ssm,Malaysia
RW-RGB-020-17,,active,22,National NGO,profemmes,Rwanda
CO-RUES-800121811,,active,22,National NGO,codacop,Colombia
DK-CVR-42047007,,active,80,"Academic, Training and Research",icars,Denmark
SS-RRC-140,,active,21,International NGO,avsi-ssd,South Sudan
DK-CVR-25825012,,active,21,International NGO,sosdk,Denmark
US-EIN-81-2108637,,active,21,International NGO,dalbergcatalyst,United States
BJ-IFU-6201810257535,,active,22,National NGO,abms,Benin
BF-MATD-N00000408001,,active,22,National NGO,sosjd6,Burkina Faso
US-EIN-061805406,,active,21,International NGO,hc2022,United States
CH-FDJP-CHE10092705,,active,21,International NGO,wilpf_22,Switzerland
ID-DJP-030079198015000,,active,22,National NGO,pattiro,Indonesia
NL-KVK-41226182,,active,22,National NGO,hfhnl,Netherlands
US-GOV-11,,active,10,Government,state,United States
US-GOV-32,,active,10,Government,epa,United States
US-GOV-16,,active,10,Government,doc,United States
US-GOV-12,,active,10,Government,ustda,United States
US-GOV-2,,active,10,Government,usda,United States
US-GOV-10,,active,10,Government,peace,United States
US-GOV-21,,active,10,Government,iaf,United States
US-GOV-26,,active,10,Government,dot,United States
US-GOV-14,,active,10,Government,hhs,United States
US-GOV-15,,active,10,Government,doj,United States
IN-MCA-U74999MH2015PTC264094,,active,70,Private Sector,ddsolar,India
US-GOV-9,,active,10,Government,doi,United States
US-GOV-7,,active,10,Government,dod,United States
US-GOV-20,,active,10,Government,doe,United States
US-GOV-19,,active,10,Government,dhs,United States
XM-OCHA-HP3664,,active,22,National NGO,jrf_2022,Jordan
US-EIN-83-2847769,,active,70,Private Sector,60db,United States
ci-moi-474-mis-dgat-dag-sdva,,active,22,National NGO,csci_benkadi,Côte D'Ivoire
SS-RRC-652,,active,22,National NGO,siha-southsudan,South Sudan
ID-KHH-01060014412,,active,22,National NGO,tifa_foundation,Indonesia
061660068,,active,21,International NGO,ipa_,United States
TZ-NNCB-00NGO-R2-00056,,active,22,National NGO,wajibu,"Tanzania, United Republic of"
NP-SWC-19781,,active,22,National NGO,infnepal,Nepal
NL-KVK-40539494,,active,21,International NGO,mdmnl,Netherlands
US-EIN-84-3344516,,active,21,International NGO,aceliafrica,United States
NL-KVK-76050475,,active,21,International NGO,gca,Netherlands
GB-CHC-1187721,,active,21,International NGO,uws,United Kingdom
ID-KHH-0018020.AH.01.07,,active,22,National NGO,hrwg_indonesia,Indonesia
CO-CCB-0008863,,active,22,National NGO,opepa,Colombia
CH-FDJP-110.162.567,,active,60,Foundation,finddiagnostics,Switzerland
GB-COH-02742969,,active,80,"Academic, Training and Research",grl,United Kingdom
PS-MOI-QR177HR,,active,22,National NGO,miftah,"Palestine, State of"
KH-INGO-20201231,,active,21,International NGO,aac,Cambodia
GH-DSW-4004,,active,23,Regional NGO,mfwa,Ghana
IL-RA-580675486,,active,22,National NGO,t2p,Israel
XM-DAC-47062,,active,21,International NGO,iita_2022,Nigeria
JO-COA-0301-57112,,active,40,Multilateral,inwrdam,Jordan
KH-INGO,,withdrawn,21,International NGO,aac,Cambodia
CO-RUE-8600286699,,active,70,Private Sector,fedesarrollo,Colombia
NL-KVK-24428291,,active,70,Private Sector,aw,Netherlands
NL-KVK-58076573,,active,70,Private Sector,auxfinintl,Netherlands
GB-UKPRN-10007783,,active,80,"Academic, Training and Research",uoa,United Kingdom
US-EIN-23-6393344,,active,21,International NGO,worldrelief,United States
GH-RGD-CG056382017,,active,23,Regional NGO,globalshea,Ghana
CO-CCB-01952534,,active,70,Private Sector,grupoe3,Colombia
CO-RUE-901337512,,active,22,National NGO,iclei,Colombia
GB-SC-SC015263,,active,80,"Academic, Training and Research",strathclyde,United Kingdom
CH-FDJP-CHE-109-991-002,,active,60,Foundation,basel_institute,Switzerland
BJ-IFU-6202112757059,,active,22,National NGO,igd_benin,Benin
LB-MOI-37-AD,,active,22,National NGO,rabi3,Lebanon
BJ-IFU-6201001214905,,active,22,National NGO,abpf,Benin
GB-COH-RC000653,,active,80,"Academic, Training and Research",uoex,United Kingdom
AE-DMCC-23550,,active,70,Private Sector,arkgroupdmcc1,United Arab Emirates
US-EIN-52-1497470,,active,21,International NGO,c_i_f,United States
GB-CHC-1112404,,active,21,International NGO,rtp_uk,United Kingdom
GB-COH-01250443,,active,70,Private Sector,niras_uk,United Kingdom
MZ-NUIT-700061787,,active,30,Public Private Partnership,grp,Mozambique
GB-COH-RC000659,,active,80,"Academic, Training and Research",leics,United Kingdom
ET-MFA-150317,,active,23,Regional NGO,et-adf-0317,Ethiopia
GB-CHC-1162997,,active,21,International NGO,pci,United Kingdom
NL-KVK-41199142,,active,60,Foundation,rabofoundation,Netherlands
BI-NIF-4000039331,,active,22,National NGO,twz1,Burundi
KE-NCB-10488,,active,22,National NGO,sp,Kenya
NG-CAC-RC-1368639,,active,70,Private Sector,infracredit,Nigeria
GB-CHC-1050821,,active,22,National NGO,tzuchiuk,United Kingdom
LB-MOI-17312,,active,22,National NGO,female,Lebanon
NL-KVK-60351489,,active,70,Private Sector,frontclear_ftap,Netherlands
GB-COH-10781862,,active,70,Private Sector,svrg,United Kingdom
US-EIN-47-4606264,,active,70,Private Sector,hala_systems,United States
LB-MOI-2402520,,active,23,Regional NGO,smex,Lebanon
DE-CR-RA000355-HRB726528,,active,80,"Academic, Training and Research",fosaa,Germany
UG-RSB-80020000583761,,active,70,Private Sector,ep,Uganda
DK-CVR-78920610,,active,21,International NGO,fowdk,Denmark
CH-FDJP-CHE455926653,,active,21,International NGO,ilgaworld,Switzerland
DE-CR-RA000299-HRB20002,,active,70,Private Sector,sce-gmbh,Germany
PE-SUNARP-03024345,,active,80,"Academic, Training and Research",investigacion_cayetano,Peru
GB-COH-05712574,,active,70,Private Sector,pul,United Kingdom
US-EIN-45-4535664,,active,21,International NGO,harvard_global,United States
KE-NCB-218051200201502367,,active,22,National NGO,lvct,Kenya
XM-DAC-47149,,active,15,Other Public Sector,icmp,Netherlands
GB-UKPRN-10007786,,active,80,"Academic, Training and Research",unibristol,United Kingdom
KE-KRA-P052188980R,,active,70,Private Sector,bfa_global,(No country assigned)
KE-RCO-CF2015185025,,active,60,Foundation,ga,Kenya
AF-MOE-947,,active,22,National NGO,947,Afghanistan
CH-FDJP-CHE326267730,,active,21,International NGO,trial,Switzerland
AF-MOE-118,,active,21,International NGO,sca_afghanistan,Afghanistan
US-EIN-52-1527835,,active,21,International NGO,ifes,United States
GB-COH-46049,,active,21,International NGO,testdave,United Kingdom
KE-KRA-P052007235U,,active,70,Private Sector,imfact2022,Kenya
US-EIN-262048480,,active,21,International NGO,ia,United States
PH-SEC-CN201214699,,active,23,Regional NGO,crcasia,(No country assigned)
NA-NAMRA-04413362,,active,23,Regional NGO,arasaregional,Namibia
SO-COA-107-0081-2023,,active,22,National NGO,iffoundation12,Somalia
US-EIN-26-0126537,,active,21,International NGO,gi,United States
KE-KRA-P051698850Z,,active,70,Private Sector,ddfkenya,Kenya
GB-COH-07177839,,active,70,Private Sector,bboxx,United Kingdom
SN-NINEA-50255162X2,,active,70,Private Sector,sn-ninea-50255162x2,Senegal
ID-DJP-032441156063000,,active,70,Private Sector,ptarupidn,Indonesia
GB-COH-12675400,,active,21,International NGO,cir,United Kingdom
BR-CNPJ-30619995-0001-34,,active,80,"Academic, Training and Research",cit_brazil,Brazil
NG-CAC-RC-929657,,active,70,Private Sector,fmdqgroupplc_2013,Nigeria
GB-CHC-1146162,,active,21,International NGO,rstmh,United Kingdom
PK-NTN-9051408-4,,active,80,"Academic, Training and Research",kmu,Pakistan
XM-DAC-46008,,active,40,Multilateral,caf,Venezuela (Bolivarian Republic of)
BD-ROC-S-5933,,active,80,"Academic, Training and Research",chpd_ulab,Bangladesh
NL-KVK-51837609,,active,70,Private Sector,upinion,Netherlands
NP-IRD-201252183,,active,80,"Academic, Training and Research",bpkihs_dharan,Nepal
BO-NIT-351775028,,active,23,Regional NGO,conexionla,Bolivia
LK-DRC-GA635,,active,80,"Academic, Training and Research",irdsrilanka-1997,Sri Lanka
NG-CAC-1075488,,active,70,Private Sector,nvd_12,Nigeria
KE-KRA-P051883897F,,active,70,Private Sector,adili_sh,Kenya
GB-CHC-1030884,,active,21,International NGO,gb-chc-1030884,United Kingdom
KE-KRA-P052141361L,,active,22,National NGO,cap-a,Kenya
GB-GOR-PB508,,active,80,"Academic, Training and Research",rbg_kew,United Kingdom
XI-DUNS-645826186,,active,80,"Academic, Training and Research",stmu01,Pakistan
IN-MCA-U74900TN2013PTC093426,,active,70,Private Sector,bepl,India
GH-RGD-CG034642016,,active,22,National NGO,ukgcc,Ghana
BE-BCE_KB0-0421408778,,active,22,National NGO,ipis,Belgium
XI-IATI-KHF_IFH,,active,22,National NGO,khf_ifh,Jordan
PS-TIN-888005972,,active,15,Other Public Sector,wsrc1,"Palestine, State of"
NL-KVK-57504091,,active,60,Foundation,stichting_cd,Netherlands
GB-COH-05572704,,active,70,Private Sector,aceruk,United Kingdom
BR-CNPJ-62579164-0001-72,,active,80,"Academic, Training and Research",_cebrap,Brazil
NL-KVK-34123218,,active,80,"Academic, Training and Research",rabk,Netherlands
YE-MSAL-220,,active,22,National NGO,bfdyemen,Yemen
ZA-CIP-2011-003386-08,,active,80,"Academic, Training and Research",cisl,South Africa
GB-GOV-25,,active,10,Government,desnz,United Kingdom
ZA-CIP-2002-007758-08,,active,21,International NGO,icleiafrica,South Africa
GB-COH-OC422288,,active,70,Private Sector,thc,United Kingdom
YE-CR-17952,,active,70,Private Sector,dr,Yemen
UA-EDR-36159679,,active,22,National NGO,dixigroup,Ukraine
TN-RNE-1526532C,,active,22,National NGO,wwc_27068084,Tunisia
NL-KVK-41150792,,active,21,International NGO,jp-nl,Netherlands
UG-NGO-INDR45161196NB,,active,22,National NGO,actade,Uganda
GB-GOV-26,,active,10,Government,dsit,United Kingdom
PS-MOI-QR-0049-F,,active,21,International NGO,welfare_taawon,"Palestine, State of"
MG-NIF-4003264720,,active,22,National NGO,pjl,Madagascar
YE-MSAL-19,,active,22,National NGO,rymn,Yemen
GB-COH-02412299,,active,21,International NGO,stonewa11,United Kingdom
HK-CR-2436455,,active,70,Private Sector,agsollimited,Hong Kong
FR-RCS-53119997400027,,active,21,International NGO,premiere-urgence,France
BD-ROC-C-150855,,active,70,Private Sector,yy_ventures,Bangladesh
BD-NAB-0841,,active,22,National NGO,cnrs,Bangladesh
GB-COH-12482833,,active,21,International NGO,amplifychange,United Kingdom
YE-MOPIC-0036,,active,21,International NGO,partnersyemen,Yemen
SZ-CIT-201710132021804,,active,22,National NGO,wu,eSwatini
BD-NAB-0004,,active,21,International NGO,carebd,Bangladesh
NG-CAC-69519,,active,22,National NGO,cjid_ng,Nigeria
BD-NAB-0577,,active,22,National NGO,dsk,Bangladesh
BD-NAB-1748,,active,22,National NGO,fb_2023,Bangladesh
NL-KVK-91420784,,active,21,International NGO,wcaf,Netherlands
YE-MSAL-32-M-2008,,active,22,National NGO,semc-yemen,Yemen
GB-GOR-EA53,,active,10,Government,cefas,United Kingdom
IN-MCA-U74900TG2007NPL055085,,active,80,"Academic, Training and Research",tgi_india,India
GB-CHC-298375,,active,23,Regional NGO,cls,United Kingdom
IN-MHA-083780010,,active,22,National NGO,sparc_iati,India
NL-KVK-75373750,,active,21,International NGO,ic-bs_24,Netherlands
PK-NTN-2158581-4,,active,22,National NGO,shirkatgah,Pakistan
NL-KVK-81042582,,active,22,National NGO,thenab,Netherlands
GB-COH-4625800,,active,21,International NGO,iseal,United Kingdom
GB-CHC-1174610,,active,15,Other Public Sector,thinkequal,United Kingdom
KE-NCB-218051200301082704,,active,22,National NGO,imlu,Kenya
PS-TIN-562780742,,active,70,Private Sector,tap,"Palestine, State of"
UG-RSB-80010000758365,,active,70,Private Sector,in,Uganda
XM-OCHA-HPC8773,,active,40,Multilateral,ecw,(No country assigned)
US-EIN-46-3995547,,active,21,International NGO,ibp,United States
ID-KHH-AHU-0000401.AH.01.07,,active,22,National NGO,safenet,Indonesia
IT-CF-97050280581,,active,21,International NGO,cispngo,Italy
NG-CAC-6896199,,active,22,National NGO,obodo_ng,Nigeria
IN-MHA-083930308,,active,22,National NGO,masumpune_87,India
MW-NBM-NGO-L-13-059,,active,22,National NGO,wolrec,Malawi
GH-RGD-ET000570722,,active,21,International NGO,idh-ghana,Ghana
US-EIN-042241718,,active,21,International NGO,edc,United States
GB-COH-08100658,,active,70,Private Sector,via,United Kingdom
GB-COH-05380206,,active,15,Other Public Sector,jncc,United Kingdom
GB-COH-02525806,,active,70,Private Sector,acs_group,United Kingdom
UG-RSB-125289,,active,70,Private Sector,pcp-ug_125289,Uganda
US-EIN-47-2326975,,active,21,International NGO,cadasta,(No country assigned)
BI-NIF-4001458845,,active,22,National NGO,ajebudi_2024,Burundi
CH-FDJP-CHE-390.672.238,,active,21,International NGO,nf2022,Switzerland
RW-RRA-121040504,,active,70,Private Sector,acv,Rwanda
ID-DJP-016993966411000,,active,80,"Academic, Training and Research",ppim,Indonesia
CA-CC-020387-4,,active,21,International NGO,ef,Canada
GB-CHC-1174115,,active,22,National NGO,ceobs,United Kingdom
KE-RCO-PVT-2016-025726,,active,70,Private Sector,apolloagriculture,Kenya
JO-CCD-181612,,active,70,Private Sector,mset,Jordan
MU-CR-C191439,,active,70,Private Sector,blue,Mauritius
KE-RCO-BN-J9S5BMEB,,active,70,Private Sector,ecovega,Kenya
AU-ABN-94642321640,,active,23,Regional NGO,cra,Australia
SE-ON-802401-6134,,active,21,International NGO,ktk_ho,Sweden
CA-CRA_ACR-827142530RR0001,,active,21,International NGO,rr_qfdi,Canada
GB-CHC-1191805,,active,22,National NGO,sidcn,United Kingdom
GB-COH-14411359,,active,70,Private Sector,chemonics_uk,United Kingdom
NL-KVK-27364265,,active,80,"Academic, Training and Research",nl_tud,(No country assigned)
CH-FDJP-6602621019-7,,active,21,International NGO,ffh,Switzerland
CO-RUE-90020089,,active,23,Regional NGO,feadin,Colombia
BF-MATD-1131,,active,22,National NGO,240001090,Burkina Faso
GB-COH-01630501,,active,70,Private Sector,mko,United Kingdom
EG-CR-42812,,active,70,Private Sector,outreach_egypt,Egypt
KE-KRA-P052193943Z,,active,22,National NGO,theclimatenetwork,Kenya
GB-COH-04481639,,active,70,Private Sector,alinea_uk,United Kingdom
BF-MATD-118884808RR0001,,active,22,National NGO,bfrri,Burkina Faso
GB-UKPRN-10007789,,active,80,"Academic, Training and Research",uea_uk,United Kingdom
GB-UKPRN-10000824,,active,80,"Academic, Training and Research",bournemouth_university,United Kingdom
BD-NAB-557,,active,21,International NGO,thpdb,Bangladesh
UG-NGO-INDR21712234NB,,active,22,National NGO,ngoforum_01,Uganda
ZA-NPO-IT7504-1992-PMB,,active,23,Regional NGO,accord_2024,South Africa
ZA-CIP-1997-015443-07,,active,70,Private Sector,whc,South Africa
GB-CHC-1186748,,active,21,International NGO,nt_2024,United Kingdom
GB-CHC-1159990,,active,22,National NGO,ssap,United Kingdom
GB-COH-09902551,,active,70,Private Sector,camco,United Kingdom
XM-DAC-962,,active,40,Multilateral,unctad,Switzerland
AR-CUIT-30-70806240-1,,active,21,International NGO,iecs-2024,Argentina
GB-HESA-0163,,active,80,"Academic, Training and Research",warwickpub123,United Kingdom
GT-RPJ-21339045,,active,21,International NGO,fafg,Guatemala
XI-ROR-01wk3d929,,active,80,"Academic, Training and Research",medicine_ub,Indonesia
GB-COH-OC423567,,active,70,Private Sector,gridworkspartners,United Kingdom
GB-GOV-27,,active,10,Government,mhclg,United Kingdom
PE-SUNARP-11582738,,active,80,"Academic, Training and Research",cientifica-pe,Peru
PK-VSWA-2028-2002,,active,22,National NGO,bveins,Pakistan
AT-ZVR-482616437,,active,22,National NGO,hope87,Austria
GB-CHC-313392,,active,80,"Academic, Training and Research",nfer,United Kingdom
KE-KRA-P051102229I,,active,40,Multilateral,tdb01,Kenya
GE-NAPR-367,,active,22,National NGO,curatio,Georgia
GB-COH-13697512,,active,70,Private Sector,2xglobal,United Kingdom
SS-RRC-294,,active,22,National NGO,capad,South Sudan
UA-EDR-24719411,,active,70,Private Sector,argus_kyiv,Ukraine
CA-CRA_ACR-892100884,,active,15,Other Public Sector,col,Canada
GB-CHC-210639,,active,22,National NGO,rusi,United Kingdom
XM-OCHA-HPC1888,,active,22,National NGO,inforaas,Somalia
XM-OCHA-HPC6052,,active,22,National NGO,hirda,Somalia
BE-BCE_KBO-0665.649.335,,active,21,International NGO,seefarfoundation,Belgium
XM-OCHA-HPC5902,,active,21,International NGO,pac_som,Somalia
XM-OCHA-HPC3382,,active,22,National NGO,scc_2025,Somalia
SO-COA-107-0079-2025,,active,22,National NGO,kardo-somalia,Somalia
XM-OCHA-HPC10477,,active,22,National NGO,swvsom,Somalia
GB-COH-08524506,,active,70,Private Sector,commonseas,United Kingdom
IN-MHA-5897,,active,22,National NGO,tlmti,India
GH-RGD-CG016822016,,active,22,National NGO,cdd_admin,Ghana
GB-COH-03591514,,active,21,International NGO,tlm_io,United Kingdom
CH-FDJP-CHE109810537,,active,60,Foundation,fsd-switzerland_2025,Switzerland
US-EIN-11-2724905,,active,21,International NGO,icfj,United States
BR-CNPJ-45358058000140,,active,80,"Academic, Training and Research",ufscar_brasil,Brazil
ZA-NPO-012983,,active,22,National NGO,sci2025,South Africa
ZA-CIP-2007-012585-08,,active,21,International NGO,rdh,South Africa
US-EIN-53-0196603,,active,80,"Academic, Training and Research",georgetown,United States
US-EIN-113816205,,active,21,International NGO,independent_diplomat,United States
GB-CHC-1159483,,active,21,International NGO,start-network,United Kingdom
GH-RGD-CG081931122,,active,60,Foundation,ews-kt_gh,Ghana
FR-RCS-42956525200054,,active,21,International NGO,ri_france,France
SO-COA-107-0290-2025,,active,22,National NGO,hu,Somalia
NG-CAC-8270899,,active,70,Private Sector,sgal,Nigeria
US-EIN-52-1398742,,active,21,International NGO,cipe_1983,United States
NL-KVK-32160247,,active,70,Private Sector,scopeinsight,Netherlands
US-EIN-521338892,,active,21,International NGO,ndi,United States
RW-RRA-102234096,,active,70,Private Sector,afrwanda,Rwanda
UG-RSB-80010004091376,,active,70,Private Sector,dwb_africa,Uganda
XI-DUNS-499432771,,active,80,"Academic, Training and Research",nhrc,Ghana
US-SAM-VJ8RGVMEPAT7,,active,22,National NGO,new_digital_trade_coalition,United States
US-EIN-770155782,,active,21,International NGO,globalfundforwomen,United States
MW-NBM-20125698,,active,21,International NGO,mlw,Malawi
XM-DAC-46027,,active,40,Multilateral,fonplata,Bolivia
BF-MATD-N4217,,active,22,National NGO,abbef,Burkina Faso
XI-ROR-04pznsd21,,active,70,Private Sector,auob,Lebanon
XI-IATI-CLAD,,active,40,Multilateral,clad,Venezuela (Bolivarian Republic of)
GB-CHC-1180966,,active,22,National NGO,mtuk,United Kingdom
GB-COH-05327824,,active,21,International NGO,tjn,United Kingdom
ZA-CIP-2022-449689-08,,active,70,Private Sector,energycouncilsa,South Africa
FR-INSEE-93282389100019,,active,21,International NGO,piermarc,(No country assigned)
ET-CSA-1560,,active,22,National NGO,eocdicac,Ethiopia
KE-RCO-CPR-2014-161876,,active,22,National NGO,mwa_kenya,Kenya
NL-KVK-86795341,,active,60,Foundation,clim-eat,Netherlands
SL-NRA-1136607-8,,active,22,National NGO,igchr_sierraleone,Sierra Leone
SL-OARG-2420280,,active,22,National NGO,codohsapa,Sierra Leone
GB-COH-08195029,,active,70,Private Sector,finance_earth,United Kingdom
US-EIN-52-1780162,,active,21,International NGO,ef-2025,United States
US-EIN-35-2725269,,active,21,International NGO,sfa_foundation,(No country assigned)
UG-NGO-INDP51781129NB,,active,23,Regional NGO,rac-001,Uganda
UA-EDR-42661077,,active,22,National NGO,imtd_int_11,Ukraine
TR-VKN-4940457659,,active,22,National NGO,kamer,(No country assigned)
GB-COH-00559784,,active,80,"Academic, Training and Research",pirbright_institute,United Kingdom
UA-EDR-38621206,,active,22,National NGO,r2p,Ukraine
UA-COA-44916875,,active,22,National NGO,vs,Ukraine
SE-ON-802002-3209,,active,22,National NGO,smc,Sweden
ET-ERCA-0056106666,,withdrawn,23,Regional NGO,et-adf-0317,Ethiopia
GB-1-201879-115,"Wheeler Institute for Business and Development, London Business School",withdrawn,80,"Academic, Training and Research",wheeler,United Kingdom
