code,name,status,codeforiati:hq-country-or-region,codeforiati:organisation-type-code,codeforiati:registry-identifier,codeforiati:organisation-type
AU-5,Departamento de Negócios Estrangeiros e Comércio – Austrália,active,Australia,10,ausgov,Government
44000,Banco Mundial,active,(No country assigned),40,worldbank,Multilateral
US-EIN-941655673,Fundação William and Flora Hewlett,active,United States,60,hewlett-foundation,Foundation
41AAA,Gabinete das Nações Unidas de Serviços para Projetos (UNOPS),active,(No country assigned),40,unops,Multilateral
GB-CHC-1038860,Frontline AIDS,active,United Kingdom,21,f-aids,International NGO
XI-IATI-EC_INTPA,Comissão Europeia – Parcerias Internacionais,active,(No country assigned),15,ec-intpa,Other Public Sector
XI-IATI-EC_DEVCO,Comissão Europeia – Cooperação Internacional e Desenvolvimento,withdrawn,(No country assigned),15,ec-devco,Other Public Sector
SE-0,"Suécia, através da Agência Sueca de Cooperação para o Desenvolvimento Internacional (SIDA)",active,Sweden,10,sida,Government
CA-CRA-89980-1815-RR0001,Engenheiros sem Fronteiras Canadá,active,Canada,21,ewb_canada,International NGO
XM-DAC-41114,Programa das Nações Unidas para o Desenvolvimento (PNUD),active,(No country assigned),40,undp,Multilateral
GB-CHC-1075920,Indigo Trust,active,United Kingdom,60,indtrust,Foundation
GB-CHC-202918,Oxfam GB,active,United Kingdom,21,oxfamgb,International NGO
FI-3,Ministério dos Negócios Estrangeiros – Finlândia,active,Finland,10,finland_mfa,Government
IE-CHY-6663,Self Help Africa,active,Ireland,21,self-help-africa,International NGO
47045,"Fundo Global de Luta contra a AIDS, a Tuberculose e a Malária",active,Switzerland,40,theglobalfund,Multilateral
XM-DAC-46004,Banco Asiático de Desenvolvimento,active,(No country assigned),40,asdb,Multilateral
46004,Banco Asiático de Desenvolvimento,withdrawn,(No country assigned),40,asdb,Multilateral
GB-COH-07676886,Publish What You Fund,active,United Kingdom,21,pwyf,International NGO
NO-BRC-977538319,Conselho Norueguês para os Refugiados,active,Norway,21,nrc,International NGO
NL-KVK-41213450,SPARK,active,Netherlands,21,spark,International NGO
XM-DAC-3-1,"Ministério dos Negócios Estrangeiros, Danida – Dinamarca",active,Denmark,10,danida,Government
GB-CHC-285776,Catholic Agency For Overseas Development (CAFOD),active,United Kingdom,21,cafod,International NGO
47122,"Gavi, a Aliança das Vacinas",active,Switzerland,30,gavi,Public Private Partnership
US-EIN-300108263,GlobalGiving.org,active,United States,21,globalgiving,International NGO
GB-CHC-1029161,Camfed International,active,United Kingdom,21,camfed,International NGO
GB-CHC-291691,All We Can (anteriormente Methodist Relief and Development Fund),active,United Kingdom,21,allwecan,International NGO
GB-CHC-1074937,ADRA-UK,active,United Kingdom,21,adrauk,International NGO
GB-CHC-1017255,Homeless International,active,United Kingdom,21,hi,International NGO
GB-COH-4905100,Resource Extraction Monitoring,active,United Kingdom,21,rem,International NGO
NP-CRO-45995/063/064,Young Innovations Pvt. Ltd,active,Nepal,80,yipl,"Academic, Training and Research"
GB-CHC-327421,Article 19,active,United Kingdom,21,art19,International NGO
GB-CHC-328434,ChildHope UK,active,United Kingdom,21,childhopeuk,International NGO
GB-CHC-1092236,Concern Worldwide UK,active,United Kingdom,21,concernuk,International NGO
GB-COH-4075590,LEAD International,active,United Kingdom,21,lead_international,International NGO
XM-DAC-21033,Secretariado da Transparência Internacional,active,Germany,21,transparency-international,International NGO
GB-CHC-1141028,AfriKids,active,United Kingdom,21,afrikids,International NGO
GB-CHC-1089879,EveryChild,active,United Kingdom,21,evc,International NGO
GB-CHC-1126727,MapAction,active,United Kingdom,21,mapaction,International NGO
GB-CHC-254781,The International Children's Trust,active,United Kingdom,21,theict,International NGO
GB-COH-NI21482,Trocaire (Irlanda do Norte),active,United Kingdom,21,troc,International NGO
GB-CHC-1001698,Interact Worldwide,active,United Kingdom,21,iww_publish,International NGO
GB-CHC-1837621,Health Poverty Action,active,United Kingdom,21,hpa,International NGO
GB-CHC-313139,Africa Educational Trust,active,United Kingdom,21,aet,International NGO
GB-CHC-800672,Living Earth Foundation,active,United Kingdom,21,livingearth12,International NGO
GB-COH-0277068,Fauna & Flora International,active,United Kingdom,21,ffi_publisher,International NGO
GB-CHC-1020488,Children in Crisis,active,United Kingdom,21,cic,International NGO
GB-CHC-1090745,ICA:UK,active,United Kingdom,22,icauk,National NGO
GB-CHC-298316,Build Africa,active,United Kingdom,21,buildafrica,International NGO
GB-CHC-265464,Tearfund,active,United Kingdom,21,tearfund,International NGO
GB-CHC-208724,War on Want,active,United Kingdom,21,waronwant,International NGO
GB-COH-06587734,InterClimate Network,active,United Kingdom,21,icn,International NGO
GB-COH-2082273,World Association for Christian Communication (Reino Unido),active,United Kingdom,21,wacc-uk,International NGO
GB-CHC-1064413,African Initiatives,active,United Kingdom,21,ai_1064413,International NGO
GB-COH-05322719,Opportunity International UK,active,United Kingdom,21,opportunity-international-uk,International NGO
GB-SC-SC030289,Mercy Corps Europa,active,United Kingdom,21,mce,International NGO
GB-COH-1100897,Fundação Aga Khan (Reino Unido),active,United Kingdom,21,akfuk73,International NGO
GB-CHC-1001349,Samaritan's Purse UK,active,United Kingdom,21,spuk,International NGO
GB-CHC-327461,Karuna Trust,active,United Kingdom,21,karuna,International NGO
GB-COH-4887855,HealthProm,active,United Kingdom,21,hp_12,International NGO
GB-CHC-207076,Royal Society for the Protection of Birds,active,United Kingdom,21,rspb_,International NGO
GB-CHC-299717,Send a Cow,active,United Kingdom,21,sendacow,International NGO
GB-CHC-1069208,Trust for Africa's Orphans,active,United Kingdom,21,tao-03473165,International NGO
GB-CHC-283302,Agency for Cooperation and Research in Development (ACORD),active,United Kingdom,21,acord,International NGO
GB-CHC-1068839,Bond,active,United Kingdom,22,bond,National NGO
GB-CHC-291824,Twin,active,United Kingdom,21,twin-iati,International NGO
GB-CHC-1059996,Power International,active,United Kingdom,21,power,International NGO
GB-CHC-1102028,Canon Collins Trust,active,United Kingdom,21,canoncollinstrust,International NGO
GB-COH-5419428,Water & Sanitation for the Urban Poor (WSUP),active,United Kingdom,30,wsup,Public Private Partnership
GB-COH-03877777,CDC Group plc,active,United Kingdom,15,bii,Other Public Sector
GB-CHC-328206,Womankind Worldwide,active,United Kingdom,21,womankindworld,International NGO
GB-CHC-281681,"Friends of the Earth England, Wales and Northern Ireland",active,United Kingdom,22,foe_ewni,National NGO
GB-CHC-272465,United Purpose,active,United Kingdom,21,cu,International NGO
GB-CHC-1125948,PONT,active,United Kingdom,21,pont,International NGO
GB-CHC-1138287,Rainforest Foundation UK,active,United Kingdom,21,rfuk,International NGO
41120,ONU Habitat,active,(No country assigned),40,unhabitat,Multilateral
GB-COH-04154075,Penal Reform International,active,United Kingdom,21,pri,International NGO
GB-CHC-288701,WaterAid,active,United Kingdom,21,wateraid,International NGO
GB-CHC-291167,Jeevika Trust,active,United Kingdom,21,jeevika_trust,International NGO
GB-CHC-313757,Voluntary Service Overseas (VSO),active,United Kingdom,21,vso,International NGO
GB-COH-1364201,Plan International UK,active,United Kingdom,21,plan_uk,International NGO
XM-DAC-21032,,active,United States,21,psi,International NGO
21032,Population Service International,withdrawn,United States,21,psi,International NGO
GB-COH-213890,Save the Children UK,active,United Kingdom,21,scuk,International NGO
NL-KVK-41198677,Hivos,active,Netherlands,21,stichting_hivos,International NGO
ZA-NPO-061-870,Southern African Catholic Bishops' Conference Aids Office,active,South Africa,23,sacbc,Regional NGO
CH-FDJP-CHE-110347351,The Global Alliance for Improved Nutrition,active,Switzerland,21,gain,International NGO
30001,The Global Alliance for Improved Nutrition,withdrawn,Switzerland,21,,International NGO
GB-CHC-1127206,StreetInvest,active,United Kingdom,21,si,International NGO
GB-CHC-1055436,Conciliation Resources,active,United Kingdom,21,cr,International NGO
GB-CHC-1115482,BRAC UK,active,United Kingdom,21,bracuk,International NGO
ZA-NPO-036-515,,active,South Africa,23,gl,Regional NGO
ZA-CIP-2001-005850-08,,withdrawn,South Africa,23,gl,Regional NGO
ZA-CIPC-2001/005850/08,Gender Links,withdrawn,South Africa,23,gl,Regional NGO
GB-CHC-218186,Leonard Cheshire Disability,active,United Kingdom,21,lcd_admin,International NGO
GB-COH-3008440,Forests Monitor,active,United Kingdom,21,fm,International NGO
GB-COH-2100867,SOS Sahel International UK,active,United Kingdom,21,sossaheluk,International NGO
GB-CHC-1065705,Survivors Fund (SURF),active,United Kingdom,21,surf,International NGO
GB-CHC-1122924,Developments In Literacy Trust UK,active,United Kingdom,21,diltuk,International NGO
GB-CHC-292506,CARE International UK,active,United Kingdom,21,ciuk,International NGO
GB-CHC-328158,Islamic Relief Worldwide,active,United Kingdom,21,irw,International NGO
GB-CHC-229476,Federação Internacional de Planeamento Familiar,active,United Kingdom,21,ippf,International NGO
GB-CHC-326568,Charity Projects Ltd (Comic Relief),active,United Kingdom,60,cprojects,Foundation
XM-DAC-41111,Fundo das Nações Unidas para o Desenvolvimento de Capital,active,United States,40,uncdf,Multilateral
NL-CCI-20081098,BRAC International,withdrawn,Netherlands,21,bracintl,International NGO
GB-CHC-1098106,Relief International UK,active,United Kingdom,21,ri-uk,International NGO
GB-CHC-1071886,TB Alert,active,United Kingdom,21,tbalert,International NGO
XM-DAC-41146,ONU Mulheres,active,(No country assigned),40,unw,Multilateral
TZ-BRE-63966,Twaweza,active,"Tanzania, United Republic of",23,twaweza,Regional NGO
GB-CHC-1104287,MicroLoan Foundation,active,United Kingdom,21,mlf,International NGO
GB-CHC-1152010,Child-to-Child,active,United Kingdom,21,ctc,International NGO
GB-CHC-1105851,Christian Aid,active,United Kingdom,21,caid,International NGO
GB-CHC-1139083,Grow Movement,active,United Kingdom,80,growmovement_admin,"Academic, Training and Research"
GB-CHC-1079358,Motivation,active,United Kingdom,21,motivation,International NGO
US-EIN-27-5026293,Disability Rights Fund,active,United States,21,drf,International NGO
US-USAGOV,Estados Unidos da América,withdrawn,United States,10,unitedstates,Government
GB-CHC-1081247,WWF-UK,active,United Kingdom,21,wwf-uk,International NGO
GB-COH-1102208,MSI Reproductive Choices,active,United Kingdom,21,msi,International NGO
GB-CHC-207544,Sightsavers,active,United Kingdom,21,ss-org,International NGO
GB-COH-03788027,Triple Line,active,United Kingdom,70,tripleline_crownagents,Private Sector
GB-CHC-1058991,Railway Children,active,United Kingdom,21,rc,International NGO
GB-CHC-1140123,Vision for a Nation Foundation,active,United Kingdom,21,vfan,International NGO
21-PK-WWF,Fundo Mundial para a Natureza – Paquistão,active,Pakistan,21,wwfpakistan,International NGO
NL-KVK-27264198,ActionAid International,active,Netherlands,21,aai,International NGO
XI-IATI-IADB,Banco Interamericano de Desenvolvimento,active,(No country assigned),40,iadb,Multilateral
GB-CHC-327519,Zimbabwe Educational Trust,active,United Kingdom,21,zet,International NGO
GB-COH-871954,Practical Action,active,United Kingdom,21,pa,International NGO
GB-CHC-1127488,Restless Development,active,United Kingdom,21,restless,International NGO
GB-COH-2153193,International Alert,active,United Kingdom,21,international-alert,International NGO
DE-1,Ministério da Cooperação e do Desenvolvimento Económicos – Alemanha,active,Germany,10,bmz,Government
GB-CHC-1099776,Malaria Consortium,active,United Kingdom,21,malariaconsortium,International NGO
GB-CHC-1078768,People In Aid,active,United Kingdom,21,peopleinaid,International NGO
47135,Fundos de Investimento Climático,active,"Bilateral, unspecified",40,cif,Multilateral
IN-,MAMTA – Health Institute for Mother and Child,active,India,22,mamta_himc,National NGO
ciks,Centre for Indian Knowledge Systems,active,India,80,ciks,"Academic, Training and Research"
GB-CHC-1070684,Cord,active,United Kingdom,23,cord,Regional NGO
GB-GOV-6,Ministério do Interior – Reino Unido,active,United Kingdom,10,homeoffice,Government
US-EIN-13-2702768,Pact,active,United States,21,pact,International NGO
GB-CHC-1071659,War Child UK,active,United Kingdom,21,wcuk,International NGO
GB-CHC-1107403,GOAL,active,Ireland,21,goal,International NGO
GB-COH-3578127,Ethical Trading Initiative,active,United Kingdom,21,eti,International NGO
GPAF-IMP-031,Development Aid from People to People (DAPP) Malawi,active,Malawi,22,dapp,National NGO
XM-DAC-41122,Fundo das Nações Unidas para a Infância (UNICEF),active,(No country assigned),40,unicef,Multilateral
US-IRS-562339052,CDA Collaborative Learning Projects,active,United States,21,cda,International NGO
SL-NRA-1001562-8,"Medical Research Centre (MRC), Serra Leoa",active,Sierra Leone,22,mrc-sierra-leone,National NGO
GB-SC-SC035314,Scotland's International Development Alliance,active,United Kingdom,23,sinda,Regional NGO
XM-DAC-41140,Programa Alimentar Mundial (PAM) das Nações Unidas,active,Italy,40,wfp,Multilateral
BE-BCE_KBO-0462279234,ACODEV,active,Belgium,22,acodev,National NGO
IE-CHY-6410,Dóchas – Irish Association of Non Governmental Development Organisations,active,Ireland,22,dochas,National NGO
GB-COH-01926828,Farm Africa,active,United Kingdom,21,fa,International NGO
IN-AR-775,Pragya India,active,India,22,pragya,National NGO
GB-CHC-1109789,Y Care International,active,United Kingdom,21,ycare,International NGO
GB-CHC-1115109,Women for Women International (Reino Unido),active,United Kingdom,21,wfwiuk,International NGO
GB-CHC-274467,ActionAid UK,active,United Kingdom,21,aauk,International NGO
NG-CAC-5938,Association for Reproductive and Family Health,active,Nigeria,22,arfh,National NGO
XM-DAC-46002,Banco Africano de Desenvolvimento,active,(No country assigned),40,afdb,Multilateral
46002,Banco Africano de Desenvolvimento,withdrawn,(No country assigned),40,afdb,Multilateral
NL-KVK-27327087,Fundação Akvo,active,Netherlands,21,akvo,International NGO
GB-CHC-1043843,Saferworld,active,United Kingdom,21,saferworld,International NGO
XM-DAC-41119,,active,(No country assigned),40,unfpa,Multilateral
41119,Fundo das Nações Unidas para a População,withdrawn,(No country assigned),40,unfpa,Multilateral
NP-DAO-27-127/062/063,Freedom Forum,active,Nepal,22,ff,National NGO
GB-CHC-1045348,Afghanaid,withdrawn,United Kingdom,21,afghanaid,International NGO
NZ-1,Nova Zelândia – Ministério dos Negócios Estrangeiros e do Comércio – Programa de Ajuda da Nova Zelândia,active,New Zealand,10,mfat,Government
CA-3,Canadá - Global Affairs Canada/Affaires mondiales Canada,active,Canada,10,gac-amc,Government
XI-IATI-EC_FPI,Comissão Europeia – Serviço dos Instrumentos de Política Externa,active,"Europe, regional",15,ec-fpi,Other Public Sector
XI-IATI-EC_NEAR,Comissão Europeia – Política de Vizinhança e Negociações de Alargamento,active,(No country assigned),15,ec-near,Other Public Sector
ES-DIR3-E04585801,Ministério dos Negócios Estrangeiros e da Cooperação – Espanha,active,Spain,10,maec,Government
GB-COH-1762840,HelpAge International,active,United Kingdom,21,helpage_international,International NGO
SACU,Send a Cow Uganda,active,Uganda,22,sacu,National NGO
XM-DAC-21-1,Departamento de Negócios Estrangeiros e Comércio – Irlanda,active,Ireland,10,irishaid,Government
GB-GOV-9,,active,United Kingdom,10,dwp,Government
GB-GOV-GB-9,,withdrawn,United Kingdom,10,dwp,Government
GB-9,Reino Unido – Departamento do Trabalho e das Pensões,withdrawn,United Kingdom,10,dwp,Government
GB-CHC-1120932,Network for Africa,active,United Kingdom,21,network4africa,International NGO
GB-CC-1098893,Blue Ventures Conservation,active,United Kingdom,21,blueventures,International NGO
GB-CHC-1114944,iPartner India,active,United Kingdom,21,ip-india,International NGO
GB-SC-SC037959,Link Community Development Scotland,active,United Kingdom,21,lcds,International NGO
GB-COH-07629751,Digital Campus,active,United Kingdom,80,dc,"Academic, Training and Research"
ZA-NPO-013484,Heifer International South Africa,active,South Africa,22,hsa,National NGO
XI-IATI-EC_ECHO,Comissão Europeia – Proteção Civil e Ajuda Humanitária,active,(No country assigned),15,ec-echo,Other Public Sector
TN-TIN-102123727,CUAMM Trustees,active,"Tanzania, United Republic of",22,cuammtrustees,National NGO
GB-GOV-10,Reino Unido – Departamento da Saúde e dos Cuidados Sociais (DHSC),active,United Kingdom,10,dhsc,Government
GB-CHC-1120413,MICAIA,active,United Kingdom,21,mic-uk,International NGO
US-IRS-13-5661832,Plan International USA,active,United States,21,plan_usa,International NGO
GB-CHC-1096908,Afghanistan and Central Asian Association,active,United Kingdom,21,acaa,International NGO
GB-COH-RC000346,Reino Unido – Medical Research Council,active,United Kingdom,10,mrc,Government
KE-NGC-3372,I Choose Life Africa,active,Kenya,22,ke-ngc-3372,National NGO
GB-CHC-1065972,International Rescue Committee UK,active,United Kingdom,21,irc_uk,International NGO
GB-COH-06407873,HTSPE,active,United Kingdom,70,htspe,Private Sector
GB-CHC-1024903,Hospice Africa Ltd,active,United Kingdom,80,hauk,"Academic, Training and Research"
GB-CHC-326859,Able Child Africa,active,United Kingdom,21,ablechildafrica,International NGO
NP-SWC-13712,Global Action Nepal,active,Nepal,22,gan,National NGO
GB-COH-2732176,Adam Smith International,active,United Kingdom,70,asi,Private Sector
US-EIN-131837418,The Foundation Center,active,United States,21,foundation_center,International NGO
GB-COH-4884328,Integrity Action,active,United Kingdom,21,integrity_action,International NGO
CH-4,Suíça – Agência Suíça para o Desenvolvimento e a Cooperação (SDC),active,Switzerland,10,sdc_ch,Government
GB-CHC-1078803,Bees for Development Trust,active,United Kingdom,21,beesfordevelopment,International NGO
FR-SIRET-4028868160030,ACTED,active,France,21,acted,International NGO
XM-DAC-7,Ministério dos Negócios Estrangeiros – Países Baixos,active,Netherlands,10,minbuza_nl,Government
GB-CHC-289036,Emmanuel International UK,active,United Kingdom,21,eiuk,International NGO
GB-CHC-291333,Feed the Minds,active,United Kingdom,21,ftm-291333,International NGO
NP-DAO-27-689/063/064,NGO Federation of Nepal,active,Nepal,22,nfn,National NGO
GB-COH-03259922,Crown Agents Limited,active,United Kingdom,70,cal,Private Sector
GB-COH-04589451,ARK (Absolute Return for Kids),active,United Kingdom,21,ark,International NGO
GB-CHC-290836,APT Action on Poverty,active,United Kingdom,21,apt,International NGO
KE-NGCB-149,SOS Children's Villages Kenya,active,Kenya,21,soscvkenya,International NGO
GB-CHC-1083008,MAG,active,United Kingdom,21,mag,International NGO
GB-CHC-1098752,Target TB,active,United Kingdom,21,targettb,International NGO
XM-DAC-41127,Escritório das Nações Unidas para a Coordenação de Assuntos Humanitários (OCHA),active,Switzerland,40,unocha,Multilateral
GB-COH-1858644,DAI Europe,active,United Kingdom,70,dai-e,Private Sector
GB-CHC-1087997,Stars Foundation,active,United Kingdom,60,starsfoundation,Foundation
NP-SWC-19336,,active,Nepal,22,phase-nepal,National NGO
NP-DAO-531/062/063,PHASE Nepal,withdrawn,Nepal,22,phase-nepal,National NGO
FR-6,Ministério da Europa e dos Negócios Estrangeiros – França,active,France,10,france,Government
XI-IATI-035026724,Hilfswerk Austria Zimbabwe,active,Zimbabwe,21,hwa-zm,International NGO
IE-CHY-15037,Plan Ireland Charitable Assistance Limited,active,Ireland,21,plan_ireland,International NGO
FR-3,Agence Française de Développement,active,France,15,afd,Other Public Sector
GB-CHC-209131,British Council,active,United Kingdom,15,britishcouncil,Other Public Sector
GB-CHC-1128536,Street Child,active,United Kingdom,21,street_child,International NGO
GB-CHC-1081695,Vision Aid Overseas,active,United Kingdom,21,vao,International NGO
GB-COH-03580586-GEC,Girls’ Education Challenge – Fund Manager PwC,active,United Kingdom,70,gecfundmanagerpwc,Private Sector
GB-COH-07669775,GEMS Education Solutions,active,Ghana,70,mgcubed,Private Sector
US-EIN-54-0536100,ChildFund International,active,United States,21,childfund,International NGO
NP-DAO-DANG-18-046/47,Backward Society Education (BASE),active,Nepal,22,base_22,National NGO
GB-CHC-1104458,Theatre for a Change UK,active,United Kingdom,21,tfac,International NGO
GB-CHC-1093861,International Medical Corps UK,active,United Kingdom,21,imc_uk,International NGO
GB-COH-7557881,Social Impact Lab CIC,active,United Kingdom,21,simlab,International NGO
KE-RCO-270901,Education Development Trust,withdrawn,Kenya,21,edt_kenya,International NGO
GB-CHC-213251,Lepra,active,United Kingdom,21,lepra,International NGO
NL-KVK-51018586,,withdrawn,Netherlands,70,zimmzimm,Private Sector
JO-CCD-50544,Arab Reporters for Investigative Journalism,active,Jordan,80,arij,"Academic, Training and Research"
NL-KVK-41188664,ICS,active,Netherlands,21,ics,International NGO
DAC-1601,Fundação Bill & Melinda Gates,active,United States,60,bmgf,Foundation
NP-SWC-00589,Shtrii Shakti,active,Nepal,22,shtrii_shakti,National NGO
GB-CHC-1085096,Women and Children First (Reino Unido),active,United Kingdom,21,wcf,International NGO
MW-NBM-00139,Theatre for a Change Malawi,active,Malawi,22,tfacmalawi,National NGO
NL-KVK-41166983,Center for International Legal Cooperation (CILC),active,Netherlands,60,cilc,Foundation
GB-CHC-1135156,TREE AID,active,United Kingdom,21,treea,International NGO
CA-CRA_ARC-119304848,World University Service of Canada,active,Canada,21,wusc,International NGO
GB-CHC-1154085,Exeter Ethiopia Link,active,United Kingdom,21,eel,International NGO
TZ-BRLA-36057,KPMG East Africa,active,"Tanzania, United Republic of",70,kpmgea,Private Sector
GB-CHC-1053389,Viva,active,United Kingdom,21,viva,International NGO
XM-DAC-47111,Adaptation Fund,active,United States,40,af,Multilateral
47111,Adaptation Fund,withdrawn,United States,40,af,Multilateral
DK-CVR-33985339,Trianglen,active,Denmark,22,trianglen,National NGO
GB-CHC-1094478,Excellent Development,active,United Kingdom,21,excellent,International NGO
GB-CHC-1047501,Action Against Hunger UK,active,United Kingdom,21,acf,International NGO
CA-4,Ministério das Finanças do Canadá,active,Canada,10,finance_canada,Government
GB-CHC-1105489,Sabre Education Limited,active,United Kingdom,21,sct,International NGO
DE-AG-VR7795,Fairtrade Labelling Organizations International e.V.,active,Germany,21,fairtrade_international,International NGO
NL-KVK-41210098,Both ENDS,active,Netherlands,22,bothends,National NGO
NL-KVK-20093733,Heifer Nederland,active,Netherlands,22,heifernederland,National NGO
GB-CHC-1112699,Teach A Man To Fish,active,United Kingdom,21,tamtf,International NGO
NL-KVK-34141098,Fairfood International,active,Netherlands,22,fairfood,National NGO
NL-KVK-41201806,Transnational Institute,active,Netherlands,60,tni,Foundation
GB-CHC-261488,Amref Health Africa – Reino Unido,active,United Kingdom,21,amrefha,International NGO
XI-IATI-CHSA,Association CHS Alliance,active,Switzerland,21,chs_alliance,International NGO
NL-KVK-40535338,Friends of the Earth International,active,Netherlands,21,foei,International NGO
PK-MSW-633-1965,Rahnuma-Family Planning Association of Pakistan,active,Pakistan,22,rfpap,National NGO
GB-CHC-1147083,Rojiroti UK,active,United Kingdom,21,rojiroti,International NGO
GB-CHC-1125512,Lively Minds,active,United Kingdom,21,livelyminds,International NGO
NL-KVK-27108436,Oxfam Novib,active,Netherlands,21,onl,International NGO
GB-COH-877338,Institute of Development Studies,active,United Kingdom,80,ids,"Academic, Training and Research"
GB-SC-SC032327,EMMS International,active,United Kingdom,21,emms,International NGO
US-EIN-522043740,"Discovery Learning Alliance, Inc.",active,United States,21,dla,International NGO
GB-CHC-1128267-8,HelpAge International UK,active,United Kingdom,22,ageintl,National NGO
GB-CHC-293734,Christian Engineers in Development,active,United Kingdom,21,ced,International NGO
GB-GOV-7,"Reino Unido – Ministério do Ambiente, da Alimentação e dos Assuntos Rurais",active,United Kingdom,10,defra_transparency,Government
BE-BCE_KBO-0447404580,Avocats Sans Frontières,active,Belgium,22,asf,National NGO
US-501c3-522318905,AidData,active,United States,80,aiddata,"Academic, Training and Research"
XM-DAC-701-8,Agência de Cooperação Internacional do Japão (JICA),active,Japan,10,jica,Government
GB-SC-037597,CIFAL Scotland,active,United Kingdom,80,cifal,"Academic, Training and Research"
GH-RGD-CG220182018,,active,Ghana,60,star_ghanafoundation,Foundation
US-EIN-84-1166148,Water for People,active,United States,21,w4p,International NGO
NL-KVK-27248417,Aqua for All,active,Netherlands,60,aqua4all,Foundation
GB-CHC-1112734,PHASE Worldwide,active,United Kingdom,21,phase_worldwide,International NGO
KE-NGC-9381,Across,active,Kenya,21,across,International NGO
GB-CHC-295224,Muslim Aid,active,United Kingdom,21,muslimaid,International NGO
GB-CHC-250456,Find Your Feet,active,United Kingdom,21,fyf,International NGO
XM-DAC-47501,Parceria Global para a Educação,active,United States,40,gpe,Multilateral
GB-CHC-1086159,One to One Children's Fund,active,United Kingdom,21,onetoonecf,International NGO
IN-ITA-1886,Micro Insurance Academy,active,India,80,mia_india,"Academic, Training and Research"
GB-CHC-1121273,FRANK Water,active,United Kingdom,21,frankwater,International NGO
GB-COH-3799145,Coffey International Development,active,United Kingdom,70,coffey,Private Sector
GB-COH-04276635,act4africa,active,United Kingdom,21,act4africa,International NGO
NL-KVK-41022454,Stichting Red een Kind,active,Netherlands,21,redeenkind,International NGO
GB-CHC-1096479,ShelterBox,active,United Kingdom,21,shelterbox,International NGO
GB-CHC-1108464,Bees Abroad UK,active,United Kingdom,21,bauk,International NGO
US-EIN-13-5563422,Catholic Relief Services,active,United States,21,crs,International NGO
XM-DAC-41108,Fundo Internacional de Desenvolvimento Agrícola (FIDA),active,(No country assigned),40,ifad,Multilateral
GB-CHC-1001813,The HALO Trust,active,United Kingdom,21,halo,International NGO
NL-KVK-56484038,ICCO Cooperation,active,Netherlands,21,icco-cooperation,International NGO
GB-CHC-1077889,Pump Aid,active,United Kingdom,21,pumpaid,International NGO
GB-CHC-328273,Food for the Hungry UK,active,United Kingdom,21,fh,International NGO
GB-CHC-1126550,PEAS (Promoting Equality in African Schools),active,United Kingdom,21,peas,International NGO
UA-EDR-37199602,Escola de Economia e Gestão de Kiev,active,Ukraine,80,kse,"Academic, Training and Research"
GB-CHC-270901,,active,United Kingdom,21,eddevtrust,International NGO
GB-CHC-1122799,Retrak,active,United Kingdom,21,retrak,International NGO
XM-DAC-30010,UNITAID,active,Switzerland,40,utd,Multilateral
GB-SC-044007,Bioclimate Research and Development,active,United Kingdom,21,bioclimate,International NGO
GB-CHC-220949,Cruz Vermelha Britânica,active,United Kingdom,21,gb-chc-220949,International NGO
NL-KVK-32108345,CHOICE for Youth and Sexuality,active,Netherlands,21,cfyas,International NGO
NL-KVK-27378529,Agência Empresarial dos Países Baixos,active,Netherlands,10,rvo,Government
NL-KVK-41180500,SeeYou Foundation,active,Netherlands,21,syf,International NGO
XM-DAC-47086,Private Infrastructure Development Group,active,United Kingdom,40,pidg,Multilateral
GB-CHC-1079599,BasicNeeds,active,United Kingdom,21,basicneeds,International NGO
GB-CHC-1071660,Cecily's Fund,active,United Kingdom,21,cecily,International NGO
NL-KVK-41150298,Amref Flying Doctors,active,Netherlands,22,amrefnl,National NGO
XM-DAC-301-2,Canadá – Centro de Investigação para o Desenvolvimento Internacional,active,Canada,15,idrccrdi,Other Public Sector
GB-CHC-1000717,CODA International,active,United Kingdom,21,coda,International NGO
US-EIN-13-3287064,InterAction,active,United States,21,interaction,International NGO
ZA-ROC-1999/05072/08,Desmond Tutu HIV Foundation,active,South Africa,80,dthfxx12,"Academic, Training and Research"
GB-CHC-1143852,Hagar International UK,active,United Kingdom,21,hagar_uk,International NGO
GB-COH-353570,Water Witness International,active,United Kingdom,21,water-witness-international,International NGO
NL-KVK-34200988 (deprecated),Fundação RAIN (anteriormente),active,Netherlands,21,rainfoundation,International NGO
NL-KVK-34229026,Stichting Aflatoun International,active,Netherlands,21,aflatoun,International NGO
GB-GOV-8,Reino Unido – Ministério da Defesa,active,United Kingdom,10,ukmod,Government
ZA-NPO-025-359,mothers2mothers,active,South Africa,21,m2m_sa,International NGO
NL-KVK-34214586,partos,active,Netherlands,22,partos_nl,National NGO
XM-DAC-41304,"Organização das Nações Unidas para a Educação, a Ciência e a Cultura (UNESCO)",active,France,40,unesco,Multilateral
GB-CHC-1157009,Rainforest Foundation UK,active,United Kingdom,21,abaseen,International NGO
ML-NIF-086108989R,Association de Soutien au Développement des Activités de Population,active,Mali,22,asdap,National NGO
BD-NAB-0203,"Association for Prevention of Septic Abortion, Bangladesh (BAPSA)",active,Bangladesh,22,bapsa,National NGO
GB-CHC-1069182,International Service,active,United Kingdom,21,unais,International NGO
GB-COH-06133927,Avanti Communications Plc,active,United Kingdom,70,ava_admin,Private Sector
GH-DSW-258,Friends of the Earth – Gana,active,Ghana,22,foe-ghana,National NGO
XM-DAC-918-3,Banco Europeu de Investimento,active,(No country assigned),40,eib,Multilateral
GB-CHC-1084729,World Child Cancer UK,active,United Kingdom,21,wccuk,International NGO
MZ-MOJ-F2G1No4,Magariro,active,Mozambique,22,magariro,National NGO
XI-IATI-EBRD,Banco Europeu de Reconstrução e Desenvolvimento,active,"Bilateral, unspecified",40,ebrd,Multilateral
GB-CHC-000391,The Open University,active,United Kingdom,80,open_university,"Academic, Training and Research"
GB-CHC-1038785,Mifumi UK,active,United Kingdom,21,mifumi_uk,International NGO
GB-CHC-1094272,Project Harar,active,United Kingdom,21,phe,International NGO
XM-DAC-77,Ministério dos Negócios Estrangeiros da Roménia,active,Romania,10,uasd,Government
XI-IATI-1001,The Coca-Cola Export Corporation,active,United States,70,tccec,Private Sector
GB-CHC-1125217,Welbodi Partnership,active,United Kingdom,80,welbodipartnership,"Academic, Training and Research"
FI-PRO-143138,Kepa ry,active,Finland,22,kepa,National NGO
KE-NCB-OP/218/051/915/65,Windle Trust Kenya,active,Kenya,22,wtk,National NGO
NL-KVK-41048542,Stichting Agriterra,active,Netherlands,60,agriterra,Foundation
UG-NGB-5914-7209,Cheshire Services Uganda,withdrawn,Uganda,22,csu,National NGO
GB-CHC-1150214,Carers Worldwide,active,United Kingdom,21,cww,International NGO
GB-CHC-1054369,KwaAfrica,active,United Kingdom,21,kwaafrica,International NGO
KE-NGC-663,Agência Adventista de Desenvolvimento e Recursos Assistenciais (ADRA Somalia),active,Somalia,21,adrasom,International NGO
MZ-MOJ-F30G1No89,ANDA,active,Mozambique,22,anda,National NGO
GB-CHC-1117528,Haiti Hospital Appeal,active,United Kingdom,21,hha,International NGO
NL-KVK-30285304,Stichting Humana,active,Netherlands,21,humana_houben,International NGO
GB-CHC-1148404,Internews Europe,active,United Kingdom,21,ieu,International NGO
NL-KVK-41217404,Fundação GPPAC,active,Netherlands,21,gppac,International NGO
GB-COH-NI011322,War on Want NI,active,United Kingdom,21,wowni,International NGO
GB-CHC-1123946,Youth Business International,active,United Kingdom,21,ybi,International NGO
GB-CHC-1049160,Anti-Slavery International,active,United Kingdom,21,asil,International NGO
XM-DAC-2-10,Cooperação Belga para o Desenvolvimento,active,Belgium,10,be-dgd,Government
GB-COH-1110949,Mott MacDonald Limited,active,United Kingdom,70,mml,Private Sector
US-EIN-941191246,The Asia Foundation,active,United States,21,taf,International NGO
GB-CHC-1129603,Cyan International,active,United Kingdom,21,cyan,International NGO
GB-SC-SC012302,Scottish Catholic International Aid Fund (SCIAF),active,United Kingdom,21,sciaf,International NGO
GB-CHC-1151615,Signal,active,United Kingdom,21,signal,International NGO
CH-FDJP-CHE109668357,Fundação Lemann,active,Switzerland,60,lemann,Foundation
UG-NGB-5914-9186,CRANE,active,Uganda,22,crane,National NGO
GB-CHC-1076235,BBC Media Action,active,United Kingdom,21,bbcmediaaction,International NGO
US-EIN-20-4451390,Natural Resource Governance Institute (NRGI),active,United States,21,nrgi,International NGO
SK-ZRSR-31784828,Fundação Pontis,active,Slovakia,60,pontis,Foundation
NO-BRC-971277882,NORAD – Agência Norueguesa para a Cooperação de Desenvolvimento,active,Norway,10,norad,Government
US-EIN-20-3690821,Rights and Resources Initaitive,active,United States,21,rri,International NGO
KE-RCO-C95110,,active,Kenya,60,kcdf,Foundation
US-EIN-81-3014704,Syria Justice and Accountability Centre (SJAC),active,United States,22,sjac,National NGO
XI-IATI-5914-1107,Fundação Stromme,active,Uganda,22,stromme_ug,National NGO
GB-CHC-1122299,interburns,active,United Kingdom,21,interburns,International NGO
GB-COH-06368740,Development Initiatives Poverty Research,active,United Kingdom,21,dipr,International NGO
GB-CHC-294329,Progressio (encerrada),active,United Kingdom,21,progressio,International NGO
US-EIN-52-1826242,,active,United States,21,tan,International NGO
CA-CRA_ACR-127202349,Instituto Internacional para o Desenvolvimento Sustentável,active,Canada,21,iisd,International NGO
GB-GOV-24,Office for National Statistics,active,United Kingdom,10,ons,Government
GB-CHC-285908,World Vision Reino Unido,active,United Kingdom,21,wvuk,International NGO
GB-COH-3031674,Traidcraft Exchange,active,United Kingdom,21,traidcraft,International NGO
DE-CR-RA000217-HRB157125B,Fundação Wayamo,active,Germany,21,wayamo,International NGO
GB-COH-294860,ADD International (Action on Disability and Development),active,United Kingdom,21,addinternational,International NGO
GB-CHC-1076497,Sense International,active,United Kingdom,21,sense_international,International NGO
GB-CHC-1142476,Friends of Kipkelion,active,Kenya,23,kipkelion,Regional NGO
GB-CHC-1050327,The Leprosy Mission England and Wales,active,United Kingdom,21,tlmew,International NGO
NL-KVK-41155934,,active,Netherlands,21,vso_nl,International NGO
GB-CHC-1089490,Hope and Homes for Children,active,United Kingdom,21,hhc,International NGO
GB-CHC-1156822,Welsh Centre for International Affairs,active,United Kingdom,22,wcia,National NGO
KE-NCB-OP218051200904966065,Pan African Climate Justice Alliance,active,Kenya,21,pacja,International NGO
GB-COH-11126312,Global Disability Innovation Hub,active,United Kingdom,80,gdihub,"Academic, Training and Research"
GB-COH-OC301540,KPMG LLP,active,United Kingdom,70,kpmgllp,Private Sector
GB-COH-05393391,,active,United Kingdom,21,galvmed,International NGO
GB-CH-05393391,,withdrawn,United Kingdom,21,galvmed,International NGO
UG-NGB-63360,Protecting Families Against HIV/AIDS,active,Uganda,22,prefa_1,National NGO
NL-KVK-27293385,"WO=MEN, Dutch Gender Platform",active,Netherlands,22,wo-men,National NGO
VN-MOST-A399,,active,Viet Nam,22,cdi_vn_2021,National NGO
IN-MCA-U74999DL2004NPL131340,Oxfam India,active,India,22,oxfamindia,National NGO
GB-SC-035056,International Primary Care Respiratory Group,active,United Kingdom,80,ipcrg,"Academic, Training and Research"
NL-KVK-41217595,Stichting ActionAId,active,Netherlands,21,aanl,International NGO
DK-CVR-88136411,Oxfam IBIS,active,Denmark,21,ibis_denmark,International NGO
NL-KVK-41160054,Cordaid,active,Netherlands,21,cordaid,International NGO
NP-SWC-27693,Aasaman Nepal,active,Nepal,22,aasaman,National NGO
MZ-MOJ-203D,Alfalit,active,Mozambique,22,alfalit,National NGO
NL-KVK-08215619-201210000,Kadaster International,active,Netherlands,10,kad,Government
NL-KVK-41077447,ECDPM,active,Netherlands,80,ecdpm,"Academic, Training and Research"
GB-CHC-1067406,Doctors of the World UK,active,United Kingdom,21,dotw_uk,International NGO
GB-CHC-1046001,Disability and Development Partners,active,United Kingdom,21,ddp,International NGO
PK-NTN-6110190392611,,active,Pakistan,80,aaip,"Academic, Training and Research"
GB-CHC-1113868,Hand in Hand International,active,United Kingdom,21,handinhand,International NGO
BD-NAB-1301,"Transparência Internacional, Bangladesh",active,Bangladesh,22,tib,National NGO
BE-BCE_KBO-0464019195,,active,Belgium,21,apopo,International NGO
NL-KVK-61172863,Stichting fondsbeheer DGGF lokaal MKB,active,Netherlands,60,dggf_financing_local_smes,Foundation
US-EIN-042347643,Abt Associates Inc,active,United States,70,abt,Private Sector
XM-DAC-84,Ministério dos Negócios Estrangeiros da Lituânia,active,Lithuania,10,lithuania_mfa,Government
IE-CHY-6998,Christian Aid Ireland,active,Ireland,21,caid_ireland,International NGO
NL-KVK-34308169,Free a Girl,active,Netherlands,60,freeagirl,Foundation
XI-IATI-1002,United Mission to Nepal,active,Nepal,21,umn,International NGO
GB-COH-1134415,MADE in Europe,active,United Kingdom,21,mie-1134415,International NGO
GB-CHC-214779,The Salvation Army International Development UK,active,United Kingdom,21,said-uk,International NGO
US-EIN-13-3287064NAM,InterAction's NGO Aid Map,withdrawn,United States,21,ia_nam,International NGO
GB-CHC-1145119,Varkey Foundation,active,Ghana,21,varkeyfoundation,International NGO
NL-KVK-34197379,dance4life,active,Netherlands,21,dance4life,International NGO
US-EIN-95-3202116,World Vision International,active,United States,21,wvi,International NGO
GB-CHC-1105277,Learning for Life,active,United Kingdom,21,learningforlife,International NGO
GB-CHC-1061352,Orbis Charitable Trust,active,United Kingdom,21,orbis_uk,International NGO
GB-GOV-21,Reino Unido – Governo da Escócia,active,United Kingdom,10,scottish_government,Government
GB-COH-2695347,Options Consultancy Services,active,United Kingdom,70,options,Private Sector
NL-KVK-41149287,Terre des Hommes Netherlands,active,Netherlands,21,tdh_nl,International NGO
GB-CHC-1110434,Wellfound,active,United Kingdom,21,wellfound,International NGO
NL-KVK-41149486,Stichting Vluchteling,active,Netherlands,21,st_vluchteling,International NGO
GB-CHC-1133342,Zing,active,United Kingdom,60,zing,Foundation
NL-KVK-41009723,ZOA,active,Netherlands,21,zoa,International NGO
NL-KVK-41223308,Stichting Onderzoek Multinationale Ondernemingen (SOMO),active,Netherlands,80,somo,"Academic, Training and Research"
NL-KVK-06702132,WYG International B.V.,active,United Kingdom,70,wygi,Private Sector
GB-COH-1869600,Itad,active,United Kingdom,70,itad,Private Sector
GB-COH-03122495,Oxford Policy Management,active,United Kingdom,70,opml,Private Sector
GB-COH-SC301345,Upper Quartile,active,United Kingdom,70,uq,Private Sector
NL-KVK-32037590,International Procurement Agency,active,Netherlands,70,ipa,Private Sector
GB-COH-02768268,Nathan Associates London Ltd.,active,United Kingdom,70,nathan,Private Sector
GB-COH-5155300,Alcis Holdings Limited,active,United Kingdom,70,alcis,Private Sector
mz-moj-64vq1,Ajuda de Desenvolvimento de Povo para Povo (ADPP),active,Mozambique,22,adpp,National NGO
GB-COH-2394229,Palladium International Ltd (Reino Unido),active,United Kingdom,70,palladium,Private Sector
FI-PRO-1498487-2,Plan International Finland,active,Finland,21,planinternationalfinland,International NGO
NL-KVK-41193594,Rutgers,active,Netherlands,21,rutgers,International NGO
GB-COH-00637978,Maxwell Stamp PLC,active,United Kingdom,70,mstamp,Private Sector
KE-NCB-218-051-9341-334,African Academy of Sciences,active,Kenya,21,aas,International NGO
GB-CHC-1101217,LAMB Health Care Foundation,active,United Kingdom,22,lhcf,National NGO
GB-COH-03580586,PwC,active,United Kingdom,70,pwc,Private Sector
GB-CHC-1048007,Link Community Development International,active,United Kingdom,21,lcdi_admin,International NGO
NG-CAC-RC481360,The Convention on Business Integrity,active,Nigeria,21,cbi-nigeria,International NGO
GB-COH-1574821,Landell Mills,active,United Kingdom,70,landell-mills,Private Sector
GB-COH-00986729,"Natural Resources Institute, Universidade de Greenwich.",active,United Kingdom,80,nri,"Academic, Training and Research"
NL-KVK-41215393,War Child Holland,active,Netherlands,21,warchildholland,International NGO
GB-COH-01245534,Atos IT Services Ltd,active,United Kingdom,70,atosuk,Private Sector
NL-KVK-41158230,CARE Nederland,active,Netherlands,21,carenederland,International NGO
GB-COH-03613839,IOD PARC,active,United Kingdom,70,iodparc,Private Sector
NL-KVK-41210820,Clean Clothes Campaign,active,Netherlands,21,ccc,International NGO
GB-COH-FC012665,McKinsey & Company,active,(No country assigned),70,mck,Private Sector
GB-COH-08327972,Aktis Strategy Ltd,active,United Kingdom,70,aktis,Private Sector
NL-KVK-41236410,Dorcas Aid International,active,Netherlands,21,dai,International NGO
US-GOV-18,,active,United States,10,millenniumchallenge,Government
US-18,Millennium Challenge Corporation,withdrawn,United States,10,millenniumchallenge,Government
NL-KVK-41202535,Mama Cash,active,Netherlands,60,mamac,Foundation
GB-COH-8835431,Simprints,active,United Kingdom,21,simprints,International NGO
GB-CHC-1158206,Water Works,active,United Kingdom,21,waterworks,International NGO
NL-KVK-30214009,PAX,active,Netherlands,21,pax,International NGO
NL-KVK-27284008,DECP,active,Netherlands,22,decp,National NGO
CO-CCB-00159397,Urgent Action Fund Latin America and the Caribbean,active,Colombia,23,uafla,Regional NGO
US-EIN-03-0419743,Urgent Action Fund for Women's Human Rights,active,United States,21,uaf,International NGO
NL-KVK-41177385,Tearfund Nederland,active,Netherlands,22,tear,National NGO
NL-KVK-41152786,SNV Netherlands Development Organisation,active,Netherlands,21,snv,International NGO
NL-KVK-41167934,Stichting Kinderpostzegels Nederland,active,Netherlands,21,skn,International NGO
US-EIN-522044704,Aeras,active,United States,21,aeras,International NGO
US-EIN-06-1597-668,Just Associates,active,United States,21,jass,International NGO
IN-MHA-083781496,,active,India,22,fhf,National NGO
US-EIN-521291786,Association for Women's Rights in Development (AWID),active,United States,21,awid,International NGO
NL-KVK-41179943,World Vision Países Baixos,active,Netherlands,60,wvnld,Foundation
NL-KVK-41201463,Save the Children Países Baixos,active,Netherlands,21,scnl,International NGO
NL-KVK-41151952,IRC,active,Netherlands,21,irc,International NGO
XM-OCHA-CERF,Fundo Central de Resposta de Emergência das Nações Unidas (CERF),active,United States,40,cerf,Multilateral
NL-KVK-34106722,AWEPA,active,Netherlands,21,awepa,International NGO
NL-KVK-40594571,Simavi,active,Netherlands,60,simavi,Foundation
NL-KVK-41118168,Stichting Woord en Daad,active,Netherlands,21,w-d,International NGO
NL-KVK-41198890,Plan International Países Baixos,active,Netherlands,21,plannlno,International NGO
XI-IATI-OFID,Fundo da OPEP para o Desenvolvimento Internacional (OFID),active,Austria,40,ofid,Multilateral
XI-IATI-CWSEC,Secretariado da Commonwealth,active,(No country assigned),40,commonwealthsecretariat,Multilateral
NL-KVK-41201644,Fundação Wemos,active,Netherlands,21,wemos,International NGO
US-EIN-26-1931968,Promundo-US,active,United States,21,pmo-us,International NGO
NL-KVK-33185213,Royal Tropical Institute,active,Netherlands,21,kit,International NGO
NL-KVK-41207580,Stichting Health Action International,active,Netherlands,60,hai,Foundation
NI-MIGOB-3602,Fondo Centroamericano de Mujeres,active,Nicaragua,60,fcam,Foundation
NL-KVK-34159275,UTZ,active,Netherlands,21,utz,International NGO
NL-KVK-41207989,Aidsfonds - Soa Aids Nederland,active,Netherlands,21,nl-kvk-41207989,International NGO
UG-RSB-73316,African Centre for Global Health and Social Transformation,active,Uganda,21,achest,International NGO
ZW-PVO-WO1789,Family Aids Caring Trust,active,Zimbabwe,22,fact,National NGO
GB-CHC-222655,Liverpool School of Tropical Medicine,active,United Kingdom,80,lstm,"Academic, Training and Research"
GB-COH-RC000710,,active,United Kingdom,80,queen_mary_london,"Academic, Training and Research"
KE-NCB-200201282375,Urgent Action Fund – Africa,active,Kenya,23,uaf-africa,Regional NGO
GB-CHC-1142516,ColaLife,active,United Kingdom,22,colalife,National NGO
XM-DAC-47059,Organização Internacional de Direito ao Desenvolvimento (IDLO),active,Italy,40,idlo,Multilateral
NL-KVK-41149831,Mensen met een Missie,active,Netherlands,22,mm1,National NGO
NL-KVK-30204842,Netherlands Food Partnership,active,Netherlands,60,nfp,Foundation
NL-KVK-41208813,Defence for Children International Netherlands – ECPAT Netherlands,active,Netherlands,22,dciecpatnl,National NGO
XM-DAC-41302,Organização Internacional do Trabalho (OIT),active,Switzerland,40,ilo,Multilateral
NL-KVK-27189542,Netherlands Institute for Multiparty Democracy (NIMD),active,Netherlands,21,nimd-hq,International NGO
NL-KVK-40530467,Milieudefensie,active,Netherlands,22,foenl,National NGO
US-EIN-47-4128047,Friends of Publish What You Fund,active,United States,21,friendsofpwyf,International NGO
BD-ROC-S-12313,,active,Bangladesh,80,bpcrs,"Academic, Training and Research"
NL-KVK-58183167,Fundação HE,active,Netherlands,60,hefoundation,Foundation
KE-NCB-93175,Amref Health Africa in Kenya,active,Kenya,21,amrefkenya,International NGO
NL-KVK-41150939,Solidaridad Europa,active,Netherlands,21,solidaridad-europe,International NGO
UG-RSB-29587,,active,Uganda,22,fidauganda,National NGO
US-EIN-31-1812979,CREA,active,India,21,creausa-org,International NGO
NL-KVK-52957535,Free Press Unlimited,active,Netherlands,21,free_press_unlimited,International NGO
NL-KVK-41172933,WASTE advisers on urban environment and development,active,Netherlands,60,waste,Foundation
FR-SIRET-77566669600015,SECOURS CATHOLIQUE – CARITAS FRANÇA,active,France,21,sccf,International NGO
GB-CHC-1062638,Disasters Emergency Committee,active,United Kingdom,22,dec-uk,National NGO
US-EIN-91-1179750,,active,United States,21,pbi_io,International NGO
NL-KVK-40409352,Cruz Vermelha Neerlandesa,active,Netherlands,21,nlrc,International NGO
XI-IATI-IKI,International Climate Initiative/BMU – Seceratriado da IKI,active,Germany,10,bmu_iki,Government
NL-KVK-51756811,Solidaridad,active,Netherlands,21,solidaridad,International NGO
NL-KVK-34111374,Fundação Fair Wear,active,Netherlands,21,fwf,International NGO
NL-KVK-40530953,Anistia Internacional Países Baixos,active,Netherlands,21,amnesty,International NGO
NL-KvK-41177601,Mondiaal FNV,active,Netherlands,22,mondiaalfnv,National NGO
NL-KVK-41177588,WNF Wereld Natuur Fonds,active,Netherlands,21,wnf,International NGO
AU-ACNC-19242959685,International Women's Development Agency,active,Australia,21,iwda,International NGO
NL-KVK-41180885,Comité Neerlandês da UICN,active,Netherlands,21,iucn_nl,International NGO
NL-KVK-41155305,Tropenbos International,active,Netherlands,21,tbi,International NGO
ZA-PBO-064-502,Sonke Gender Justice,active,South Africa,21,sjg,International NGO
NL-KVK-27267681,Centro do Clima da Cruz Vermelha e do Crescente Vermelho,active,Netherlands,21,climate_centre,International NGO
NL-KVK-9099028,Wetlands International,active,(No country assigned),21,wi,International NGO
PK-VSWA-511-2007,Acid Survivors Foundation,active,Pakistan,22,_admin,National NGO
NL-KVK-54436222,CNV Internationaal,active,Netherlands,22,nl-kvk-54436222-27541,National NGO
GB-COH-01846493,AECOM,active,United Kingdom,70,aecom,Private Sector
GB-CHC-1160256,,active,United Kingdom,21,read-foundation,International NGO
BE-BCE_KBO-0410057701,Institute of Tropical Medicine,active,Belgium,15,itm,Other Public Sector
ZW-ROD-2172,,active,Zimbabwe,22,galz,National NGO
BE-BCE_KBO-0264814354,Agência de desenvolvimento belga (Enabel),active,Belgium,10,enabel,Government
GB-CHC-287287,Centre for Economic Policy Research,active,United Kingdom,22,cepr,National NGO
NL-KVK-41197577,Aldeias de Crianças SOS – Países Baixos,active,Netherlands,60,sosnl,Foundation
NL-KVK-41211943,HealthNet TPO,active,Netherlands,21,healthnet,International NGO
GB-SC-SCO45223,marysmeals,active,United Kingdom,21,marysmeals,International NGO
AF-MOE-1212,Afghanistan Public Policy Research Organization (APPRO),active,Afghanistan,80,appro-af,"Academic, Training and Research"
GB-COH-04105827,MannionDaniels,active,United Kingdom,70,manniondaniels,Private Sector
BE-GTCF-630789842,APPRO – Europe,active,Belgium,80,appro-eu,"Academic, Training and Research"
NL-KVK-27195046,VNG International,active,Netherlands,15,vngi,Other Public Sector
KE-RCO-C1-61,Sede da Amref Health Africa,active,Kenya,21,amrefhq,International NGO
NL-KVK-09098104,Wageningen University & Research - Stichting Wageningen Research,active,Netherlands,80,wageningen_ur,"Academic, Training and Research"
NL-KVK-27078545,FMO,active,Netherlands,30,fmo,Public Private Partnership
GB-COH-03846881,Social Development Direct Limited,active,United Kingdom,70,sddirect,Private Sector
XI-IATI-CABI,CABI,active,(No country assigned),40,cabi,Multilateral
US-EIN-52-1764268,BSR,active,United States,21,bsr_admin,International NGO
GB-COH-07964746,,active,United Kingdom,70,satelliteapplicationscatapultltd,Private Sector
GB-COH-11080032,,active,United Kingdom,70,medaccess,Private Sector
NL-KVK-40530156,COC Nederland,active,Netherlands,22,cocnl_publisher,National NGO
NL-KVK-41078390,Centro Europeu de Jornalismo,active,Netherlands,22,ejc,National NGO
KR-GOV-010,República da Coreia,active,Korea (Republic of),10,odakorea,Government
ET-MFA-0001989741,Amref Health Africa in Ethiopia,active,Ethiopia,21,amrefeth,International NGO
GB-COH-02651349,IMC WORLDWIDE,active,United Kingdom,70,imcw_admin,Private Sector
IN-MCA-U74140DL1998PLC097579,IPE Global Limited,active,India,70,ipeglobal,Private Sector
GB-CHC-209603,Royal National Lifeboat Institution (RNLI),active,United Kingdom,21,rnli_international,International NGO
GB-COH-05543952,Cardno Emerging Markets,active,United Kingdom,70,cardnoem,Private Sector
MW-NBM-R1527,Amref Health Africa in Malawi,active,Malawi,22,amrefmw,National NGO
XI-IATI-WAI,WASH Alliance International,active,Netherlands,21,wai,International NGO
GB-CHC-1148143,Stakeholder Democracy Network,active,United Kingdom,21,sdn,International NGO
GB-COH-04354941,Sound Seekers Limited,active,United Kingdom,21,soundseekers,International NGO
US-DOS-64562614,One Acre Fund,active,(No country assigned),21,oneacrefund,International NGO
MW-CNM-BCM-CF,Baylor College of Medicine Children's Foundation Malawi,active,Malawi,22,bcm-cf,National NGO
UG-NGB-5914-252,Amref Health Africa in Uganda,active,Uganda,22,amrefug,National NGO
GB-CHC-228248,Overseas Development Institute,active,United Kingdom,80,odi,"Academic, Training and Research"
NL-KVK-53521129,"IDH, the Sustainable Trade Initiative",active,Netherlands,21,idh,International NGO
MW-CNM-C076-1999,Youth Net and Counselling – YONECO,active,Malawi,22,yoneco1997,National NGO
XM-DAC-69-1,Ministério dos Assuntos Estrangeiros e Europeus da República Eslovaca,active,Slovakia,10,slovakaid,Government
US-EIN-20-1173866,Omidyar Network Fund Inc.,active,United States,60,omidyarnetwork,Foundation
CA-CRA_ACR-101182509,Cowater International Inc,active,Canada,70,cowater,Private Sector
ZA-NPO-057-611,,active,South Africa,23,nj_1,Regional NGO
FI-PRO-139407,Caritas Finlândia,active,Finland,22,caritasfin,National NGO
XM-DAC-903,Sociedade Financeira Internacional,active,United States,40,ifcwbg,Multilateral
US-EIN-550825466,IntraHealth International,active,United States,21,intrahealth,International NGO
NL-KVK-855689493,Stichting Mayday Rescue Foundation,active,Netherlands,60,maydayrescue,Foundation
GB-COH-08828458,International Network of People who Use Drugs (INPUD),active,United Kingdom,21,inpud_admin,International NGO
US-EIN-13-4128413,Global Alliance for TB Drug Development,active,United States,80,tb-a,"Academic, Training and Research"
NL-KVK-41146461,Stichting Deltares,active,Netherlands,60,deltares,Foundation
NO-BRC-871033552,Norwegian People's Aid,active,Norway,21,npa,International NGO
GB-CHC-1145640,The Queen Elizabeth Diamond Jubilee Trust,active,United Kingdom,60,qedjt,Foundation
ZA-PBO-930040668,Orbis Africa,active,South Africa,21,orbis_africa,International NGO
XM-DAC-1409,Enhanced Integrated Framework,active,Switzerland,40,eif,Multilateral
IM-CR-024714B,openmindedly,active,Isle of Man,70,openmindedly,Private Sector
GB-COH-08333641,Delivery Associates Ltd,active,United Kingdom,70,delivery_associates,Private Sector
XM-DAC-41110,Secretariado do Programa Conjunto das Nações Unidas sobre HIV/AIDS (ONUSIDA),active,Switzerland,40,unaids,Multilateral
NL-KVK-41209946,Mainline,active,Netherlands,60,mainline,Foundation
GB-COH-SC100833,LTS International Limited,active,United Kingdom,70,lts,Private Sector
GB-CHC-1126281,Human Relief Foundation,active,United Kingdom,21,hrf,International NGO
US-EIN-262681792,International Initiative for Impact Evaluation,active,United States,21,3ie,International NGO
BE-BCE_KBO-0453975341,Search for Common Ground (SFCG),active,Belgium,21,sfcg,International NGO
BE-BCE_KBO-0453475391,Search for Common Ground (SFCG),withdrawn,Belgium,21,sfcg,International NGO
US-EIN-13-5660870,Comité Internacional de Socorro,active,United States,21,irc_inc,International NGO
NP-SWC-27288,Burns Violence Survivors – Nepal,active,Nepal,22,bvs-nepal,National NGO
US-EIN-13-3960591,,active,United States,21,social_accountability_international,International NGO
NL-KVK-56083459,Women Peacemakers Program,active,Netherlands,21,wpp,International NGO
GB-COH-01650169,Ecorys UK,active,United Kingdom,70,ecuk,Private Sector
US-EIN-471065461,The Global Forum on MSM & HIV (MSMGF),active,United States,21,msmgf,International NGO
US-EIN-56-1071085,Ipas,active,United States,21,ipas,International NGO
NG-CAC-495140,Women Environmental Programme,active,Nigeria,22,wep,National NGO
DK-CVR-36980214,DanChurchAid,active,Denmark,21,dca,International NGO
NL-KVK-41214768,Global Network of People Living with HIV (GNP+),active,Netherlands,21,gnpplus,International NGO
BO-NIT-1013209020,,active,Bolivia,21,wwf_bolivia,International NGO
GB-COH-08705643,,active,United Kingdom,15,ktn,Other Public Sector
GB-COH-SC349355,Global Network of Sex Work Projects (NSWP),active,United Kingdom,21,nswp,International NGO
NL-KVK-34219433,Fundação Max,active,Netherlands,60,max-foundation,Foundation
CH-FDJP-66029860165,INTERNATIONAL DISABILITY ALLIANCE,active,Switzerland,21,ida,International NGO
US-EIN-27-5026463,Disability Rights Advocacy Fund,active,United States,21,draf,International NGO
DK-CVR-29439915,Caritas Dinamarca,active,Denmark,22,caritas_denmark,National NGO
NL-KVK-66926262,Win Win Strategies,active,Netherlands,21,wws,International NGO
GB-COH-03054929,DAI Global Health,active,United Kingdom,70,healthpartners-international,Private Sector
GB-COH-OC305127,BDO LLP,active,United Kingdom,70,bdo,Private Sector
US-EIN-203908371,Fórum Económico Mundial,active,United States,21,worldeconomicforum,International NGO
BW-CIPA-CO20151011,International Treatment Preparedness Coalition (ITPC),active,Botswana,21,itpc,International NGO
TZ-BRLA-4368,Amref Health Africa in Tanzania,active,"Tanzania, United Republic of",21,amreftz,International NGO
US-EIN-52-1238773,Women's Environment & Development Organization,active,United States,21,wedo,International NGO
GB-COH-NI630024,Siren Associates,active,United Kingdom,70,siren,Private Sector
GB-COH-8159144,Construction Sector Transparency Initiative (CoST),active,(No country assigned),21,cost_uk,International NGO
NL-KVK-32022621,,active,Netherlands,21,rnw_org,International NGO
BE-BCE_KBO-0550758080,Instituto Europeu para a Paz,active,Belgium,15,eip,Other Public Sector
NL-KVK-33226495,Atradius Dutch State Business,active,Netherlands,70,adsb,Private Sector
ZA-NPO-029-864,CIVICUS World Alliance for Citizen Participation,active,South Africa,21,civicus,International NGO
NG-CAC-IT-23286,Centre For Citizens With Disabilities,active,Nigeria,22,ccdnigeria,National NGO
XI-IATI-UNPF,UN Pooled Funds,active,(No country assigned),40,unpf,Multilateral
CH-FDJP-66006990023,ACT Alliance,active,Switzerland,21,act_alliance,International NGO
NL-KVK-30258482,,active,Netherlands,21,kerk_in_actie,International NGO
XM-DAC-47064,International Network for Bamboo and Rattan (INBAR),active,(No country assigned),40,inbar,Multilateral
NL-KVK-27251823,Support Trust for Africa Development (STAD),active,Netherlands,21,stad,International NGO
XM-DAC-5-52,,active,Germany,15,giz,Other Public Sector
XM-DAC-236,Ministério da Economia e das Finanças do Benim,active,Benin,10,mefbenin,Government
DK-CVR-44623528,COWI,active,Denmark,15,cowi,Other Public Sector
NL-KVK-34148682,AFEW International,active,Netherlands,21,afewinternational,International NGO
XM-DAC-30011,União Internacional para a Conservação da Natureza e dos Seus Recursos,active,Switzerland,15,iucn,Other Public Sector
BJ-IFU-3200700033415,Société Nationale des Eaux du Bénin (SONEB),active,Benin,15,soneb-benin,Other Public Sector
LB-MOI-18291,Arab foundation for freedoms and equality,active,Lebanon,23,afemena,Regional NGO
US-GOV-1,Agência dos Estados Unidos para o Desenvolvimento Internacional (USAID),active,United States,10,usaid,Government
GB-COH-07321996,Integrity Research and Consultancy Ltd,active,United Kingdom,70,integrity,Private Sector
CH-FDJP-109458452,DCAF – Geneva Centre for Security Sector Governance,active,Switzerland,60,dcaf,Foundation
US-EIN-943287156,Association for Progressive Communication,active,United States,21,apc,International NGO
KE-RCO-201036685,UHAI EASHRI,active,Kenya,60,uhai-eashri,Foundation
CZ-ICO-25755277,People in Need,active,Czechia,21,pin,International NGO
ZA-NPO-060766,,active,South Africa,21,cal_2000-pu,International NGO
BE-BCE_KBO-0427736148,Trias,active,Belgium,22,trias,National NGO
IE-CHY-20009601,Trocaire,active,Ireland,21,trocaire,International NGO
GB-CHC-1171353,Global Innovation Fund,active,United Kingdom,21,gif,International NGO
GB-COH-04161656,ICF Consulting Services Ltd,active,United Kingdom,70,icf,Private Sector
BJ-IFU-6201408024805,Associação Nacional de Comunas do Benim (ANCB),active,Benin,22,ancb_benin,National NGO
US-EIN-13-2890727,Guttmacher Institute,active,United States,21,guttmacher,International NGO
XM-DAC-41301,Organização das Nações Unidas para a Alimentação e a Agricultura (FAO),active,Italy,40,fao,Multilateral
CH-FDJP-106064950,Medair,active,Switzerland,21,medair,International NGO
NL-KVK-27302841,Giro555 (Stichting Samenwerkende Hulporganisaties),active,Netherlands,21,giro555,International NGO
GB-COH-RC000053,,active,United Kingdom,80,thebritishacademy,"Academic, Training and Research"
XM-DAC-928,Organização Mundial da Saúde,active,Switzerland,40,who,Multilateral
GB-CHC-1154230,Girls Not Brides: The Global Partnership to End Child Marriage,active,United Kingdom,21,girlsnotbrides,International NGO
NL-KVK-41152832,Stichting Nederlands Instituut voor Internationale Betrekkingen 'Clingendael',active,Netherlands,80,clingendael,"Academic, Training and Research"
IN-MCA-U74900MH2015PTC310042,,withdrawn,India,70,intellecap,Private Sector
NL-KVK-41160229,PUM Netherlands,active,Netherlands,21,pumnl,International NGO
NL-KVK-41153698,World Federalist Movement - Institute for Global Policy,active,Netherlands,21,wfm-igp,International NGO
GB-CHC-1091105,Meningitis Research Foundation,active,United Kingdom,21,mrf,International NGO
PH-SEC-FN200806591,Women's Global Network on Reproductive Rights,active,Philippines,21,wgnrr_iati,International NGO
US-EIN-27-3755556,IDEO.org,active,United States,21,ideo_org,International NGO
ET-CSA-0081,,active,Ethiopia,22,swda,National NGO
CH-FDJP-66004229946,Fórum Económico Mundial – Genebra,active,Switzerland,21,weforum_geneva,International NGO
BE-BCE_KBO-0410644946,Caritas International (Bélgica),active,Belgium,22,cibe,National NGO
CH-FDJP-CHE105834763,Helvetas Swiss Intercooperation,active,Switzerland,21,hsi,International NGO
NL-KVK-30195730,MVO Nederland,active,Netherlands,15,mvo_nederland,Other Public Sector
ML-NIF-400100027H,DNH Mali (Direção Nacional de Hidráulica do Mali),active,Mali,10,pca-gire,Government
US-EIN-13-1624114,Near East Foundation (NEF USA),active,United States,21,nef_usa,International NGO
US-EIN-58-1454716,The Carter Center,active,United States,21,carter-center,International NGO
NL-KVK-41169161,International Child Development Initiatives,withdrawn,Netherlands,21,icdi,International NGO
NL-KVK-27290536,HiiL innovating Justice,active,Netherlands,60,hiil_mfa,Foundation
PS-MOI-RA-22220-A,Union of Agricultural Work Committees,active,"Palestine, State of",22,uawc,National NGO
NL-KVK-53815211,Stichting VU Amsterdam - Amsterdam Centre for World Food Studies,active,Netherlands,80,acwfs_vu,"Academic, Training and Research"
ET-MOT-020/4/007,Ethiopian Horticulture Producer Exporters Association (EHPEA),active,Ethiopia,22,ehpea,National NGO
NL-KVK-41197411,Instituto Internacional de Documentação Fiscal (IBFD),active,Netherlands,80,ibfd,"Academic, Training and Research"
NL-KVK-67143555,United Work,active,Netherlands,22,united_work,National NGO
NL-KVK-27102631,Comité Nacional dos Países Baixos do UNICEF,active,Netherlands,22,unicefnl,National NGO
XM-DAC-6-4,AICS - Agenzia Italiana per la Cooperazione allo Sviluppo/Agência Italiana para a Cooperação e o Desenvolvimento,active,Italy,10,aics,Government
US-EIN-26-4129153,Climate Policy Initiative,active,United States,80,cpi,"Academic, Training and Research"
LR-MPEA-NGO-AC-0298,YMCA of Liberia,active,Liberia,22,libymca,National NGO
KE-RCO-CPR-2009-5689,,active,Kenya,23,tma,Regional NGO
KE-RCO-CPR/2009/5689,TradeMark East Africa,withdrawn,Kenya,23,tmea,Regional NGO
TR-MOI-27-018-163,Local Development and Small Projects Support,active,Turkey,22,ldsps,National NGO
BE-BCE_KBO-0418766123,Vlaamse Interuniversitaire Raad voor Universitaire Ontwikkelingssamenwerking (VLIR-UOS),active,Belgium,80,vlir-uos,"Academic, Training and Research"
ET-CSA-0009,,active,Ethiopia,22,dec_ethiopia,National NGO
AR-CENOC-16969-A,Fundación Fondo Mujeres del Sur,active,Argentina,60,fms,Foundation
US-EIN-58-2368165,Fundação das Nações Unidas,active,United States,22,unf,National NGO
XM-DAC-47058,International IDEA,active,Sweden,40,idea,Multilateral
NL-KVK-41146484,IHE Delft Institute for Water Education,active,Netherlands,80,ihedelft,"Academic, Training and Research"
US-EIN-13-2626135,TechnoServe,active,United States,21,tns,International NGO
MZ-NUIT-700098168,Administração de Infra-Estruturas de Águas e Saneamento,active,Mozambique,10,aias,Government
XM-DAC-46009,Banco de Desenvolvimento do Caribe (BDC),active,(No country assigned),40,caribank,Multilateral
US-EIN-463668128,Comissão para as Mulheres Refugiadas,active,United States,21,w_r_c,International NGO
MZ-NUIT-50039061,Agência de Desenvolvimento do Vale do Zambeze,active,Mozambique,10,agencia_do_zambeze,Government
US-EIN-56-2460366,Conflict Dynamics International,active,United States,21,cdi,International NGO
GB-COH-RC000658,Universidade de Leeds,active,United Kingdom,80,leedsuni,"Academic, Training and Research"
MW-MRA-20125995,Mulanje Mission Hospital,active,Malawi,22,mmh,National NGO
NL-KVK-73728489,,active,Netherlands,21,inso,International NGO
GB-CHC-1140276,International NGO Safety Organisation,withdrawn,United Kingdom,21,inso,International NGO
XM-DAC-41116,Programa das Nações Unidas para o Meio Ambiente (PNUA),active,(No country assigned),40,un-environment,Multilateral
MW-RG-2977,Palliative Care Support Trust,active,Malawi,22,pcst,National NGO
GB-CHC-802353,Ethiopiaid Reino Unido,active,United Kingdom,21,ethiopiaiduk,International NGO
NL-KVK-70292361,Access to Seeds Foundation,active,Netherlands,21,atsf,International NGO
BE-BCE_KBO-0408643875,Oxfam Solidarité-Solidariteit,active,Belgium,22,oxsol,National NGO
US-EIN-33-1112770,CLASP,active,United States,21,clasp,International NGO
NL-KVK-58279199,The Access to Nutrition Foundation,active,Netherlands,21,atnf,International NGO
GB-CHC-1106349,International Network for Advancing Science and Policy,active,United Kingdom,21,inasp,International NGO
BD-NAB-1102,Population Services and Training Centre (PSTC),active,Bangladesh,22,pstc_1102,National NGO
JO-CCD-200138796,Horizons for Green Development,active,Jordan,22,horizons,National NGO
GB-CHC-1082565,Handicap International UK,active,United Kingdom,80,hiuk,"Academic, Training and Research"
ET-CSA-0638,Send a Cow Ethiopia,active,Ethiopia,22,sacethiopia,National NGO
RS-APR-17062603,Caritas Sérvia,active,(No country assigned),22,caritas_serbia,National NGO
NL-KVK-41185216,Netherlands Commission for Environmental Assessment,active,Netherlands,60,ncea,Foundation
US-EIN-23-7069110,Oxfam America,active,United States,21,oxfamus,International NGO
KE-NCB-218/051/15179/10159,Kesho Kenya,active,Kenya,22,kesho_kenya,National NGO
KE-NCB-OP21805193101154,Ananda Marga Universal Relief Team (AMURT) Africa,active,Kenya,22,amurt_kenya,National NGO
KE-NCB-KENCBOP218051200802235390,Pastoralist Girls Initiative,active,Kenya,22,pgi_kenya,National NGO
LB-MOI-26_AD,Fundação Berytech,active,Lebanon,60,berytech,Foundation
NL-KVK-64680029,,active,Netherlands,60,wfaf,Foundation
NL-KVK-41150085,Nuffic,active,Netherlands,80,nuffic20171017,"Academic, Training and Research"
BJ-IFU-6201200599008,ONG ALCRER,active,Benin,22,alcrer-1,National NGO
SE-ON-802017-3517,Diakonia Sweden,active,Sweden,21,diakonia-sweden,International NGO
BJ-IFU-6201101048400,Social Watch Benin,active,Benin,22,swb_1,National NGO
GB-GOV-13,"Department for Business, Energy and Industrial Strategy (BEIS) – Reino Unido",active,United Kingdom,10,beis,Government
US-EIN-13-1687001,"The Population Council, Inc.",active,United States,80,populationcouncil,"Academic, Training and Research"
SN-NINEA-621108990A0,Panos Institute West Africa (PIWA),active,Senegal,21,ipao,International NGO
NL-KVK-41159889,Prince Claus Fund,active,Netherlands,21,pcf,International NGO
US-EIN-11-3803281,African Center for Economic Transformation (ACET),active,United States,23,acet,Regional NGO
GB-COH-09288843,The Power of Nutrition,active,United Kingdom,60,the_power_of_nutrition,Foundation
DK-CVR-20699310,Conselho Dinamarquês para os Refugiados,active,Denmark,21,drc,International NGO
GB-CHC-1051681,Charitable Trust – Secção do Reino Unido da Amnistia Internacional,active,United Kingdom,21,aiuk,International NGO
GB-EDU-133784,Universidade de Birmingham,active,United Kingdom,80,universityofbirmingham,"Academic, Training and Research"
MZ-NUIT-600000381,Fundo de Investimento e Património do Abastecimento de Água (FIPAG),active,Mozambique,15,fipag,Other Public Sector
ZW-PVO-15/2003,CARE International in Zimbabwe,active,Zimbabwe,21,ciz,International NGO
US-EIN-521257057,Instituto de Recursos Mundiais,active,United States,21,wri,International NGO
KE-RSO-14210,United Disabled Persons of Kenya,withdrawn,Kenya,22,udpk,National NGO
BE-BCE_KBO-0435563751,Memisa,active,Belgium,80,memisa,"Academic, Training and Research"
ZW-PVO-26/79,World Vision Zimbabwe,active,Zimbabwe,21,wvz-gec,International NGO
NL-KVK-34271281,World Waternet,active,Netherlands,60,worldwaternet,Foundation
NL-KVK-24316726,Ecorys Nederland B.V.,active,Netherlands,70,ecorysnl,Private Sector
XM-DAC-47136,Global Green Growth Institute (GGGI),active,(No country assigned),40,gggi,Multilateral
BE-BCE_KBO-0448755949,Collectif Stratégies Alimentaires,active,Belgium,22,csa,National NGO
NL-KVK-34370207,Universidade de Amesterdã,active,Netherlands,80,uva_org,"Academic, Training and Research"
NL-KVK-41201198,The Hunger Project Netherlands,active,Netherlands,21,thp_org,International NGO
BE-BCE_KBO-0451857573,VVSG – Vereniging van Vlaamse Steden en Gemeenten,active,Belgium,15,vvsg,Other Public Sector
BE-BCE_KBO-0425410524,SOS FAIM – SOS HUNGER,active,Belgium,22,sosfaim,National NGO
ET-CSA-0486,Wolayita Development Association,active,Ethiopia,80,woda_0486,"Academic, Training and Research"
BE-BCE_KBO-0423616717,VVOB Education for Development,active,Belgium,15,vvob,Other Public Sector
BE-BCE_KBO-0423588904,Autre Terre asbl,active,Belgium,80,a-t,"Academic, Training and Research"
BE-BCE_KBO-0449400604,Ngo-federatie (Vlaamse federatie van ngo's voor ontwikkelingssamenwerking),active,Belgium,22,ngo-federatie,National NGO
CA-CRA_ACR-872374426,War Child Canada,active,Canada,21,wcc,International NGO
KE-NCB-218/051/93132/90,Federation of Women Lawyers Kenya,active,Kenya,22,fida,National NGO
IN-MCA-U74140WB1983PTC036093,PricewaterhouseCoopers Private Limited India,active,India,70,pwcplindia,Private Sector
ET-CSA-1063,Orbis Ethiopia,active,Ethiopia,22,orbis_ethiopia,National NGO
BE-BCE_KBO-0461076236,Centre Tricontinental – CETRI,active,Belgium,22,ct-admin,National NGO
BE-BCE_KBO-0418015461,Entraide et Fraternité,active,Belgium,22,ef_,National NGO
GB-CHC-1076822,Save the Children International,active,United Kingdom,21,sci,International NGO
BE-BCE_KBO-0422717486,Louvain Coopération,active,Belgium,22,lc,National NGO
BE-BCE_KBO-0451516390,Brulocalis,active,Belgium,15,brulocalis,Other Public Sector
BE-BCE_KBO-0421207751,Centre National de Coopération au Développement (CNCD-11.11.11),active,Belgium,22,cncd,National NGO
BE-BCE_KBO-0418282311,Viva Salud,active,Belgium,22,g3w-m3m_admin,National NGO
BE-BCE_KBO-0416486821,Oxfam-Magasins du monde (omdm),active,Belgium,22,omdm,National NGO
BE-BCE_KBO-0451461655,Union des Villes et Communes de Wallonie (UVCW),active,Belgium,15,uvcw,Other Public Sector
XM-OCHA-CBPF,OCHA Country Based Pooled Funds,active,(No country assigned),40,unocha-cbpf,Multilateral
BE-BCE_KBO-0424198222,Association for Cultural Technical and Educational Cooperation (ACTEC),active,Belgium,22,actec,National NGO
BE-BCE_KBO-0408908151,Iles de Paix,active,Belgium,22,idp,National NGO
NP-SWC-1844,Center for Research on Environment Health and Population Activities (CREHPA),active,Nepal,22,crehpa,National NGO
US-EIN-237297651,Orbis International,active,United States,21,orbis_international,International NGO
BE-BCE_KBO-0474198059,Africalia,active,Belgium,15,africalia,Other Public Sector
BE-BCE_KBO-0419872616,Tearfund VZW (TFBE),active,Belgium,22,tfb_admin1,National NGO
BE-BCE_KBO-0413986102,Wereldsolidariteit-Solidarité Mondiale (WSM),active,Belgium,22,wsm,National NGO
NG-CAC-692943,Academy for Health Development (AHEAD),active,Nigeria,80,ahead,"Academic, Training and Research"
BE-BCE_KBO-0461634084,Rode Kruis-Vlaanderen Internationaal vzw,active,Belgium,22,rkiv,National NGO
BE-BCE_KBO-0410661673,SCI Projets Internationaux ASBL – Service Civil International branche belge,active,Belgium,22,scibelgium,National NGO
BE-BCE_KBO-0432552989,Fonds voor Ontwikkelingssamenwerking – Socialistische Solidariteit VZW,active,Belgium,22,fos,National NGO
BE-BCE_KBO-0445412518,Institute for International Workers Education,active,Belgium,22,iiwe,National NGO
AF-MOE-138,Fundação Aga Khan – Afeganistão,active,Afghanistan,60,akf_afghanistan,Foundation
BE-BCE_KBO-0415627875,ULB-Coopération,active,Belgium,22,ulbcoop,National NGO
DK-CVR-37295728,NIRAS A/S,active,Denmark,70,niras,Private Sector
NL-KVK-62066064,GOGLA – Global Off-Grid Lighting Association,active,Netherlands,70,gogla,Private Sector
US-EIN-06-1608361,African Population and Health Research Center,active,United States,21,aphrc,International NGO
BE-BCE_KBO-0409451054,Enfance Tiers Monde Kinderen Derde Wereld,active,Belgium,22,etmkdw,National NGO
ZW-ROD-MA988/87,Women's Action Group,active,Zimbabwe,22,wag-1983,National NGO
BE-BCE_KBO-0408628435,SOS Kinderdorpen België / SOS Villages d'Enfants Belgique,active,Belgium,21,svdbskb_admin,International NGO
ET-CSA-1233,EngenderHealth Ethiopia,active,Ethiopia,21,engenderhealth_eth,International NGO
US-EIN-52-2145827,Chemonics International Inc.,active,United States,70,chemonics,Private Sector
BE-BCE_KBO-0441988715,Fairtrade Bélgica,active,Belgium,22,fairtrade_be,National NGO
LB-MOI-497,ABAAD – Resource Center for Gender Equality,active,Lebanon,22,arcfge,National NGO
ZM-PCR-10104052014,,active,Zambia,21,pphpz,International NGO
BE-BCE_KBO-0462132150,Croix-Rouge de Belgique Communauté francophone - Activités internationales ASBL,active,Belgium,22,crb-ai_admin,National NGO
BE-BCE_KBO-0431955945,Sensorial Handicap Cooperation,active,Belgium,80,shc,"Academic, Training and Research"
BE-BCE_KBO-0415880570,Association pour la Promotion de l'Education et de la Formation à l'Etranger,active,Belgium,15,apefe,Other Public Sector
BE-BCE_KBO-0433439550,Défi Belgique Afrique,active,Belgium,22,dba,National NGO
BE-BCE_KBO-0463455904,Chaîne de l'Espoir Belgique / Keten van Hoop België / Chain of Hope Belgium,active,Belgium,22,cdeb-kvhb_admin,National NGO
BE-BCE_KBO-0432235661,Handicap International Belgique,active,Belgium,22,hib,National NGO
BE-BCE_KBO-0415426155,Miel Maya Honing asbl,active,Belgium,22,mmha,National NGO
NL-KVK-34185938,Access to Medicine Foundation,active,Netherlands,60,atmf,Foundation
BE-BCE_KBO-0442168263,VETERINAIRES SANS FRONTIERES / DIERENARTSEN ZONDER GRENZEN - BÉLGICA,active,Belgium,22,vsfbelgium,National NGO
BE-BCE_KBO-0419189557,Rotary Clubs For Development,active,Belgium,22,rc4d,National NGO
BE-BCE_KBO-0454555163,RCN Justice & Démocratie,active,Belgium,22,rcn,National NGO
BE-BCE_KBO-0460162753,Medecins du Monde Belgique / Dokters van de Wereld Belgïe,active,Belgium,22,medecins,National NGO
BE-BCE_KBO-0413119733,VIA Don Bosco,active,Belgium,22,via-db,National NGO
BE-BCE_KBO-0408022778,Djapo,active,Belgium,22,djapo,National NGO
BE-BCE_KBO-0420656336,Rikolto in Belgium,active,Belgium,22,rikolto_belgium,National NGO
BE-BCE_KBO-0407562029,Comité Nacional da Bélgica do UNICEF,active,Belgium,22,ub,National NGO
BE-BCE_KBO-0662878501,Rikolto,active,Belgium,60,rikolto,Foundation
BE-BCE_KBO-0418088113,Broederlijk Delen,active,Belgium,22,bd,National NGO
BE-BCE_KBO-0417299047,Protos,active,Belgium,22,protos,National NGO
BE-BCE_KBO-0479866027,Studio Globo,active,Belgium,80,sg,"Academic, Training and Research"
BE-BCE_KBO-0478060441,Beweging voor Internationale Solidariteit / Mouvement pour la Solidarité Internationale,active,Belgium,22,bismsi,National NGO
BE-BCE_KBO-0479222461,BOS+ tropen,active,Belgium,22,bos_plus_tropen,National NGO
BE-BCE_KBO-0432622077,FIAN Belgium,active,Belgium,22,fian-belgium,National NGO
BE-BCE_KBO-0463729878,Benelux Afro Center,active,Belgium,22,bac,National NGO
BE-BCE_KBO-0432624255,Solsoc,active,Belgium,22,solsoc,National NGO
BE-BCE_KBO-0408095925,Auto-Développement Afrique (ADA),active,Belgium,22,ada,National NGO
CO-RUE-860013779-5,,active,Colombia,70,profamilia,Private Sector
BE-BCE_KBO-0416934803,Forum Universitaire pour la Coopération Internationale au Développement – FUCID ASBL,active,Belgium,22,fucid,National NGO
BE-BCE_KBO-0418399305,COMMISSION JUSTICE ET PAIX ASBL (cjp),active,Belgium,22,cjp,National NGO
BE-BCE_KBO-0408656248,Fundo Mundial para a Natureza – Bélgica (WWF-BE),active,Belgium,22,wwf-be,National NGO
BE-BCE_KBO-0472089102,GEOMOUN ASBL,active,Belgium,22,geomoun,National NGO
BE-BCE_KBO-0408256667,Congodorpen vzw,active,Belgium,22,congodorpen,National NGO
GB-COH-04644326,Agulhas Applied Knowledge,active,United Kingdom,70,aak,Private Sector
BE-BCE_KBO-0409597544,FONCABA ASBL KBA VZW,active,Belgium,22,foncaba,National NGO
BE-BCE_KBO-0432503697,Eclosio,active,Belgium,22,eclosio,National NGO
BE-BCE_KBO-0420790948,Universitair Centrum voor Ontwikkelingssamenwerking,active,Belgium,22,ucos,National NGO
XM-DAC-7-PPR-4000005312,,active,Indonesia,60,ybawahid,Foundation
CO-RUE-900.683.942-8,,active,Colombia,30,rpm,Public Private Partnership
BE-BCE_KBO-0421210424,Koepel van de Vlaamse Noord-Zuidbeweging 11.11.11 VZW,active,Belgium,22,111111_publisher,National NGO
BE-BCE_KBO-0415365777,Oxfam Wereldwinkels,active,Belgium,22,oww,National NGO
JO-MSD-2013011100066,Queen Rania Foundation for Education and Development,active,Jordan,22,qrfed,National NGO
KE-NCB-218-051-93197-173,,active,Kenya,23,fawe-rs,Regional NGO
KE-NCB-218.051.93197.173,,withdrawn,Kenya,23,fawe-rs,Regional NGO
NL-KVK-09119363,Fundação PRACTICA,active,Netherlands,60,practica,Foundation
JO-COA-1701-HPC,,active,Jordan,15,hpc,Other Public Sector
US-EIN-22-3087809,IREX (International Research and Exchange Board),active,United States,21,irex,International NGO
XM-DAC-47066,Organização Internacional para as Migrações (OIM),active,Switzerland,40,iom,Multilateral
BE-BCE_KBO-0416867297,KIYO,active,Belgium,21,kiyo,International NGO
US-EIN-900634376,C40 Cities Climate Leadership Group,active,United States,80,c40cities,"Academic, Training and Research"
GB-CHC-1135700,British & Irish Agencies Afghanistan Group,active,United Kingdom,21,baag,International NGO
BE-BCE_KBO-0546740696,Académie de recherche et d'enseignement supérieur,active,Belgium,80,ares,"Academic, Training and Research"
BE-BCE_KBO-0474912493,Dynamo International asbl,active,Belgium,22,dynamo_international,National NGO
BE-BCE_KBO-0445741823,Quinoa,active,Belgium,22,quinoa,National NGO
BE-BCE_KBO-0443262185,Echos Communication,active,Belgium,22,ec,National NGO
BE-BCE_KBO-0448723978,Médecins Sans Vacances,active,Belgium,22,msv,National NGO
BE-BCE_KBO-0446340550,Comité pour l'abolition des dettes illégitimes,active,Belgium,22,cadtm,National NGO
BE-BCE_KBO-0415499795,ITECO – Centre de formation pour le développement,active,Belgium,22,iteco,National NGO
NL-KVK-40478591,Real Associação Neerlandesa de Futebol,active,Netherlands,15,knvb,Other Public Sector
ES-CIF-G81164105,Action Against Hunger Spain,active,Spain,21,acfspain,International NGO
BE-BCE_KBO-0406694670,Damiaanactie / Action Damien,active,Belgium,22,damien-foundation,National NGO
RW-RGB-101-RGB-NGO-2014,UWEZO Youth Empowerment,active,Rwanda,22,uwezo_youth_empowerment,National NGO
NL-KVK-41208024,Stichting Aidenvironment,active,Netherlands,60,aidenvironment,Foundation
BE-BCE_KBO-0425420917,Plan International Bélgica,active,Belgium,22,pib,National NGO
NL-KVK-32102434,Fundação RUAF,active,Netherlands,60,ruaf,Foundation
US-EIN-030358029,Population Media Center,active,United States,21,pmc,International NGO
BE-BCE_KBO-0430826290,Le Monde selon les femmes asbl,active,Belgium,22,mondefemmes,National NGO
BE-BCE_KBO-0417549465,Coopération par l'Education et la Culture,active,Belgium,22,cec,National NGO
DK-CVR-25191501,Danmission,active,Denmark,22,danmission,National NGO
IN-MHA-337680017,Network For Enterprise Enhancement and Development Support,active,India,22,needs,National NGO
CO-RUE-860049972,Fundación Oriéntame,active,Colombia,22,orientame,National NGO
CH-FDJP-CHE102197003,Federação Internacional dos Contabilistas,active,Switzerland,21,ifac,International NGO
US-EIN-27-1414646,Clinton Health Access Initiative,active,United States,21,chai,International NGO
US-EIN-13-3327220,Action Against Hunger USA,active,United States,21,aahusa,International NGO
GB-COH-07157505,ODI Global Advisory Ltd,active,United Kingdom,80,odi_sales_ltd,"Academic, Training and Research"
UG-NGB-5914-129,AVSI FOUNDATION IN UGANDA,active,Uganda,21,avsi_uganda,International NGO
GH-DSW-2046,African Women's Development Financiamento,active,Ghana,23,awdf,Regional NGO
DE-CR-BonnVR8726,IFOAM – Organics International,active,Germany,21,ifoam,International NGO
GB-COH-05126149,The MENTOR Initiative,active,United Kingdom,21,the_mentor_initiative,International NGO
EG-CR-117508,,active,Egypt,70,nroot,Private Sector
BD-NAB-0271,Bangladesh Nari Progati Sangha,active,Bangladesh,22,bnps,National NGO
GB-CHC-1112842,"Transparência Internacional, Reino Unido",active,United Kingdom,21,ti-uk,International NGO
GB-CHC-1119168,Energy 4 Impact,active,United Kingdom,21,e4i,International NGO
US-EIN-75-3130860,Center for Civilians in Conflict,active,United States,21,civic_admin,International NGO
GB-COH-RC000672,,active,United Kingdom,80,uos,"Academic, Training and Research"
GB-CHC-1047653,Raleigh International,active,United Kingdom,21,raleigh_int,International NGO
BE-BCE_KBO-0410757386,Solidagro,active,Belgium,80,solidagro_admin,"Academic, Training and Research"
NL-KVK-41199723,NLR,active,Netherlands,21,nlr,International NGO
TZ-TRA-101-091-759,Economic and Social Research Foundation (ESRF),active,"Tanzania, United Republic of",80,esrf,"Academic, Training and Research"
NL-KVK-24365461,Right to Play Netherlands Foundation,active,Netherlands,21,rtp,International NGO
NL-KVK-08134161,VEI (Vitens-Evides International),active,Netherlands,70,vei_nl,Private Sector
XM-DAC-21018,Federação Internacional da Cruz Vermelha e do Crescente Vermelho (IFRC),active,Switzerland,21,ifrcrcs,International NGO
UG-NGB-10890,Bucks Community NGO,active,Uganda,22,bucksfarm,National NGO
XM-DAC-43000,Fundo Monetário Internacional,active,United States,40,imf,Multilateral
GB-CHC-314137,Association of Commonwealth Universities,active,United Kingdom,80,acu,"Academic, Training and Research"
NL-KVK-56185154,"NpM, Platform for Inclusive Finance",active,Netherlands,22,npm,National NGO
GB-CHC-1113101,Tropical Health and Education Trust,active,United Kingdom,21,tropicalhealth,International NGO
US-EIN-52-0595110,Universidade Johns Hopkins,active,United States,80,gi-jhu,"Academic, Training and Research"
NL-KVK-56821743,MDF Global,active,Netherlands,60,mdf,Foundation
CH-FDJP-CHE100871337,Conselho Internacional de Organizações Voluntárias,active,Switzerland,21,icva,International NGO
US-EIN-521750875,Iraq Foundation,active,United States,21,iraq_foundation,International NGO
ES-CIF-G-8236803,Oxfam Intermón,active,Spain,21,oxfamintermon,International NGO
XM-DAC-41123,Organização das Nações Unidas para o Desenvolvimento Industrial (UNIDO),active,(No country assigned),40,unido,Multilateral
GH-DSW-4711,Savana Signatures,active,Ghana,22,savsign-org,National NGO
GB-COH-00041424,,active,(No country assigned),30,ul,Public Private Partnership
BD-NAB-0682,Development Organisation of the Rural Poor,active,Bangladesh,22,dorp-org,National NGO
BE-BCE_KBO-0453072647,Institut de Formation Syndical International - Internationaal Syndicaal Vormingsinstituut,active,Belgium,22,ifsi_isvi,National NGO
MW-CNM-C057/1998,the center for victimized women and children,active,Malawi,22,cavwoc,National NGO
NL-KVK-65306198,equileap,active,Netherlands,21,equileap,International NGO
UG-NGB-1826,Family Life Education Program,active,Uganda,22,flepuganda,National NGO
GB-COH-RC000631,University College London,active,United Kingdom,80,ucl,"Academic, Training and Research"
TZ-TRA-101-304-795,Chama cha Uzazi na Malezi Bora Tanzania (UMATI),active,"Tanzania, United Republic of",22,umati,National NGO
KE-NCB-218/051/96110/823,Centre for the Study of Adolescence,active,Kenya,80,csa-kenya,"Academic, Training and Research"
US-GOV-17,,active,United States,10,dol,Government
GB-CHC-1114727,Joshua Orphan and Community Care,active,(No country assigned),21,jocc_uk,International NGO
BE-BCE_KBO-0460240749,Light For The World Belgium,active,Belgium,22,lftw-be,National NGO
JO-CCD-2826,World Vision Síria,withdrawn,Syrian Arab Republic,21,wvsyria,International NGO
IN-MHA-231650063,Voluntary Health Association of India,active,(No country assigned),80,vhai-org,"Academic, Training and Research"
DK-CVR-20074035,ADRA Dinamarca,active,Denmark,22,adra-dk,National NGO
KE-RCO-78260,ADS-Nyanza,active,Kenya,15,ads-nyanza,Other Public Sector
HK-CR-1494242,Solidaridad Sul e Sudeste da Ásia,active,India,21,solidaridad-ssea,International NGO
GH-DSW-5574,Solidaridad África Ocidental,active,Ghana,21,solidaridad-waf,International NGO
XI-IATI-FIABEL,Fiabel,active,Belgium,22,fiabel,National NGO
KE-NCB-218/051/9384/74,CARE SOMALIA,active,Kenya,22,csom1,National NGO
GB-COH-07627789,D. Capital Partners,active,United Kingdom,30,dcapitalpartners,Public Private Partnership
JO-MSD-2009011100178,The Princess Alia Foundation,active,Jordan,60,paf_2018,Foundation
GB-CHC-1157722,Irise International,active,United Kingdom,21,irise_int,International NGO
TZ-TRA-102316134,"Iringa Development of Youth, Disabled and Children Care",active,"Tanzania, United Republic of",22,idydc,National NGO
TZ-TRA-116315386,Babawatoto Centre For Children and Youth,active,"Tanzania, United Republic of",22,bawacecy-tz,National NGO
TZ-TRA-110-664-087,Railway Children Africa,active,"Tanzania, United Republic of",22,rc2africa,National NGO
US-GOV-6,,active,United States,10,treasury,Government
US-EIN-14-1945286,"The Global Development Incubator, Inc",active,United States,21,gdi,International NGO
TZ-TRA-121406209,CHEKA SANA TANZANIA,active,"Tanzania, United Republic of",22,cst,National NGO
GB-COH-06735120,Worldwide Hospice Palliative Care Alliance,active,United Kingdom,21,whpca,International NGO
GB-COH-RC000797,Universidade de Manchester,active,United Kingdom,80,uom,"Academic, Training and Research"
IT-CF-97091470589,INTERSOS Onlus,active,Italy,21,intersos_main,International NGO
GB-GOV-14,Department for Education – Reino Unido,active,United Kingdom,10,dfe,Government
US-EIN-27-1661997,GiveDirectly,active,United States,21,givedirectly,International NGO
MM-MHA-1/Local/0047,Karuna Mission Social Solidarity - KMSS,active,Myanmar,22,kmss,National NGO
CA-CRA_ACR-817387277,Fundação Mastercard,active,Canada,60,mastercard-foundation,Foundation
BD-NAB-002,BRAC,active,Bangladesh,21,brac_admin2,International NGO
GB-CHC-223106,Royal College of General Practitioners (RCGP),active,United Kingdom,22,rcgp-international,National NGO
US-EIN-042312909,Brigham and Women's Hospital,active,United States,80,bwh,"Academic, Training and Research"
US-EIN-237413005,FHI360,active,United States,21,fhi360,International NGO
XM-DAC-47056,World Agroforestry Centre,active,Kenya,80,icraf_,"Academic, Training and Research"
GB-COH-10633588,Abt Britain Limited,active,United Kingdom,70,abtbritain,Private Sector
GB-CHC-213280,Royal College of Obstetricians & Gynaecologists,active,United Kingdom,80,rcog_resilience_in_obstetric_skills,"Academic, Training and Research"
GB-COH-02188452,,active,United Kingdom,80,iied,"Academic, Training and Research"
KE-KRA-P051311853T,Northern Rangelands Trust,active,Kenya,22,nrt-kenya,National NGO
GB-CHC-1047608,Alliance of Religions and Conservation,active,United Kingdom,21,alliance_of_religions_and_conservation,International NGO
BD-NAB-051,YWCA of Bangladesh,active,Bangladesh,22,ywcabd,National NGO
PS-MOI-QR-209-HR,,active,"Palestine, State of",22,wclac,National NGO
XI-IATI-MIF,Fundo Multilateral de Investimento,active,United States,40,fomin,Multilateral
IE-CHY-20009090,Concern Worldwide UK,active,Ireland,21,concern_worldwide,International NGO
XM-OCHA-FTS18563,"Social Fund for Development, Iémen",active,Yemen,15,sfd-yemen,Other Public Sector
US-EIN-63-0676451,International Fertilizer Development Center,active,United States,21,ifdc-us,International NGO
LB-MOI-14739,,active,Lebanon,23,marsa_welead,Regional NGO
US-EIN-134166228,Acumen,active,United States,21,acumen,International NGO
GB-CHC-1046579,Consortium for Street Children,active,United Kingdom,21,csc,International NGO
IN-MHA-147110006,CINI,active,India,22,cini_jhk,National NGO
SE-ON-802007-2446,Afrikagrupperna Sweden,active,Sweden,21,afrikagrupperna,International NGO
XI-IATI-OCHASDC,Gabinete das Nações Unidas para a Coordenação dos Assuntos Humanitários (contribuições especialmente designadas),active,United States,40,unocha-sdc,Multilateral
GH-DSW-4834,NORSAAC,active,Ghana,22,norsaac,National NGO
GB-COH-04930461,Concordis International,active,United Kingdom,21,concordis,International NGO
CR-RPJ-3-006-125548,Fundacion Acceso,active,Costa Rica,23,fundacion-acceso,Regional NGO
US-GOV-23,,active,United States,10,ftc,Government
US-GOV-TBD,,withdrawn,United States,10,ftc,Government
US-EIN-91-1157127,PATH,active,United States,21,_path_,International NGO
DE-CR-VR32914,Water Integrity Network Association,active,Germany,21,win,International NGO
IL-RA-580166452,Musalaha Ministry of Reconciliation,active,Israel,80,mmr_admin2,"Academic, Training and Research"
AF-MOE-22,CARE International Afeganistão,active,Afghanistan,21,ciafg,International NGO
GB-COH-02622374,Energy Saving Trust,active,United Kingdom,15,energy_saving_trust,Other Public Sector
PK-SEC-0080655,DKT (Paquistão),active,Pakistan,70,dkt,Private Sector
XI-GRID-grid.442465.5,Universidade de Mzumbe,active,"Tanzania, United Republic of",80,m_u,"Academic, Training and Research"
US-EIN-32-0060251,AIDSPAN,active,United States,21,aidspan,International NGO
KE-KRA-P051119468K,Kisumu Medical and Education Trust,active,Kenya,22,kmet,National NGO
XM-DAC-45001,International Trade Centre (ITC),active,Switzerland,21,itc,International NGO
AU-ACNC-18055208636,Oxfam Australia,active,Australia,21,oau,International NGO
FR-RCS-389515180,Solidarites International,active,France,21,solidarites-international,International NGO
US-EIN-23-1352010,American Friends Service Committee,active,United States,80,afsc,"Academic, Training and Research"
XI-GRID-grid.52681.38,Universidade BRAC,active,Bangladesh,80,bu,"Academic, Training and Research"
US-GOV-22,,active,United States,10,dfc,Government
KE-RCO-84486,"Transparência Internacional, Quénia",active,Kenya,22,ti_kenya,National NGO
GB-CHC-1151219,DeafKidz International,active,United Kingdom,21,dki1151219,International NGO
LB-MOI-853,AVT-L Association of Victims of Terrorism Lebanon,active,Lebanon,22,avt-l,National NGO
IQ-NGO-1Z2634,"Rehabilitation, Education and Community Health (REACH)",active,Iraq,22,reach-iraq,National NGO
XM-DAC-41121,Alto Comissariado das Nações Unidas para os Refugiados (ACNUR),active,Switzerland,40,unhcr,Multilateral
US-EIN-58-1593137,,active,United States,21,dkti,International NGO
XM-DAC-701-2,Ministério dos Negócios Estrangeiros do Japão,active,Japan,10,mofa-jpn,Government
XI-IATI-AGR,AgResults Initiative,active,(No country assigned),40,agresults,Multilateral
BJ-IFU-4201710116446,"Institut National de l'Eau, Benin",active,Benin,80,ine_benin,"Academic, Training and Research"
BJ-IFU-4201710182326,Agence Nationale d'Approvisionnement en Eau Potable en Milieu Rural du Benin,active,Benin,10,anaepmr_benin,Government
GB-COH-02517018,,active,United Kingdom,22,uuk,National NGO
NL-KVK-70292388,Index Initiative Foundation,active,Netherlands,60,iif,Foundation
US-EIN-13-5562308,Universidade de Nova Iorque,active,United States,80,nyu,"Academic, Training and Research"
BJ-IFU-4201710012551,Comuna de Dangbo – Benim,active,Benin,15,dangbo,Other Public Sector
BJ-IFU-6201810251129,Comuna de Adjarra – Benim,active,Benin,15,adjarra,Other Public Sector
BJ-IFU-6201000068802,Comuna de Parakou – Benim,active,Benin,15,parakou,Other Public Sector
BJ-IFU-5200081145006,Comuna de Toffo – Benim,active,Benin,15,toffo,Other Public Sector
BJ-IFU-6200901945503,Comuna de Toviklin – Benim,active,Benin,15,toviklin,Other Public Sector
BJ-IFU-6201101182902,Comuna de Kpomassè – Benim,active,Benin,15,kpomasse,Other Public Sector
BJ-IFU-6200801257400,Comuna de Zè – Benim,active,Benin,15,ze,Other Public Sector
BJ-IFU-6201501755307,Comuna de Allada – Benim,active,Benin,15,allada,Other Public Sector
BJ-IFU-6201001076902,Comuna de Aplahoué – Benim,active,Benin,15,aplahoue,Other Public Sector
BJ-IFU-6200901944805,Comuna de Lalo – Benim,active,Benin,15,lalo,Other Public Sector
GH-RGD-CG109732014,,active,Ghana,23,twnafrica,Regional NGO
BJ-IFU-6200901851300,Comuna de Kétou – Benim,active,Benin,15,ketou,Other Public Sector
BJ-IFU-5200801335602,Comuna de Adjohoun – Benim,active,Benin,15,adjohoun,Other Public Sector
BJ-IFU-6200901944008,Comuna de Adja-Ouere – Benim,active,Benin,15,adja-ouere,Other Public Sector
BJ-IFU-6201200579608,Comuna de Pobè – Benim,active,Benin,15,pobe,Other Public Sector
BJ-IFU-6200901944209,Comuna de Bopa – Benim,active,Benin,15,bopa,Other Public Sector
BJ-IFU-6201001843703,Comuna de Akpro-Missérété – Benim,active,Benin,15,akpro-misserete,Other Public Sector
BJ-IFU-6201000370801,Comuna de Comè – Benim,active,Benin,15,come,Other Public Sector
BJ-IFU-6201300688700,Comuna de Avrankou – Benim,active,Benin,15,avrankou,Other Public Sector
BJ-IFU-6201100143407,Comuna de Ifangni – Benim,active,Benin,15,ifangni,Other Public Sector
SE-ON-802004-1524,We Effect,active,Sweden,21,weeffect,International NGO
BJ-IFU-6201100034408,Comuna de Klouékanmè – Benim,active,Benin,15,klouekanme,Other Public Sector
KE-KRA-P051502549C,National Coalition of Human Rights Defenders – Quénia,active,Kenya,22,nchrdk,National NGO
ZA-NPO-006-981,Instituto de Estudos de Segurança,active,South Africa,21,issafrica,International NGO
NP-SWC-10136,Nepal Disabled Human Rights Center,active,Nepal,22,dhrc_nepal,National NGO
IN-MCA-AAE-8458,Deloitte Touche Tohmatsu India LLP,active,India,70,dttillp,Private Sector
UG-NGO-1406,DefendDefenders,active,Uganda,80,defenddefenders,"Academic, Training and Research"
KE-NCB-2180511703310709,Send a Cow Kenya,active,Kenya,22,sac_kenya,National NGO
NL-KVK-70048436,Global Rights Compliance,active,Netherlands,60,grc2018,Foundation
US-EIN-11-3580024,Centro Internacional de Justiça Transitória,active,United States,21,ictj,International NGO
DK-CVR-19348407,CISU,active,Denmark,22,cisu,National NGO
UG-NGB-0498,Fundação Mukisa,active,Uganda,22,mukisa_foundation,National NGO
NL-KVK-27367015,Organização de Investigação Científica dos Países Baixos (NWO),active,Netherlands,10,nwo,Government
US-EIN-13-3377893,Rainforest Alliance,active,United States,21,rainforest-alliance,International NGO
GB-CHC-1127366,British Asian Trust,active,United Kingdom,21,b_a_t,International NGO
RW-RGB-002-RGB-NGO-2017,EDUCATION DEVELOPMENT TRUST - RUANDA,withdrawn,Rwanda,21,edt_rwanda,International NGO
GB-CHC-1058162,Christian Blind Mission (UK) Ltd.,active,United Kingdom,21,cbm,International NGO
US-EIN-53-0242652,,active,United States,21,the_nature_conservancy,International NGO
GB-COH-RC000664,Universidade de Nottingham,active,United Kingdom,80,uni_of_nottingham,"Academic, Training and Research"
LK-DRC-GA139,Women's Fund Asia,active,Sri Lanka,23,wf-asia,Regional NGO
HK-CR-2091642,Seefar,active,Hong Kong,70,seefar,Private Sector
SO-MPND-L43135002018MJ,,active,Somalia,22,nagaad,National NGO
GB-CHC-1118528,Child.org,active,(No country assigned),21,child-dot_org,International NGO
XI-IATI-DGF,Democratic Governance Facility,active,Uganda,15,dgf,Other Public Sector
NP-SWC-8220,Aapasi Sahayog Kendra Syangja Nepal (ASK Nepal),active,Nepal,22,ask,National NGO
NE-DGI-5355,Timidria,active,Niger,22,timidria,National NGO
DK-CVR-12006004,Center for Church-Based Development,active,Denmark,21,cku,International NGO
XI-GRID-grid.9829.a,Kwame Nkrumah University of Science and Technology,active,Ghana,80,knust,"Academic, Training and Research"
DK-CVR-63407216,Save the Children DK,active,Denmark,21,redbarnet,International NGO
GB-CHC-1089110,Global Canopy,active,United Kingdom,21,globalcanopy,International NGO
NL-KVK-60633468,Water Finance Facility,active,Netherlands,70,wff,Private Sector
GB-COH-10333897,Pegasys Limited,active,United Kingdom,70,pegasys-eu,Private Sector
XM-DAC-21016,Comité Internacional da Cruz Vermelha (ICRC),active,Switzerland,40,icrc,Multilateral
DK-CVR-40781218,Fundo Mundial para a Natureza – Dinamarca,active,Denmark,60,wwfdk,Foundation
DE-CR-RA000220-VR3810,Welthungerhilfe,active,Germany,21,whh,International NGO
MZ-NUIT-500004037,Direcção Provincial de Saúde de Nampula,active,Mozambique,10,dps-nampula,Government
KE-KRA-P051097200R,International Centre of Insect Physiology and Ecology (ICIPE),active,Kenya,80,icipe,"Academic, Training and Research"
DK-CVR-12921047,CARE Danmark Fonden for Frivillig Ulandsbistand,active,Denmark,22,12921047,National NGO
NL-KVK-27368929,Universiteit Leiden,active,Netherlands,80,universiteit_leiden,"Academic, Training and Research"
NL-KVK-72849770,Stichting Beheer Subsidiegelden DRA,active,Netherlands,21,stichting-subsidiegelden-dra,International NGO
KE-RCO-C110031,Farm Concern International,active,Kenya,23,fci,Regional NGO
ET-CSA-0976,Dawuro Development Association,active,Ethiopia,80,dawuro_da,"Academic, Training and Research"
DK-CVR-20453672,Agência Dinamarquesa de Desenvolvimento Sindical (Ulandssekretariatet),active,Denmark,21,loftf,International NGO
DK-CVR-18243717,ActionAid Denmark (Mellemfolkeligt Samvirke),active,Denmark,21,aadk,International NGO
US-EIN-84-1648607,Educate!,active,United States,21,educate,International NGO
CH-FDJP-CHE232974628,Responsible Mining Foundation,active,Switzerland,60,rmf,Foundation
ID-KHH-0000871,,active,Indonesia,22,ja_ppmn,National NGO
DK-CVR-14723692,Mission Øst,active,Denmark,21,missioneast,International NGO
GB-COH-RC000297,King's College London,active,United Kingdom,80,kingscollegelondon,"Academic, Training and Research"
DK-CVR-16077593,Confederation of Danish Industry,active,Denmark,70,di,Private Sector
NL-KVK-50130536,Universidade de Twente,active,Netherlands,80,utwente,"Academic, Training and Research"
DK-CVR-31378028,,active,Denmark,22,3fi,National NGO
DK-CVR-13078513,DUF – The Danish Youth Council,active,Denmark,22,duf,National NGO
GB-COH-07291220,50 Eight Limited,active,United Kingdom,70,fifty_eight,Private Sector
DK-CVR-58185728,Associação Dinamarquesa de Planeamento Familiar,active,Denmark,22,dfpa,National NGO
RW-RGB-61-RGB-NGO-2017,ActionAid Rwanda,active,Rwanda,22,aar,National NGO
DK-CVR-35429867,Global Focus,active,Denmark,22,globaltfokus,National NGO
CH-FDJP-CHE109506789,Centro Internacional de Genebra para a Desminagem Humanitária,active,Switzerland,60,gichd,Foundation
DK-CVR-14766383,Disabled People's Organisations Denmark,active,Denmark,22,dpod,National NGO
GB-UKPRN-10007774,Universidade de Oxford,active,United Kingdom,80,oxford,"Academic, Training and Research"
GB-CHC-1077216,Compassion UK,active,United Kingdom,21,comp_uk,International NGO
GB-CHC-1016676,INTRAC,active,United Kingdom,21,intrac,International NGO
US-EIN-26-3933134,Special Hope Network,active,United States,21,shn,International NGO
GB-COH-08212556,PositiveNegatives,active,United Kingdom,15,posneg,Other Public Sector
NL-KVK-64763064,Data4Development,active,Netherlands,70,d4d,Private Sector
GB-CHC-1161729,Hope for Children,active,United Kingdom,21,hfc,International NGO
SE-ON-802005-9823,WWF Suécia,active,Sweden,21,wwf-se,International NGO
US-EIN-91-1148123,Mercy Corps Global,active,United States,21,mcg,International NGO
GB-CHC-1108718,African Revival,active,United Kingdom,21,africanrevival,International NGO
NL-KVK-30276595,Koninklijk Nederlands Meteorologisch Instituut,active,Netherlands,10,knmi,Government
PK-SEC-0105957,Sehat Kahani (Community Innovation Hub),active,Pakistan,70,sehatkahanicih,Private Sector
NL-KVK-70333564,Mercy Corps Países Baixos,active,Netherlands,21,mcn,International NGO
PE-SUNARP-12623829,International Indigenous Women Forum,active,Peru,60,fimi_iiwf_2019,Foundation
XI-IATI-ACATBA,Association Centrafricaine de Traduction de la Bible et Alphabetisation,active,Central African Republic,22,acatba,National NGO
XI-GRID-grid.13001.33,Universidade do Zimbabwe,active,Zimbabwe,80,1-uz,"Academic, Training and Research"
CH-FDJP-CHE109994012,Interpeace,active,Switzerland,21,interpeace,International NGO
DK-CVR-20700211,Cruz Vermelha Dinamarquesa,active,Denmark,22,danishrc,National NGO
MW-NBM-NGO/L/18/024,Palliative Care Association of Malawi,active,Malawi,22,pacam,National NGO
MW-MRA-20123139,NKHOMA MISSION HOSPITAL,active,Malawi,22,nmhiati,National NGO
MW-MRA-20120896,David Gordon Memorial Hospital,active,Malawi,80,dgmh,"Academic, Training and Research"
DE-CR-RA000243-HRB5459,,active,Germany,70,particip,Private Sector
ML-NIF-082208943A,Groupe Pivot Santé Population,active,Mali,80,gpsp-org,"Academic, Training and Research"
MZ-NUIT-700179850,Plataforma Moçambicana da Água (PLAMA),active,Mozambique,22,plama,National NGO
NL-KVK-27310568,,active,Netherlands,60,arq_intl,Foundation
UG-RSB-80010003259159/105066,SolarNow Services (U) Ltd,active,Uganda,70,solarnowsofa,Private Sector
GB-CHC-1145721,Zambia Orphans Aid UK,active,United Kingdom,21,zoa_uk,International NGO
dk-cvr-26487013,International Media Support,active,Denmark,21,ims,International NGO
US-EIN-22-2852248,Village Enterprise,active,United States,21,villageenterprise,International NGO
IT-RI-97241280151,We World - GVC Onlus,active,Italy,21,ww-gvc,International NGO
GB-CHC-1143797,Syria Relief,active,United Kingdom,22,sr,National NGO
TR-MOI-27-019-074,Emissa,active,Turkey,22,emissa,National NGO
US-EIN-52-1818273,International Center for Not-for-Profit Law,active,United States,21,icnl_org,International NGO
FI-PRO-1993025-9,Instituto Florestal Europeu,active,Finland,80,efi,"Academic, Training and Research"
US-EIN-13-3622707,WSP USA Solutions Inc.,active,United States,70,lbg,Private Sector
CA-CRA_ACR-805837713,OpenNorth,active,Canada,21,opennorth,International NGO
DK-CVR-20356731,PlanBørnefonden,active,Denmark,21,plb,International NGO
NL-KVK-32092131,Fundação Edukans,active,Netherlands,21,edukans_foundation,International NGO
GB-CHC-1027201,Institute for War & Peace Reporting,active,United Kingdom,21,iwpr,International NGO
GB-CHC-1150993,Near East Foundation UK (NEF UK),active,United Kingdom,21,nef-uk,International NGO
FR-INSEE-32101874900127,Medecins du Monde France,active,France,21,mdm-fr,International NGO
NG-CAC-54522,Centre for Legal Research and Development,active,Nigeria,22,clerd-prpi,National NGO
GB-CHC-1140288,The Fred Hollows Foundation (Reino Unido),active,United Kingdom,21,fhfuk,International NGO
NL-KVK-34176587,Radio La Benevolencija,active,Netherlands,21,rlb,International NGO
NL-KVK-41081480,Stichting Liliane Fonds,active,Netherlands,22,slf,National NGO
XI-IATI-LPI,Living Peace Institute,active,Congo (Democratic Republic of the),22,lpi,National NGO
US-EIN-30-0739799,Heartland Alliance International,active,United States,21,ha-i,International NGO
JE-FSC-NPO_1108,Irrawaddy Policy Exchange,active,United Kingdom,80,ipe,"Academic, Training and Research"
KE-NCB-OP/218/051/924/84,ACTIONAID INTERNATIONAL KENYA,active,Kenya,21,aaik,International NGO
US-EIN-45-5015494,Instiglio,active,United States,21,instiglio,International NGO
NG-CAC-73022,Niger Delta Stakeholders Initiative for Community Development and Empowerment,active,Nigeria,22,ndsicde,National NGO
XM-DAC-5-7,Ministério Federal dos Negócios Estrangeiros – Alemanha,active,Germany,10,fo_germany,Government
US-EIN-27-4933181,IDinsight,active,United States,21,idinsight,International NGO
XM-DAC-61-2,Ministério dos Negócios Estrangeiros – Eslovénia,active,Slovenia,10,si-mfa,Government
US-EIN-47-3594688,Global Fund to End Modern Slavery,active,United States,22,gfems,National NGO
US-EIN-45-2796201,"Namati, Inc",active,United States,21,namati_inc,International NGO
GB-COH-893249298,,active,(No country assigned),80,wrgb,"Academic, Training and Research"
XI-IATI-NSO,Netherlands Space Office,active,Netherlands,80,nso,"Academic, Training and Research"
US-EIN-22-3900800,VisionFund International,active,United States,21,vfi,International NGO
CA-CRA_ACR-118846575,Center for International Studies and Cooperation,active,Canada,21,ceci,International NGO
GB-COH-07026479,AgDevCo,active,United Kingdom,70,agdevco,Private Sector
XM-DAC-47008,World Vegetable Center,active,Taiwan (Province of China),21,worldveg,International NGO
GB-CHC-1178168,CDAC Network,active,United Kingdom,21,cdacnetwork,International NGO
GH-DSW-1103,Regional Advisory Information and Network Systems,active,Ghana,22,rains,National NGO
KE-KRA-P051713416W,AFELT,active,Kenya,80,afelt,"Academic, Training and Research"
DE-CR-RA000217-HRB121747B,Democracy Reporting International gGmbH,active,Germany,21,dri,International NGO
BJ-IFU-5201000673108,CARE BENIN/TOGO,active,United States,21,carebenintogo,International NGO
GB-COH-02693163,Westminster Foundation for Democracy,active,United Kingdom,15,wfd,Other Public Sector
UG-RSB-80010000253134/25060,Uganda Martyrs University,active,Uganda,80,umu,"Academic, Training and Research"
XI-GRID-grid.442626.0,Universidade de Gulu,active,Uganda,80,guluuni,"Academic, Training and Research"
XI-GRID-grid.442459.a,"Universidade de Dodoma (UDOM), Tanzânia",active,"Tanzania, United Republic of",80,udom,"Academic, Training and Research"
KE-KRA-P051542095J,LIWA Programme Trust,active,Kenya,80,liwa-admin,"Academic, Training and Research"
GH-DSW-2000,Northern Network for Education Development,active,Ghana,22,nned,National NGO
US-EIN-45-4613016,Accountability Lab,active,United States,22,alab,National NGO
XI-GRID-grid.419346.d,International Food Policy Research Institute.,active,United States,21,ifpri,International NGO
GH-RGD-99389,Opportunity International Savings and Loans Ltd,active,Ghana,70,oisl_gh,Private Sector
NG-CAC-1260478,Fundação Silsab,active,Nigeria,22,silsab1-_,National NGO
XI-BRIDGE-6385676864,Secretariado do GEF,active,United States,40,gef,Multilateral
KE-NCB-21805120080955572,Ashoka East Africa,active,Kenya,21,ashoka,International NGO
GB-CHC-206658,World Horse Welfare,active,United Kingdom,21,whw2019,International NGO
US-EIN-522112460,IMA World Health,active,United States,21,us-imawh,International NGO
FR-RCS-78049888700022,Centre International de Développement et de Recherche,active,France,21,cidr,International NGO
GB-COH-RC000749,Zoological Society of London,active,United Kingdom,21,zsl,International NGO
XM-DAC-47080,OCDE,active,France,40,oecd,Multilateral
ZA-NPO-048-364,SouthSouthNorth,active,South Africa,21,ssn,International NGO
CH-FDJP-258577051,Humanitarian Quality Assurance Initiative,active,Switzerland,21,hqai,International NGO
GB-GOV-2,HM Treasury,active,United Kingdom,10,hmtfitb,Government
NO-BRC-917687811,Coalition for Epidemic Preparedness Innovations,active,Norway,21,cepi,International NGO
GB-GOV-15,Department for International Trade,active,United Kingdom,10,dit,Government
GB-NIC-101412,Children in Crossfire,active,United Kingdom,21,cicni,International NGO
XM-OCHA-HPC3664,Jordan River Foundation,active,Jordan,22,jrf,National NGO
XM-OCHA-HPC6770,King Salman Humanitarian Aid and Relief Centre,active,Saudi Arabia,10,ksrelief291,Government
MZ-MOJ-100717344,IMD Moçambique,active,Mozambique,22,imdmozambique,National NGO
GB-CHC-1081769,Transform Africa,active,United Kingdom,21,transafrica19,International NGO
CH-FDJP-CHE107828868,,active,Switzerland,21,swisscontact,International NGO
CH-FDJP-CHE109947366,Fundação Hirondelle,active,Switzerland,21,fh_ch,International NGO
GB-CHC-1147298,One Young World,active,United Kingdom,22,oyw,National NGO
GB-EDU-133903,London School of Hygiene and Tropical Medicine,active,United Kingdom,80,lshtm,"Academic, Training and Research"
GB-GOV-12,"Department for Digital, Culture, Media and Sport – Reino Unido",active,United Kingdom,10,dcms,Government
GB-CHC-1117377,Village Water Ltd,active,United Kingdom,21,villagewater,International NGO
FR-RCS-31899089200065,Action Contre la Faim,active,France,21,acf-fr,International NGO
US-EIN-27-3440108,,active,United States,70,vera-solutions,Private Sector
CA-CRA_ACR-107848319,Action Canada for Sexual Health and Rights,active,Canada,21,acfshr,International NGO
NP-IRD-302274734,CARE Nepal,active,Nepal,21,cnepal,International NGO
US-EIN-13-1804349,World Education Inc.,active,United States,80,wei,"Academic, Training and Research"
PK-VSWA-32-2004,Fundação Tameer-e-Khalaq,active,Pakistan,22,tkf1234,National NGO
NP-IRD-302113730,"Agência Adventista de Desenvolvimento e Recursos Assistenciais, Nepal",active,Nepal,21,adra_nepal,International NGO
IT-CF-95008730160,Cesvi,active,Italy,21,cesvi,International NGO
GB-CHC-282305,Minority Rights Group,active,United Kingdom,21,mrg,International NGO
XM-DAC-7-PPR-4000002894,,active,Mozambique,10,iwrm,Government
PE-SUNARP-11744379,Centro de Promocion y Defensa de los Derechos Sexuales y Reproductivos,active,Peru,23,promsex,Regional NGO
XM-OCHA-HPC8568,CARE International Switzerland in Sudan,active,Sudan,21,cis,International NGO
UG-RSB-80020001996190,,active,Uganda,70,lpa,Private Sector
RW-RGB-77-RGB-NGO-2013,Health Development Initiative,active,Rwanda,22,hdi,National NGO
KE-RCO-105217,Kenya Private Sector Alliance,active,Kenya,70,kepsa,Private Sector
KE-KRA-P051098561L,KITUO CHA SHERIA,active,Kenya,22,kituo,National NGO
FR-RCS-83764263600018,Syrian Center for Media and Freedom of Expression,active,France,22,scm,National NGO
SS-RRC-004,Nonviolent Peaceforce South Sudan,active,South Sudan,21,npss,International NGO
NL-KVK-31047672,Twynstra Gudde,active,Netherlands,70,twynstragudde,Private Sector
ID-KHH-AHU17AH0107,Institute for Policy Research and Advocacy (ELSAM),active,Indonesia,22,elsam,National NGO
GB-COH-00070527,,active,United Kingdom,80,lse,"Academic, Training and Research"
GB-GOV-52,"Conflict, Stability and Security Fund",active,United Kingdom,10,cssf,Government
GB-GOV-50,Cross-Government Prosperity Fund,active,United Kingdom,10,prosperityfund,Government
GB-CHC-1174874,Royal Commonwealth Ex-Services League,active,United Kingdom,21,rcel,International NGO
CH-FDJP-CHE110141200,Drugs for Neglected Diseases initiative,active,Switzerland,80,dndi_transparency,"Academic, Training and Research"
RW-RRA-103197639,Greater Virunga Transboundary Collaboration,active,Rwanda,10,gvtc,Government
NP-SWC-37725,South Asian Women Development Forum,active,(No country assigned),80,sawdf-admin,"Academic, Training and Research"
NP-SWC-46024,Accelerator Nepal,active,Nepal,22,acceleratornepal,National NGO
CA-CRA_ACR-869974816,Nutrition International,active,Canada,21,nutritionintl,International NGO
CH-FDJP-CHE-105181636,Centre for Humanitarian Dialogue (HD Centre),active,Switzerland,60,hdcentre,Foundation
US-EIN-13-3870223,International Aids Vaccine Initiative (IAVI),active,United States,21,iavi,International NGO
KE-RCO-CPR/2011/63463,Partnership for African Social & Governance Research (PASGR),active,Kenya,80,pasgr,"Academic, Training and Research"
NL-KVK-09181221,Resilience,active,Netherlands,80,resilience,"Academic, Training and Research"
NL-KVK-41145371,Maastricht School of Management,active,Netherlands,60,msm-ipd,Foundation
BF-MATD-RNRD00045-4000004688,,active,Burkina Faso,22,cdc_ohg,National NGO
GB-COH-06274284,Carbon Trust Advisory Ltd,active,United Kingdom,70,carbontrustadvisory,Private Sector
IN-MHA-231660927,,active,India,22,phfi,National NGO
GB-COH-07171834,,active,United Kingdom,70,taginternational,Private Sector
GB-UKPRN-10007801,,active,United Kingdom,80,uop,"Academic, Training and Research"
NA-NAMRA-04822224,,active,Namibia,21,pv,International NGO
ZA-CIP-2005-028883-23,Okapi Consulting,active,South Africa,21,okapiconsulting,International NGO
NL-KVK-34234456,Health Insurance Fund,active,Netherlands,21,hif,International NGO
GB-COH-OC350651,Montrose International LLP,active,(No country assigned),80,montrose_llp,"Academic, Training and Research"
GB-CHC-1013587,Chance for Childhood,active,United Kingdom,21,chanceforchildhood,International NGO
GB-COH-7207947,PRI Association,active,United Kingdom,80,pri_icf,"Academic, Training and Research"
NO-BRC-980997278,INTOSAI Development Initiative,active,Norway,21,idi,International NGO
JO-MSD-2011101100001,Jordan Open Source Association,active,Jordan,22,josa,National NGO
US-EIN-53-0196584,,active,United States,80,gwu_gwi,"Academic, Training and Research"
NL-KVK-30238214,Impunity Watch,active,Netherlands,21,iw_admin,International NGO
NG-CAC-83813,Neem Foundation,active,Nigeria,22,neem,National NGO
US-EIN-23-2220051,iDE,active,United States,21,ide,International NGO
FR-RCS-40885667200030,Triangle Génération Humanitaire,active,France,21,tgh,International NGO
AU-ABN-42097054165,Land Equity International,active,Australia,70,lei,Private Sector
GB-COH-RC000655,,active,United Kingdom,80,keele-university,"Academic, Training and Research"
US-EIN-20-8530747,Results for Development,active,United States,21,r4d,International NGO
XM-DAC-50-21,,active,Spain,10,aecid,Government
ES-DIR3-EA0035768,Agência Espanhola de Cooperação Internacional para o Desenvolvimento (AECID),withdrawn,Spain,10,aecid,Government
GH-DSW-3064,ActionAid Ghana,active,Ghana,22,aag,National NGO
NG-CAC-19258,Centre for Environment Human Rights and Development,active,Nigeria,21,cehrd1,International NGO
NL-KVK-53744993,World Benchmarking Alliance Foundation,active,Netherlands,60,wba,Foundation
XI-IATI-3435,,active,Sudan,22,sosss_admin,National NGO
CO-CCB-S0052181,transforma,active,Colombia,22,transforma,National NGO
YE-MSAL-80/295,Yamaan Foundation for Health and Social Development,active,Yemen,22,yffhsd,National NGO
GB-COH-02863827,ClientEarth,active,United Kingdom,21,clientearth-1,International NGO
CH-FDJP-CHE106823242,Fondation Terre des hommes – Aide à l'enfance dans le monde,active,Switzerland,21,tdh_foundation,International NGO
GB-SC-015096,Universidade de Dundee,active,United Kingdom,80,uodcepmlp,"Academic, Training and Research"
ZW-ROD-MA0000405/2015,Young Africa International HUB,active,Zimbabwe,21,yai-hub,International NGO
XM-DAC-47021,International Potato Center,active,Peru,40,cip,Multilateral
ET-CSA-3994,Triggerise Ethiopia,active,Ethiopia,21,trig,International NGO
BD-NAB-0210,ActionAid Bangladesh,active,Bangladesh,21,aab,International NGO
US-EIN-45-2779314,Shift Project Ltd.,active,United States,21,shiftproject,International NGO
KE-KRA-P051155108P,Kenya National Commission on Human Rights,active,Kenya,10,knchr,Government
GB-CHC-290767,World Jewish Relief,active,United Kingdom,21,wjr_001,International NGO
ET-CSA-0062,DKT Ethiopia,active,Ethiopia,21,dkt_ethiopia,International NGO
NL-KVK-40407706,Unie van Waterschappen,active,Netherlands,15,uvw,Other Public Sector
GB-COH-03147724,Mercy Ships UK Limited,active,United Kingdom,21,msuk,International NGO
US-EIN-94-3045180,Rainforest Action Network,active,United States,21,ran,International NGO
XI-GRID-grid.9783.5,Universidade de Kinshasa,active,Congo (Democratic Republic of the),80,dspd_unikin,"Academic, Training and Research"
GB-CHC-1106156,kidasha,active,United Kingdom,21,kidasha,International NGO
DE-CR-RA000209-VR1207,World Vision Alemanha,active,Germany,21,wv_de,International NGO
ET-CSA-0784,World Vision Etiópia,active,Ethiopia,21,wv_et_activities,International NGO
IT-CF-00677540288,Doctors with Africa CUAMM,active,Italy,21,cuamm,International NGO
AT-UID-U74408937,Ground Truth Solutions,active,Austria,21,ground-truth-solutions,International NGO
XI-BRIDGE-3665722432,Fórum Africano de Administração Fiscal,active,South Africa,21,ataf,International NGO
GB-CHC-1123241,Peace Direct,active,(No country assigned),21,peacedirect,International NGO
XI-GRID-grid.8193.3,Universidade de Dar es Salaam,active,"Tanzania, United Republic of",80,udsm-cbs,"Academic, Training and Research"
XM-DAC-30009,Small Arms Survey,active,Switzerland,80,sas_sana,"Academic, Training and Research"
ET-CSA-0475,Family Guidance Association of Ethiopia,active,Ethiopia,22,fgae_ethiopia,National NGO
XM-DAC-576,Ministério dos Negócios Estrangeiros – Emirados Árabes Unidos (EAU),active,United Arab Emirates,10,mofaic_uae,Government
KE-NCB-2180511304359047,Population Services Quénia,active,Kenya,22,pskenya_19,National NGO
KE-NCB-2180511403539790,Faith to Action Network,active,Kenya,21,f2a,International NGO
UG-NGO-3329,Auschwitz Institute for the Prevention of Genocide and Mass Atrocities,active,Uganda,80,aipr,"Academic, Training and Research"
KE-NCB-218051200501953650,Healthright International – Quénia,active,Kenya,22,hri,National NGO
CN-SAIC-9111010506489375XP,Carbon Trust (Beijing) Consulting Limited,active,China,70,ctbeijing,Private Sector
GB-COH-OC364842,,active,United Kingdom,70,mcs_new,Private Sector
LB-MOI-6491,Restart Center,active,Lebanon,22,restartcenter,National NGO
GB-CHC-297716,Business in the Community,active,United Kingdom,21,bitc,International NGO
GB-CHC-1141552,Balloon Ventures Foundation,active,United Kingdom,21,bvf,International NGO
ZA-CIP-2007-0308903-08,African Parks Network,active,South Africa,21,african_parks,International NGO
GB-COH-06581421,The Institute for Strategic Dialogue,active,United Kingdom,80,isdglobal,"Academic, Training and Research"
ML-NIF-055000335T,Near East Foundation Mali (NEF Mali),active,Mali,21,nef_mali,International NGO
NL-KVK-41186799,Women Engage for a Common Future,active,Netherlands,21,wecf,International NGO
US-EIN-52-5170039,International Crisis Group,active,Belgium,21,crisisgroup,International NGO
FR-RCS-49962201700014,Bibliothèques Sans Frontières,active,France,21,bsf1,International NGO
SE-ON-802425-8702,Stockholm International Water Institute,active,Sweden,21,siwi,International NGO
GH-RGD-CG077262013,Nature and Development Foundation,active,Ghana,22,ndf_fgm,National NGO
BD-NAB-2004,"Centre for Injury Prevention and Research, Bangladesh (CIPRB)",active,Bangladesh,22,ciprb,National NGO
XI-IATI-RUF,,active,Netherlands,60,ruf,Foundation
XM-DAC-40-3,,active,Greece,10,greece_mfa,Government
XI-BRIDGE-1812689272,The Mailman School of Public Health,active,United States,80,mailman_school_of_public_health,"Academic, Training and Research"
US-EIN-04-2103547,Universidade de Boston,active,United States,80,bu-carbx-admin,"Academic, Training and Research"
LB-MOI-110,Fundação Rene Moawad,active,Lebanon,22,rmf-lb,National NGO
GB-CHC-1173827,Accountable Now,active,United Kingdom,21,accountablenow,International NGO
NL-KVK-30157019,Larive International,active,Netherlands,70,larive,Private Sector
NG-CAC-57289,Environmental Centre for Oil Spills and Gas Flaring (NACGOND),active,Nigeria,22,nacgond-,National NGO
US-GOV-13,,active,United States,10,usadf,Government
US-GOV-13-ADF,,withdrawn,United States,10,usadf,Government
FR-RCS-519655997,Handicap International Federation,active,France,21,hi_fed,International NGO
US-EIN-82-3941326,Luminate Foundation Inc.,active,United States,60,luminate,Foundation
US-EIN-98-0513530,Alliance for a Green Revolution for Africa,active,United States,21,agra,International NGO
GB-COH-08567792,Behavioural Insights Team,active,United Kingdom,70,bit,Private Sector
NP-SWC-24,Nepal Netra Jyoti Sangh,active,Nepal,22,nnjs_nepal,National NGO
KE-KRA-P051161193S,Trust for Indigenous Culture and Health,active,Kenya,21,ticah,International NGO
CO-RUE-830140714-1,Brujula Comunicaciones Estrategicas SAS,active,Colombia,70,brujula,Private Sector
XI-GRID-grid.11194.3c,Makerere University School of Public Health,active,Uganda,80,maksph,"Academic, Training and Research"
UG-NGB-12317,Reach A Hand Uganda,active,Uganda,22,rahuug,National NGO
GB-COH-08567552,UN Global Compact Local Network UK,active,United Kingdom,40,ungc-uk,Multilateral
NL-KVK-815165924,STC International,active,Netherlands,80,stc-international,"Academic, Training and Research"
NP-SWC-17775,The Leprosy Mission Nepal,active,Nepal,22,tlmnepal,National NGO
LB-MOI-25465,Fiftyfifty,active,Lebanon,22,fiftyfifty-lb,National NGO
GB-CHC-1172875,East African Playgrounds,active,United Kingdom,21,eap,International NGO
XM-DAC-41130,Agência das Nações Unidas para Auxílio aos Refugiados da Palestina no Próximo Oriente (UNRWA),active,(No country assigned),40,unrwa,Multilateral
BD-NAB-0918,Centre for Policy Dialogue,active,Bangladesh,22,cpd,National NGO
KE-KRA-P000634725S,African Women's Development and Communication Network,active,Kenya,23,femnet,Regional NGO
UG-NGO-2292,,active,Uganda,21,wipc,International NGO
US-EIN-37-1552838,Fundação GSMA,active,United States,60,gsma_foundation,Foundation
CH-FDJP-CHE296622304,The Global Initiative Against Transnational Organized Crime,active,Switzerland,15,gi-toc,Other Public Sector
BE-BCE_KBO-0434417468,CODEART ASBL,active,Belgium,22,codeart,National NGO
LB-MOI-1-100,Al Majmoua,active,Lebanon,22,al_majmoua,National NGO
XI-IATI-ESFD,Economic and Social Fund for Development,active,Lebanon,10,esfd,Government
XI-IATI-DKTDRC,,active,Congo (Democratic Republic of the),22,dkt_drc,National NGO
JO-CCD-200104681,Leaders of Tomorrow,active,Jordan,70,sqf,Private Sector
AE-HFZA-1526,Altai Consulting,active,United Arab Emirates,70,altai,Private Sector
CA-CRA_ACR-811793611,Grand Challenges Canada,active,Canada,22,hgc,National NGO
NP-CRO-83836,,withdrawn,(No country assigned),15,7272,Other Public Sector
YE-MSAL-473-2001,Family Counseling and Development Foundation,active,Yemen,22,fcdf,National NGO
ET-CSA-1327,,active,Ethiopia,22,jfa-pfe,National NGO
CH-FDJP-CHE331930936,Global Antibiotic Research and Development Partnership,active,Switzerland,30,gardp,Public Private Partnership
US-EIN-47-5049026,International Youth Alliance for Family Planning,active,United States,21,iyafp,International NGO
UG-NGB-1277,Forum for Women in Democracy,active,Uganda,22,fowode,National NGO
RW-RGB-114-RGB-RGO-2013,The Legal Aid Forum,active,Rwanda,22,laf,National NGO
AE-ADCD-64747,,withdrawn,(No country assigned),21,72728,International NGO
NL-KVK-30114696,Palladium Europe,active,Netherlands,70,palladium_eur,Private Sector
NL-KVK-50744984,BoP Innovation Center,active,Netherlands,60,bopinc,Foundation
CO-RUE-900619925-0,,active,Colombia,70,awaketravel,Private Sector
YE-MSAL-18-2013,Mwatana for Human Rights,active,Yemen,22,mwatana,National NGO
GB-CHC-1122330,CDP Worldwide,active,United Kingdom,21,cdp,International NGO
GB-COH-RC000541,,active,United Kingdom,80,soas,"Academic, Training and Research"
NL-KVK-41169658,Stichting Fern,active,Netherlands,21,stichtingfern,International NGO
GB-CHC-1154413,,active,(No country assigned),21,cbi,International NGO
FI-PRO-0998454-4,Finn Church Aid (Kirkon Ulkomaanapu sr),active,Finland,21,fca,International NGO
GB-COH-06069322,Development Media International,active,United Kingdom,21,dmi_admin,International NGO
US-EIN-47-3511012,"SDSN Association, Inc.",active,United States,21,sdsna,International NGO
BE-BCEKB0-0537407021,,active,Belgium,22,wapa,National NGO
XI-GRID-grid.7247.6,Universidade dos Andes,active,Colombia,80,uand_2020,"Academic, Training and Research"
NL-KVK-74064800,Programming Their Future,active,Netherlands,80,p-t-f-,"Academic, Training and Research"
US-EIN-13-1740011,Wildlife Conservation Society,active,United States,21,wcs,International NGO
NL-KVK-27186453,Netherlands Water Partnership,active,Netherlands,60,nwp,Foundation
GB-COH-02962250,Commonwealth Local Government Forum,active,United Kingdom,21,clgf_data,International NGO
NL-KVK-64460789,Coöperatief Climate Fund Managers U.A.,active,Netherlands,70,cfm,Private Sector
CH-FDJP-CHE251665168,Fundação Earthworm,active,Switzerland,21,ewf,International NGO
GB-CHC-1082139,Fundação Thomson Reuters,active,United Kingdom,60,trf,Foundation
GB-LAE-LND,City of London Corporation,active,United Kingdom,15,col-greenfinance,Other Public Sector
GB-CHC-1160263,WasteAid UK,active,United Kingdom,21,wasteaid,International NGO
GB-COH-RC000660,Universidade de Liverpool,active,United Kingdom,80,uol,"Academic, Training and Research"
MU-CR-C134274,Shortlist Professionals Limited,active,Mauritius,70,shortlistogti,Private Sector
GB-CHC-1187935,International Campaign Women´s Right to Safe Abortion,active,United Kingdom,22,icwrsa,National NGO
GB-CHC-208223,Royal Institute of International Affairs,active,United Kingdom,80,riia,"Academic, Training and Research"
DE-CR-RA000220-VR9971,CARPO – Center for Applied Research in Partnership with the Orient,active,Germany,21,carpo,International NGO
GB-CHC-1150964,inHive,active,United Kingdom,21,inhive,International NGO
BE-BCE-KBO-0461977940,,active,Belgium,22,fdhommes,National NGO
GB-COH-11116719,,active,United Kingdom,70,brink_innovation,Private Sector
GB-CHC-1079752,RedR UK,active,United Kingdom,21,redruk,International NGO
XI-IATI-WBTF,Fundos Fiduciários do Banco Mundial,active,United States,40,wbtf,Multilateral
GB-COH-11373728,Cowater UK Limited,active,United Kingdom,70,cowateruk,Private Sector
ZA-CIP-M2005001486,Sexual Reproductive Health and Rights Africa Trust,active,South Africa,23,srhr_africa_trust,Regional NGO
US-EIN-61-1725201,"Field Ready, EUA",active,United States,21,field_ready,International NGO
GB-UKPRN-10007141,Universidade de Central Lancashire,active,United Kingdom,80,uclan,"Academic, Training and Research"
ML-NIF-084106436R,Conseil et Appui pour l'Education à la Base Mali,active,Mali,22,caeb_mali,National NGO
XM-OCHA-7482,World Vision República Centro-Africana.,active,Central African Republic,21,wv_cf,International NGO
GB-COH-07840888,MedicineAfrica Ltd.,active,United Kingdom,80,medafrica,"Academic, Training and Research"
CA_ON-ONT-1597880,CANADEM,active,Canada,21,canadem,International NGO
ET-CSA-1351,Ethiopian Public Health Association,active,Ethiopia,15,epha,Other Public Sector
NL-KVK-68758766,CAPABUILD,active,Netherlands,21,capabui,International NGO
NL-KVK-72908114,The AGRI3 Fund,active,Netherlands,30,agri3_fund,Public Private Partnership
NL-KVK-729081140000,The AGRI3 Fund,withdrawn,Netherlands,30,,Public Private Partnership
YE-MSAL-49-M-2019,Sana'a Center for Strategic Studies,active,Yemen,22,scss,National NGO
XI-IATI-BBDN,Bangladesh Business and Disability Network,active,Bangladesh,22,bbdn,National NGO
GB-UKPRN-10007164,"University of the West of England, Bristol",active,United Kingdom,80,uwe,"Academic, Training and Research"
MX-RFC-ICM160118IZ1,Iniciativa Climatica de Mexico,active,Mexico,22,icm_mx,National NGO
XM-DAC-7-PPR-4000002938,Global Water Partnership,active,Sweden,21,gwp,International NGO
JO-CCD-200006694,"Entiqal for Training ""Partners for Good""",active,Jordan,22,pfg,National NGO
XI-IATI-WVDRC,World Vision República Democrática do Congo,active,Congo (Democratic Republic of the),21,wv_cd,International NGO
ID-KHH-5018112631240040,NLR Indonesia,active,Indonesia,22,nlr_indonesia,National NGO
GB-CHC-1076722,TRAFFIC International,active,United Kingdom,80,traffic,"Academic, Training and Research"
US-EIN-81-2339233,Youth Development Labs Inc,active,United States,21,ylabs,International NGO
AM-SRALE-222.160.00823,Eurasia Partnership Foundation,active,Armenia,60,epf,Foundation
US-EIN-83-3580499,,active,United States,21,orraa_inc,International NGO
GB-CHC-1177110,Elrha,active,United Kingdom,21,elrha,International NGO
GB-CHC-206504,Instituto Internacional de Estudos Estratégicos,active,United Kingdom,80,iiss,"Academic, Training and Research"
XI-GRID-grid.8652.9,,active,Ghana,80,ugorid,"Academic, Training and Research"
NL-KVK-30114598,Rabo Partnerships,active,Netherlands,70,rabo_partnerships,Private Sector
IE-CHY-20041069,Ethiopiaid Irlanda,active,Ireland,21,ethiopiaidireland,International NGO
GB-GOV-1,"Foreign, Commonwealth and Development Office – Reino Unido",active,United Kingdom,10,fcdo,Government
XM-OCHA-HPC9829,IMPACT Initiatives,active,Switzerland,21,impact_initiatives,International NGO
US-EIN-82-0644678,Synergía – Initiatives for Human Rights,active,United States,21,synergiaihr,International NGO
GB-COH-11594545,McKinsey Development Partners,active,United Kingdom,70,mdp,Private Sector
XI-GRID-grid.7836.a,Universidade da Cidade do Cabo,active,South Africa,80,uct,"Academic, Training and Research"
XI-IATI-KHF,Fundação Rei Hussein,active,Jordan,22,khf,National NGO
GB-COH-04465125,"Imperial College of Science, Technology and Medicine",active,United Kingdom,80,imperial,"Academic, Training and Research"
GB-CHC-1158838,The Freedom Fund,active,United Kingdom,21,tff,International NGO
CA-CRA_ACR-119075091,Oxfam – Quebec,active,Canada,21,oqc,International NGO
GB-CHC-1175658,Global Steering Group for Impact Investment,active,United Kingdom,21,gsg,International NGO
ID-KHH-6014052331100057,Kemitraan Bagi Pembaruan Tata Pemerintahan,active,Indonesia,22,kemitraan,National NGO
MX-RFC-SLP1412039F3,Soluciones en Legislación y Política Ambiental AC,active,Mexico,22,polea,National NGO
GB-CHC-1166956,UK-Med,active,United Kingdom,21,uk-med,International NGO
JO-CCD-45293,Sowt podcasting and training L.L.C,active,Jordan,70,sowt,Private Sector
BD-NAB-2686,Bangladesh Youth Leadership Center,active,Bangladesh,22,bylc,National NGO
US-EIN-27-3166994,Global Impact Investing Network,active,United States,22,giin,National NGO
MX-RFC-IIN920701G55,IDOM INGENIERIA,active,Mexico,70,idom_mx,Private Sector
ID-DJP-312529852906000,Asia Justice and Rights,active,Indonesia,23,ajar,Regional NGO
CH-FDJP-CHE105829963,Solidar Suisse,active,Switzerland,21,solidarsuisse,International NGO
GB-UKPRN-10007790,Universidade de Edimburgo,active,United Kingdom,80,uoe,"Academic, Training and Research"
KE-KRA-P051335339D,African Institute For Development Policy,active,Kenya,21,afidep,International NGO
JO-CCD-200167994,,active,Jordan,21,lifed_admin,International NGO
NL-KVK-27363950,Sociaal-Economische Raad,active,Netherlands,15,ser,Other Public Sector
KE-KRA-P051172537S,,active,Kenya,15,fsdk,Other Public Sector
GB-COH-10516061,Cobra Collective CIC,active,United Kingdom,21,cobracollective,International NGO
GB-GOR-OT1175,Northern Ireland Cooperation Overseas Ltd,active,United Kingdom,15,nico,Other Public Sector
AT-ZVR-315688676,,active,Austria,21,lftw-int,International NGO
XI-GRID-grid.473464.6,Water & Land Resource Center – Universidade de Adis Abeba,active,Ethiopia,80,wlrc_aau,"Academic, Training and Research"
NG-CAC-30547,Paradigm Initiative,active,Nigeria,21,paradigm,International NGO
JO-MSD-200159274,JoWomenomics,active,Jordan,22,jowomenomics,National NGO
NL-KVK-09108013,Advance Consulting,active,Netherlands,70,ac1999,Private Sector
XI-GRID-grid.11835.3e,Universidade de Sheffield,active,United Kingdom,80,tuos,"Academic, Training and Research"
XM-DAC-47015,CGIAR,active,France,80,cgiar,"Academic, Training and Research"
UG-RSB-197310,Financial Sector Deepening Uganda,active,Uganda,22,fsduganda,National NGO
NL-KVK-41192276,Stichting Wilde Ganzen/ IKON,active,Netherlands,22,nl_wg,National NGO
ZM-PCR-12015013762,Prospero Limited,active,Zambia,22,prospero,National NGO
GB-COH-RC000679,Universidade de York,active,United Kingdom,80,uoy,"Academic, Training and Research"
ZA-NPO-081-788,,active,South Africa,21,sustainable_livelihoods_foundation,International NGO
XM-DAC-41149,Gabinete das Nações Unidas para a Coordenação do Desenvolvimento,active,United States,15,undco,Other Public Sector
GB-COH-02871809,Global Witness,active,United Kingdom,21,globalwitness,International NGO
GB-CHC-1175791,Global Anaesthesia Development Partnerships,active,United Kingdom,80,gadp,"Academic, Training and Research"
US-EIN-042103594,Abdul Latif Jameel Poverty Action Lab at MIT,active,United States,80,jpal,"Academic, Training and Research"
MW-RG-1011251,Wala Ltd,active,Malawi,70,walaltd,Private Sector
US-EIN-83-1236759,,active,United States,70,neopenda,Private Sector
US-EIN-53-0235320,Pathfinder International,active,United States,21,pathfinder1,International NGO
BI-NIF-4000742330,AUXFIN Burundi,active,Burundi,70,auxfinbi,Private Sector
MZ-MOJ100094525,Fundação Micaia,active,Mozambique,22,micfound,National NGO
MY-SSM-1172311D,Forever Sabah,active,Malaysia,22,fs,National NGO
UA-EDR-9795443,Centre for Economic Strategy – Ucrânia,active,Ukraine,22,ces-ua,National NGO
FR-INSEE-31827645800037,"Association de solidarité internationale, Agriculteurs français et développement international (Afdi) France",active,France,15,afdi-fr,Other Public Sector
GB-CHC-1017336,Elton John AIDS Foundation,active,United Kingdom,60,ejaf,Foundation
CA_AB-ABT-203435797,Alinea International Ltd.,active,Canada,70,alineainternational_2020,Private Sector
GB-CHC-1188731,Sustainable Hospitality Alliance,active,United Kingdom,21,sha,International NGO
BR-CNPJ-14.563.354/0001-50,Instituto BVRio,active,Brazil,21,bvrio,International NGO
NL-KVK-861193660,OurLoop Stitchting,active,Netherlands,60,loop,Foundation
GB-CHC-1137523,The Proforest Initiative UK,active,United Kingdom,80,pi-uk,"Academic, Training and Research"
US-EIN-13-1623838,EngenderHealth,active,United States,21,ehorg,International NGO
US-EIN-843236198,Corus International,active,United States,21,corus,International NGO
US-EIN-52-2135531,Forest Trends Association,active,United States,21,forest-trends,International NGO
GB-CHC-1074857,Church of England – The Archbishops' Council,active,United Kingdom,80,coe-abc,"Academic, Training and Research"
GB-COH-02515034,Timber Trade Federation Ltd.,active,United Kingdom,70,ttf,Private Sector
US-EIN-38-2846307,Mercy-USA for Aid and Development,active,United States,21,mercy-usa,International NGO
US-EIN-13-4052259,Media Development Investment Fund,active,United States,21,mdif,International NGO
KE-RCO-PLC-MYSMV2,,active,Kenya,70,eabx,Private Sector
GB-CHC-1144091,,active,United Kingdom,15,nesta,Other Public Sector
GB-NIC-073343,Global Fund for Community Foundations,active,United Kingdom,60,gfcf,Foundation
GB-CHC-1123384,Foundation for Social Improvement,active,United Kingdom,80,the_fsi,"Academic, Training and Research"
ES-NIF-G02766913,Fields Data,withdrawn,Spain,21,fd-es,International NGO
ES-NIF-G79408852,Medicos del Mundo,active,Spain,21,mdm_spain,International NGO
BE-BCE_KBO-0464147473,Laïcité et Humanisme en Afrique Centrale (LHAC),active,Belgium,22,lhac,National NGO
KE-RCO-CPR-2010-28036,Open Capital Advisors,active,Kenya,70,oca,Private Sector
GB-COH-RC000652,,active,United Kingdom,80,university_of_essex,"Academic, Training and Research"
GE-RS-406061513,,active,Georgia,22,cpd_2021,National NGO
US-EIN-30-0805768,,active,United States,21,tffus,International NGO
ZA-NPO-053-456,,active,South Africa,22,cegaa,National NGO
KE-NCB-OP-218-051-9994-1329,,active,Kenya,22,creawkenya,National NGO
NP-CRO-1158-065-066,Kathmandu Medical College Public Limited,active,Nepal,80,kmc,"Academic, Training and Research"
ZA-CIT-9415005603,Universidade de Stellenbosch,active,South Africa,80,su-impala,"Academic, Training and Research"
GB-COH-RC000668,,active,United Kingdom,80,soton,"Academic, Training and Research"
NG-CAC-37051,,active,Nigeria,22,dsfn,National NGO
GB-CHC-1173320,South West International Development Network,active,United Kingdom,80,swidn,"Academic, Training and Research"
GB-HESA-10004113,Universidade de Loughborough,active,United Kingdom,80,lboro,"Academic, Training and Research"
CA-CC-13474046,,active,Canada,22,transparently_lebanese,National NGO
CH-FDJP-106756410,,active,Switzerland,21,world_ywca,International NGO
CH-660-0294975-4,World Young Women's Christian Association,withdrawn,Switzerland,21,world_ywca,International NGO
NP-IRD-301131441,,active,Nepal,21,aain,International NGO
SN-NINEA-004487121,,active,Senegal,21,awa_sn,International NGO
KE-NCB-218051981161116,Equality Now,active,Kenya,21,e_n,International NGO
UG-NGO-1317,,active,Uganda,23,siharegional,Regional NGO
GH-RGD-CG001532017,PPAG,active,Ghana,22,ppag_123,National NGO
NL-KVK-69759103,,active,Netherlands,70,laterite_bv,Private Sector
XM-OCHA-585,,active,Austria,40,icmpd,Multilateral
NL-KVK-27293917,The Hague Academy for Local Governance,active,Netherlands,80,tha,"Academic, Training and Research"
IT-CF-80017510225,,active,Italy,22,sosvdb_italia,National NGO
KE-NCB-218-051-9263-33,Young Women's Christian Association of Kenya,active,Kenya,22,ywcakenya,National NGO
SS-RRC-342,Young Women Christian Association of South Sudan (YWCA SS),active,South Sudan,22,ywcass,National NGO
NL-KVK-74983393,IDH Investment Management B.V.,active,Netherlands,70,idh_im,Private Sector
UG-RSB-229709,Mango Tree Property Management LTD,active,Uganda,70,mangotree,Private Sector
NL-KVK-41039028,Stichting Leprazending Nederland – The Leprosy Mission Netherlands,active,Netherlands,60,leprazending-tlm-nl,Foundation
XI-IATI-SPR,,active,Congo (Democratic Republic of the),23,spr,Regional NGO
SS-RRC-465,Assistance Mission for Africa,active,South Sudan,22,ama-south-sudan,National NGO
UG-NGO-3580,,active,Uganda,21,amwa,International NGO
JO-CCD-200178924,,active,Jordan,21,ktk,International NGO
ID-KHH-AHU-0013363.AH.01.04,,active,Indonesia,22,pekka_21,National NGO
NG-CAC-IT-NO96562,Olamma Cares Foundation,active,Nigeria,22,olammacares,National NGO
SS-RRC-405,Eve Organization for Women Development,active,South Sudan,22,eveowd,National NGO
DE-CR-RA000220-HRB7745,Forschungsinstitut zur Zukunft der Arbeit GmbH (IZA),active,Germany,80,iza,"Academic, Training and Research"
CA_ON-ONT-1783682,,active,Canada,21,genderatwork,International NGO
NL-KVK-74799525,Legal Action Worldwide,active,Netherlands,21,law,International NGO
ZA-NPO-189357,,active,South Africa,22,sisonke,National NGO
UG-204CBO-JJA02202000348,,active,Uganda,23,jidu2021,Regional NGO
GB-COH-RC000721,London Business School,active,United Kingdom,80,lbs,"Academic, Training and Research"
IN-MHA-083930147,,withdrawn,India,80,kemhrc,"Academic, Training and Research"
XI-GRID-grid.10347.31,,active,Malaysia,80,rmc_um,"Academic, Training and Research"
XI-GRID-grid.11142.37,,active,Malaysia,80,upm,"Academic, Training and Research"
PS-MOI-QR-1420-C,,active,"Palestine, State of",22,ywca,National NGO
EG-MOSS-3959350,,active,Egypt,22,imc-2021,National NGO
US-EIN-13-3615533,,active,United States,80,educomm,"Academic, Training and Research"
BD-ROC-C-107131,Light Castle Partners,active,Bangladesh,70,lcp,Private Sector
US-EIN-522042014,GoodWeave International,active,United States,21,goodweave_intl,International NGO
TH-TIN-0993000190092,Asian Coalition for Housing Rights,active,Thailand,23,achr,Regional NGO
GB-COH-OC359103,,active,United Kingdom,70,bcg,Private Sector
JO-CCD-58307,,active,Jordan,70,7iberdotcom,Private Sector
KE-NCB-WDCBO542010192,Women Challenged to Challenge,active,Kenya,22,wctc,National NGO
UG-NGO-S59143785,,active,Uganda,22,nuwodu,National NGO
ET-CSA-1128,,active,Ethiopia,22,ewla,National NGO
et-CSA-0444,,active,Ethiopia,22,ewdna2025,National NGO
NL-KVK-83517626,,active,Netherlands,70,investinternational,Private Sector
NL-KVK-77583442,,active,Netherlands,10,ti_nl,Government
XM-OCHA-4438,,active,Bangladesh,80,icddrb,"Academic, Training and Research"
GB-COH-10959095,,active,United Kingdom,80,thefaradayinstitution,"Academic, Training and Research"
HK-CR-2288921,,active,Hong Kong,70,elevatelimited,Private Sector
NL-KVK-80547745,,active,Netherlands,60,traide_foundation,Foundation
MZ-NUIT-700089584,,active,Mozambique,22,cesc,National NGO
US-EIN-04-3309296,,active,United States,22,pilpg,National NGO
MY-SSM-1162174T,,active,Malaysia,21,musawah,International NGO
ZA-NPO-213-268,,active,South Africa,22,sanpud,National NGO
US-EIN-74-2244146,,active,United States,21,rmi,International NGO
GH-RGD-CG200980721,,active,Ghana,21,isdao,International NGO
IN-MHA-094421114,,active,India,80,itforchange,"Academic, Training and Research"
XM-DAC-46012,,active,United States,40,idbinvest,Multilateral
TZ-NNCB-INGOR2000123,,active,"Tanzania, United Republic of",21,apn,International NGO
PA-PRP-5789,,active,Panama,60,fundacionavina,Foundation
BR-CNPJ-26990192000114,,active,Brazil,21,wwfbr,International NGO
UG-NGO-3690,,withdrawn,Uganda,21,rv-ww2,International NGO
GH-DSW-7992,,active,Ghana,22,assn,National NGO
XM-DAC-46025,,active,Saudi Arabia,40,isdb,Multilateral
ID-DJP-018321174017000,,active,Indonesia,21,wwf_id,International NGO
TN-RNE-1540791FPN000,,active,Tunisia,21,wwfna,International NGO
PH-SEC-CN200340507,,active,Philippines,23,samdhana_institute,Regional NGO
PK-NTN-1433899-8,,active,Pakistan,22,pill,National NGO
ZM-PCR-10102712014,,active,Zambia,21,wwfzambia,International NGO
KE-KRA-P051326872M,,active,Kenya,22,sdi-k,National NGO
ID-DJP-023047012526000,,active,Indonesia,22,bwi,National NGO
GB-CHC-1102909,,active,United Kingdom,21,climate-group,International NGO
BR-CNPJ-09294138-0001-15,,active,Brazil,70,agroicone,Private Sector
GH-DSW-1334,,active,Ghana,23,wanep,Regional NGO
NG-CAC-11660,,active,Nigeria,22,crerd_ng,National NGO
KE-NCB-OP2180511619410357,,active,Kenya,22,wwf-kenya,National NGO
PH-SEC-CN200324943,,active,Philippines,23,ntfp-ep,Regional NGO
CO-RUE-8300033586,,active,Colombia,23,gaia,Regional NGO
BF-MATD-2407,,active,Burkina Faso,22,spong-burkina,National NGO
GH-RGD-CG159432015,,active,Ghana,22,gnbcc,National NGO
LR-MFDPNGO-0961,,active,Liberia,23,sdi,Regional NGO
MY-SSM-199601006465,,active,Malaysia,21,iwrawasiapacific,International NGO
US-EIN-83-3732786,,active,United States,21,agwa,International NGO
IN-MHA-1070-99-2000,,active,India,22,cividep,National NGO
KE-NCB-218051200602584403,,active,Kenya,22,ad,National NGO
BJ-IFU-6201500233008,,active,Benin,22,pascib_benin,National NGO
ML-MAT-028-MAT-DNIC-DAG,,active,Mali,22,seco-ong-mali,National NGO
XI-GRID-grid4157124,,active,Pakistan,80,iop-rmu,"Academic, Training and Research"
XM-DAC-46021,,active,Togo,40,boadiita,Multilateral
YE-MSAL-288-2013,,active,Yemen,22,ywbod,National NGO
SG-ACRA-201507403G,,active,Singapore,23,growasia,Regional NGO
US-EIN-20-3074517,,active,United States,21,trustafrica,International NGO
PK-SEC-0108318,,active,Pakistan,22,tfp,National NGO
ZA-CIP-2021-421804-08,,active,South Africa,21,sdi-int,International NGO
BD-ROC-C-104266,,active,Bangladesh,70,redorange,Private Sector
ZA-NPO-155-669,,active,South Africa,23,pai155669,Regional NGO
ET-CSA-1424,,active,Ethiopia,22,corha,National NGO
KE-RCO-155081,,active,Kenya,21,fsdafrica,International NGO
BI-NIF-4001055070,,active,Burundi,22,j2022,National NGO
AF-MOE-611,,active,Afghanistan,22,tlo,National NGO
PY-RUC-80025907-6,,active,Paraguay,21,wwf-py,International NGO
TN-RNE-1027578P,,active,Tunisia,22,cemi,National NGO
SN-NINEA-21516110A0,,active,Netherlands,22,gorin,National NGO
NL-KVK-54749484,,active,Netherlands,21,fc-f,International NGO
PS-MOI-RA279C,,active,"Palestine, State of",22,pwwsd_2022,National NGO
LB-MOI-30-ED,,active,Lebanon,22,skf,National NGO
TH-MOI-KhorThor2882,,active,Thailand,23,ilgaasia,Regional NGO
BI-NIF-4000450306,,active,Burundi,22,bltp,National NGO
FI-PRO3087706-5,,active,Finland,70,riverrecycle,Private Sector
LB-MOI-3567,,active,Lebanon,22,crtda,National NGO
JO-MSD-19700011100010,,active,Jordan,22,awo2022,National NGO
MM-MHA-0295,,active,Netherlands,22,gen,National NGO
CO-RUE-830053223,,active,Colombia,22,limpal-colombia,National NGO
GB-GOV-11,,active,United Kingdom,10,cbu_hmrc,Government
MY-SSM-256530H,,active,Malaysia,23,my-ssm,Regional NGO
RW-RGB-020-17,,active,Rwanda,22,profemmes,National NGO
CO-RUES-800121811,,active,Colombia,22,codacop,National NGO
DK-CVR-42047007,,active,Denmark,80,icars,"Academic, Training and Research"
SS-RRC-140,,active,South Sudan,21,avsi-ssd,International NGO
DK-CVR-25825012,,active,Denmark,21,sosdk,International NGO
US-EIN-81-2108637,,active,United States,21,dalbergcatalyst,International NGO
BJ-IFU-6201810257535,,active,Benin,22,abms,National NGO
BF-MATD-N00000408001,,active,Burkina Faso,22,sosjd6,National NGO
US-EIN-061805406,,active,United States,21,hc2022,International NGO
CH-FDJP-CHE10092705,,active,Switzerland,21,wilpf_22,International NGO
ID-DJP-030079198015000,,active,Indonesia,22,pattiro,National NGO
NL-KVK-41226182,,active,Netherlands,22,hfhnl,National NGO
US-GOV-11,,active,United States,10,state,Government
US-GOV-32,,active,United States,10,epa,Government
US-GOV-16,,active,United States,10,doc,Government
US-GOV-12,,active,United States,10,ustda,Government
US-GOV-2,,active,United States,10,usda,Government
US-GOV-10,,active,United States,10,peace,Government
US-GOV-21,,active,United States,10,iaf,Government
US-GOV-26,,active,United States,10,dot,Government
US-GOV-14,,active,United States,10,hhs,Government
US-GOV-15,,active,United States,10,doj,Government
IN-MCA-U74999MH2015PTC264094,,active,India,70,ddsolar,Private Sector
US-GOV-9,,active,United States,10,doi,Government
US-GOV-7,,active,United States,10,dod,Government
US-GOV-20,,active,United States,10,doe,Government
US-GOV-19,,active,United States,10,dhs,Government
XM-OCHA-HP3664,,active,Jordan,22,jrf_2022,National NGO
US-EIN-83-2847769,,active,United States,70,60db,Private Sector
ci-moi-474-mis-dgat-dag-sdva,,active,Côte D'Ivoire,22,csci_benkadi,National NGO
SS-RRC-652,,active,South Sudan,22,siha-southsudan,National NGO
ID-KHH-01060014412,,active,Indonesia,22,tifa_foundation,National NGO
061660068,,active,United States,21,ipa_,International NGO
TZ-NNCB-00NGO-R2-00056,,active,"Tanzania, United Republic of",22,wajibu,National NGO
NP-SWC-19781,,active,Nepal,22,infnepal,National NGO
NL-KVK-40539494,,active,Netherlands,21,mdmnl,International NGO
US-EIN-84-3344516,,active,United States,21,aceliafrica,International NGO
NL-KVK-76050475,,active,Netherlands,21,gca,International NGO
GB-CHC-1187721,,active,United Kingdom,21,uws,International NGO
ID-KHH-0018020.AH.01.07,,active,Indonesia,22,hrwg_indonesia,National NGO
CO-CCB-0008863,,active,Colombia,22,opepa,National NGO
CH-FDJP-110.162.567,,active,Switzerland,60,finddiagnostics,Foundation
GB-COH-02742969,,active,United Kingdom,80,grl,"Academic, Training and Research"
PS-MOI-QR177HR,,active,"Palestine, State of",22,miftah,National NGO
KH-INGO-20201231,,active,Cambodia,21,aac,International NGO
GH-DSW-4004,,active,Ghana,23,mfwa,Regional NGO
IL-RA-580675486,,active,Israel,22,t2p,National NGO
XM-DAC-47062,,active,Nigeria,21,iita_2022,International NGO
JO-COA-0301-57112,,active,Jordan,40,inwrdam,Multilateral
KH-INGO,,withdrawn,Cambodia,21,aac,International NGO
CO-RUE-8600286699,,active,Colombia,70,fedesarrollo,Private Sector
NL-KVK-24428291,,active,Netherlands,70,aw,Private Sector
NL-KVK-58076573,,active,Netherlands,70,auxfinintl,Private Sector
GB-UKPRN-10007783,,active,United Kingdom,80,uoa,"Academic, Training and Research"
US-EIN-23-6393344,,active,United States,21,worldrelief,International NGO
GH-RGD-CG056382017,,active,Ghana,23,globalshea,Regional NGO
CO-CCB-01952534,,active,Colombia,70,grupoe3,Private Sector
CO-RUE-901337512,,active,Colombia,22,iclei,National NGO
GB-SC-SC015263,,active,United Kingdom,80,strathclyde,"Academic, Training and Research"
CH-FDJP-CHE-109-991-002,,active,Switzerland,60,basel_institute,Foundation
BJ-IFU-6202112757059,,active,Benin,22,igd_benin,National NGO
LB-MOI-37-AD,,active,Lebanon,22,rabi3,National NGO
BJ-IFU-6201001214905,,active,Benin,22,abpf,National NGO
GB-COH-RC000653,,active,United Kingdom,80,uoex,"Academic, Training and Research"
AE-DMCC-23550,,active,United Arab Emirates,70,arkgroupdmcc1,Private Sector
US-EIN-52-1497470,,active,United States,21,c_i_f,International NGO
GB-CHC-1112404,,active,United Kingdom,21,rtp_uk,International NGO
GB-COH-01250443,,active,United Kingdom,70,niras_uk,Private Sector
MZ-NUIT-700061787,,active,Mozambique,30,grp,Public Private Partnership
GB-COH-RC000659,,active,United Kingdom,80,leics,"Academic, Training and Research"
ET-MFA-150317,,active,Ethiopia,23,et-adf-0317,Regional NGO
GB-CHC-1162997,,active,United Kingdom,21,pci,International NGO
NL-KVK-41199142,,active,Netherlands,60,rabofoundation,Foundation
BI-NIF-4000039331,,active,Burundi,22,twz1,National NGO
KE-NCB-10488,,active,Kenya,22,sp,National NGO
NG-CAC-RC-1368639,,active,Nigeria,70,infracredit,Private Sector
GB-CHC-1050821,,active,United Kingdom,22,tzuchiuk,National NGO
LB-MOI-17312,,active,Lebanon,22,female,National NGO
NL-KVK-60351489,,active,Netherlands,70,frontclear_ftap,Private Sector
GB-COH-10781862,,active,United Kingdom,70,svrg,Private Sector
US-EIN-47-4606264,,active,United States,70,hala_systems,Private Sector
LB-MOI-2402520,,active,Lebanon,23,smex,Regional NGO
DE-CR-RA000355-HRB726528,,active,Germany,80,fosaa,"Academic, Training and Research"
UG-RSB-80020000583761,,active,Uganda,70,ep,Private Sector
DK-CVR-78920610,,active,Denmark,21,fowdk,International NGO
CH-FDJP-CHE455926653,,active,Switzerland,21,ilgaworld,International NGO
DE-CR-RA000299-HRB20002,,active,Germany,70,sce-gmbh,Private Sector
PE-SUNARP-03024345,,active,Peru,80,investigacion_cayetano,"Academic, Training and Research"
GB-COH-05712574,,active,United Kingdom,70,pul,Private Sector
US-EIN-45-4535664,,active,United States,21,harvard_global,International NGO
KE-NCB-218051200201502367,,active,Kenya,22,lvct,National NGO
XM-DAC-47149,,active,Netherlands,15,icmp,Other Public Sector
GB-UKPRN-10007786,,active,United Kingdom,80,unibristol,"Academic, Training and Research"
KE-KRA-P052188980R,,active,(No country assigned),70,bfa_global,Private Sector
KE-RCO-CF2015185025,,active,Kenya,60,ga,Foundation
AF-MOE-947,,active,Afghanistan,22,947,National NGO
CH-FDJP-CHE326267730,,active,Switzerland,21,trial,International NGO
AF-MOE-118,,active,Afghanistan,21,sca_afghanistan,International NGO
US-EIN-52-1527835,,active,United States,21,ifes,International NGO
GB-COH-46049,,active,United Kingdom,21,testdave,International NGO
KE-KRA-P052007235U,,active,Kenya,70,imfact2022,Private Sector
US-EIN-262048480,,active,United States,21,ia,International NGO
PH-SEC-CN201214699,,active,(No country assigned),23,crcasia,Regional NGO
NA-NAMRA-04413362,,active,Namibia,23,arasaregional,Regional NGO
SO-COA-107-0081-2023,,active,Somalia,22,iffoundation12,National NGO
US-EIN-26-0126537,,active,United States,21,gi,International NGO
KE-KRA-P051698850Z,,active,Kenya,70,ddfkenya,Private Sector
GB-COH-07177839,,active,United Kingdom,70,bboxx,Private Sector
SN-NINEA-50255162X2,,active,Senegal,70,sn-ninea-50255162x2,Private Sector
ID-DJP-032441156063000,,active,Indonesia,70,ptarupidn,Private Sector
GB-COH-12675400,,active,United Kingdom,21,cir,International NGO
BR-CNPJ-30619995-0001-34,,active,Brazil,80,cit_brazil,"Academic, Training and Research"
NG-CAC-RC-929657,,active,Nigeria,70,fmdqgroupplc_2013,Private Sector
GB-CHC-1146162,,active,United Kingdom,21,rstmh,International NGO
PK-NTN-9051408-4,,active,Pakistan,80,kmu,"Academic, Training and Research"
XM-DAC-46008,,active,Venezuela (Bolivarian Republic of),40,caf,Multilateral
BD-ROC-S-5933,,active,Bangladesh,80,chpd_ulab,"Academic, Training and Research"
NL-KVK-51837609,,active,Netherlands,70,upinion,Private Sector
NP-IRD-201252183,,active,Nepal,80,bpkihs_dharan,"Academic, Training and Research"
BO-NIT-351775028,,active,Bolivia,23,conexionla,Regional NGO
LK-DRC-GA635,,active,Sri Lanka,80,irdsrilanka-1997,"Academic, Training and Research"
NG-CAC-1075488,,active,Nigeria,70,nvd_12,Private Sector
KE-KRA-P051883897F,,active,Kenya,70,adili_sh,Private Sector
GB-CHC-1030884,,active,United Kingdom,21,gb-chc-1030884,International NGO
KE-KRA-P052141361L,,active,Kenya,22,cap-a,National NGO
GB-GOR-PB508,,active,United Kingdom,80,rbg_kew,"Academic, Training and Research"
XI-DUNS-645826186,,active,Pakistan,80,stmu01,"Academic, Training and Research"
IN-MCA-U74900TN2013PTC093426,,active,India,70,bepl,Private Sector
GH-RGD-CG034642016,,active,Ghana,22,ukgcc,National NGO
BE-BCE_KB0-0421408778,,active,Belgium,22,ipis,National NGO
XI-IATI-KHF_IFH,,active,Jordan,22,khf_ifh,National NGO
PS-TIN-888005972,,active,"Palestine, State of",15,wsrc1,Other Public Sector
NL-KVK-57504091,,active,Netherlands,60,stichting_cd,Foundation
GB-COH-05572704,,active,United Kingdom,70,aceruk,Private Sector
BR-CNPJ-62579164-0001-72,,active,Brazil,80,_cebrap,"Academic, Training and Research"
NL-KVK-34123218,,active,Netherlands,80,rabk,"Academic, Training and Research"
YE-MSAL-220,,active,Yemen,22,bfdyemen,National NGO
ZA-CIP-2011-003386-08,,active,South Africa,80,cisl,"Academic, Training and Research"
GB-GOV-25,,active,United Kingdom,10,desnz,Government
ZA-CIP-2002-007758-08,,active,South Africa,21,icleiafrica,International NGO
GB-COH-OC422288,,active,United Kingdom,70,thc,Private Sector
YE-CR-17952,,active,Yemen,70,dr,Private Sector
UA-EDR-36159679,,active,Ukraine,22,dixigroup,National NGO
TN-RNE-1526532C,,active,Tunisia,22,wwc_27068084,National NGO
NL-KVK-41150792,,active,Netherlands,21,jp-nl,International NGO
UG-NGO-INDR45161196NB,,active,Uganda,22,actade,National NGO
GB-GOV-26,,active,United Kingdom,10,dsit,Government
PS-MOI-QR-0049-F,,active,"Palestine, State of",21,welfare_taawon,International NGO
MG-NIF-4003264720,,active,Madagascar,22,pjl,National NGO
YE-MSAL-19,,active,Yemen,22,rymn,National NGO
GB-COH-02412299,,active,United Kingdom,21,stonewa11,International NGO
HK-CR-2436455,,active,Hong Kong,70,agsollimited,Private Sector
FR-RCS-53119997400027,,active,France,21,premiere-urgence,International NGO
BD-ROC-C-150855,,active,Bangladesh,70,yy_ventures,Private Sector
BD-NAB-0841,,active,Bangladesh,22,cnrs,National NGO
GB-COH-12482833,,active,United Kingdom,21,amplifychange,International NGO
YE-MOPIC-0036,,active,Yemen,21,partnersyemen,International NGO
SZ-CIT-201710132021804,,active,eSwatini,22,wu,National NGO
BD-NAB-0004,,active,Bangladesh,21,carebd,International NGO
NG-CAC-69519,,active,Nigeria,22,cjid_ng,National NGO
BD-NAB-0577,,active,Bangladesh,22,dsk,National NGO
BD-NAB-1748,,active,Bangladesh,22,fb_2023,National NGO
NL-KVK-91420784,,active,Netherlands,21,wcaf,International NGO
YE-MSAL-32-M-2008,,active,Yemen,22,semc-yemen,National NGO
GB-GOR-EA53,,active,United Kingdom,10,cefas,Government
IN-MCA-U74900TG2007NPL055085,,active,India,80,tgi_india,"Academic, Training and Research"
GB-CHC-298375,,active,United Kingdom,23,cls,Regional NGO
IN-MHA-083780010,,active,India,22,sparc_iati,National NGO
NL-KVK-75373750,,active,Netherlands,21,ic-bs_24,International NGO
PK-NTN-2158581-4,,active,Pakistan,22,shirkatgah,National NGO
NL-KVK-81042582,,active,Netherlands,22,thenab,National NGO
GB-COH-4625800,,active,United Kingdom,21,iseal,International NGO
GB-CHC-1174610,,active,United Kingdom,15,thinkequal,Other Public Sector
KE-NCB-218051200301082704,,active,Kenya,22,imlu,National NGO
PS-TIN-562780742,,active,"Palestine, State of",70,tap,Private Sector
UG-RSB-80010000758365,,active,Uganda,70,in,Private Sector
XM-OCHA-HPC8773,,active,(No country assigned),40,ecw,Multilateral
US-EIN-46-3995547,,active,United States,21,ibp,International NGO
ID-KHH-AHU-0000401.AH.01.07,,active,Indonesia,22,safenet,National NGO
IT-CF-97050280581,,active,Italy,21,cispngo,International NGO
NG-CAC-6896199,,active,Nigeria,22,obodo_ng,National NGO
IN-MHA-083930308,,active,India,22,masumpune_87,National NGO
MW-NBM-NGO-L-13-059,,active,Malawi,22,wolrec,National NGO
GH-RGD-ET000570722,,active,Ghana,21,idh-ghana,International NGO
US-EIN-042241718,,active,United States,21,edc,International NGO
GB-COH-08100658,,active,United Kingdom,70,via,Private Sector
GB-COH-05380206,,active,United Kingdom,15,jncc,Other Public Sector
GB-COH-02525806,,active,United Kingdom,70,acs_group,Private Sector
UG-RSB-125289,,active,Uganda,70,pcp-ug_125289,Private Sector
US-EIN-47-2326975,,active,(No country assigned),21,cadasta,International NGO
BI-NIF-4001458845,,active,Burundi,22,ajebudi_2024,National NGO
CH-FDJP-CHE-390.672.238,,active,Switzerland,21,nf2022,International NGO
RW-RRA-121040504,,active,Rwanda,70,acv,Private Sector
ID-DJP-016993966411000,,active,Indonesia,80,ppim,"Academic, Training and Research"
CA-CC-020387-4,,active,Canada,21,ef,International NGO
GB-CHC-1174115,,active,United Kingdom,22,ceobs,National NGO
KE-RCO-PVT-2016-025726,,active,Kenya,70,apolloagriculture,Private Sector
JO-CCD-181612,,active,Jordan,70,mset,Private Sector
MU-CR-C191439,,active,Mauritius,70,blue,Private Sector
KE-RCO-BN-J9S5BMEB,,active,Kenya,70,ecovega,Private Sector
AU-ABN-94642321640,,active,Australia,23,cra,Regional NGO
SE-ON-802401-6134,,active,Sweden,21,ktk_ho,International NGO
CA-CRA_ACR-827142530RR0001,,active,Canada,21,rr_qfdi,International NGO
GB-CHC-1191805,,active,United Kingdom,22,sidcn,National NGO
GB-COH-14411359,,active,United Kingdom,70,chemonics_uk,Private Sector
NL-KVK-27364265,,active,(No country assigned),80,nl_tud,"Academic, Training and Research"
CH-FDJP-6602621019-7,,active,Switzerland,21,ffh,International NGO
CO-RUE-90020089,,active,Colombia,23,feadin,Regional NGO
BF-MATD-1131,,active,Burkina Faso,22,240001090,National NGO
GB-COH-01630501,,active,United Kingdom,70,mko,Private Sector
EG-CR-42812,,active,Egypt,70,outreach_egypt,Private Sector
KE-KRA-P052193943Z,,active,Kenya,22,theclimatenetwork,National NGO
GB-COH-04481639,,active,United Kingdom,70,alinea_uk,Private Sector
BF-MATD-118884808RR0001,,active,Burkina Faso,22,bfrri,National NGO
GB-UKPRN-10007789,,active,United Kingdom,80,uea_uk,"Academic, Training and Research"
GB-UKPRN-10000824,,active,United Kingdom,80,bournemouth_university,"Academic, Training and Research"
BD-NAB-557,,active,Bangladesh,21,thpdb,International NGO
UG-NGO-INDR21712234NB,,active,Uganda,22,ngoforum_01,National NGO
ZA-NPO-IT7504-1992-PMB,,active,South Africa,23,accord_2024,Regional NGO
ZA-CIP-1997-015443-07,,active,South Africa,70,whc,Private Sector
GB-CHC-1186748,,active,United Kingdom,21,nt_2024,International NGO
GB-CHC-1159990,,active,United Kingdom,22,ssap,National NGO
GB-COH-09902551,,active,United Kingdom,70,camco,Private Sector
XM-DAC-962,,active,Switzerland,40,unctad,Multilateral
AR-CUIT-30-70806240-1,,active,Argentina,21,iecs-2024,International NGO
GB-HESA-0163,,active,United Kingdom,80,warwickpub123,"Academic, Training and Research"
GT-RPJ-21339045,,active,Guatemala,21,fafg,International NGO
XI-ROR-01wk3d929,,active,Indonesia,80,medicine_ub,"Academic, Training and Research"
GB-COH-OC423567,,active,United Kingdom,70,gridworkspartners,Private Sector
GB-GOV-27,,active,United Kingdom,10,mhclg,Government
PE-SUNARP-11582738,,active,Peru,80,cientifica-pe,"Academic, Training and Research"
PK-VSWA-2028-2002,,active,Pakistan,22,bveins,National NGO
AT-ZVR-482616437,,active,Austria,22,hope87,National NGO
GB-CHC-313392,,active,United Kingdom,80,nfer,"Academic, Training and Research"
KE-KRA-P051102229I,,active,Kenya,40,tdb01,Multilateral
GE-NAPR-367,,active,Georgia,22,curatio,National NGO
GB-COH-13697512,,active,United Kingdom,70,2xglobal,Private Sector
SS-RRC-294,,active,South Sudan,22,capad,National NGO
UA-EDR-24719411,,active,Ukraine,70,argus_kyiv,Private Sector
CA-CRA_ACR-892100884,,active,Canada,15,col,Other Public Sector
GB-CHC-210639,,active,United Kingdom,22,rusi,National NGO
XM-OCHA-HPC1888,,active,Somalia,22,inforaas,National NGO
XM-OCHA-HPC6052,,active,Somalia,22,hirda,National NGO
BE-BCE_KBO-0665.649.335,,active,Belgium,21,seefarfoundation,International NGO
XM-OCHA-HPC5902,,active,Somalia,21,pac_som,International NGO
XM-OCHA-HPC3382,,active,Somalia,22,scc_2025,National NGO
SO-COA-107-0079-2025,,active,Somalia,22,kardo-somalia,National NGO
XM-OCHA-HPC10477,,active,Somalia,22,swvsom,National NGO
GB-COH-08524506,,active,United Kingdom,70,commonseas,Private Sector
IN-MHA-5897,,active,India,22,tlmti,National NGO
GH-RGD-CG016822016,,active,Ghana,22,cdd_admin,National NGO
GB-COH-03591514,,active,United Kingdom,21,tlm_io,International NGO
CH-FDJP-CHE109810537,,active,Switzerland,60,fsd-switzerland_2025,Foundation
US-EIN-11-2724905,,active,United States,21,icfj,International NGO
BR-CNPJ-45358058000140,,active,Brazil,80,ufscar_brasil,"Academic, Training and Research"
ZA-NPO-012983,,active,South Africa,22,sci2025,National NGO
ZA-CIP-2007-012585-08,,active,South Africa,21,rdh,International NGO
US-EIN-53-0196603,,active,United States,80,georgetown,"Academic, Training and Research"
US-EIN-113816205,,active,United States,21,independent_diplomat,International NGO
GB-CHC-1159483,,active,United Kingdom,21,start-network,International NGO
GH-RGD-CG081931122,,active,Ghana,60,ews-kt_gh,Foundation
FR-RCS-42956525200054,,active,France,21,ri_france,International NGO
SO-COA-107-0290-2025,,active,Somalia,22,hu,National NGO
NG-CAC-8270899,,active,Nigeria,70,sgal,Private Sector
US-EIN-52-1398742,,active,United States,21,cipe_1983,International NGO
NL-KVK-32160247,,active,Netherlands,70,scopeinsight,Private Sector
US-EIN-521338892,,active,United States,21,ndi,International NGO
RW-RRA-102234096,,active,Rwanda,70,afrwanda,Private Sector
UG-RSB-80010004091376,,active,Uganda,70,dwb_africa,Private Sector
XI-DUNS-499432771,,active,Ghana,80,nhrc,"Academic, Training and Research"
US-SAM-VJ8RGVMEPAT7,,active,United States,22,new_digital_trade_coalition,National NGO
US-EIN-770155782,,active,United States,21,globalfundforwomen,International NGO
MW-NBM-20125698,,active,Malawi,21,mlw,International NGO
XM-DAC-46027,,active,Bolivia,40,fonplata,Multilateral
BF-MATD-N4217,,active,Burkina Faso,22,abbef,National NGO
XI-ROR-04pznsd21,,active,Lebanon,70,auob,Private Sector
XI-IATI-CLAD,,active,Venezuela (Bolivarian Republic of),40,clad,Multilateral
GB-CHC-1180966,,active,United Kingdom,22,mtuk,National NGO
GB-COH-05327824,,active,United Kingdom,21,tjn,International NGO
ZA-CIP-2022-449689-08,,active,South Africa,70,energycouncilsa,Private Sector
FR-INSEE-93282389100019,,active,(No country assigned),21,piermarc,International NGO
ET-CSA-1560,,active,Ethiopia,22,eocdicac,National NGO
KE-RCO-CPR-2014-161876,,active,Kenya,22,mwa_kenya,National NGO
NL-KVK-86795341,,active,Netherlands,60,clim-eat,Foundation
SL-NRA-1136607-8,,active,Sierra Leone,22,igchr_sierraleone,National NGO
SL-OARG-2420280,,active,Sierra Leone,22,codohsapa,National NGO
GB-COH-08195029,,active,United Kingdom,70,finance_earth,Private Sector
US-EIN-52-1780162,,active,United States,21,ef-2025,International NGO
US-EIN-35-2725269,,active,(No country assigned),21,sfa_foundation,International NGO
UG-NGO-INDP51781129NB,,active,Uganda,23,rac-001,Regional NGO
UA-EDR-42661077,,active,Ukraine,22,imtd_int_11,National NGO
TR-VKN-4940457659,,active,(No country assigned),22,kamer,National NGO
GB-COH-00559784,,active,United Kingdom,80,pirbright_institute,"Academic, Training and Research"
UA-EDR-38621206,,active,Ukraine,22,r2p,National NGO
UA-COA-44916875,,active,Ukraine,22,vs,National NGO
SE-ON-802002-3209,,active,Sweden,22,smc,National NGO
ET-ERCA-0056106666,,withdrawn,Ethiopia,23,et-adf-0317,Regional NGO
GB-1-201879-115,"Wheeler Institute for Business and Development, London Business School",withdrawn,United Kingdom,80,wheeler,"Academic, Training and Research"
