code,name,status,codeforiati:registry-identifier,codeforiati:hq-country-or-region,codeforiati:organisation-type,codeforiati:organisation-type-code
AU-5,Australie – Ministère des Affaires étrangères et du Commerce,active,ausgov,Australia,Government,10
44000,Banque mondiale,active,worldbank,(No country assigned),Multilateral,40
US-EIN-941655673,Fondation William et Flora Hewlett,active,hewlett-foundation,United States,Foundation,60
41AAA,Bureau des Nations Unies pour les services d’appui aux projets (UNOPS),active,unops,(No country assigned),Multilateral,40
GB-CHC-1038860,Frontline AIDS,active,f-aids,United Kingdom,International NGO,21
XI-IATI-EC_INTPA,Commission européenne – Partenariats internationaux,active,ec-intpa,(No country assigned),Other Public Sector,15
XI-IATI-EC_DEVCO,Commission européenne – Coopération internationale et développement,withdrawn,ec-devco,(No country assigned),Other Public Sector,15
SE-0,"Suède, via l’Agence suédoise de coopération internationale au développement (Asdi)",active,sida,Sweden,Government,10
CA-CRA-89980-1815-RR0001,Ingénieurs Sans Frontières Canada,active,ewb_canada,Canada,International NGO,21
XM-DAC-41114,Programme des Nations Unies pour le développement (PNUD),active,undp,(No country assigned),Multilateral,40
GB-CHC-1075920,Indigo Trust,active,indtrust,United Kingdom,Foundation,60
GB-CHC-202918,Oxfam Royaume-Uni,active,oxfamgb,United Kingdom,International NGO,21
FI-3,Finlande – Ministère des Affaires étrangères de la Finlande,active,finland_mfa,Finland,Government,10
IE-CHY-6663,Self Help Africa,active,self-help-africa,Ireland,International NGO,21
47045,"Fonds mondial de lutte contre le sida, la tuberculose et le paludisme",active,theglobalfund,Switzerland,Multilateral,40
XM-DAC-46004,Banque asiatique de développement,active,asdb,(No country assigned),Multilateral,40
46004,Banque asiatique de développement,withdrawn,asdb,(No country assigned),Multilateral,40
GB-COH-07676886,Publish What You Fund,active,pwyf,United Kingdom,International NGO,21
NO-BRC-977538319,Norwegian Refugee Council (conseil norvégien pour les réfugiés),active,nrc,Norway,International NGO,21
NL-KVK-41213450,SPARK,active,spark,Netherlands,International NGO,21
XM-DAC-3-1,Danemark – Ministère des Affaires étrangères,active,danida,Denmark,Government,10
GB-CHC-285776,Catholic Agency For Overseas Development (CAFOD),active,cafod,United Kingdom,International NGO,21
47122,"Gavi, l’Alliance du vaccin",active,gavi,Switzerland,Public Private Partnership,30
US-EIN-300108263,GlobalGiving.org,active,globalgiving,United States,International NGO,21
GB-CHC-1029161,Camfed International,active,camfed,United Kingdom,International NGO,21
GB-CHC-291691,All We Can (anciennement Methodist Relief and Development Fund),active,allwecan,United Kingdom,International NGO,21
GB-CHC-1074937,ADRA-UK,active,adrauk,United Kingdom,International NGO,21
GB-CHC-1017255,Homeless International,active,hi,United Kingdom,International NGO,21
GB-COH-4905100,Resource Extraction Monitoring,active,rem,United Kingdom,International NGO,21
NP-CRO-45995/063/064,Young Innovations Pvt. Ltd,active,yipl,Nepal,"Academic, Training and Research",80
GB-CHC-327421,Article19,active,art19,United Kingdom,International NGO,21
GB-CHC-328434,ChildHope Royaume-Uni,active,childhopeuk,United Kingdom,International NGO,21
GB-CHC-1092236,Concern Worldwide Royaume-Uni,active,concernuk,United Kingdom,International NGO,21
GB-COH-4075590,LEAD International,active,lead_international,United Kingdom,International NGO,21
XM-DAC-21033,Transparency International (Secrétariat),active,transparency-international,Germany,International NGO,21
GB-CHC-1141028,AfriKids,active,afrikids,United Kingdom,International NGO,21
GB-CHC-1089879,EveryChild,active,evc,United Kingdom,International NGO,21
GB-CHC-1126727,MapAction,active,mapaction,United Kingdom,International NGO,21
GB-CHC-254781,The International Children’s Trust,active,theict,United Kingdom,International NGO,21
GB-COH-NI21482,Trocaire (Irlande du Nord),active,troc,United Kingdom,International NGO,21
GB-CHC-1001698,Interact Worldwide,active,iww_publish,United Kingdom,International NGO,21
GB-CHC-1837621,Health Poverty Action,active,hpa,United Kingdom,International NGO,21
GB-CHC-313139,Africa Educational Trust,active,aet,United Kingdom,International NGO,21
GB-CHC-800672,Living Earth Foundation,active,livingearth12,United Kingdom,International NGO,21
GB-COH-0277068,Fauna & Flora International,active,ffi_publisher,United Kingdom,International NGO,21
GB-CHC-1020488,Children in Crisis,active,cic,United Kingdom,International NGO,21
GB-CHC-1090745,ICA:UK,active,icauk,United Kingdom,National NGO,22
GB-CHC-298316,Build Africa,active,buildafrica,United Kingdom,International NGO,21
GB-CHC-265464,Tearfund,active,tearfund,United Kingdom,International NGO,21
GB-CHC-208724,War on Want,active,waronwant,United Kingdom,International NGO,21
GB-COH-06587734,InterClimate Network,active,icn,United Kingdom,International NGO,21
GB-COH-2082273,World Association for Christian Communication Royaume-Uni,active,wacc-uk,United Kingdom,International NGO,21
GB-CHC-1064413,African Initiatives,active,ai_1064413,United Kingdom,International NGO,21
GB-COH-05322719,Opportunity International Royaume-Uni,active,opportunity-international-uk,United Kingdom,International NGO,21
GB-SC-SC030289,Mercy Corps Europe,active,mce,United Kingdom,International NGO,21
GB-COH-1100897,Fondation Aga Khan Royaume-Uni,active,akfuk73,United Kingdom,International NGO,21
GB-CHC-1001349,Samaritan’s Purse Royaume-Uni,active,spuk,United Kingdom,International NGO,21
GB-CHC-327461,Karuna Trust,active,karuna,United Kingdom,International NGO,21
GB-COH-4887855,HealthProm,active,hp_12,United Kingdom,International NGO,21
GB-CHC-207076,Royal Society for the Protection of Birds,active,rspb_,United Kingdom,International NGO,21
GB-CHC-299717,Send a Cow,active,sendacow,United Kingdom,International NGO,21
GB-CHC-1069208,Trust for Africa’s Orphans,active,tao-03473165,United Kingdom,International NGO,21
GB-CHC-283302,Agency for Cooperation and Research in Development (ACORD),active,acord,United Kingdom,International NGO,21
GB-CHC-1068839,Bond,active,bond,United Kingdom,National NGO,22
GB-CHC-291824,Twin,active,twin-iati,United Kingdom,International NGO,21
GB-CHC-1059996,Power International,active,power,United Kingdom,International NGO,21
GB-CHC-1102028,Canon Collins Trust,active,canoncollinstrust,United Kingdom,International NGO,21
GB-COH-5419428,Water & Sanitation for the Urban Poor (WSUP),active,wsup,United Kingdom,Public Private Partnership,30
GB-COH-03877777,CDC Group plc,active,bii,United Kingdom,Other Public Sector,15
GB-CHC-328206,Womankind Worldwide,active,womankindworld,United Kingdom,International NGO,21
GB-CHC-281681,"Friends of the Earth England, Wales and Northern Ireland",active,foe_ewni,United Kingdom,National NGO,22
GB-CHC-272465,United Purpose,active,cu,United Kingdom,International NGO,21
GB-CHC-1125948,PONT,active,pont,United Kingdom,International NGO,21
GB-CHC-1138287,Rainforest Foundation Royaume-Uni,active,rfuk,United Kingdom,International NGO,21
41120,ONU-Habitat,active,unhabitat,(No country assigned),Multilateral,40
GB-COH-04154075,Penal Reform International,active,pri,United Kingdom,International NGO,21
GB-CHC-288701,WaterAid,active,wateraid,United Kingdom,International NGO,21
GB-CHC-291167,Jeevika Trust,active,jeevika_trust,United Kingdom,International NGO,21
GB-CHC-313757,Voluntary Service Overseas (VSO),active,vso,United Kingdom,International NGO,21
GB-COH-1364201,Plan International Royaume-Uni,active,plan_uk,United Kingdom,International NGO,21
XM-DAC-21032,,active,psi,United States,International NGO,21
21032,Population Services International,withdrawn,psi,United States,International NGO,21
GB-COH-213890,Save the Children Royaume-Uni,active,scuk,United Kingdom,International NGO,21
NL-KVK-41198677,Hivos,active,stichting_hivos,Netherlands,International NGO,21
ZA-NPO-061-870,Southern African Catholic Bishops’ Conference Aids Office,active,sacbc,South Africa,Regional NGO,23
CH-FDJP-CHE-110347351,Alliance mondiale pour l'amélioration de la nutrition,active,gain,Switzerland,International NGO,21
30001,Alliance mondiale pour l'amélioration de la nutrition,withdrawn,,Switzerland,International NGO,21
GB-CHC-1127206,StreetInvest,active,si,United Kingdom,International NGO,21
GB-CHC-1055436,Conciliation Resources,active,cr,United Kingdom,International NGO,21
GB-CHC-1115482,BRAC Royaume-Uni,active,bracuk,United Kingdom,International NGO,21
ZA-NPO-036-515,,active,gl,South Africa,Regional NGO,23
ZA-CIP-2001-005850-08,,withdrawn,gl,South Africa,Regional NGO,23
ZA-CIPC-2001/005850/08,Gender Links,withdrawn,gl,South Africa,Regional NGO,23
GB-CHC-218186,Leonard Cheshire Disability,active,lcd_admin,United Kingdom,International NGO,21
GB-COH-3008440,Forests Monitor,active,fm,United Kingdom,International NGO,21
GB-COH-2100867,SOS Sahel International Royaume-Uni,active,sossaheluk,United Kingdom,International NGO,21
GB-CHC-1065705,Survivors Fund (SURF),active,surf,United Kingdom,International NGO,21
GB-CHC-1122924,Developments In Literacy Trust Royaume-Uni,active,diltuk,United Kingdom,International NGO,21
GB-CHC-292506,CARE International Royaume-Uni,active,ciuk,United Kingdom,International NGO,21
GB-CHC-328158,Islamic Relief Worldwide,active,irw,United Kingdom,International NGO,21
GB-CHC-229476,International Planned Parenthood Federation,active,ippf,United Kingdom,International NGO,21
GB-CHC-326568,Charity Projects Ltd (Comic Relief),active,cprojects,United Kingdom,Foundation,60
XM-DAC-41111,Fonds d’équipement des Nations Unies,active,uncdf,United States,Multilateral,40
NL-CCI-20081098,BRAC International,withdrawn,bracintl,Netherlands,International NGO,21
GB-CHC-1098106,Relief International Royaume-Uni,active,ri-uk,United Kingdom,International NGO,21
GB-CHC-1071886,TB Alert,active,tbalert,United Kingdom,International NGO,21
XM-DAC-41146,ONU Femmes,active,unw,(No country assigned),Multilateral,40
TZ-BRE-63966,Twaweza,active,twaweza,"Tanzania, United Republic of",Regional NGO,23
GB-CHC-1104287,MicroLoan Foundation,active,mlf,United Kingdom,International NGO,21
GB-CHC-1152010,Child-to-Child,active,ctc,United Kingdom,International NGO,21
GB-CHC-1105851,Christian Aid,active,caid,United Kingdom,International NGO,21
GB-CHC-1139083,Grow Movement,active,growmovement_admin,United Kingdom,"Academic, Training and Research",80
GB-CHC-1079358,Motivation,active,motivation,United Kingdom,International NGO,21
US-EIN-27-5026293,Disability Rights Fund,active,drf,United States,International NGO,21
US-USAGOV,États-Unis,withdrawn,unitedstates,United States,Government,10
GB-CHC-1081247,WWF Royaume-Uni,active,wwf-uk,United Kingdom,International NGO,21
GB-COH-1102208,MSI Reproductive Choices,active,msi,United Kingdom,International NGO,21
GB-CHC-207544,Sightsavers,active,ss-org,United Kingdom,International NGO,21
GB-COH-03788027,Triple Line,active,tripleline_crownagents,United Kingdom,Private Sector,70
GB-CHC-1058991,Railway Children,active,rc,United Kingdom,International NGO,21
GB-CHC-1140123,Vision for a Nation Foundation,active,vfan,United Kingdom,International NGO,21
21-PK-WWF,Fonds mondial pour la nature – Pakistan,active,wwfpakistan,Pakistan,International NGO,21
NL-KVK-27264198,ActionAid International,active,aai,Netherlands,International NGO,21
XI-IATI-IADB,Banque interaméricaine de développement,active,iadb,(No country assigned),Multilateral,40
GB-CHC-327519,Zimbabwe Educational Trust,active,zet,United Kingdom,International NGO,21
GB-COH-871954,Practical Action,active,pa,United Kingdom,International NGO,21
GB-CHC-1127488,Restless Development,active,restless,United Kingdom,International NGO,21
GB-COH-2153193,International Alert,active,international-alert,United Kingdom,International NGO,21
DE-1,Allemagne – Ministère fédéral de la Coopération économique et du Développement,active,bmz,Germany,Government,10
GB-CHC-1099776,Malaria Consortium,active,malariaconsortium,United Kingdom,International NGO,21
GB-CHC-1078768,People In Aid,active,peopleinaid,United Kingdom,International NGO,21
47135,Fonds d’investissement pour le climat,active,cif,"Bilateral, unspecified",Multilateral,40
IN-,MAMTA – Health Institute for Mother and Child,active,mamta_himc,India,National NGO,22
ciks,Centre for Indian Knowledge Systems,active,ciks,India,"Academic, Training and Research",80
GB-CHC-1070684,Cord,active,cord,United Kingdom,Regional NGO,23
GB-GOV-6,Royaume-Uni – Ministère de l’Intérieur,active,homeoffice,United Kingdom,Government,10
US-EIN-13-2702768,Pact,active,pact,United States,International NGO,21
GB-CHC-1071659,War Child Royaume-Uni,active,wcuk,United Kingdom,International NGO,21
GB-CHC-1107403,GOAL,active,goal,Ireland,International NGO,21
GB-COH-3578127,Ethical Trading Initiative,active,eti,United Kingdom,International NGO,21
GPAF-IMP-031,Development Aid from People to People (DAPP) Malawi,active,dapp,Malawi,National NGO,22
XM-DAC-41122,Fonds des Nations Unies pour l’enfance (UNICEF),active,unicef,(No country assigned),Multilateral,40
US-IRS-562339052,CDA Collaborative Learning Projects,active,cda,United States,International NGO,21
SL-NRA-1001562-8,"Medical Research Centre (MRC), Sierra Leone",active,mrc-sierra-leone,Sierra Leone,National NGO,22
GB-SC-SC035314,Scotland’s International Development Alliance,active,sinda,United Kingdom,Regional NGO,23
XM-DAC-41140,Programme alimentaire mondial des Nations Unies (PAM),active,wfp,Italy,Multilateral,40
BE-BCE_KBO-0462279234,ACODEV,active,acodev,Belgium,National NGO,22
IE-CHY-6410,Dóchas – Irish Association of Non Governmental Development Organisations,active,dochas,Ireland,National NGO,22
GB-COH-01926828,Farm Africa,active,fa,United Kingdom,International NGO,21
IN-AR-775,Pragya India,active,pragya,India,National NGO,22
GB-CHC-1109789,Y Care International,active,ycare,United Kingdom,International NGO,21
GB-CHC-1115109,Women for Women International Royaume-Uni,active,wfwiuk,United Kingdom,International NGO,21
GB-CHC-274467,ActionAid Royaume-Uni,active,aauk,United Kingdom,International NGO,21
NG-CAC-5938,Association for Reproductive and Family Health,active,arfh,Nigeria,National NGO,22
XM-DAC-46002,Banque africaine de développement,active,afdb,(No country assigned),Multilateral,40
46002,Banque africaine de développement,withdrawn,afdb,(No country assigned),Multilateral,40
NL-KVK-27327087,Akvo Foundation,active,akvo,Netherlands,International NGO,21
GB-CHC-1043843,Saferworld,active,saferworld,United Kingdom,International NGO,21
XM-DAC-41119,,active,unfpa,(No country assigned),Multilateral,40
41119,Fonds des Nations Unies pour la population (UNFPA),withdrawn,unfpa,(No country assigned),Multilateral,40
NP-DAO-27-127/062/063,Freedom Forum,active,ff,Nepal,National NGO,22
GB-CHC-1045348,Afghanaid,withdrawn,afghanaid,United Kingdom,International NGO,21
NZ-1,Nouvelle-Zélande – Ministère des Affaires étrangères et du Commerce extérieur – Programme d’aide de la Nouvelle-Zélande,active,mfat,New Zealand,Government,10
CA-3,Canada – Affaires mondiales Canada,active,gac-amc,Canada,Government,10
XI-IATI-EC_FPI,Commission européenne – Service des instruments de politique étrangère,active,ec-fpi,"Europe, regional",Other Public Sector,15
XI-IATI-EC_NEAR,Commission européenne – Voisinage et négociations d’élargissement,active,ec-near,(No country assigned),Other Public Sector,15
ES-DIR3-E04585801,Espagne – Ministère des Affaires étrangères et de la Coopération,active,maec,Spain,Government,10
GB-COH-1762840,HelpAge International,active,helpage_international,United Kingdom,International NGO,21
SACU,Send a Cow Ouganda,active,sacu,Uganda,National NGO,22
XM-DAC-21-1,Irlande – Ministère des Affaires étrangères et du Commerce,active,irishaid,Ireland,Government,10
GB-GOV-9,,active,dwp,United Kingdom,Government,10
GB-GOV-GB-9,,withdrawn,dwp,United Kingdom,Government,10
GB-9,Royaume-Uni – Ministère du Travail et des Retraites,withdrawn,dwp,United Kingdom,Government,10
GB-CHC-1120932,Network for Africa,active,network4africa,United Kingdom,International NGO,21
GB-CC-1098893,Blue Ventures Conservation,active,blueventures,United Kingdom,International NGO,21
GB-CHC-1114944,iPartner India,active,ip-india,United Kingdom,International NGO,21
GB-SC-SC037959,Link Community Development (Écosse),active,lcds,United Kingdom,International NGO,21
GB-COH-07629751,Digital Campus,active,dc,United Kingdom,"Academic, Training and Research",80
ZA-NPO-013484,Heifer International (Afrique du Sud),active,hsa,South Africa,National NGO,22
XI-IATI-EC_ECHO,Commission européenne – Aide humanitaire et protection civile,active,ec-echo,(No country assigned),Other Public Sector,15
TN-TIN-102123727,CUAMM Trustees,active,cuammtrustees,"Tanzania, United Republic of",National NGO,22
GB-GOV-10,Royaume-Uni – Ministère de la Santé et des Affaires sociales,active,dhsc,United Kingdom,Government,10
GB-CHC-1120413,MICAIA,active,mic-uk,United Kingdom,International NGO,21
US-IRS-13-5661832,Plan International États-Unis,active,plan_usa,United States,International NGO,21
GB-CHC-1096908,Afghanistan and Central Asian Association,active,acaa,United Kingdom,International NGO,21
GB-COH-RC000346,Royaume-Uni – Medical Research Council,active,mrc,United Kingdom,Government,10
KE-NGC-3372,I Choose Life Africa,active,ke-ngc-3372,Kenya,National NGO,22
GB-CHC-1065972,International Rescue Committee Royaume-Uni,active,irc_uk,United Kingdom,International NGO,21
GB-COH-06407873,HTSPE,active,htspe,United Kingdom,Private Sector,70
GB-CHC-1024903,Hospice Africa Ltd,active,hauk,United Kingdom,"Academic, Training and Research",80
GB-CHC-326859,Able Child Africa,active,ablechildafrica,United Kingdom,International NGO,21
NP-SWC-13712,Global Action Nepal,active,gan,Nepal,National NGO,22
GB-COH-2732176,Adam Smith International,active,asi,United Kingdom,Private Sector,70
US-EIN-131837418,The Foundation Center,active,foundation_center,United States,International NGO,21
GB-COH-4884328,Integrity Action,active,integrity_action,United Kingdom,International NGO,21
CH-4,Direction suisse du développement et de la coopération (DDC),active,sdc_ch,Switzerland,Government,10
GB-CHC-1078803,Bees for Development Trust,active,beesfordevelopment,United Kingdom,International NGO,21
FR-SIRET-4028868160030,ACTED,active,acted,France,International NGO,21
XM-DAC-7,Pays-Bas – Ministère des Affaires étrangères,active,minbuza_nl,Netherlands,Government,10
GB-CHC-289036,Emmanuel International Royaume-Uni,active,eiuk,United Kingdom,International NGO,21
GB-CHC-291333,Feed the Minds,active,ftm-291333,United Kingdom,International NGO,21
NP-DAO-27-689/063/064,Fédération des ONG du Népal,active,nfn,Nepal,National NGO,22
GB-COH-03259922,Crown Agents Limited,active,cal,United Kingdom,Private Sector,70
GB-COH-04589451,ARK (Absolute Return for Kids),active,ark,United Kingdom,International NGO,21
GB-CHC-290836,APT Action on Poverty,active,apt,United Kingdom,International NGO,21
KE-NGCB-149,SOS Villages d’Enfants Kenya,active,soscvkenya,Kenya,International NGO,21
GB-CHC-1083008,MAG,active,mag,United Kingdom,International NGO,21
GB-CHC-1098752,Target Tuberculosis,active,targettb,United Kingdom,International NGO,21
XM-DAC-41127,Bureau des Nations Unies pour la coordination des affaires humanitaires (OCHA),active,unocha,Switzerland,Multilateral,40
GB-COH-1858644,DAI Europe,active,dai-e,United Kingdom,Private Sector,70
GB-CHC-1087997,Stars Foundation,active,starsfoundation,United Kingdom,Foundation,60
NP-SWC-19336,,active,phase-nepal,Nepal,National NGO,22
NP-DAO-531/062/063,PHASE Nepal,withdrawn,phase-nepal,Nepal,National NGO,22
FR-6,France – Ministère de l’Europe et des Affaires étrangères,active,france,France,Government,10
XI-IATI-035026724,Hilfswerk Austria Zimbabwe,active,hwa-zm,Zimbabwe,International NGO,21
IE-CHY-15037,Plan Ireland Charitable Assistance Limited,active,plan_ireland,Ireland,International NGO,21
FR-3,Agence Française de Développement,active,afd,France,Other Public Sector,15
GB-CHC-209131,British Council,active,britishcouncil,United Kingdom,Other Public Sector,15
GB-CHC-1128536,Street Child,active,street_child,United Kingdom,International NGO,21
GB-CHC-1081695,Vision Aid Overseas,active,vao,United Kingdom,International NGO,21
GB-COH-03580586-GEC,Girls’ Education Challenge – Fund Manager PwC,active,gecfundmanagerpwc,United Kingdom,Private Sector,70
GB-COH-07669775,GEMS Education Solutions,active,mgcubed,Ghana,Private Sector,70
US-EIN-54-0536100,ChildFund International,active,childfund,United States,International NGO,21
NP-DAO-DANG-18-046/47,Backward Society Education (BASE),active,base_22,Nepal,National NGO,22
GB-CHC-1104458,Theatre for a Change Royaume-Uni,active,tfac,United Kingdom,International NGO,21
GB-CHC-1093861,International Medical Corps Royaume-Uni,active,imc_uk,United Kingdom,International NGO,21
GB-COH-7557881,Social Impact Lab CIC,active,simlab,United Kingdom,International NGO,21
KE-RCO-270901,Education Development Trust,withdrawn,edt_kenya,Kenya,International NGO,21
GB-CHC-213251,Lepra,active,lepra,United Kingdom,International NGO,21
NL-KVK-51018586,,withdrawn,zimmzimm,Netherlands,Private Sector,70
JO-CCD-50544,Arab Reporters for Investigative Journalism,active,arij,Jordan,"Academic, Training and Research",80
NL-KVK-41188664,ICS,active,ics,Netherlands,International NGO,21
DAC-1601,Fondation Bill et Melinda Gates,active,bmgf,United States,Foundation,60
NP-SWC-00589,Shtrii Shakti,active,shtrii_shakti,Nepal,National NGO,22
GB-CHC-1085096,Women and Children First Royaume-Uni,active,wcf,United Kingdom,International NGO,21
MW-NBM-00139,Theatre for a Change Malawi,active,tfacmalawi,Malawi,National NGO,22
NL-KVK-41166983,Center for International Legal Cooperation (CILC),active,cilc,Netherlands,Foundation,60
GB-CHC-1135156,Tree Aid,active,treea,United Kingdom,International NGO,21
CA-CRA_ARC-119304848,Entraide universitaire mondiale du Canada,active,wusc,Canada,International NGO,21
GB-CHC-1154085,Exeter Ethiopia Link,active,eel,United Kingdom,International NGO,21
TZ-BRLA-36057,KPMG Afrique de l’Est,active,kpmgea,"Tanzania, United Republic of",Private Sector,70
GB-CHC-1053389,Viva,active,viva,United Kingdom,International NGO,21
XM-DAC-47111,Fonds d’adaptation,active,af,United States,Multilateral,40
47111,Fonds d’adaptation,withdrawn,af,United States,Multilateral,40
DK-CVR-33985339,Trianglen,active,trianglen,Denmark,National NGO,22
GB-CHC-1094478,Excellent Development,active,excellent,United Kingdom,International NGO,21
GB-CHC-1047501,Action contre la Faim Royaume-Uni,active,acf,United Kingdom,International NGO,21
CA-4,Canada – Ministère des Finances,active,finance_canada,Canada,Government,10
GB-CHC-1105489,Sabre Education Limited,active,sct,United Kingdom,International NGO,21
DE-AG-VR7795,Fairtrade Labelling Organizations International e.V.,active,fairtrade_international,Germany,International NGO,21
NL-KVK-41210098,Both ENDS,active,bothends,Netherlands,National NGO,22
NL-KVK-20093733,Heifer Nederland,active,heifernederland,Netherlands,National NGO,22
GB-CHC-1112699,Teach A Man To Fish,active,tamtf,United Kingdom,International NGO,21
NL-KVK-34141098,Fairfood International,active,fairfood,Netherlands,National NGO,22
NL-KVK-41201806,Transnational Institute,active,tni,Netherlands,Foundation,60
GB-CHC-261488,Amref Health Africa Royaume-Uni,active,amrefha,United Kingdom,International NGO,21
XI-IATI-CHSA,Association CHS Alliance,active,chs_alliance,Switzerland,International NGO,21
NL-KVK-40535338,Amis de la Terre International,active,foei,Netherlands,International NGO,21
PK-MSW-633-1965,Rahnuma-Family Planning Assocation of Pakistan,active,rfpap,Pakistan,National NGO,22
GB-CHC-1147083,Rojiroti Royaume-Uni,active,rojiroti,United Kingdom,International NGO,21
GB-CHC-1125512,Lively Minds,active,livelyminds,United Kingdom,International NGO,21
NL-KVK-27108436,Oxfam Novib,active,onl,Netherlands,International NGO,21
GB-COH-877338,Institute of Development Studies,active,ids,United Kingdom,"Academic, Training and Research",80
GB-SC-SC032327,EMMS International,active,emms,United Kingdom,International NGO,21
US-EIN-522043740,"Discovery Learning Alliance, Inc.",active,dla,United States,International NGO,21
GB-CHC-1128267-8,HelpAge International Royaume-Uni,active,ageintl,United Kingdom,National NGO,22
GB-CHC-293734,Christian Engineers in Development,active,ced,United Kingdom,International NGO,21
GB-GOV-7,"Royaume-Uni – Ministère de l’Environnement, de l’Alimentation et des Affaires rurales",active,defra_transparency,United Kingdom,Government,10
BE-BCE_KBO-0447404580,Avocats Sans Frontières,active,asf,Belgium,National NGO,22
US-501c3-522318905,AidData,active,aiddata,United States,"Academic, Training and Research",80
XM-DAC-701-8,Agence japonaise de coopération internationale (JICA),active,jica,Japan,Government,10
GB-SC-037597,Centre International de Formation des Autorités et Leaders (CIFAL) Écosse,active,cifal,United Kingdom,"Academic, Training and Research",80
GH-RGD-CG220182018,,active,star_ghanafoundation,Ghana,Foundation,60
US-EIN-84-1166148,Water for People,active,w4p,United States,International NGO,21
NL-KVK-27248417,Aqua for All,active,aqua4all,Netherlands,Foundation,60
GB-CHC-1112734,PHASE Worldwide,active,phase_worldwide,United Kingdom,International NGO,21
KE-NGC-9381,Across,active,across,Kenya,International NGO,21
GB-CHC-295224,Muslim Aid,active,muslimaid,United Kingdom,International NGO,21
GB-CHC-250456,Find Your Feet,active,fyf,United Kingdom,International NGO,21
XM-DAC-47501,Partenariat mondial pour l’éducation,active,gpe,United States,Multilateral,40
GB-CHC-1086159,One to One Children’s Fund,active,onetoonecf,United Kingdom,International NGO,21
IN-ITA-1886,Micro Insurance Academy,active,mia_india,India,"Academic, Training and Research",80
GB-CHC-1121273,FRANK Water,active,frankwater,United Kingdom,International NGO,21
GB-COH-3799145,Coffey International Development,active,coffey,United Kingdom,Private Sector,70
GB-COH-04276635,act4africa,active,act4africa,United Kingdom,International NGO,21
NL-KVK-41022454,Red een Kind,active,redeenkind,Netherlands,International NGO,21
GB-CHC-1096479,ShelterBox,active,shelterbox,United Kingdom,International NGO,21
GB-CHC-1108464,Bees Abroad Royaume-Uni,active,bauk,United Kingdom,International NGO,21
US-EIN-13-5563422,Catholic Relief Services,active,crs,United States,International NGO,21
XM-DAC-41108,Fonds international de développement agricole (FIDA),active,ifad,(No country assigned),Multilateral,40
GB-CHC-1001813,The HALO Trust,active,halo,United Kingdom,International NGO,21
NL-KVK-56484038,ICCO Cooperation,active,icco-cooperation,Netherlands,International NGO,21
GB-CHC-1077889,Pump Aid,active,pumpaid,United Kingdom,International NGO,21
GB-CHC-328273,Food for the Hungry Royaume-Uni,active,fh,United Kingdom,International NGO,21
GB-CHC-1126550,Promoting Equality in African Schools (PEAS),active,peas,United Kingdom,International NGO,21
UA-EDR-37199602,École d’économie et de gestion de Kiev,active,kse,Ukraine,"Academic, Training and Research",80
GB-CHC-270901,,active,eddevtrust,United Kingdom,International NGO,21
GB-CHC-1122799,Retrak,active,retrak,United Kingdom,International NGO,21
XM-DAC-30010,Unitaid,active,utd,Switzerland,Multilateral,40
GB-SC-044007,Bioclimate Research and Development,active,bioclimate,United Kingdom,International NGO,21
GB-CHC-220949,Croix-Rouge britannique,active,gb-chc-220949,United Kingdom,International NGO,21
NL-KVK-32108345,CHOICE for Youth and Sexuality,active,cfyas,Netherlands,International NGO,21
NL-KVK-27378529,Agence néerlandaise pour les entreprises,active,rvo,Netherlands,Government,10
NL-KVK-41180500,Fondation SeeYou,active,syf,Netherlands,International NGO,21
XM-DAC-47086,Groupe du développement des infrastructures privées,active,pidg,United Kingdom,Multilateral,40
GB-CHC-1079599,BasicNeeds,active,basicneeds,United Kingdom,International NGO,21
GB-CHC-1071660,Cecily’s Fund,active,cecily,United Kingdom,International NGO,21
NL-KVK-41150298,Amref Flying Doctors,active,amrefnl,Netherlands,National NGO,22
XM-DAC-301-2,Canada – Centre de recherches pour le développement international,active,idrccrdi,Canada,Other Public Sector,15
GB-CHC-1000717,CODA International,active,coda,United Kingdom,International NGO,21
US-EIN-13-3287064,InterAction,active,interaction,United States,International NGO,21
ZA-ROC-1999/05072/08,Desmond Tutu HIV Foundation,active,dthfxx12,South Africa,"Academic, Training and Research",80
GB-CHC-1143852,Hagar International UK,active,hagar_uk,United Kingdom,International NGO,21
GB-COH-353570,Water Witness International,active,water-witness-international,United Kingdom,International NGO,21
NL-KVK-34200988 (deprecated),Fondation RAIN (anciennement),active,rainfoundation,Netherlands,International NGO,21
NL-KVK-34229026,Aflatoun International,active,aflatoun,Netherlands,International NGO,21
GB-GOV-8,Royaume-Uni – Ministère de la Défense,active,ukmod,United Kingdom,Government,10
ZA-NPO-025-359,mothers2mothers,active,m2m_sa,South Africa,International NGO,21
NL-KVK-34214586,Partos,active,partos_nl,Netherlands,National NGO,22
XM-DAC-41304,"Organisation des Nations Unies pour l’éducation, la science et la culture (UNESCO)",active,unesco,France,Multilateral,40
GB-CHC-1157009,Abaseen Foundation Royaume-Uni,active,abaseen,United Kingdom,International NGO,21
ML-NIF-086108989R,Association de soutien au développement des activités de population,active,asdap,Mali,National NGO,22
BD-NAB-0203,"Association for Prevention of Septic Abortion, Bangladesh (BAPSA)",active,bapsa,Bangladesh,National NGO,22
GB-CHC-1069182,International Service,active,unais,United Kingdom,International NGO,21
GB-COH-06133927,Avanti Communications Plc,active,ava_admin,United Kingdom,Private Sector,70
GH-DSW-258,Amis de la Terre Ghana,active,foe-ghana,Ghana,National NGO,22
XM-DAC-918-3,Banque européenne d’investissement,active,eib,(No country assigned),Multilateral,40
GB-CHC-1084729,World Child Cancer UK,active,wccuk,United Kingdom,International NGO,21
MZ-MOJ-F2G1No4,Magariro,active,magariro,Mozambique,National NGO,22
XI-IATI-EBRD,Banque européenne pour la reconstruction et le développement,active,ebrd,"Bilateral, unspecified",Multilateral,40
GB-CHC-000391,The Open University,active,open_university,United Kingdom,"Academic, Training and Research",80
GB-CHC-1038785,Mifumi Royaume-Uni,active,mifumi_uk,United Kingdom,International NGO,21
GB-CHC-1094272,Project Harar,active,phe,United Kingdom,International NGO,21
XM-DAC-77,Roumanie – Ministère des Affaires étrangères,active,uasd,Romania,Government,10
XI-IATI-1001,The Coca-Cola Export Corporation,active,tccec,United States,Private Sector,70
GB-CHC-1125217,Welbodi Partnership,active,welbodipartnership,United Kingdom,"Academic, Training and Research",80
FI-PRO-143138,Kepa ry,active,kepa,Finland,National NGO,22
KE-NCB-OP/218/051/915/65,Windle Trust Kenya,active,wtk,Kenya,National NGO,22
NL-KVK-41048542,Agriterra,active,agriterra,Netherlands,Foundation,60
UG-NGB-5914-7209,Cheshire Services Uganda,withdrawn,csu,Uganda,National NGO,22
GB-CHC-1150214,Carers Worldwide,active,cww,United Kingdom,International NGO,21
GB-CHC-1054369,KwaAfrica,active,kwaafrica,United Kingdom,International NGO,21
KE-NGC-663,"Adventist Development and Relief Agency (Agence adventiste de développement et de secours en Somalie, ADRA Somalie)",active,adrasom,Somalia,International NGO,21
MZ-MOJ-F30G1No89,ANDA,active,anda,Mozambique,National NGO,22
GB-CHC-1117528,Haiti Hospital Appeal,active,hha,United Kingdom,International NGO,21
NL-KVK-30285304,Fondation Humana,active,humana_houben,Netherlands,International NGO,21
GB-CHC-1148404,Internews Europe,active,ieu,United Kingdom,International NGO,21
NL-KVK-41217404,Fondation du Partenariat mondial pour la prévention des conflits armés (GPPAC),active,gppac,Netherlands,International NGO,21
GB-COH-NI011322,War on Want Irlande du Nord,active,wowni,United Kingdom,International NGO,21
GB-CHC-1123946,Youth Business International,active,ybi,United Kingdom,International NGO,21
GB-CHC-1049160,Anti-Slavery International,active,asil,United Kingdom,International NGO,21
XM-DAC-2-10,Belgique – Coopération au développement,active,be-dgd,Belgium,Government,10
GB-COH-1110949,Mott MacDonald Limited,active,mml,United Kingdom,Private Sector,70
US-EIN-941191246,The Asia Foundation,active,taf,United States,International NGO,21
GB-CHC-1129603,Cyan International,active,cyan,United Kingdom,International NGO,21
GB-SC-SC012302,Scottish Catholic International Aid Fund (SCIAF),active,sciaf,United Kingdom,International NGO,21
GB-CHC-1151615,Signal,active,signal,United Kingdom,International NGO,21
CH-FDJP-CHE109668357,Fondation Lemann,active,lemann,Switzerland,Foundation,60
UG-NGB-5914-9186,CRANE,active,crane,Uganda,National NGO,22
GB-CHC-1076235,BBC Media Action,active,bbcmediaaction,United Kingdom,International NGO,21
US-EIN-20-4451390,Natural Resource Governance Institute (NRGI),active,nrgi,United States,International NGO,21
SK-ZRSR-31784828,Fondation Pontis,active,pontis,Slovakia,Foundation,60
NO-BRC-971277882,Agence norvégienne de coopération pour le développement (NORAD),active,norad,Norway,Government,10
US-EIN-20-3690821,Initiative des Droits et Ressources,active,rri,United States,International NGO,21
KE-RCO-C95110,,active,kcdf,Kenya,Foundation,60
US-EIN-81-3014704,"Syrian Justice and Accountability Centre (Centre syrien de justice et de redevabilité, SJAC)",active,sjac,United States,National NGO,22
XI-IATI-5914-1107,Fondation Stromme,active,stromme_ug,Uganda,National NGO,22
GB-CHC-1122299,Interburns,active,interburns,United Kingdom,International NGO,21
GB-COH-06368740,Development Initiatives Poverty Research,active,dipr,United Kingdom,International NGO,21
GB-CHC-294329,Progressio (fermé),active,progressio,United Kingdom,International NGO,21
US-EIN-52-1826242,,active,tan,United States,International NGO,21
CA-CRA_ACR-127202349,Institut international du développement durable,active,iisd,Canada,International NGO,21
GB-GOV-24,Office for National Statistics (bureau national des statistiques britannique),active,ons,United Kingdom,Government,10
GB-CHC-285908,Vision du Monde UK,active,wvuk,United Kingdom,International NGO,21
GB-COH-3031674,Traidcraft Exchange,active,traidcraft,United Kingdom,International NGO,21
DE-CR-RA000217-HRB157125B,Fondation Wayamo,active,wayamo,Germany,International NGO,21
GB-COH-294860,ADD International (Action on Disability and Development),active,addinternational,United Kingdom,International NGO,21
GB-CHC-1076497,Sense International,active,sense_international,United Kingdom,International NGO,21
GB-CHC-1142476,Friends of Kipkelion,active,kipkelion,Kenya,Regional NGO,23
GB-CHC-1050327,"The Leprosy Mission, Angleterre et Pays de Galles",active,tlmew,United Kingdom,International NGO,21
NL-KVK-41155934,,active,vso_nl,Netherlands,International NGO,21
GB-CHC-1089490,Hope and Homes for Children,active,hhc,United Kingdom,International NGO,21
GB-CHC-1156822,Centre gallois pour les Affaires étrangères,active,wcia,United Kingdom,National NGO,22
KE-NCB-OP218051200904966065,Alliance panafricaine pour la justice climatique,active,pacja,Kenya,International NGO,21
GB-COH-11126312,Global Disability Innovation Hub,active,gdihub,United Kingdom,"Academic, Training and Research",80
GB-COH-OC301540,KPMG LLP,active,kpmgllp,United Kingdom,Private Sector,70
GB-COH-05393391,,active,galvmed,United Kingdom,International NGO,21
GB-CH-05393391,,withdrawn,galvmed,United Kingdom,International NGO,21
UG-NGB-63360,Protecting Families Against HIV/AIDS,active,prefa_1,Uganda,National NGO,22
NL-KVK-27293385,"WO=MEN, Dutch Gender Platform (plateforme néerlandaise sur les questions de genre)",active,wo-men,Netherlands,National NGO,22
VN-MOST-A399,,active,cdi_vn_2021,Viet Nam,National NGO,22
IN-MCA-U74999DL2004NPL131340,Oxfam Inde,active,oxfamindia,India,National NGO,22
GB-SC-035056,International Primary Care Respiratory Group (Groupe international des soins primaires en matière respiratoire),active,ipcrg,United Kingdom,"Academic, Training and Research",80
NL-KVK-41217595,ActionAid Pays-Bas,active,aanl,Netherlands,International NGO,21
DK-CVR-88136411,Oxfam IBIS,active,ibis_denmark,Denmark,International NGO,21
NL-KVK-41160054,Cordaid,active,cordaid,Netherlands,International NGO,21
NP-SWC-27693,Aasaman Nepal,active,aasaman,Nepal,National NGO,22
MZ-MOJ-203D,Alfalit,active,alfalit,Mozambique,National NGO,22
NL-KVK-08215619-201210000,Kadaster International,active,kad,Netherlands,Government,10
NL-KVK-41077447,Centre européen de gestion des politiques de développement,active,ecdpm,Netherlands,"Academic, Training and Research",80
GB-CHC-1067406,Médecins du monde Royaume-Uni,active,dotw_uk,United Kingdom,International NGO,21
GB-CHC-1046001,Disability and Development Partners,active,ddp,United Kingdom,International NGO,21
PK-NTN-6110190392611,,active,aaip,Pakistan,"Academic, Training and Research",80
GB-CHC-1113868,Hand in Hand International,active,handinhand,United Kingdom,International NGO,21
BD-NAB-1301,Transparency International Bangladesh,active,tib,Bangladesh,National NGO,22
BE-BCE_KBO-0464019195,,active,apopo,Belgium,International NGO,21
NL-KVK-61172863,Stichting fondsbeheer DGGF lokaal MKB,active,dggf_financing_local_smes,Netherlands,Foundation,60
US-EIN-042347643,Abt Associates Inc,active,abt,United States,Private Sector,70
XM-DAC-84,Lituanie – Ministère des Affaires étrangères,active,lithuania_mfa,Lithuania,Government,10
IE-CHY-6998,Christian Aid Irlande,active,caid_ireland,Ireland,International NGO,21
NL-KVK-34308169,Free a Girl,active,freeagirl,Netherlands,Foundation,60
XI-IATI-1002,United Mission to Nepal,active,umn,Nepal,International NGO,21
GB-COH-1134415,MADE in Europe,active,mie-1134415,United Kingdom,International NGO,21
GB-CHC-214779,"Armée du salut Royaume-Uni, développement international",active,said-uk,United Kingdom,International NGO,21
US-EIN-13-3287064NAM,Carte des ONG d’InterAction,withdrawn,ia_nam,United States,International NGO,21
GB-CHC-1145119,Fondation Varkey,active,varkeyfoundation,Ghana,International NGO,21
NL-KVK-34197379,dance4life,active,dance4life,Netherlands,International NGO,21
US-EIN-95-3202116,Vision du Monde International,active,wvi,United States,International NGO,21
GB-CHC-1105277,Learning for Life,active,learningforlife,United Kingdom,International NGO,21
GB-CHC-1061352,Fonds à but non lucratif d’Orbis,active,orbis_uk,United Kingdom,International NGO,21
GB-GOV-21,Royaume-Uni – gouvernement écossais,active,scottish_government,United Kingdom,Government,10
GB-COH-2695347,Options Consultancy Services,active,options,United Kingdom,Private Sector,70
NL-KVK-41149287,Terre des Hommes Pays-Bas,active,tdh_nl,Netherlands,International NGO,21
GB-CHC-1110434,Wellfound,active,wellfound,United Kingdom,International NGO,21
NL-KVK-41149486,Stichting Vluchteling (fondation pour les réfugiés aux Pays-Bas),active,st_vluchteling,Netherlands,International NGO,21
GB-CHC-1133342,Zing,active,zing,United Kingdom,Foundation,60
NL-KVK-41009723,ZOA,active,zoa,Netherlands,International NGO,21
NL-KVK-41223308,"Stichting Onderzoek Multinationale Ondernemingen (SOMO, centre de recherches sur les entreprises multinationales)",active,somo,Netherlands,"Academic, Training and Research",80
NL-KVK-06702132,WYG International B.V.,active,wygi,United Kingdom,Private Sector,70
GB-COH-1869600,Itad,active,itad,United Kingdom,Private Sector,70
GB-COH-03122495,Oxford Policy Management,active,opml,United Kingdom,Private Sector,70
GB-COH-SC301345,Upper Quartile,active,uq,United Kingdom,Private Sector,70
NL-KVK-32037590,International Procurement Agency,active,ipa,Netherlands,Private Sector,70
GB-COH-02768268,Nathan Associates London Ltd.,active,nathan,United Kingdom,Private Sector,70
GB-COH-5155300,Alcis Holdings Limited,active,alcis,United Kingdom,Private Sector,70
mz-moj-64vq1,Ajuda de Desenvolvimento de Povo para Povo (ADPP),active,adpp,Mozambique,National NGO,22
GB-COH-2394229,Palladium International Ltd (Royaume-Uni),active,palladium,United Kingdom,Private Sector,70
FI-PRO-1498487-2,Plan International Finlande,active,planinternationalfinland,Finland,International NGO,21
NL-KVK-41193594,Rutgers,active,rutgers,Netherlands,International NGO,21
GB-COH-00637978,Maxwell Stamp PLC,active,mstamp,United Kingdom,Private Sector,70
KE-NCB-218-051-9341-334,Académie africaine des sciences,active,aas,Kenya,International NGO,21
GB-CHC-1101217,Fondation LAMB Health Care,active,lhcf,United Kingdom,National NGO,22
GB-COH-03580586,PwC,active,pwc,United Kingdom,Private Sector,70
GB-CHC-1048007,Link Community Development International,active,lcdi_admin,United Kingdom,International NGO,21
NG-CAC-RC481360,The Convention on Business Integrity,active,cbi-nigeria,Nigeria,International NGO,21
GB-COH-1574821,Landell Mills,active,landell-mills,United Kingdom,Private Sector,70
GB-COH-00986729,"Institut des ressources naturelles, Université de Greenwich",active,nri,United Kingdom,"Academic, Training and Research",80
NL-KVK-41215393,War Child Holland,active,warchildholland,Netherlands,International NGO,21
GB-COH-01245534,Atos IT Services Ltd,active,atosuk,United Kingdom,Private Sector,70
NL-KVK-41158230,CARE Pays-Bas,active,carenederland,Netherlands,International NGO,21
GB-COH-03613839,IOD PARC,active,iodparc,United Kingdom,Private Sector,70
NL-KVK-41210820,Clean Clothes Campaign,active,ccc,Netherlands,International NGO,21
GB-COH-FC012665,McKinsey & Company,active,mck,(No country assigned),Private Sector,70
GB-COH-08327972,Aktis Strategy Ltd,active,aktis,United Kingdom,Private Sector,70
NL-KVK-41236410,Dorcas Aid International,active,dai,Netherlands,International NGO,21
US-GOV-18,,active,millenniumchallenge,United States,Government,10
US-18,Millennium Challenge Corporation,withdrawn,millenniumchallenge,United States,Government,10
NL-KVK-41202535,Mama Cash,active,mamac,Netherlands,Foundation,60
GB-COH-8835431,Simprints,active,simprints,United Kingdom,International NGO,21
GB-CHC-1158206,Water Works,active,waterworks,United Kingdom,International NGO,21
NL-KVK-30214009,PAX,active,pax,Netherlands,International NGO,21
NL-KVK-27284008,DECP,active,decp,Netherlands,National NGO,22
CO-CCB-00159397,Fonds d’Action Urgente Amérique latine et Caraïbes,active,uafla,Colombia,Regional NGO,23
US-EIN-03-0419743,Fonds d’Action Urgente pour les droits de la femme,active,uaf,United States,International NGO,21
NL-KVK-41177385,Tearfund Pays-Bas,active,tear,Netherlands,National NGO,22
NL-KVK-41152786,Organisation néerlandaise de développement (SNV),active,snv,Netherlands,International NGO,21
NL-KVK-41167934,Stichting Kinderpostzegels Nederland,active,skn,Netherlands,International NGO,21
US-EIN-522044704,Aeras,active,aeras,United States,International NGO,21
US-EIN-06-1597-668,Just Associates,active,jass,United States,International NGO,21
IN-MHA-083781496,,active,fhf,India,National NGO,22
US-EIN-521291786,Association pour les droits des femmes dans le développement (AWID),active,awid,United States,International NGO,21
NL-KVK-41179943,Vision du Monde Pays-Bas,active,wvnld,Netherlands,Foundation,60
NL-KVK-41201463,Save the Children Pays-Bas,active,scnl,Netherlands,International NGO,21
NL-KVK-41151952,IRC,active,irc,Netherlands,International NGO,21
XM-OCHA-CERF,Fonds central pour les interventions d’urgence des Nations Unies,active,cerf,United States,Multilateral,40
NL-KVK-34106722,AWEPA,active,awepa,Netherlands,International NGO,21
NL-KVK-40594571,Simavi,active,simavi,Netherlands,Foundation,60
NL-KVK-41118168,Woord en Daad,active,w-d,Netherlands,International NGO,21
NL-KVK-41198890,Plan International Pays-Bas,active,plannlno,Netherlands,International NGO,21
XI-IATI-OFID,Fonds de l’OPEP pour le développement international,active,ofid,Austria,Multilateral,40
XI-IATI-CWSEC,Secrétariat du Commonwealth,active,commonwealthsecretariat,(No country assigned),Multilateral,40
NL-KVK-41201644,Fondation Wemos,active,wemos,Netherlands,International NGO,21
US-EIN-26-1931968,Promundo-US,active,pmo-us,United States,International NGO,21
NL-KVK-33185213,Institut royal des Tropiques,active,kit,Netherlands,International NGO,21
NL-KVK-41207580,Fondation Health Action International,active,hai,Netherlands,Foundation,60
NI-MIGOB-3602,Fondo Centroamericano de Mujeres,active,fcam,Nicaragua,Foundation,60
NL-KVK-34159275,UTZ,active,utz,Netherlands,International NGO,21
NL-KVK-41207989,"Aidsfonds, Soa Aids Nederland (IST Sida Pays-Bas)",active,nl-kvk-41207989,Netherlands,International NGO,21
UG-RSB-73316,Centre africain pour la santé mondiale et la transformation sociale,active,achest,Uganda,International NGO,21
ZW-PVO-WO1789,Family Aids Caring Trust,active,fact,Zimbabwe,National NGO,22
GB-CHC-222655,Liverpool School of Tropical Medicine (École de médecine tropicale de Liverpool),active,lstm,United Kingdom,"Academic, Training and Research",80
GB-COH-RC000710,,active,queen_mary_london,United Kingdom,"Academic, Training and Research",80
KE-NCB-200201282375,Fonds d’Action Urgente Afrique,active,uaf-africa,Kenya,Regional NGO,23
GB-CHC-1142516,ColaLife,active,colalife,United Kingdom,National NGO,22
XM-DAC-47059,Organisation internationale de droit du développement,active,idlo,Italy,Multilateral,40
NL-KVK-41149831,Mensen met een Missie,active,mm1,Netherlands,National NGO,22
NL-KVK-30204842,Netherlands Food Partnership (partenariat alimentaire pour les Pays-Bas),active,nfp,Netherlands,Foundation,60
NL-KVK-41208813,Défense des Enfants International Pays-Bas – ECPAT Pays-Bas,active,dciecpatnl,Netherlands,National NGO,22
XM-DAC-41302,Organisation internationale du Travail (OIT),active,ilo,Switzerland,Multilateral,40
NL-KVK-27189542,Institut néerlandais pour la démocratie multipartite (NIMD),active,nimd-hq,Netherlands,International NGO,21
NL-KVK-40530467,Milieudefensie,active,foenl,Netherlands,National NGO,22
US-EIN-47-4128047,Friends of Publish What You Fund,active,friendsofpwyf,United States,International NGO,21
BD-ROC-S-12313,,active,bpcrs,Bangladesh,"Academic, Training and Research",80
NL-KVK-58183167,HE Foundation,active,hefoundation,Netherlands,Foundation,60
KE-NCB-93175,Amref Health Africa au Kenya,active,amrefkenya,Kenya,International NGO,21
NL-KVK-41150939,Solidaridad Europe,active,solidaridad-europe,Netherlands,International NGO,21
UG-RSB-29587,,active,fidauganda,Uganda,National NGO,22
US-EIN-31-1812979,CREA,active,creausa-org,India,International NGO,21
NL-KVK-52957535,Free Press Unlimited,active,free_press_unlimited,Netherlands,International NGO,21
NL-KVK-41172933,WASTE advisers on urban environment and development (conseillers environnement et développement urbain),active,waste,Netherlands,Foundation,60
FR-SIRET-77566669600015,Secours catholique – Caritas France,active,sccf,France,International NGO,21
GB-CHC-1062638,Disasters Emergency Committee (DEC),active,dec-uk,United Kingdom,National NGO,22
US-EIN-91-1179750,,active,pbi_io,United States,International NGO,21
NL-KVK-40409352,Croix-Rouge néerlandaise,active,nlrc,Netherlands,International NGO,21
XI-IATI-IKI,Initiative internationale pour le climat (IKI) / Secrétariat du ministère fédéral de l’environnement (BMU) pour l’IKI,active,bmu_iki,Germany,Government,10
NL-KVK-51756811,Solidaridad,active,solidaridad,Netherlands,International NGO,21
NL-KVK-34111374,Fair Wear Foundation,active,fwf,Netherlands,International NGO,21
NL-KVK-40530953,Amnesty International Pays-Bas,active,amnesty,Netherlands,International NGO,21
NL-KvK-41177601,Mondiaal FNV,active,mondiaalfnv,Netherlands,National NGO,22
NL-KVK-41177588,Fonds mondial pour la nature (WWF) Pays-Bas,active,wnf,Netherlands,International NGO,21
AU-ACNC-19242959685,"International Women’s Development Agency (Agence internationale de développement pour les femmes, IWDA)",active,iwda,Australia,International NGO,21
NL-KVK-41180885,Comité néerlandais de l’Union internationale pour la conservation de la nature (UICN),active,iucn_nl,Netherlands,International NGO,21
NL-KVK-41155305,Tropenbos International,active,tbi,Netherlands,International NGO,21
ZA-PBO-064-502,Sonke Gender Justice,active,sjg,South Africa,International NGO,21
NL-KVK-27267681,"Centre climat, Croix-Rouge Croissant-Rouge",active,climate_centre,Netherlands,International NGO,21
NL-KVK-9099028,Wetlands International,active,wi,(No country assigned),International NGO,21
PK-VSWA-511-2007,Acid Survivors Foundation,active,_admin,Pakistan,National NGO,22
NL-KVK-54436222,CNV Internationaal,active,nl-kvk-54436222-27541,Netherlands,National NGO,22
GB-COH-01846493,AECOM,active,aecom,United Kingdom,Private Sector,70
GB-CHC-1160256,,active,read-foundation,United Kingdom,International NGO,21
BE-BCE_KBO-0410057701,Institut de Médecine Tropicale,active,itm,Belgium,Other Public Sector,15
ZW-ROD-2172,,active,galz,Zimbabwe,National NGO,22
BE-BCE_KBO-0264814354,Agence belge de développement (Enabel),active,enabel,Belgium,Government,10
GB-CHC-287287,"Centre for Economic Policy Research (Centre de recherche économique et politique, CEPR)",active,cepr,United Kingdom,National NGO,22
NL-KVK-41197577,SOS Villages d’enfants Pays-Bas,active,sosnl,Netherlands,Foundation,60
NL-KVK-41211943,HealthNet TPO,active,healthnet,Netherlands,International NGO,21
GB-SC-SCO45223,Mary’s Meals,active,marysmeals,United Kingdom,International NGO,21
AF-MOE-1212,"Afghanistan Public Policy Research Organization (Organisme de recherche sur les politiques publiques de l’Afghanistan, APPRO)",active,appro-af,Afghanistan,"Academic, Training and Research",80
GB-COH-04105827,MannionDaniels,active,manniondaniels,United Kingdom,Private Sector,70
BE-GTCF-630789842,APPRO Europe,active,appro-eu,Belgium,"Academic, Training and Research",80
NL-KVK-27195046,VNG International,active,vngi,Netherlands,Other Public Sector,15
KE-RCO-C1-61,Siège d’Amref Health Africa,active,amrefhq,Kenya,International NGO,21
NL-KVK-09098104,Wageningen University & Research – fondation Wageningen Research,active,wageningen_ur,Netherlands,"Academic, Training and Research",80
NL-KVK-27078545,FMO,active,fmo,Netherlands,Public Private Partnership,30
GB-COH-03846881,Social Development Direct Limited,active,sddirect,United Kingdom,Private Sector,70
XI-IATI-CABI,CABI,active,cabi,(No country assigned),Multilateral,40
US-EIN-52-1764268,BSR,active,bsr_admin,United States,International NGO,21
GB-COH-07964746,,active,satelliteapplicationscatapultltd,United Kingdom,Private Sector,70
GB-COH-11080032,,active,medaccess,United Kingdom,Private Sector,70
NL-KVK-40530156,COC Nederland,active,cocnl_publisher,Netherlands,National NGO,22
NL-KVK-41078390,Centre européen de journalisme,active,ejc,Netherlands,National NGO,22
KR-GOV-010,République de Corée,active,odakorea,Korea (Republic of),Government,10
ET-MFA-0001989741,Amref Health Africa en Éthiopie,active,amrefeth,Ethiopia,International NGO,21
GB-COH-02651349,IMC Worldwide,active,imcw_admin,United Kingdom,Private Sector,70
IN-MCA-U74140DL1998PLC097579,IPE Global Limited,active,ipeglobal,India,Private Sector,70
GB-CHC-209603,"Royal National Lifeboat Institution (Institution nationale royale de sauvetage en mer, RNLI)",active,rnli_international,United Kingdom,International NGO,21
GB-COH-05543952,Cardno Emerging Markets,active,cardnoem,United Kingdom,Private Sector,70
MW-NBM-R1527,Amref Health Africa au Malawi,active,amrefmw,Malawi,National NGO,22
XI-IATI-WAI,WASH Alliance International,active,wai,Netherlands,International NGO,21
GB-CHC-1148143,Stakeholder Democracy Network,active,sdn,United Kingdom,International NGO,21
GB-COH-04354941,Sound Seekers Limited,active,soundseekers,United Kingdom,International NGO,21
US-DOS-64562614,One Acre Fund,active,oneacrefund,(No country assigned),International NGO,21
MW-CNM-BCM-CF,"Fondation pour l’enfance du Baylor College of Medicine, Malawi",active,bcm-cf,Malawi,National NGO,22
UG-NGB-5914-252,Amref Health Africa en Ouganda,active,amrefug,Uganda,National NGO,22
GB-CHC-228248,"Institut de développement d’outre-mer (Overseas Development Institute, ODI)",active,odi,United Kingdom,"Academic, Training and Research",80
NL-KVK-53521129,"IDH, the Sustainable Trade Initiative",active,idh,Netherlands,International NGO,21
MW-CNM-C076-1999,Youth Net and Counselling – YONECO,active,yoneco1997,Malawi,National NGO,22
XM-DAC-69-1,Slovaquie – Ministère des Affaires étrangères et européennes,active,slovakaid,Slovakia,Government,10
US-EIN-20-1173866,Fonds d’investissement de Omidyar Network Inc.,active,omidyarnetwork,United States,Foundation,60
CA-CRA_ACR-101182509,Cowater International Inc,active,cowater,Canada,Private Sector,70
ZA-NPO-057-611,,active,nj_1,South Africa,Regional NGO,23
FI-PRO-139407,Caritas Finlande,active,caritasfin,Finland,National NGO,22
XM-DAC-903,Société financière internationale,active,ifcwbg,United States,Multilateral,40
US-EIN-550825466,IntraHealth International,active,intrahealth,United States,International NGO,21
NL-KVK-855689493,Fondation Mayday Rescue,active,maydayrescue,Netherlands,Foundation,60
GB-COH-08828458,Réseau international des personnes consommatrices de drogues (INPUD),active,inpud_admin,United Kingdom,International NGO,21
US-EIN-13-4128413,Global Alliance for TB Drug Development,active,tb-a,United States,"Academic, Training and Research",80
NL-KVK-41146461,Fondation Deltares,active,deltares,Netherlands,Foundation,60
NO-BRC-871033552,Norwegian People’s Aid,active,npa,Norway,International NGO,21
GB-CHC-1145640,The Queen Elizabeth Diamond Jubilee Trust,active,qedjt,United Kingdom,Foundation,60
ZA-PBO-930040668,Orbis Africa,active,orbis_africa,South Africa,International NGO,21
XM-DAC-1409,Cadre intégré renforcé,active,eif,Switzerland,Multilateral,40
IM-CR-024714B,openmindedly,active,openmindedly,Isle of Man,Private Sector,70
GB-COH-08333641,Delivery Associates Ltd,active,delivery_associates,United Kingdom,Private Sector,70
XM-DAC-41110,Secrétariat du Programme commun des Nations Unies sur le VIH/sida (ONUSIDA),active,unaids,Switzerland,Multilateral,40
NL-KVK-41209946,Mainline,active,mainline,Netherlands,Foundation,60
GB-COH-SC100833,LTS International Limited,active,lts,United Kingdom,Private Sector,70
GB-CHC-1126281,Secours Humanitaire,active,hrf,United Kingdom,International NGO,21
US-EIN-262681792,Initiative internationale pour l’évaluation d’impact,active,3ie,United States,International NGO,21
BE-BCE_KBO-0453975341,Search for Common Ground (SFCG),active,sfcg,Belgium,International NGO,21
BE-BCE_KBO-0453475391,Search for Common Ground (SFCG),withdrawn,sfcg,Belgium,International NGO,21
US-EIN-13-5660870,The International Rescue Committee,active,irc_inc,United States,International NGO,21
NP-SWC-27288,Burns Violence Survivors Nepal,active,bvs-nepal,Nepal,National NGO,22
US-EIN-13-3960591,,active,social_accountability_international,United States,International NGO,21
NL-KVK-56083459,Women Peacemakers Program,active,wpp,Netherlands,International NGO,21
GB-COH-01650169,Ecorys Royaume-Uni,active,ecuk,United Kingdom,Private Sector,70
US-EIN-471065461,Forum global sur les HSH et le VIH (MSMGF),active,msmgf,United States,International NGO,21
US-EIN-56-1071085,Ipas,active,ipas,United States,International NGO,21
NG-CAC-495140,Women Environmental Programme,active,wep,Nigeria,National NGO,22
DK-CVR-36980214,DanChurchAid,active,dca,Denmark,International NGO,21
NL-KVK-41214768,Global Network of People Living with HIV (GNP+),active,gnpplus,Netherlands,International NGO,21
BO-NIT-1013209020,,active,wwf_bolivia,Bolivia,International NGO,21
GB-COH-08705643,,active,ktn,United Kingdom,Other Public Sector,15
GB-COH-SC349355,Global Network of Sex Work Projects (NSWP),active,nswp,United Kingdom,International NGO,21
NL-KVK-34219433,Max Foundation,active,max-foundation,Netherlands,Foundation,60
CH-FDJP-66029860165,International Disability Alliance,active,ida,Switzerland,International NGO,21
US-EIN-27-5026463,Disability Rights Advocacy Fund,active,draf,United States,International NGO,21
DK-CVR-29439915,Caritas Danemark,active,caritas_denmark,Denmark,National NGO,22
NL-KVK-66926262,Win Win Strategies,active,wws,Netherlands,International NGO,21
GB-COH-03054929,DAI Global Health,active,healthpartners-international,United Kingdom,Private Sector,70
GB-COH-OC305127,BDO LLP,active,bdo,United Kingdom,Private Sector,70
US-EIN-203908371,Forum économique mondial,active,worldeconomicforum,United States,International NGO,21
BW-CIPA-CO20151011,"Coalition internationale de préparation au traitement (International Treatment Preparedness Coalition, ITPC)",active,itpc,Botswana,International NGO,21
TZ-BRLA-4368,Amref Health Africa en Tanzanie,active,amreftz,"Tanzania, United Republic of",International NGO,21
US-EIN-52-1238773,Organisation des Femmes pour l’Environnement et le Développement,active,wedo,United States,International NGO,21
GB-COH-NI630024,Siren Associates,active,siren,United Kingdom,Private Sector,70
GB-COH-8159144,Initiative de transparence dans le secteur de la construction (CoST),active,cost_uk,(No country assigned),International NGO,21
NL-KVK-32022621,,active,rnw_org,Netherlands,International NGO,21
BE-BCE_KBO-0550758080,Institut européen de la paix,active,eip,Belgium,Other Public Sector,15
NL-KVK-33226495,Atradius Dutch State Business,active,adsb,Netherlands,Private Sector,70
ZA-NPO-029-864,Alliance mondiale pour la participation citoyenne,active,civicus,South Africa,International NGO,21
NG-CAC-IT-23286,Centre For Citizens With Disabilities,active,ccdnigeria,Nigeria,National NGO,22
XI-IATI-UNPF,Fonds commun des Nations Unies,active,unpf,(No country assigned),Multilateral,40
CH-FDJP-66006990023,Alliance ACT,active,act_alliance,Switzerland,International NGO,21
NL-KVK-30258482,,active,kerk_in_actie,Netherlands,International NGO,21
XM-DAC-47064,Organisation Internationale pour le Bambou et le Rotin (INBAR),active,inbar,(No country assigned),Multilateral,40
NL-KVK-27251823,Support Trust for Africa Development (STAD),active,stad,Netherlands,International NGO,21
XM-DAC-5-52,,active,giz,Germany,Other Public Sector,15
XM-DAC-236,Bénin – Ministère de l’Économie et des Finances,active,mefbenin,Benin,Government,10
DK-CVR-44623528,COWI,active,cowi,Denmark,Other Public Sector,15
NL-KVK-34148682,AFEW International,active,afewinternational,Netherlands,International NGO,21
XM-DAC-30011,Union internationale pour la conservation de la nature et de ses ressources,active,iucn,Switzerland,Other Public Sector,15
BJ-IFU-3200700033415,Société nationale des eaux du Bénin (SONEB),active,soneb-benin,Benin,Other Public Sector,15
LB-MOI-18291,Fondation arabe pour les libertés et l’égalité,active,afemena,Lebanon,Regional NGO,23
US-GOV-1,Agence des États-Unis pour le développement international (USAID),active,usaid,United States,Government,10
GB-COH-07321996,Integrity Research and Consultancy Ltd,active,integrity,United Kingdom,Private Sector,70
CH-FDJP-109458452,Centre de Genève pour la gouvernance du secteur de la sécurité (DCAF),active,dcaf,Switzerland,Foundation,60
US-EIN-943287156,Association pour le progrès des communications,active,apc,United States,International NGO,21
KE-RCO-201036685,UHAI EASHRI,active,uhai-eashri,Kenya,Foundation,60
CZ-ICO-25755277,People in Need,active,pin,Czechia,International NGO,21
ZA-NPO-060766,,active,cal_2000-pu,South Africa,International NGO,21
BE-BCE_KBO-0427736148,Trias,active,trias,Belgium,National NGO,22
IE-CHY-20009601,Trocaire,active,trocaire,Ireland,International NGO,21
GB-CHC-1171353,Fonds mondial pour l’innovation,active,gif,United Kingdom,International NGO,21
GB-COH-04161656,ICF Consulting Services Ltd,active,icf,United Kingdom,Private Sector,70
BJ-IFU-6201408024805,Association nationale des communes du Bénin (ANCB),active,ancb_benin,Benin,National NGO,22
US-EIN-13-2890727,Institut Guttmacher,active,guttmacher,United States,International NGO,21
XM-DAC-41301,Organisation des Nations Unies pour l’alimentation et l’agriculture (FAO),active,fao,Italy,Multilateral,40
CH-FDJP-106064950,Medair,active,medair,Switzerland,International NGO,21
NL-KVK-27302841,Giro555 (fondation Samenwerkende Hulporganisaties),active,giro555,Netherlands,International NGO,21
GB-COH-RC000053,,active,thebritishacademy,United Kingdom,"Academic, Training and Research",80
XM-DAC-928,Organisation mondiale de la Santé (OMS),active,who,Switzerland,Multilateral,40
GB-CHC-1154230,Filles pas épouses : le partenariat mondial pour la fin du mariage des enfants,active,girlsnotbrides,United Kingdom,International NGO,21
NL-KVK-41152832,"Institut Néerlandais de Relations Internationales, l’institut « Clingendael »",active,clingendael,Netherlands,"Academic, Training and Research",80
IN-MCA-U74900MH2015PTC310042,,withdrawn,intellecap,India,Private Sector,70
NL-KVK-41160229,PUM Pays-Bas,active,pumnl,Netherlands,International NGO,21
NL-KVK-41153698,World Federalist Movement – Institute for Global Policy,active,wfm-igp,Netherlands,International NGO,21
GB-CHC-1091105,Fondation pour la recherche sur la méningite,active,mrf,United Kingdom,International NGO,21
PH-SEC-FN200806591,Réseau mondial des femmes pour les droits sur la reproduction,active,wgnrr_iati,Philippines,International NGO,21
US-EIN-27-3755556,IDEO.org,active,ideo_org,United States,International NGO,21
ET-CSA-0081,,active,swda,Ethiopia,National NGO,22
CH-FDJP-66004229946,Forum économique mondial Genève,active,weforum_geneva,Switzerland,International NGO,21
BE-BCE_KBO-0410644946,Caritas International (Belgique),active,cibe,Belgium,National NGO,22
CH-FDJP-CHE105834763,Helvetas Swiss Intercooperation,active,hsi,Switzerland,International NGO,21
NL-KVK-30195730,MVO Nederland,active,mvo_nederland,Netherlands,Other Public Sector,15
ML-NIF-400100027H,DNH Mali (Direction Nationale de l’Hydraulique du Mali),active,pca-gire,Mali,Government,10
US-EIN-13-1624114,Near East Foundation (NEF USA),active,nef_usa,United States,International NGO,21
US-EIN-58-1454716,Centre Carter,active,carter-center,United States,International NGO,21
NL-KVK-41169161,International Child Development Initiatives,withdrawn,icdi,Netherlands,International NGO,21
NL-KVK-27290536,HiiL innovating Justice,active,hiil_mfa,Netherlands,Foundation,60
PS-MOI-RA-22220-A,Union des comités de travail agricole,active,uawc,"Palestine, State of",National NGO,22
NL-KVK-53815211,Fondation VU Amsterdam - Centre pour les études alimentaires mondiales d’Amsterdam,active,acwfs_vu,Netherlands,"Academic, Training and Research",80
ET-MOT-020/4/007,"Ethiopian Horticulture Producer Exporters Association (Association éthiopienne des producteurs et exportateurs horticoles, EHPEA)",active,ehpea,Ethiopia,National NGO,22
NL-KVK-41197411,Bureau international de documentation fiscale,active,ibfd,Netherlands,"Academic, Training and Research",80
NL-KVK-67143555,United Work,active,united_work,Netherlands,National NGO,22
NL-KVK-27102631,Comité national des Pays-Bas pour l’UNICEF,active,unicefnl,Netherlands,National NGO,22
XM-DAC-6-4,"Agenzia Italiana per la Cooperazione allo Sviluppo (Agence italienne pour la coopération au développement, AICS)",active,aics,Italy,Government,10
US-EIN-26-4129153,Climate Policy Initiative,active,cpi,United States,"Academic, Training and Research",80
LR-MPEA-NGO-AC-0298,YMCA du Libéria,active,libymca,Liberia,National NGO,22
KE-RCO-CPR-2009-5689,,active,tma,Kenya,Regional NGO,23
KE-RCO-CPR/2009/5689,TradeMark East Africa,withdrawn,tmea,Kenya,Regional NGO,23
TR-MOI-27-018-163,Local Development and Small Projects Support,active,ldsps,Turkey,National NGO,22
BE-BCE_KBO-0418766123,Vlaamse Interuniversitaire Raad voor Universitaire Ontwikkelingssamenwerking (VLIR-UOS),active,vlir-uos,Belgium,"Academic, Training and Research",80
ET-CSA-0009,,active,dec_ethiopia,Ethiopia,National NGO,22
AR-CENOC-16969-A,Fundación Fondo Mujeres del Sur,active,fms,Argentina,Foundation,60
US-EIN-58-2368165,Fondation pour les Nations Unies,active,unf,United States,National NGO,22
XM-DAC-47058,Institut international pour la démocratie et l’assistance électorale,active,idea,Sweden,Multilateral,40
NL-KVK-41146484,IHE Delft Institut pour l’éducation relative à l’eau,active,ihedelft,Netherlands,"Academic, Training and Research",80
US-EIN-13-2626135,TechnoServe,active,tns,United States,International NGO,21
MZ-NUIT-700098168,Administração de Infra-Estruturas de Águas e Saneamento,active,aias,Mozambique,Government,10
XM-DAC-46009,Banque de développement des Caraïbes (CDB),active,caribank,(No country assigned),Multilateral,40
US-EIN-463668128,Women’s Refugee Commission,active,w_r_c,United States,International NGO,21
MZ-NUIT-50039061,Agência de Desenvolvimento do Vale do Zambeze,active,agencia_do_zambeze,Mozambique,Government,10
US-EIN-56-2460366,Conflict Dynamics International,active,cdi,United States,International NGO,21
GB-COH-RC000658,Université de Leeds,active,leedsuni,United Kingdom,"Academic, Training and Research",80
MW-MRA-20125995,Mulanje Mission Hospital,active,mmh,Malawi,National NGO,22
NL-KVK-73728489,,active,inso,Netherlands,International NGO,21
GB-CHC-1140276,International NGO Safety Orgnisation,withdrawn,inso,United Kingdom,International NGO,21
XM-DAC-41116,Programme des Nations Unies pour l’environnement (PNUE),active,un-environment,(No country assigned),Multilateral,40
MW-RG-2977,Palliative Care Support Trust,active,pcst,Malawi,National NGO,22
GB-CHC-802353,Ethiopiaid Royaume-Uni,active,ethiopiaiduk,United Kingdom,International NGO,21
NL-KVK-70292361,Fondation Access to Seeds,active,atsf,Netherlands,International NGO,21
BE-BCE_KBO-0408643875,Oxfam Solidarité-Solidariteit,active,oxsol,Belgium,National NGO,22
US-EIN-33-1112770,CLASP,active,clasp,United States,International NGO,21
NL-KVK-58279199,The Access to Nutrition Foundation,active,atnf,Netherlands,International NGO,21
GB-CHC-1106349,International Network for Advancing Science and Policy,active,inasp,United Kingdom,International NGO,21
BD-NAB-1102,Population Services and Training Centre (PSTC),active,pstc_1102,Bangladesh,National NGO,22
JO-CCD-200138796,Horizons for Green Development,active,horizons,Jordan,National NGO,22
GB-CHC-1082565,Handicap international Royaume-Uni,active,hiuk,United Kingdom,"Academic, Training and Research",80
ET-CSA-0638,Send a Cow Éthiopie,active,sacethiopia,Ethiopia,National NGO,22
RS-APR-17062603,Caritas Serbie,active,caritas_serbia,(No country assigned),National NGO,22
NL-KVK-41185216,Commission néerlandaise pour l’évaluation environnementale,active,ncea,Netherlands,Foundation,60
US-EIN-23-7069110,Oxfam Amérique,active,oxfamus,United States,International NGO,21
KE-NCB-218/051/15179/10159,Kesho Kenya,active,kesho_kenya,Kenya,National NGO,22
KE-NCB-OP21805193101154,Ananda Marga Universal Relief Team (AMURT) Africa,active,amurt_kenya,Kenya,National NGO,22
KE-NCB-KENCBOP218051200802235390,Pastoralist Girls Initiative,active,pgi_kenya,Kenya,National NGO,22
LB-MOI-26_AD,Fondation Berytech,active,berytech,Lebanon,Foundation,60
NL-KVK-64680029,,active,wfaf,Netherlands,Foundation,60
NL-KVK-41150085,Nuffic,active,nuffic20171017,Netherlands,"Academic, Training and Research",80
BJ-IFU-6201200599008,ONG ALCRER,active,alcrer-1,Benin,National NGO,22
SE-ON-802017-3517,Diakonia Suède,active,diakonia-sweden,Sweden,International NGO,21
BJ-IFU-6201101048400,Social Watch Bénin,active,swb_1,Benin,National NGO,22
GB-GOV-13,"Royaume-Uni – Ministère des Affaires, de l’Énergie et de la Stratégie industrielle",active,beis,United Kingdom,Government,10
US-EIN-13-1687001,"The Population Council, Inc.",active,populationcouncil,United States,"Academic, Training and Research",80
SN-NINEA-621108990A0,Institut Panos Afrique de l’Ouest (IPAO),active,ipao,Senegal,International NGO,21
NL-KVK-41159889,Prince Claus Fund,active,pcf,Netherlands,International NGO,21
US-EIN-11-3803281,Centre africain pour la transformation économique (ACET),active,acet,United States,Regional NGO,23
GB-COH-09288843,The Power of Nutrition,active,the_power_of_nutrition,United Kingdom,Foundation,60
DK-CVR-20699310,Danish Refugee Council (conseil danois pour les réfugiés),active,drc,Denmark,International NGO,21
GB-CHC-1051681,"Amnesty International, UK Section et Charitable Trust",active,aiuk,United Kingdom,International NGO,21
GB-EDU-133784,Université de Birmingham,active,universityofbirmingham,United Kingdom,"Academic, Training and Research",80
MZ-NUIT-600000381,Fundo de Investimento e Patrimonio do Abastecimento de Água (FIPAG),active,fipag,Mozambique,Other Public Sector,15
ZW-PVO-15/2003,CARE International au Zimbabwe,active,ciz,Zimbabwe,International NGO,21
US-EIN-521257057,World Resources Institute,active,wri,United States,International NGO,21
KE-RSO-14210,United Disabled Persons of Kenya,withdrawn,udpk,Kenya,National NGO,22
BE-BCE_KBO-0435563751,Memisa,active,memisa,Belgium,"Academic, Training and Research",80
ZW-PVO-26/79,Vision du Monde Zimbabwe,active,wvz-gec,Zimbabwe,International NGO,21
NL-KVK-34271281,World Waternet,active,worldwaternet,Netherlands,Foundation,60
NL-KVK-24316726,Ecorys Nederland B.V.,active,ecorysnl,Netherlands,Private Sector,70
XM-DAC-47136,Institut mondial de la croissance verte,active,gggi,(No country assigned),Multilateral,40
BE-BCE_KBO-0448755949,Collectif Stratégies Alimentaires,active,csa,Belgium,National NGO,22
NL-KVK-34370207,Université d’Amsterdam,active,uva_org,Netherlands,"Academic, Training and Research",80
NL-KVK-41201198,The Hunger Project Pays-Bas,active,thp_org,Netherlands,International NGO,21
BE-BCE_KBO-0451857573,"Vereniging van Vlaamse Steden en Gemeenten (Union des villes et communes flamandes, VVSG)",active,vvsg,Belgium,Other Public Sector,15
BE-BCE_KBO-0425410524,SOS FAIM,active,sosfaim,Belgium,National NGO,22
ET-CSA-0486,Wolayita Development Association,active,woda_0486,Ethiopia,"Academic, Training and Research",80
BE-BCE_KBO-0423616717,VVOB Education for Development,active,vvob,Belgium,Other Public Sector,15
BE-BCE_KBO-0423588904,Autre Terre asbl,active,a-t,Belgium,"Academic, Training and Research",80
BE-BCE_KBO-0449400604,Ngo-federatie (Vlaamse federatie van ngo’s voor ontwikkelingssamenwerking),active,ngo-federatie,Belgium,National NGO,22
CA-CRA_ACR-872374426,War Child Canada,active,wcc,Canada,International NGO,21
KE-NCB-218/051/93132/90,Federation of Women Lawyers Kenya,active,fida,Kenya,National NGO,22
IN-MCA-U74140WB1983PTC036093,PricewaterhouseCoopers Private Limited Inde,active,pwcplindia,India,Private Sector,70
ET-CSA-1063,Orbis Ethiopia,active,orbis_ethiopia,Ethiopia,National NGO,22
BE-BCE_KBO-0461076236,Centre tricontinental (CETRI),active,ct-admin,Belgium,National NGO,22
BE-BCE_KBO-0418015461,Entraide et Fraternité,active,ef_,Belgium,National NGO,22
GB-CHC-1076822,Save the Children International,active,sci,United Kingdom,International NGO,21
BE-BCE_KBO-0422717486,Louvain Coopération,active,lc,Belgium,National NGO,22
BE-BCE_KBO-0451516390,Brulocalis,active,brulocalis,Belgium,Other Public Sector,15
BE-BCE_KBO-0421207751,Centre National de Coopération au Développement (CNCD-11.11.11),active,cncd,Belgium,National NGO,22
BE-BCE_KBO-0418282311,Viva Salud,active,g3w-m3m_admin,Belgium,National NGO,22
BE-BCE_KBO-0416486821,Oxfam-Magasins du monde,active,omdm,Belgium,National NGO,22
BE-BCE_KBO-0451461655,Union des Villes et Communes de Wallonie (UVCW),active,uvcw,Belgium,Other Public Sector,15
XM-OCHA-CBPF,Fonds de financement commun pour les pays de l’OCHA,active,unocha-cbpf,(No country assigned),Multilateral,40
BE-BCE_KBO-0424198222,Association for Cultural Technical and Educational Cooperation (ACTEC),active,actec,Belgium,National NGO,22
BE-BCE_KBO-0408908151,Iles de Paix,active,idp,Belgium,National NGO,22
NP-SWC-1844,Center for Research on Environment Health and Population Activities (CREHPA),active,crehpa,Nepal,National NGO,22
US-EIN-237297651,Orbis International,active,orbis_international,United States,International NGO,21
BE-BCE_KBO-0474198059,Africalia,active,africalia,Belgium,Other Public Sector,15
BE-BCE_KBO-0419872616,Tearfund VZW (TFBE),active,tfb_admin1,Belgium,National NGO,22
BE-BCE_KBO-0413986102,We Social Movements (WSM),active,wsm,Belgium,National NGO,22
NG-CAC-692943,Academy for Health Development (AHEAD),active,ahead,Nigeria,"Academic, Training and Research",80
BE-BCE_KBO-0461634084,Rode Kruis-Vlaanderen Internationaal vzw (Croix-Rouge flamande),active,rkiv,Belgium,National NGO,22
BE-BCE_KBO-0410661673,SCI Projets Internationaux ASBL_Service Civil International branche belge,active,scibelgium,Belgium,National NGO,22
BE-BCE_KBO-0432552989,Fonds voor Ontwikkelingssamenwerking - Socialistische Solidariteit VZW,active,fos,Belgium,National NGO,22
BE-BCE_KBO-0445412518,Institute for International Workers Education,active,iiwe,Belgium,National NGO,22
AF-MOE-138,Fondation Aga Khan Afghanistan,active,akf_afghanistan,Afghanistan,Foundation,60
BE-BCE_KBO-0415627875,ULB-Coopération,active,ulbcoop,Belgium,National NGO,22
DK-CVR-37295728,NIRAS A/S,active,niras,Denmark,Private Sector,70
NL-KVK-62066064,Global Off-Grid Lighting Association (GOGLA),active,gogla,Netherlands,Private Sector,70
US-EIN-06-1608361,Centre Africain de Recherche sur la Population et la Santé,active,aphrc,United States,International NGO,21
BE-BCE_KBO-0409451054,Enfance Tiers Monde Kinderen Derde Wereld,active,etmkdw,Belgium,National NGO,22
ZW-ROD-MA988/87,Women’s Action Group,active,wag-1983,Zimbabwe,National NGO,22
BE-BCE_KBO-0408628435,SOS Kinderdorpen België / SOS Villages d’enfants Belgique,active,svdbskb_admin,Belgium,International NGO,21
ET-CSA-1233,EngenderHealth Ethiopia,active,engenderhealth_eth,Ethiopia,International NGO,21
US-EIN-52-2145827,Chemonics International Inc.,active,chemonics,United States,Private Sector,70
BE-BCE_KBO-0441988715,Fairtrade Belgium,active,fairtrade_be,Belgium,National NGO,22
LB-MOI-497,ABAAD Resource Centre for Gender Equality (Centre de ressources ABAAD pour l’égalité des sexes),active,arcfge,Lebanon,National NGO,22
ZM-PCR-10104052014,,active,pphpz,Zambia,International NGO,21
BE-BCE_KBO-0462132150,Croix-Rouge de Belgique Communauté francophone - Activités internationales ASBL,active,crb-ai_admin,Belgium,National NGO,22
BE-BCE_KBO-0431955945,Sensorial Handicap Cooperation,active,shc,Belgium,"Academic, Training and Research",80
BE-BCE_KBO-0415880570,Association pour la Promotion de l’Éducation et de la Formation à l’Étranger,active,apefe,Belgium,Other Public Sector,15
BE-BCE_KBO-0433439550,Défi Belgique Afrique,active,dba,Belgium,National NGO,22
BE-BCE_KBO-0463455904,Chaîne de l’Espoir Belgique / Keten van Hoop België,active,cdeb-kvhb_admin,Belgium,National NGO,22
BE-BCE_KBO-0432235661,Handicap international Belgique,active,hib,Belgium,National NGO,22
BE-BCE_KBO-0415426155,Miel Maya Honing asbl,active,mmha,Belgium,National NGO,22
NL-KVK-34185938,Fondation Access to Medicine,active,atmf,Netherlands,Foundation,60
BE-BCE_KBO-0442168263,Vétérinaires Sans Frontières / Dierenartsen Zonder Grenzen (Belgique),active,vsfbelgium,Belgium,National NGO,22
BE-BCE_KBO-0419189557,Rotary Clubs For Development,active,rc4d,Belgium,National NGO,22
BE-BCE_KBO-0454555163,RCN Justice & Démocratie,active,rcn,Belgium,National NGO,22
BE-BCE_KBO-0460162753,Medecins du Monde Belgique / Dokters van de Wereld Belgïe,active,medecins,Belgium,National NGO,22
BE-BCE_KBO-0413119733,VIA Don Bosco,active,via-db,Belgium,National NGO,22
BE-BCE_KBO-0408022778,Djapo,active,djapo,Belgium,National NGO,22
BE-BCE_KBO-0420656336,Rikolto Belgique,active,rikolto_belgium,Belgium,National NGO,22
BE-BCE_KBO-0407562029,Comité national de la Belgique pour l’UNICEF,active,ub,Belgium,National NGO,22
BE-BCE_KBO-0662878501,Rikolto,active,rikolto,Belgium,Foundation,60
BE-BCE_KBO-0418088113,Broederlijk Delen,active,bd,Belgium,National NGO,22
BE-BCE_KBO-0417299047,Protos,active,protos,Belgium,National NGO,22
BE-BCE_KBO-0479866027,Studio Globo,active,sg,Belgium,"Academic, Training and Research",80
BE-BCE_KBO-0478060441,Mouvement pour la Solidarité Internationale / Beweging voor Internationale Solidariteit,active,bismsi,Belgium,National NGO,22
BE-BCE_KBO-0479222461,BOS+ tropen,active,bos_plus_tropen,Belgium,National NGO,22
BE-BCE_KBO-0432622077,FIAN Belgium,active,fian-belgium,Belgium,National NGO,22
BE-BCE_KBO-0463729878,Benelux Afro Center,active,bac,Belgium,National NGO,22
BE-BCE_KBO-0432624255,Solsoc,active,solsoc,Belgium,National NGO,22
BE-BCE_KBO-0408095925,Auto-Développement Afrique (ADA),active,ada,Belgium,National NGO,22
CO-RUE-860013779-5,,active,profamilia,Colombia,Private Sector,70
BE-BCE_KBO-0416934803,Forum Universitaire pour la Coopération Internationale au Développement – FUCID ASBL,active,fucid,Belgium,National NGO,22
BE-BCE_KBO-0418399305,Commission Justice et Paix ASBL (cjp),active,cjp,Belgium,National NGO,22
BE-BCE_KBO-0408656248,Fonds mondial pour la nature Belgique (WWF-Belgique),active,wwf-be,Belgium,National NGO,22
BE-BCE_KBO-0472089102,Geomoun ASBL,active,geomoun,Belgium,National NGO,22
BE-BCE_KBO-0408256667,Congodorpen vzw,active,congodorpen,Belgium,National NGO,22
GB-COH-04644326,Agulhas Applied Knowledge,active,aak,United Kingdom,Private Sector,70
BE-BCE_KBO-0409597544,FONCABA ASBL KBA VZW,active,foncaba,Belgium,National NGO,22
BE-BCE_KBO-0432503697,Eclosio,active,eclosio,Belgium,National NGO,22
BE-BCE_KBO-0420790948,Universitair Centrum voor Ontwikkelingssamenwerking,active,ucos,Belgium,National NGO,22
XM-DAC-7-PPR-4000005312,,active,ybawahid,Indonesia,Foundation,60
CO-RUE-900.683.942-8,,active,rpm,Colombia,Public Private Partnership,30
BE-BCE_KBO-0421210424,Koepel van de Vlaamse Noord-Zuidbeweging 11.11.11 VZW,active,111111_publisher,Belgium,National NGO,22
BE-BCE_KBO-0415365777,Oxfam Wereldwinkels,active,oww,Belgium,National NGO,22
JO-MSD-2013011100066,Queen Rania Foundation for Education and Development (Fondation de la reine Rania pour l’éducation et le développement),active,qrfed,Jordan,National NGO,22
KE-NCB-218-051-93197-173,,active,fawe-rs,Kenya,Regional NGO,23
KE-NCB-218.051.93197.173,,withdrawn,fawe-rs,Kenya,Regional NGO,23
NL-KVK-09119363,Fondation PRACTICA,active,practica,Netherlands,Foundation,60
JO-COA-1701-HPC,,active,hpc,Jordan,Other Public Sector,15
US-EIN-22-3087809,IREX (International Research and Exchange Board),active,irex,United States,International NGO,21
XM-DAC-47066,Organisation internationale pour les migrations (OIM),active,iom,Switzerland,Multilateral,40
BE-BCE_KBO-0416867297,KIYO,active,kiyo,Belgium,International NGO,21
US-EIN-900634376,C40 Cities Climate Leadership Group,active,c40cities,United States,"Academic, Training and Research",80
GB-CHC-1135700,British & Irish Agencies Afghanistan Group,active,baag,United Kingdom,International NGO,21
BE-BCE_KBO-0546740696,Académie de recherche et d’enseignement supérieur,active,ares,Belgium,"Academic, Training and Research",80
BE-BCE_KBO-0474912493,Dynamo International asbl,active,dynamo_international,Belgium,National NGO,22
BE-BCE_KBO-0445741823,Quinoa,active,quinoa,Belgium,National NGO,22
BE-BCE_KBO-0443262185,Echos Communication,active,ec,Belgium,National NGO,22
BE-BCE_KBO-0448723978,Médecins Sans Vacances,active,msv,Belgium,National NGO,22
BE-BCE_KBO-0446340550,Comité pour l’abolition des dettes illégitimes,active,cadtm,Belgium,National NGO,22
BE-BCE_KBO-0415499795,ITECO – Centre de formation pour le développement,active,iteco,Belgium,National NGO,22
NL-KVK-40478591,Association royale de football des Pays-Bas,active,knvb,Netherlands,Other Public Sector,15
ES-CIF-G81164105,Action contre la Faim Espagne,active,acfspain,Spain,International NGO,21
BE-BCE_KBO-0406694670,Action Damien / Damiaanactie,active,damien-foundation,Belgium,National NGO,22
RW-RGB-101-RGB-NGO-2014,UWEZO Youth Empowerment,active,uwezo_youth_empowerment,Rwanda,National NGO,22
NL-KVK-41208024,Aidenvironment,active,aidenvironment,Netherlands,Foundation,60
BE-BCE_KBO-0425420917,Plan International Belgique,active,pib,Belgium,National NGO,22
NL-KVK-32102434,Fondation RUAF,active,ruaf,Netherlands,Foundation,60
US-EIN-030358029,Population Media Center,active,pmc,United States,International NGO,21
BE-BCE_KBO-0430826290,Le Monde selon les femmes asbl,active,mondefemmes,Belgium,National NGO,22
BE-BCE_KBO-0417549465,Coopération par l’Éducation et la Culture,active,cec,Belgium,National NGO,22
DK-CVR-25191501,Danmission,active,danmission,Denmark,National NGO,22
IN-MHA-337680017,Network For Enterprise Enhancement and Development Support,active,needs,India,National NGO,22
CO-RUE-860049972,Oriéntame,active,orientame,Colombia,National NGO,22
CH-FDJP-CHE102197003,Fédération internationale des experts comptables,active,ifac,Switzerland,International NGO,21
US-EIN-27-1414646,Initiative Clinton pour l’accès à la santé (Clinton Health Access Initiative),active,chai,United States,International NGO,21
US-EIN-13-3327220,Action contre la Faim États-Unis,active,aahusa,United States,International NGO,21
GB-COH-07157505,ODI Global Advisory Ltd,active,odi_sales_ltd,United Kingdom,"Academic, Training and Research",80
UG-NGB-5914-129,Fondation AVSI en Ouganda,active,avsi_uganda,Uganda,International NGO,21
GH-DSW-2046,Fonds Africain pour le Développement de la Femme,active,awdf,Ghana,Regional NGO,23
DE-CR-BonnVR8726,IFOAM – Organics International,active,ifoam,Germany,International NGO,21
GB-COH-05126149,The MENTOR Initiative,active,the_mentor_initiative,United Kingdom,International NGO,21
EG-CR-117508,,active,nroot,Egypt,Private Sector,70
BD-NAB-0271,Bangladesh Nari Progati Sangha,active,bnps,Bangladesh,National NGO,22
GB-CHC-1112842,Transparency International UK,active,ti-uk,United Kingdom,International NGO,21
GB-CHC-1119168,Energy 4 Impact,active,e4i,United Kingdom,International NGO,21
US-EIN-75-3130860,Center for Civilians in Conflict,active,civic_admin,United States,International NGO,21
GB-COH-RC000672,,active,uos,United Kingdom,"Academic, Training and Research",80
GB-CHC-1047653,Raleigh International,active,raleigh_int,United Kingdom,International NGO,21
BE-BCE_KBO-0410757386,Solidagro,active,solidagro_admin,Belgium,"Academic, Training and Research",80
NL-KVK-41199723,NLR,active,nlr,Netherlands,International NGO,21
TZ-TRA-101-091-759,Economic and Social Research Foundation (ESRF),active,esrf,"Tanzania, United Republic of","Academic, Training and Research",80
NL-KVK-24365461,Fondation Right to Play Pays-Bas,active,rtp,Netherlands,International NGO,21
NL-KVK-08134161,VEI (Vitens-Evides International),active,vei_nl,Netherlands,Private Sector,70
XM-DAC-21018,Fédération internationale des sociétés de la Croix-Rouge et du Croissant-Rouge,active,ifrcrcs,Switzerland,International NGO,21
UG-NGB-10890,Bucks Community NGO,active,bucksfarm,Uganda,National NGO,22
XM-DAC-43000,Fonds monétaire international,active,imf,United States,Multilateral,40
GB-CHC-314137,Association des Universités du Commonwealth,active,acu,United Kingdom,"Academic, Training and Research",80
NL-KVK-56185154,"NpM, plateforme pour la finance inclusive",active,npm,Netherlands,National NGO,22
GB-CHC-1113101,Tropical Health and Education Trust,active,tropicalhealth,United Kingdom,International NGO,21
US-EIN-52-0595110,Université Johns Hopkins,active,gi-jhu,United States,"Academic, Training and Research",80
NL-KVK-56821743,MDF Global,active,mdf,Netherlands,Foundation,60
CH-FDJP-CHE100871337,Conseil international des agences bénévoles,active,icva,Switzerland,International NGO,21
US-EIN-521750875,Iraq Foundation,active,iraq_foundation,United States,International NGO,21
ES-CIF-G-8236803,Oxfam Intermón,active,oxfamintermon,Spain,International NGO,21
XM-DAC-41123,Organisation des Nations Unies pour le développement industriel (ONUDI),active,unido,(No country assigned),Multilateral,40
GH-DSW-4711,Savana Signatures,active,savsign-org,Ghana,National NGO,22
GB-COH-00041424,,active,ul,(No country assigned),Public Private Partnership,30
BD-NAB-0682,Development Organisation of the Rural Poor,active,dorp-org,Bangladesh,National NGO,22
BE-BCE_KBO-0453072647,Institut de Formation Syndical International / Internationaal Syndicaal Vormingsinstituut,active,ifsi_isvi,Belgium,National NGO,22
MW-CNM-C057/1998,Center for Alternatives for Victimized Women and Children,active,cavwoc,Malawi,National NGO,22
NL-KVK-65306198,Equileap,active,equileap,Netherlands,International NGO,21
UG-NGB-1826,Family Life Education Program,active,flepuganda,Uganda,National NGO,22
GB-COH-RC000631,University College London,active,ucl,United Kingdom,"Academic, Training and Research",80
TZ-TRA-101-304-795,Chama cha Uzazi na Malezi Bora Tanzania (UMATI),active,umati,"Tanzania, United Republic of",National NGO,22
KE-NCB-218/051/96110/823,Centre for the Study of Adolescence,active,csa-kenya,Kenya,"Academic, Training and Research",80
US-GOV-17,,active,dol,United States,Government,10
GB-CHC-1114727,Joshua Orphan and Community Care,active,jocc_uk,(No country assigned),International NGO,21
BE-BCE_KBO-0460240749,Lumière pour le Monde Belgique,active,lftw-be,Belgium,National NGO,22
JO-CCD-2826,Vision du Monde Syrie,withdrawn,wvsyria,Syrian Arab Republic,International NGO,21
IN-MHA-231650063,Voluntary Health Association of India,active,vhai-org,(No country assigned),"Academic, Training and Research",80
DK-CVR-20074035,ADRA Danemark,active,adra-dk,Denmark,National NGO,22
KE-RCO-78260,ADS-Nyanza,active,ads-nyanza,Kenya,Other Public Sector,15
HK-CR-1494242,Solidaridad Asie du sud et du sud-est,active,solidaridad-ssea,India,International NGO,21
GH-DSW-5574,Solidaridad Afrique de l’Ouest,active,solidaridad-waf,Ghana,International NGO,21
XI-IATI-FIABEL,Fiabel,active,fiabel,Belgium,National NGO,22
KE-NCB-218/051/9384/74,CARE Somalie,active,csom1,Kenya,National NGO,22
GB-COH-07627789,D. Capital Partners,active,dcapitalpartners,United Kingdom,Public Private Partnership,30
JO-MSD-2009011100178,The Princess Alia Foundation (Fondation de la princesse Alia),active,paf_2018,Jordan,Foundation,60
GB-CHC-1157722,Irise International,active,irise_int,United Kingdom,International NGO,21
TZ-TRA-102316134,"Iringa Development of Youth, Disabled and Children Care",active,idydc,"Tanzania, United Republic of",National NGO,22
TZ-TRA-116315386,Babawatoto Centre For Children and Youth,active,bawacecy-tz,"Tanzania, United Republic of",National NGO,22
TZ-TRA-110-664-087,Railway Children Africa,active,rc2africa,"Tanzania, United Republic of",National NGO,22
US-GOV-6,,active,treasury,United States,Government,10
US-EIN-14-1945286,"The Global Development Incubator, Inc",active,gdi,United States,International NGO,21
TZ-TRA-121406209,Cheka Sana Tanzanie,active,cst,"Tanzania, United Republic of",National NGO,22
GB-COH-06735120,Worldwide Hospice Palliative Care Alliance,active,whpca,United Kingdom,International NGO,21
GB-COH-RC000797,Université de Manchester,active,uom,United Kingdom,"Academic, Training and Research",80
IT-CF-97091470589,INTERSOS Onlus,active,intersos_main,Italy,International NGO,21
GB-GOV-14,Royaume-Uni – Ministère de l’Éducation,active,dfe,United Kingdom,Government,10
US-EIN-27-1661997,GiveDirectly,active,givedirectly,United States,International NGO,21
MM-MHA-1/Local/0047,Karuna Mission Social Solidarity (KMSS),active,kmss,Myanmar,National NGO,22
CA-CRA_ACR-817387277,Fondation Mastercard,active,mastercard-foundation,Canada,Foundation,60
BD-NAB-002,BRAC,active,brac_admin2,Bangladesh,International NGO,21
GB-CHC-223106,Royal College of General Practitioners (RCGP),active,rcgp-international,United Kingdom,National NGO,22
US-EIN-042312909,Brigham and Women's Hospital,active,bwh,United States,"Academic, Training and Research",80
US-EIN-237413005,FHI360,active,fhi360,United States,International NGO,21
XM-DAC-47056,Centre mondial de l’agroforesterie,active,icraf_,Kenya,"Academic, Training and Research",80
GB-COH-10633588,Abt Britain Limited,active,abtbritain,United Kingdom,Private Sector,70
GB-CHC-213280,Royal College of Obstetricians & Gynaecologists,active,rcog_resilience_in_obstetric_skills,United Kingdom,"Academic, Training and Research",80
GB-COH-02188452,,active,iied,United Kingdom,"Academic, Training and Research",80
KE-KRA-P051311853T,Northern Rangelands Trust,active,nrt-kenya,Kenya,National NGO,22
GB-CHC-1047608,Alliance of Religions and Conservation,active,alliance_of_religions_and_conservation,United Kingdom,International NGO,21
BD-NAB-051,YMCA du Bangladesh,active,ywcabd,Bangladesh,National NGO,22
PS-MOI-QR-209-HR,,active,wclac,"Palestine, State of",National NGO,22
XI-IATI-MIF,Fonds d’investissement multilatéral,active,fomin,United States,Multilateral,40
IE-CHY-20009090,Concern Worldwide,active,concern_worldwide,Ireland,International NGO,21
XM-OCHA-FTS18563,"Fonds social de développement, Yémen",active,sfd-yemen,Yemen,Other Public Sector,15
US-EIN-63-0676451,Centre international pour le développement des engrais,active,ifdc-us,United States,International NGO,21
LB-MOI-14739,,active,marsa_welead,Lebanon,Regional NGO,23
US-EIN-134166228,Acumen,active,acumen,United States,International NGO,21
GB-CHC-1046579,Consortium for Street Children,active,csc,United Kingdom,International NGO,21
IN-MHA-147110006,CINI,active,cini_jhk,India,National NGO,22
SE-ON-802007-2446,Afrikagrupperna Suède,active,afrikagrupperna,Sweden,International NGO,21
XI-IATI-OCHASDC,Bureau des Nations Unies pour la coordination des affaires humanitaires (contributions désignées particulières),active,unocha-sdc,United States,Multilateral,40
GH-DSW-4834,NORSAAC,active,norsaac,Ghana,National NGO,22
GB-COH-04930461,Concordis International,active,concordis,United Kingdom,International NGO,21
CR-RPJ-3-006-125548,Fondation Acceso,active,fundacion-acceso,Costa Rica,Regional NGO,23
US-GOV-23,,active,ftc,United States,Government,10
US-GOV-TBD,,withdrawn,ftc,United States,Government,10
US-EIN-91-1157127,Programme de technologie appropriée en santé (PATH),active,_path_,United States,International NGO,21
DE-CR-VR32914,Association Water Integrity Network (Réseau d’intégrité de l’eau),active,win,Germany,International NGO,21
IL-RA-580166452,Musalaha – Ministère de Réconciliation,active,mmr_admin2,Israel,"Academic, Training and Research",80
AF-MOE-22,CARE International Afghanistan,active,ciafg,Afghanistan,International NGO,21
GB-COH-02622374,Energy Saving Trust,active,energy_saving_trust,United Kingdom,Other Public Sector,15
PK-SEC-0080655,DKT Pakistan,active,dkt,Pakistan,Private Sector,70
XI-GRID-grid.442465.5,Université de Mzumbe,active,m_u,"Tanzania, United Republic of","Academic, Training and Research",80
US-EIN-32-0060251,AIDSPAN,active,aidspan,United States,International NGO,21
KE-KRA-P051119468K,Kisumu Medical and Education Trust,active,kmet,Kenya,National NGO,22
XM-DAC-45001,Centre du commerce international (ITC),active,itc,Switzerland,International NGO,21
AU-ACNC-18055208636,Oxfam Australie,active,oau,Australia,International NGO,21
FR-RCS-389515180,Solidarités International,active,solidarites-international,France,International NGO,21
US-EIN-23-1352010,American Friends Service Committee,active,afsc,United States,"Academic, Training and Research",80
XI-GRID-grid.52681.38,BRAC University,active,bu,Bangladesh,"Academic, Training and Research",80
US-GOV-22,,active,dfc,United States,Government,10
KE-RCO-84486,Transparency International Kenya,active,ti_kenya,Kenya,National NGO,22
GB-CHC-1151219,DeafKidz International,active,dki1151219,United Kingdom,International NGO,21
LB-MOI-853,Association libanaise des victimes du terrorisme (AVT-L),active,avt-l,Lebanon,National NGO,22
IQ-NGO-1Z2634,"Rehabilitation, Education and Community Health (Réhabilitation, éducation et santé communautaire, REACH)",active,reach-iraq,Iraq,National NGO,22
XM-DAC-41121,Haut-Commissariat des Nations Unies pour les réfugiés (HCR),active,unhcr,Switzerland,Multilateral,40
US-EIN-58-1593137,,active,dkti,United States,International NGO,21
XM-DAC-701-2,Japon – Ministère des Affaires étrangères,active,mofa-jpn,Japan,Government,10
XI-IATI-AGR,AgResults Initiative,active,agresults,(No country assigned),Multilateral,40
BJ-IFU-4201710116446,"Institut National de l’Eau, Bénin",active,ine_benin,Benin,"Academic, Training and Research",80
BJ-IFU-4201710182326,Agence Nationale d’Approvisionnement en Eau Potable en Milieu Rural du Bénin,active,anaepmr_benin,Benin,Government,10
GB-COH-02517018,,active,uuk,United Kingdom,National NGO,22
NL-KVK-70292388,Index Initiative Foundation,active,iif,Netherlands,Foundation,60
US-EIN-13-5562308,Université de New York,active,nyu,United States,"Academic, Training and Research",80
BJ-IFU-4201710012551,"Commune de Dangbo, Bénin",active,dangbo,Benin,Other Public Sector,15
BJ-IFU-6201810251129,"Commune d’Adjarra, Bénin",active,adjarra,Benin,Other Public Sector,15
BJ-IFU-6201000068802,"Commune de Parakou, Bénin",active,parakou,Benin,Other Public Sector,15
BJ-IFU-5200081145006,"Commune de Toffo, Bénin",active,toffo,Benin,Other Public Sector,15
BJ-IFU-6200901945503,"Commune de Toviklin, Bénin",active,toviklin,Benin,Other Public Sector,15
BJ-IFU-6201101182902,"Commune de Kpomassè, Bénin",active,kpomasse,Benin,Other Public Sector,15
BJ-IFU-6200801257400,"Commune de Zè, Bénin",active,ze,Benin,Other Public Sector,15
BJ-IFU-6201501755307,"Commune d’Allada, Bénin",active,allada,Benin,Other Public Sector,15
BJ-IFU-6201001076902,"Commune de Aplahoué, Bénin",active,aplahoue,Benin,Other Public Sector,15
BJ-IFU-6200901944805,"Commune de Lalo, Bénin",active,lalo,Benin,Other Public Sector,15
GH-RGD-CG109732014,,active,twnafrica,Ghana,Regional NGO,23
BJ-IFU-6200901851300,"Commune de Kétou, Bénin",active,ketou,Benin,Other Public Sector,15
BJ-IFU-5200801335602,"Commune d’Adjohoun, Bénin",active,adjohoun,Benin,Other Public Sector,15
BJ-IFU-6200901944008,"Commune d’Adja-Ouèrè, Bénin",active,adja-ouere,Benin,Other Public Sector,15
BJ-IFU-6201200579608,"Commune de Pobè, Bénin",active,pobe,Benin,Other Public Sector,15
BJ-IFU-6200901944209,"Commune de Bopa, Bénin",active,bopa,Benin,Other Public Sector,15
BJ-IFU-6201001843703,"Commune d’Akpro-Missérété, Bénin",active,akpro-misserete,Benin,Other Public Sector,15
BJ-IFU-6201000370801,"Commune de Comè, Bénin",active,come,Benin,Other Public Sector,15
BJ-IFU-6201300688700,"Commune d’Avrankou, Bénin",active,avrankou,Benin,Other Public Sector,15
BJ-IFU-6201100143407,"Commune d’Ifangni, Bénin",active,ifangni,Benin,Other Public Sector,15
SE-ON-802004-1524,We Effect,active,weeffect,Sweden,International NGO,21
BJ-IFU-6201100034408,"Commune de Klouékanmè, Bénin",active,klouekanme,Benin,Other Public Sector,15
KE-KRA-P051502549C,"National Coalition of Human Rights Defenders, Kenya (Coalition nationale kényane des défenseurs des droits humains)",active,nchrdk,Kenya,National NGO,22
ZA-NPO-006-981,Institut d’études de sécurité,active,issafrica,South Africa,International NGO,21
NP-SWC-10136,Nepal Disabled Human Rights Center,active,dhrc_nepal,Nepal,National NGO,22
IN-MCA-AAE-8458,Deloitte Touche Tohmatsu India LLP,active,dttillp,India,Private Sector,70
UG-NGO-1406,DefendDefenders,active,defenddefenders,Uganda,"Academic, Training and Research",80
KE-NCB-2180511703310709,Send a Cow Kenya,active,sac_kenya,Kenya,National NGO,22
NL-KVK-70048436,Global Rights Compliance,active,grc2018,Netherlands,Foundation,60
US-EIN-11-3580024,International Center for Transitional Justice,active,ictj,United States,International NGO,21
DK-CVR-19348407,CISU,active,cisu,Denmark,National NGO,22
UG-NGB-0498,Fondation Mukisa,active,mukisa_foundation,Uganda,National NGO,22
NL-KVK-27367015,Organisation néerlandaise pour la recherche scientifique (NWO),active,nwo,Netherlands,Government,10
US-EIN-13-3377893,Rainforest Alliance,active,rainforest-alliance,United States,International NGO,21
GB-CHC-1127366,British Asian Trust,active,b_a_t,United Kingdom,International NGO,21
RW-RGB-002-RGB-NGO-2017,"Education Development Trust, Rwanda",withdrawn,edt_rwanda,Rwanda,International NGO,21
GB-CHC-1058162,Christian Blind Mission (UK) Ltd.,active,cbm,United Kingdom,International NGO,21
US-EIN-53-0242652,,active,the_nature_conservancy,United States,International NGO,21
GB-COH-RC000664,Université de Nottingham,active,uni_of_nottingham,United Kingdom,"Academic, Training and Research",80
LK-DRC-GA139,Women's Fund Asia,active,wf-asia,Sri Lanka,Regional NGO,23
HK-CR-2091642,Seefar,active,seefar,Hong Kong,Private Sector,70
SO-MPND-L43135002018MJ,,active,nagaad,Somalia,National NGO,22
GB-CHC-1118528,Child.org,active,child-dot_org,(No country assigned),International NGO,21
XI-IATI-DGF,Democratic Governance Facility,active,dgf,Uganda,Other Public Sector,15
NP-SWC-8220,Aapasi Sahayog Kendra Syangja Nepal (ASK Nepal),active,ask,Nepal,National NGO,22
NE-DGI-5355,Timidria,active,timidria,Niger,National NGO,22
DK-CVR-12006004,Center for Church-Based Development,active,cku,Denmark,International NGO,21
XI-GRID-grid.9829.a,Université des sciences et technologies Kwame Nkrumah,active,knust,Ghana,"Academic, Training and Research",80
DK-CVR-63407216,Save the Children Danemark,active,redbarnet,Denmark,International NGO,21
GB-CHC-1089110,Global Canopy,active,globalcanopy,United Kingdom,International NGO,21
NL-KVK-60633468,Water Finance Facility,active,wff,Netherlands,Private Sector,70
GB-COH-10333897,Pegasys Limited,active,pegasys-eu,United Kingdom,Private Sector,70
XM-DAC-21016,Comité international de la Croix-Rouge (CICR),active,icrc,Switzerland,Multilateral,40
DK-CVR-40781218,Fonds mondial pour la nature (WWF) Danemark,active,wwfdk,Denmark,Foundation,60
DE-CR-RA000220-VR3810,Welthungerhilfe,active,whh,Germany,International NGO,21
MZ-NUIT-500004037,Direcção Provincial de Saúde de Nampula,active,dps-nampula,Mozambique,Government,10
KE-KRA-P051097200R,Centre international de physiologie et d’écologie des insectes (icipe),active,icipe,Kenya,"Academic, Training and Research",80
DK-CVR-12921047,CARE Danmark Fonden for Frivillig Ulandsbistand,active,12921047,Denmark,National NGO,22
NL-KVK-27368929,Université de Leyde,active,universiteit_leiden,Netherlands,"Academic, Training and Research",80
NL-KVK-72849770,Stichting Beheer Subsidiegelden DRA,active,stichting-subsidiegelden-dra,Netherlands,International NGO,21
KE-RCO-C110031,Farm Concern International,active,fci,Kenya,Regional NGO,23
ET-CSA-0976,Dawuro Development Association,active,dawuro_da,Ethiopia,"Academic, Training and Research",80
DK-CVR-20453672,Agence Danoise pour le Développement des syndicats (Ulandssekretariatet),active,loftf,Denmark,International NGO,21
DK-CVR-18243717,ActionAid Danemark (Mellemfolkeligt Samvirke),active,aadk,Denmark,International NGO,21
US-EIN-84-1648607,Educate!,active,educate,United States,International NGO,21
CH-FDJP-CHE232974628,Responsible Mining Foundation,active,rmf,Switzerland,Foundation,60
ID-KHH-0000871,,active,ja_ppmn,Indonesia,National NGO,22
DK-CVR-14723692,Mission Øst,active,missioneast,Denmark,International NGO,21
GB-COH-RC000297,King's College London,active,kingscollegelondon,United Kingdom,"Academic, Training and Research",80
DK-CVR-16077593,Confédération des industries danoises,active,di,Denmark,Private Sector,70
NL-KVK-50130536,Université de Twente,active,utwente,Netherlands,"Academic, Training and Research",80
DK-CVR-31378028,,active,3fi,Denmark,National NGO,22
DK-CVR-13078513,Conseil danois de la jeunesse (DUF),active,duf,Denmark,National NGO,22
GB-COH-07291220,50 Eight Limited,active,fifty_eight,United Kingdom,Private Sector,70
DK-CVR-58185728,Danish Family Planning Association,active,dfpa,Denmark,National NGO,22
RW-RGB-61-RGB-NGO-2017,ActionAid Rwanda,active,aar,Rwanda,National NGO,22
DK-CVR-35429867,Global Focus,active,globaltfokus,Denmark,National NGO,22
CH-FDJP-CHE109506789,"Centre international de déminage humanitaire, Genève",active,gichd,Switzerland,Foundation,60
DK-CVR-14766383,Disabled People's Organisations Denmark (organisations de personnes handicapées au Danemark),active,dpod,Denmark,National NGO,22
GB-UKPRN-10007774,Université d’Oxford,active,oxford,United Kingdom,"Academic, Training and Research",80
GB-CHC-1077216,Compassion Royaume-Uni,active,comp_uk,United Kingdom,International NGO,21
GB-CHC-1016676,INTRAC,active,intrac,United Kingdom,International NGO,21
US-EIN-26-3933134,Special Hope Network,active,shn,United States,International NGO,21
GB-COH-08212556,PositiveNegatives,active,posneg,United Kingdom,Other Public Sector,15
NL-KVK-64763064,Data4Development,active,d4d,Netherlands,Private Sector,70
GB-CHC-1161729,Hope for Children,active,hfc,United Kingdom,International NGO,21
SE-ON-802005-9823,Fonds mondial pour la nature (WWF) Suède,active,wwf-se,Sweden,International NGO,21
US-EIN-91-1148123,Mercy Corps Global,active,mcg,United States,International NGO,21
GB-CHC-1108718,African Revival,active,africanrevival,United Kingdom,International NGO,21
NL-KVK-30276595,Koninklijk Nederlands Meteorologisch Instituut (Institut royal météorologique des Pays-Bas),active,knmi,Netherlands,Government,10
PK-SEC-0105957,Sehat Kahani (Community Innovation Hub),active,sehatkahanicih,Pakistan,Private Sector,70
NL-KVK-70333564,Mercy Corps Pays-Bas,active,mcn,Netherlands,International NGO,21
PE-SUNARP-12623829,Forum international des femmes autochtones,active,fimi_iiwf_2019,Peru,Foundation,60
XI-IATI-ACATBA,Association centrafricaine de traduction de la Bible et alphabétisation,active,acatba,Central African Republic,National NGO,22
XI-GRID-grid.13001.33,Université du Zimbabwe,active,1-uz,Zimbabwe,"Academic, Training and Research",80
CH-FDJP-CHE109994012,Interpeace,active,interpeace,Switzerland,International NGO,21
DK-CVR-20700211,Croix-Rouge danoise,active,danishrc,Denmark,National NGO,22
MW-NBM-NGO/L/18/024,Palliative Care Association of Malawi (association des soins palliatifs au Malawi),active,pacam,Malawi,National NGO,22
MW-MRA-20123139,Nkhoma Mission Hospital,active,nmhiati,Malawi,National NGO,22
MW-MRA-20120896,David Gordon Memorial Hospital,active,dgmh,Malawi,"Academic, Training and Research",80
DE-CR-RA000243-HRB5459,,active,particip,Germany,Private Sector,70
ML-NIF-082208943A,Groupe Pivot Santé Population,active,gpsp-org,Mali,"Academic, Training and Research",80
MZ-NUIT-700179850,Plataforma Moçambicana da Água (PLAMA),active,plama,Mozambique,National NGO,22
NL-KVK-27310568,,active,arq_intl,Netherlands,Foundation,60
UG-RSB-80010003259159/105066,SolarNow Services (U) Ltd,active,solarnowsofa,Uganda,Private Sector,70
GB-CHC-1145721,Zambia Orphans Aid UK,active,zoa_uk,United Kingdom,International NGO,21
dk-cvr-26487013,International Media Support,active,ims,Denmark,International NGO,21
US-EIN-22-2852248,Village Enterprise,active,villageenterprise,United States,International NGO,21
IT-RI-97241280151,We World – GVC Onlus,active,ww-gvc,Italy,International NGO,21
GB-CHC-1143797,Syria Relief,active,sr,United Kingdom,National NGO,22
TR-MOI-27-019-074,Emissa,active,emissa,Turkey,National NGO,22
US-EIN-52-1818273,International Center for Not-for-Profit Law,active,icnl_org,United States,International NGO,21
FI-PRO-1993025-9,Institut européen des forêts,active,efi,Finland,"Academic, Training and Research",80
US-EIN-13-3622707,WSP USA Solutions Inc.,active,lbg,United States,Private Sector,70
CA-CRA_ACR-805837713,OpenNorth,active,opennorth,Canada,International NGO,21
DK-CVR-20356731,Plan International Danemark (PlanBørnefonden),active,plb,Denmark,International NGO,21
NL-KVK-32092131,Fondation Edukans,active,edukans_foundation,Netherlands,International NGO,21
GB-CHC-1027201,Institute for War & Peace Reporting (Institut de reportage sur la guerre et la paix),active,iwpr,United Kingdom,International NGO,21
GB-CHC-1150993,Near East Foundation UK (NEF UK),active,nef-uk,United Kingdom,International NGO,21
FR-INSEE-32101874900127,Médecins du Monde France,active,mdm-fr,France,International NGO,21
NG-CAC-54522,Centre for Legal Research and Development,active,clerd-prpi,Nigeria,National NGO,22
GB-CHC-1140288,Fondation Fred Hollows (Royaume-Uni),active,fhfuk,United Kingdom,International NGO,21
NL-KVK-34176587,Radio La Benevolencija,active,rlb,Netherlands,International NGO,21
NL-KVK-41081480,Fondation Liliane,active,slf,Netherlands,National NGO,22
XI-IATI-LPI,Living Peace Institute,active,lpi,Congo (Democratic Republic of the),National NGO,22
US-EIN-30-0739799,Heartland Alliance International,active,ha-i,United States,International NGO,21
JE-FSC-NPO_1108,Irrawaddy Policy Exchange,active,ipe,United Kingdom,"Academic, Training and Research",80
KE-NCB-OP/218/051/924/84,ActionAid International Kenya,active,aaik,Kenya,International NGO,21
US-EIN-45-5015494,Instiglio,active,instiglio,United States,International NGO,21
NG-CAC-73022,Niger Delta Stakeholders Initiative for Community Development and Empowerment,active,ndsicde,Nigeria,National NGO,22
XM-DAC-5-7,Allemagne – Ministère fédéral des Affaires étrangères,active,fo_germany,Germany,Government,10
US-EIN-27-4933181,IDinsight,active,idinsight,United States,International NGO,21
XM-DAC-61-2,Slovénie – Ministère des Affaires étrangères,active,si-mfa,Slovenia,Government,10
US-EIN-47-3594688,Fonds mondial pour mettre fin à l’esclavage moderne,active,gfems,United States,National NGO,22
US-EIN-45-2796201,"Namati, Inc",active,namati_inc,United States,International NGO,21
GB-COH-893249298,,active,wrgb,(No country assigned),"Academic, Training and Research",80
XI-IATI-NSO,Netherlands Space Office,active,nso,Netherlands,"Academic, Training and Research",80
US-EIN-22-3900800,VisionFund International,active,vfi,United States,International NGO,21
CA-CRA_ACR-118846575,Centre d’étude et de coopération internationale,active,ceci,Canada,International NGO,21
GB-COH-07026479,AgDevCo,active,agdevco,United Kingdom,Private Sector,70
XM-DAC-47008,Centre mondial des légumes,active,worldveg,Taiwan (Province of China),International NGO,21
GB-CHC-1178168,CDAC Network (Réseau pour la communication avec les communautés touchées par des catastrophes),active,cdacnetwork,United Kingdom,International NGO,21
GH-DSW-1103,Regional Advisory Information and Network Systems,active,rains,Ghana,National NGO,22
KE-KRA-P051713416W,AFELT,active,afelt,Kenya,"Academic, Training and Research",80
DE-CR-RA000217-HRB121747B,Democracy Reporting International gGmbH,active,dri,Germany,International NGO,21
BJ-IFU-5201000673108,CARE Bénin/Togo,active,carebenintogo,United States,International NGO,21
GB-COH-02693163,Fondation Westminster pour la démocratie,active,wfd,United Kingdom,Other Public Sector,15
UG-RSB-80010000253134/25060,Université des martyrs de l’Ouganda,active,umu,Uganda,"Academic, Training and Research",80
XI-GRID-grid.442626.0,Université de Gulu,active,guluuni,Uganda,"Academic, Training and Research",80
XI-GRID-grid.442459.a,Université de Dodoma en Tanzanie,active,udom,"Tanzania, United Republic of","Academic, Training and Research",80
KE-KRA-P051542095J,LIWA programme trust,active,liwa-admin,Kenya,"Academic, Training and Research",80
GH-DSW-2000,Northern Network for Education Development,active,nned,Ghana,National NGO,22
US-EIN-45-4613016,Accountability Lab,active,alab,United States,National NGO,22
XI-GRID-grid.419346.d,Institut international de recherche sur les politiques alimentaires,active,ifpri,United States,International NGO,21
GH-RGD-99389,Opportunity International Savings and Loans Ltd,active,oisl_gh,Ghana,Private Sector,70
NG-CAC-1260478,Silsab Foundation,active,silsab1-_,Nigeria,National NGO,22
XI-BRIDGE-6385676864,Secrétariat du Fonds pour l’environnement mondial,active,gef,United States,Multilateral,40
KE-NCB-21805120080955572,Ashoka East Africa (Bureau régional d’Ashoka Afrique pour l’Afrique de l’Est),active,ashoka,Kenya,International NGO,21
GB-CHC-206658,World Horse Welfare,active,whw2019,United Kingdom,International NGO,21
US-EIN-522112460,IMA World Health,active,us-imawh,United States,International NGO,21
FR-RCS-78049888700022,Centre International de Développement et de Recherche,active,cidr,France,International NGO,21
GB-COH-RC000749,Société zoologique de Londres,active,zsl,United Kingdom,International NGO,21
XM-DAC-47080,OCDE,active,oecd,France,Multilateral,40
ZA-NPO-048-364,SouthSouthNorth,active,ssn,South Africa,International NGO,21
CH-FDJP-258577051,Humanitarian Quality Assurance Initiative (Initiative d’assurance qualité humanitaire),active,hqai,Switzerland,International NGO,21
GB-GOV-2,Trésor de sa Majesté,active,hmtfitb,United Kingdom,Government,10
NO-BRC-917687811,Coalition pour les innovations en matière de préparation aux épidémies,active,cepi,Norway,International NGO,21
GB-GOV-15,Royaume-Uni – Ministère du Commerce international,active,dit,United Kingdom,Government,10
GB-NIC-101412,Children in Crossfire,active,cicni,United Kingdom,International NGO,21
XM-OCHA-HPC3664,Jordan River Foundation,active,jrf,Jordan,National NGO,22
XM-OCHA-HPC6770,Centre du Roi Salman pour l’aide humanitaire et de secours,active,ksrelief291,Saudi Arabia,Government,10
MZ-MOJ-100717344,IMD Moçambique (Institut pour la démocratie multipartite au Mozambique),active,imdmozambique,Mozambique,National NGO,22
GB-CHC-1081769,Transform Africa,active,transafrica19,United Kingdom,International NGO,21
CH-FDJP-CHE107828868,,active,swisscontact,Switzerland,International NGO,21
CH-FDJP-CHE109947366,Fondation Hirondelle,active,fh_ch,Switzerland,International NGO,21
GB-CHC-1147298,One Young World,active,oyw,United Kingdom,National NGO,22
GB-EDU-133903,London School of Hygiene and Tropical Medicine (École d’hygiène et de médecine tropicale de Londres),active,lshtm,United Kingdom,"Academic, Training and Research",80
GB-GOV-12,"Royaume-Uni – Ministère du Numérique, de la Culture, des Médias et des Sports",active,dcms,United Kingdom,Government,10
GB-CHC-1117377,Village Water Ltd,active,villagewater,United Kingdom,International NGO,21
FR-RCS-31899089200065,Action contre la Faim,active,acf-fr,France,International NGO,21
US-EIN-27-3440108,,active,vera-solutions,United States,Private Sector,70
CA-CRA_ACR-107848319,Action Canada pour la santé et les droits sexuels,active,acfshr,Canada,International NGO,21
NP-IRD-302274734,CARE Népal,active,cnepal,Nepal,International NGO,21
US-EIN-13-1804349,World Education Inc.,active,wei,United States,"Academic, Training and Research",80
PK-VSWA-32-2004,Tameer-e-Khalaq Foundation (Foundation Tameer-e-Khalaq),active,tkf1234,Pakistan,National NGO,22
NP-IRD-302113730,"Adventist Development and Relief Agency, Nepal (Agence adventiste de développement et de secours au Népal)",active,adra_nepal,Nepal,International NGO,21
IT-CF-95008730160,Cesvi,active,cesvi,Italy,International NGO,21
GB-CHC-282305,Minority Rights Group (Groupe de défense des droits des minorités),active,mrg,United Kingdom,International NGO,21
XM-DAC-7-PPR-4000002894,,active,iwrm,Mozambique,Government,10
PE-SUNARP-11744379,Centro de Promocion y Defensa de los Derechos Sexuales y Reproductivos (Centre pour la promotion et la défense des droits sexuels et reproductifs),active,promsex,Peru,Regional NGO,23
XM-OCHA-HPC8568,CARE international au Soudan,active,cis,Sudan,International NGO,21
UG-RSB-80020001996190,,active,lpa,Uganda,Private Sector,70
RW-RGB-77-RGB-NGO-2013,Health Development Initiative (Initiative pour la promotion de la santé),active,hdi,Rwanda,National NGO,22
KE-RCO-105217,Kenya Private Sector Alliance (Alliance du secteur privé kényan),active,kepsa,Kenya,Private Sector,70
KE-KRA-P051098561L,KITUO CHA SHERIA,active,kituo,Kenya,National NGO,22
FR-RCS-83764263600018,Centre syrien pour les médias et la liberté d’expression,active,scm,France,National NGO,22
SS-RRC-004,Nonviolent Peaceforce,active,npss,South Sudan,International NGO,21
NL-KVK-31047672,Twynstra Gudde,active,twynstragudde,Netherlands,Private Sector,70
ID-KHH-AHU17AH0107,"Institute for Policy Research and Advocacy (Institut de recherche et de plaidoyer politique, ELSAM)",active,elsam,Indonesia,National NGO,22
GB-COH-00070527,,active,lse,United Kingdom,"Academic, Training and Research",80
GB-GOV-52,"Fonds pour les conflits, la stabilité et la sécurité",active,cssf,United Kingdom,Government,10
GB-GOV-50,Cross-Government Prosperity Fund,active,prosperityfund,United Kingdom,Government,10
GB-CHC-1174874,Royal Commonwealth Ex-Services League,active,rcel,United Kingdom,International NGO,21
CH-FDJP-CHE110141200,Drugs for Neglected Diseases initiative (Initiative Médicaments pour les maladies négligées),active,dndi_transparency,Switzerland,"Academic, Training and Research",80
RW-RRA-103197639,Collaboration Transfrontalière du Grand Virunga,active,gvtc,Rwanda,Government,10
NP-SWC-37725,South Asian Women Development Forum,active,sawdf-admin,(No country assigned),"Academic, Training and Research",80
NP-SWC-46024,Accelerator Nepal,active,acceleratornepal,Nepal,National NGO,22
CA-CRA_ACR-869974816,Nutrition International,active,nutritionintl,Canada,International NGO,21
CH-FDJP-CHE-105181636,Centre pour le dialogue humanitaire (HD),active,hdcentre,Switzerland,Foundation,60
US-EIN-13-3870223,Initiative internationale du vaccin contre le sida (IAVI),active,iavi,United States,International NGO,21
KE-RCO-CPR/2011/63463,Partnership for African Social & Governance Research (PASGR),active,pasgr,Kenya,"Academic, Training and Research",80
NL-KVK-09181221,Resilience,active,resilience,Netherlands,"Academic, Training and Research",80
NL-KVK-41145371,École de gestion de Maastricht,active,msm-ipd,Netherlands,Foundation,60
BF-MATD-RNRD00045-4000004688,,active,cdc_ohg,Burkina Faso,National NGO,22
GB-COH-06274284,Carbon Trust Advisory Ltd,active,carbontrustadvisory,United Kingdom,Private Sector,70
IN-MHA-231660927,,active,phfi,India,National NGO,22
GB-COH-07171834,,active,taginternational,United Kingdom,Private Sector,70
GB-UKPRN-10007801,,active,uop,United Kingdom,"Academic, Training and Research",80
NA-NAMRA-04822224,,active,pv,Namibia,International NGO,21
ZA-CIP-2005-028883-23,Okapi Consulting,active,okapiconsulting,South Africa,International NGO,21
NL-KVK-34234456,Health Insurance Fund,active,hif,Netherlands,International NGO,21
GB-COH-OC350651,Montrose International LLP,active,montrose_llp,(No country assigned),"Academic, Training and Research",80
GB-CHC-1013587,Chance for Childhood,active,chanceforchildhood,United Kingdom,International NGO,21
GB-COH-7207947,Principes pour l’investissement responsable,active,pri_icf,United Kingdom,"Academic, Training and Research",80
NO-BRC-980997278,Health Development Initiative,active,idi,Norway,International NGO,21
JO-MSD-2011101100001,Jordan Open Source Association,active,josa,Jordan,National NGO,22
US-EIN-53-0196584,,active,gwu_gwi,United States,"Academic, Training and Research",80
NL-KVK-30238214,Impunity Watch,active,iw_admin,Netherlands,International NGO,21
NG-CAC-83813,Neem Foundation,active,neem,Nigeria,National NGO,22
US-EIN-23-2220051,iDE,active,ide,United States,International NGO,21
FR-RCS-40885667200030,Triangle Génération Humanitaire,active,tgh,France,International NGO,21
AU-ABN-42097054165,Land Equity International,active,lei,Australia,Private Sector,70
GB-COH-RC000655,,active,keele-university,United Kingdom,"Academic, Training and Research",80
US-EIN-20-8530747,Results for Development,active,r4d,United States,International NGO,21
XM-DAC-50-21,,active,aecid,Spain,Government,10
ES-DIR3-EA0035768,Agence espagnole pour la coopération internationale au développement (AECID),withdrawn,aecid,Spain,Government,10
GH-DSW-3064,ActionAid Ghana,active,aag,Ghana,National NGO,22
NG-CAC-19258,Centre for Environment Human Rights and Development,active,cehrd1,Nigeria,International NGO,21
NL-KVK-53744993,World Benchmarking Alliance Foundation,active,wba,Netherlands,Foundation,60
XI-IATI-3435,,active,sosss_admin,Sudan,National NGO,22
CO-CCB-S0052181,transforma,active,transforma,Colombia,National NGO,22
YE-MSAL-80/295,Yamaan Foundation for Health and Social Development,active,yffhsd,Yemen,National NGO,22
GB-COH-02863827,ClientEarth,active,clientearth-1,United Kingdom,International NGO,21
CH-FDJP-CHE106823242,Fondation Terre des hommes – Aide à l’enfance dans le monde,active,tdh_foundation,Switzerland,International NGO,21
GB-SC-015096,Université de Dundee,active,uodcepmlp,United Kingdom,"Academic, Training and Research",80
ZW-ROD-MA0000405/2015,Young Africa International HUB,active,yai-hub,Zimbabwe,International NGO,21
XM-DAC-47021,Centre international de la pomme de terre (CIP),active,cip,Peru,Multilateral,40
ET-CSA-3994,Triggerise Éthiopie,active,trig,Ethiopia,International NGO,21
BD-NAB-0210,ActionAid Bangladesh,active,aab,Bangladesh,International NGO,21
US-EIN-45-2779314,Shift Project Ltd.,active,shiftproject,United States,International NGO,21
KE-KRA-P051155108P,Commission nationale kényane des droits de l’homme,active,knchr,Kenya,Government,10
GB-CHC-290767,World Jewish Relief,active,wjr_001,United Kingdom,International NGO,21
ET-CSA-0062,DKT Ethiopia,active,dkt_ethiopia,Ethiopia,International NGO,21
NL-KVK-40407706,Unie van Waterschappen,active,uvw,Netherlands,Other Public Sector,15
GB-COH-03147724,Mercy Ships UK Limited,active,msuk,United Kingdom,International NGO,21
US-EIN-94-3045180,Rainforest Action Network,active,ran,United States,International NGO,21
XI-GRID-grid.9783.5,Université de Kinshasa,active,dspd_unikin,Congo (Democratic Republic of the),"Academic, Training and Research",80
GB-CHC-1106156,kidasha,active,kidasha,United Kingdom,International NGO,21
DE-CR-RA000209-VR1207,Vision du Monde Allemagne,active,wv_de,Germany,International NGO,21
ET-CSA-0784,Vision du Monde Éthiopie,active,wv_et_activities,Ethiopia,International NGO,21
IT-CF-00677540288,Médecins avec l’Afrique CUAMM,active,cuamm,Italy,International NGO,21
AT-UID-U74408937,Ground Truth Solutions,active,ground-truth-solutions,Austria,International NGO,21
XI-BRIDGE-3665722432,Forum africain d’administration fiscale (ATAF),active,ataf,South Africa,International NGO,21
GB-CHC-1123241,Peace Direct,active,peacedirect,(No country assigned),International NGO,21
XI-GRID-grid.8193.3,Université de Dar es Salam,active,udsm-cbs,"Tanzania, United Republic of","Academic, Training and Research",80
XM-DAC-30009,Small Arms Survey,active,sas_sana,Switzerland,"Academic, Training and Research",80
ET-CSA-0475,Family Guidance Association of Ethiopia,active,fgae_ethiopia,Ethiopia,National NGO,22
XM-DAC-576,Émirats arabes unis – Ministère des Affaires étrangères et de la Coopération internationale,active,mofaic_uae,United Arab Emirates,Government,10
KE-NCB-2180511304359047,Population Services Kenya,active,pskenya_19,Kenya,National NGO,22
KE-NCB-2180511403539790,Faith to Action Network,active,f2a,Kenya,International NGO,21
UG-NGO-3329,Institut d’Auschwitz pour la prévention du génocide et des atrocités de masse,active,aipr,Uganda,"Academic, Training and Research",80
KE-NCB-218051200501953650,Healthright International-Kenya,active,hri,Kenya,National NGO,22
CN-SAIC-9111010506489375XP,Carbon Trust (Beijing) Consulting Limited,active,ctbeijing,China,Private Sector,70
GB-COH-OC364842,,active,mcs_new,United Kingdom,Private Sector,70
LB-MOI-6491,Restart Center,active,restartcenter,Lebanon,National NGO,22
GB-CHC-297716,Business in the Community,active,bitc,United Kingdom,International NGO,21
GB-CHC-1141552,Balloon Ventures Foundation,active,bvf,United Kingdom,International NGO,21
ZA-CIP-2007-0308903-08,African Parks,active,african_parks,South Africa,International NGO,21
GB-COH-06581421,Institut pour le Dialogue Stratégique (IDS),active,isdglobal,United Kingdom,"Academic, Training and Research",80
ML-NIF-055000335T,Near East Foundation Mali,active,nef_mali,Mali,International NGO,21
NL-KVK-41186799,Women Engage for a Common Future (WECF),active,wecf,Netherlands,International NGO,21
US-EIN-52-5170039,International Crisis Group,active,crisisgroup,Belgium,International NGO,21
FR-RCS-49962201700014,Bibliothèques Sans Frontières,active,bsf1,France,International NGO,21
SE-ON-802425-8702,Institut international de l’eau de Stockholm,active,siwi,Sweden,International NGO,21
GH-RGD-CG077262013,Nature and Development Foundation (Fondation pour la Nature et le Développement),active,ndf_fgm,Ghana,National NGO,22
BD-NAB-2004,"Centre for Injury Prevention and Research, Bangladesh",active,ciprb,Bangladesh,National NGO,22
XI-IATI-RUF,,active,ruf,Netherlands,Foundation,60
XM-DAC-40-3,,active,greece_mfa,Greece,Government,10
XI-BRIDGE-1812689272,École de Santé publique Mailman de l’Université Columbia,active,mailman_school_of_public_health,United States,"Academic, Training and Research",80
US-EIN-04-2103547,Université de Boston,active,bu-carbx-admin,United States,"Academic, Training and Research",80
LB-MOI-110,Fondation René Moawad,active,rmf-lb,Lebanon,National NGO,22
GB-CHC-1173827,Accountable Now,active,accountablenow,United Kingdom,International NGO,21
NL-KVK-30157019,Larive International,active,larive,Netherlands,Private Sector,70
NG-CAC-57289,Environmental Centre for Oil Spills and Gas Flaring (NACGOND),active,nacgond-,Nigeria,National NGO,22
US-GOV-13,,active,usadf,United States,Government,10
US-GOV-13-ADF,,withdrawn,usadf,United States,Government,10
FR-RCS-519655997,Handicap International,active,hi_fed,France,International NGO,21
US-EIN-82-3941326,Luminate Foundation Inc.,active,luminate,United States,Foundation,60
US-EIN-98-0513530,Alliance pour une révolution verte en Afrique,active,agra,United States,International NGO,21
GB-COH-08567792,Behavioural Insights Team,active,bit,United Kingdom,Private Sector,70
NP-SWC-24,Nepal Netra Jyoti Sangh,active,nnjs_nepal,Nepal,National NGO,22
KE-KRA-P051161193S,Trust for Indigenous Culture and Health,active,ticah,Kenya,International NGO,21
CO-RUE-830140714-1,Brujula Comunicaciones Estrategicas SAS,active,brujula,Colombia,Private Sector,70
XI-GRID-grid.11194.3c,École de santé publique de l’université Makerere,active,maksph,Uganda,"Academic, Training and Research",80
UG-NGB-12317,Reach A Hand Uganda,active,rahuug,Uganda,National NGO,22
GB-COH-08567552,UN Global Compact Local Network UK (Pacte mondial des Nations Unies – réseau local au Royaume-Uni),active,ungc-uk,United Kingdom,Multilateral,40
NL-KVK-815165924,STC International,active,stc-international,Netherlands,"Academic, Training and Research",80
NP-SWC-17775,"The Leprosy Mission, Népal",active,tlmnepal,Nepal,National NGO,22
LB-MOI-25465,Fiftyfifty,active,fiftyfifty-lb,Lebanon,National NGO,22
GB-CHC-1172875,Play Action International,active,eap,United Kingdom,International NGO,21
XM-DAC-41130,Office de secours et de travaux des Nations Unies pour les réfugiés de Palestine dans le Proche-Orient (UNRWA),active,unrwa,(No country assigned),Multilateral,40
BD-NAB-0918,Centre for Policy Dialogue,active,cpd,Bangladesh,National NGO,22
KE-KRA-P000634725S,Réseau de développement et de communication des femmes africaines (FEMNET),active,femnet,Kenya,Regional NGO,23
UG-NGO-2292,,active,wipc,Uganda,International NGO,21
US-EIN-37-1552838,GSMA Foundation,active,gsma_foundation,United States,Foundation,60
CH-FDJP-CHE296622304,Initiative mondiale contre la criminalité transnationale organisée,active,gi-toc,Switzerland,Other Public Sector,15
BE-BCE_KBO-0434417468,Codéart,active,codeart,Belgium,National NGO,22
LB-MOI-1-100,Al Majmoua,active,al_majmoua,Lebanon,National NGO,22
XI-IATI-ESFD,Economic and Social Fund for Development (Fonds de développement économique et social),active,esfd,Lebanon,Government,10
XI-IATI-DKTDRC,,active,dkt_drc,Congo (Democratic Republic of the),National NGO,22
JO-CCD-200104681,Leaders of Tomorrow,active,sqf,Jordan,Private Sector,70
AE-HFZA-1526,Altai Consulting,active,altai,United Arab Emirates,Private Sector,70
CA-CRA_ACR-811793611,Grands Défis Canada,active,hgc,Canada,National NGO,22
NP-CRO-83836,,withdrawn,7272,(No country assigned),Other Public Sector,15
YE-MSAL-473-2001,Family Counseling and Development Foundation,active,fcdf,Yemen,National NGO,22
ET-CSA-1327,,active,jfa-pfe,Ethiopia,National NGO,22
CH-FDJP-CHE331930936,Partenariat mondial sur la recherche-développement en matière d’antibiotiques (GARDP),active,gardp,Switzerland,Public Private Partnership,30
US-EIN-47-5049026,Alliance internationale des jeunes pour la planification familiale,active,iyafp,United States,International NGO,21
UG-NGB-1277,Forum for Women in Democracy,active,fowode,Uganda,National NGO,22
RW-RGB-114-RGB-RGO-2013,The Legal Aid Forum,active,laf,Rwanda,National NGO,22
AE-ADCD-64747,,withdrawn,72728,(No country assigned),International NGO,21
NL-KVK-30114696,Palladium Europe,active,palladium_eur,Netherlands,Private Sector,70
NL-KVK-50744984,BoP Innovation Center,active,bopinc,Netherlands,Foundation,60
CO-RUE-900619925-0,,active,awaketravel,Colombia,Private Sector,70
YE-MSAL-18-2013,Mwatana for Human Rights,active,mwatana,Yemen,National NGO,22
GB-CHC-1122330,CDP Worldwide,active,cdp,United Kingdom,International NGO,21
GB-COH-RC000541,,active,soas,United Kingdom,"Academic, Training and Research",80
NL-KVK-41169658,Fern,active,stichtingfern,Netherlands,International NGO,21
GB-CHC-1154413,,active,cbi,(No country assigned),International NGO,21
FI-PRO-0998454-4,Finn Church Aid (Kirkon Ulkomaanapu sr),active,fca,Finland,International NGO,21
GB-COH-06069322,Development Media International,active,dmi_admin,United Kingdom,International NGO,21
US-EIN-47-3511012,"Association SDSN, Inc.",active,sdsna,United States,International NGO,21
BE-BCEKB0-0537407021,,active,wapa,Belgium,National NGO,22
XI-GRID-grid.7247.6,Université des Andes (Colombie),active,uand_2020,Colombia,"Academic, Training and Research",80
NL-KVK-74064800,Programming Their Future,active,p-t-f-,Netherlands,"Academic, Training and Research",80
US-EIN-13-1740011,Wildlife Conservation Society (Société pour la conservation de la vie sauvage),active,wcs,United States,International NGO,21
NL-KVK-27186453,Netherlands Water Partnership,active,nwp,Netherlands,Foundation,60
GB-COH-02962250,Forum des gouvernements locaux du Commonwealth,active,clgf_data,United Kingdom,International NGO,21
NL-KVK-64460789,Coöperatief Climate Fund Managers U.A.,active,cfm,Netherlands,Private Sector,70
CH-FDJP-CHE251665168,Earthworm Foundation,active,ewf,Switzerland,International NGO,21
GB-CHC-1082139,Fondation Thomson Reuters,active,trf,United Kingdom,Foundation,60
GB-LAE-LND,Corporation de la Cité de Londres,active,col-greenfinance,United Kingdom,Other Public Sector,15
GB-CHC-1160263,WasteAid UK,active,wasteaid,United Kingdom,International NGO,21
GB-COH-RC000660,Université de Liverpool,active,uol,United Kingdom,"Academic, Training and Research",80
MU-CR-C134274,Shortlist Professionals Limited,active,shortlistogti,Mauritius,Private Sector,70
GB-CHC-1187935,International Campaign for Women's Right to Safe Abortion,active,icwrsa,United Kingdom,National NGO,22
GB-CHC-208223,Royal Institute of International Affairs (Institut Royal des Relations Internationales à Londres),active,riia,United Kingdom,"Academic, Training and Research",80
DE-CR-RA000220-VR9971,Center for Applied Research in Partnership with the Orient (CARPO),active,carpo,Germany,International NGO,21
GB-CHC-1150964,inHive,active,inhive,United Kingdom,International NGO,21
BE-BCE-KBO-0461977940,,active,fdhommes,Belgium,National NGO,22
GB-COH-11116719,,active,brink_innovation,United Kingdom,Private Sector,70
GB-CHC-1079752,RedR Royaume-Uni,active,redruk,United Kingdom,International NGO,21
XI-IATI-WBTF,Fonds fiduciaires de la Banque mondiale,active,wbtf,United States,Multilateral,40
GB-COH-11373728,Cowater UK Limited,active,cowateruk,United Kingdom,Private Sector,70
ZA-CIP-M2005001486,Sexual Reproductive Health and Rights Africa Trust,active,srhr_africa_trust,South Africa,Regional NGO,23
US-EIN-61-1725201,"Field Ready, États-Unis",active,field_ready,United States,International NGO,21
GB-UKPRN-10007141,Université du Central Lancashire,active,uclan,United Kingdom,"Academic, Training and Research",80
ML-NIF-084106436R,Conseil et Appui pour l’Éducation à la Base Mali,active,caeb_mali,Mali,National NGO,22
XM-OCHA-7482,Vision du monde République centrafricaine,active,wv_cf,Central African Republic,International NGO,21
GB-COH-07840888,MedicineAfrica Ltd.,active,medafrica,United Kingdom,"Academic, Training and Research",80
CA_ON-ONT-1597880,CANADEM,active,canadem,Canada,International NGO,21
ET-CSA-1351,Ethiopian Public Health Association,active,epha,Ethiopia,Other Public Sector,15
NL-KVK-68758766,CAPABUILD,active,capabui,Netherlands,International NGO,21
NL-KVK-72908114,The AGRI3 Fund,active,agri3_fund,Netherlands,Public Private Partnership,30
NL-KVK-729081140000,The AGRI3 Fund,withdrawn,,Netherlands,Public Private Partnership,30
YE-MSAL-49-M-2019,Centre d’études stratégiques Sana'a,active,scss,Yemen,National NGO,22
XI-IATI-BBDN,Bangladesh Business and Disability Network (Réseau des entreprises et d’organisation de personnes handicapées du Bangladesh),active,bbdn,Bangladesh,National NGO,22
GB-UKPRN-10007164,"Université de l’Ouest de l’Angleterre, Bristol",active,uwe,United Kingdom,"Academic, Training and Research",80
MX-RFC-ICM160118IZ1,Iniciativa Climatica de Mexico,active,icm_mx,Mexico,National NGO,22
XM-DAC-7-PPR-4000002938,Partenariat mondial de l’eau,active,gwp,Sweden,International NGO,21
JO-CCD-200006694,"Entiqal for Training ""Partners for Good""",active,pfg,Jordan,National NGO,22
XI-IATI-WVDRC,Vision du monde République démocratique du Congo,active,wv_cd,Congo (Democratic Republic of the),International NGO,21
ID-KHH-5018112631240040,NLR Indonesia,active,nlr_indonesia,Indonesia,National NGO,22
GB-CHC-1076722,TRAFFIC International,active,traffic,United Kingdom,"Academic, Training and Research",80
US-EIN-81-2339233,Youth Development Labs Inc,active,ylabs,United States,International NGO,21
AM-SRALE-222.160.00823,Eurasia Partnership Foundation,active,epf,Armenia,Foundation,60
US-EIN-83-3580499,,active,orraa_inc,United States,International NGO,21
GB-CHC-1177110,Elrha,active,elrha,United Kingdom,International NGO,21
GB-CHC-206504,International Institute for Strategic Studies (Institut international d’études stratégiques),active,iiss,United Kingdom,"Academic, Training and Research",80
XI-GRID-grid.8652.9,,active,ugorid,Ghana,"Academic, Training and Research",80
NL-KVK-30114598,Rabo Partnerships,active,rabo_partnerships,Netherlands,Private Sector,70
IE-CHY-20041069,Ethiopiaid Irlande,active,ethiopiaidireland,Ireland,International NGO,21
GB-GOV-1,"Royaume-Uni – Ministère des Affaires étrangères, du Commonwealth et du Développement",active,fcdo,United Kingdom,Government,10
XM-OCHA-HPC9829,IMPACT Initiatives,active,impact_initiatives,Switzerland,International NGO,21
US-EIN-82-0644678,Synergía – Initiatives for Human Rights,active,synergiaihr,United States,International NGO,21
GB-COH-11594545,McKinsey Development Partners,active,mdp,United Kingdom,Private Sector,70
XI-GRID-grid.7836.a,Université du Cap,active,uct,South Africa,"Academic, Training and Research",80
XI-IATI-KHF,Fondation du Roi Hussein,active,khf,Jordan,National NGO,22
GB-COH-04465125,"Imperial College of Science, Technology and Medicine (Collège impérial des sciences, de la technologie et de la médecine)",active,imperial,United Kingdom,"Academic, Training and Research",80
GB-CHC-1158838,The Freedom Fund,active,tff,United Kingdom,International NGO,21
CA-CRA_ACR-119075091,Oxfam-Québec,active,oqc,Canada,International NGO,21
GB-CHC-1175658,The global steering group for impact investment,active,gsg,United Kingdom,International NGO,21
ID-KHH-6014052331100057,Kemitraan Bagi Pembaruan Tata Pemerintahan,active,kemitraan,Indonesia,National NGO,22
MX-RFC-SLP1412039F3,Soluciones en Legislación y Política Ambiental AC,active,polea,Mexico,National NGO,22
GB-CHC-1166956,UK-Med,active,uk-med,United Kingdom,International NGO,21
JO-CCD-45293,Sowt podcasting and training L.L.C,active,sowt,Jordan,Private Sector,70
BD-NAB-2686,Bangladesh Youth Leadership Center (Centre du leadership de la jeunesse du Bangladesh),active,bylc,Bangladesh,National NGO,22
US-EIN-27-3166994,Global Impact Investing Network,active,giin,United States,National NGO,22
MX-RFC-IIN920701G55,IDOM INGENIERIA,active,idom_mx,Mexico,Private Sector,70
ID-DJP-312529852906000,Asia Justice and Rights (Justice et droits en Asie),active,ajar,Indonesia,Regional NGO,23
CH-FDJP-CHE105829963,Solidar Suisse,active,solidarsuisse,Switzerland,International NGO,21
GB-UKPRN-10007790,Université d’Édimbourg,active,uoe,United Kingdom,"Academic, Training and Research",80
KE-KRA-P051335339D,African Institute For Development Policy (Institut africain pour les politiques de développement),active,afidep,Kenya,International NGO,21
JO-CCD-200167994,,active,lifed_admin,Jordan,International NGO,21
NL-KVK-27363950,Sociaal-Economische Raad (Conseil économique et social),active,ser,Netherlands,Other Public Sector,15
KE-KRA-P051172537S,,active,fsdk,Kenya,Other Public Sector,15
GB-COH-10516061,Cobra Collective CIC,active,cobracollective,United Kingdom,International NGO,21
GB-GOR-OT1175,Agence de coopération étrangère de l’Irlande du Nord,active,nico,United Kingdom,Other Public Sector,15
AT-ZVR-315688676,,active,lftw-int,Austria,International NGO,21
XI-GRID-grid.473464.6,Water & Land Resource Center – Université d’Addis Abeba,active,wlrc_aau,Ethiopia,"Academic, Training and Research",80
NG-CAC-30547,Paradigme Initiative,active,paradigm,Nigeria,International NGO,21
JO-MSD-200159274,JoWomenomics,active,jowomenomics,Jordan,National NGO,22
NL-KVK-09108013,Advance Consulting,active,ac1999,Netherlands,Private Sector,70
XI-GRID-grid.11835.3e,Université de Sheffield,active,tuos,United Kingdom,"Academic, Training and Research",80
XM-DAC-47015,Groupe consultatif pour la recherche agricole internationale (CGIAR),active,cgiar,France,"Academic, Training and Research",80
UG-RSB-197310,Financial Sector Deepening Uganda,active,fsduganda,Uganda,National NGO,22
NL-KVK-41192276,Stichting Wilde Ganzen/ IKON,active,nl_wg,Netherlands,National NGO,22
ZM-PCR-12015013762,Prospero Limited,active,prospero,Zambia,National NGO,22
GB-COH-RC000679,Université d’York,active,uoy,United Kingdom,"Academic, Training and Research",80
ZA-NPO-081-788,,active,sustainable_livelihoods_foundation,South Africa,International NGO,21
XM-DAC-41149,Bureau de la coordination des activités de développement,active,undco,United States,Other Public Sector,15
GB-COH-02871809,Global Witness,active,globalwitness,United Kingdom,International NGO,21
GB-CHC-1175791,Global Anaesthesia Development Partnerships,active,gadp,United Kingdom,"Academic, Training and Research",80
US-EIN-042103594,Abdul Latif Jameel Poverty Action Lab à l’Institut de technologie du Massachusetts (MIT),active,jpal,United States,"Academic, Training and Research",80
MW-RG-1011251,Wala Ltd,active,walaltd,Malawi,Private Sector,70
US-EIN-83-1236759,,active,neopenda,United States,Private Sector,70
US-EIN-53-0235320,Kadaster International,active,pathfinder1,United States,International NGO,21
BI-NIF-4000742330,AUXFIN Burundi,active,auxfinbi,Burundi,Private Sector,70
MZ-MOJ100094525,Micaia Foundation,active,micfound,Mozambique,National NGO,22
MY-SSM-1172311D,Forever Sabah,active,fs,Malaysia,National NGO,22
UA-EDR-9795443,Centre pour la planification économique d’Ukraine,active,ces-ua,Ukraine,National NGO,22
FR-INSEE-31827645800037,"Association de solidarité internationale, Agriculteurs français et développement international (Afdi) France",active,afdi-fr,France,Other Public Sector,15
GB-CHC-1017336,Elton John AIDS Foundation (Fondation Elton John pour la lutte contre le sida),active,ejaf,United Kingdom,Foundation,60
CA_AB-ABT-203435797,Alinea International Ltd.,active,alineainternational_2020,Canada,Private Sector,70
GB-CHC-1188731,Sustainable Hospitality Alliance,active,sha,United Kingdom,International NGO,21
BR-CNPJ-14.563.354/0001-50,Instituto BVRio,active,bvrio,Brazil,International NGO,21
NL-KVK-861193660,OurLoop Stitchting,active,loop,Netherlands,Foundation,60
GB-CHC-1137523,The Proforest Initiative UK,active,pi-uk,United Kingdom,"Academic, Training and Research",80
US-EIN-13-1623838,EngenderHealth,active,ehorg,United States,International NGO,21
US-EIN-843236198,Corus International,active,corus,United States,International NGO,21
US-EIN-52-2135531,Forest Trends Association,active,forest-trends,United States,International NGO,21
GB-CHC-1074857,Conseil des Archevêques de l’Église d’Angleterre,active,coe-abc,United Kingdom,"Academic, Training and Research",80
GB-COH-02515034,Timber Trade Federation Ltd.,active,ttf,United Kingdom,Private Sector,70
US-EIN-38-2846307,Mercy-USA for Aid and Development,active,mercy-usa,United States,International NGO,21
US-EIN-13-4052259,Media Development Investment Fund (Fonds d’investissement pour le développement des médias),active,mdif,United States,International NGO,21
KE-RCO-PLC-MYSMV2,,active,eabx,Kenya,Private Sector,70
GB-CHC-1144091,,active,nesta,United Kingdom,Other Public Sector,15
GB-NIC-073343,Fonds mondial pour les fondations communautaires,active,gfcf,United Kingdom,Foundation,60
GB-CHC-1123384,Foundation for Social Improvement,active,the_fsi,United Kingdom,"Academic, Training and Research",80
ES-NIF-G02766913,Fields Data,withdrawn,fd-es,Spain,International NGO,21
ES-NIF-G79408852,Médecins du Monde,active,mdm_spain,Spain,International NGO,21
BE-BCE_KBO-0464147473,Laïcité et Humanisme en Afrique Centrale (LHAC),active,lhac,Belgium,National NGO,22
KE-RCO-CPR-2010-28036,Open Capital Advisors,active,oca,Kenya,Private Sector,70
GB-COH-RC000652,,active,university_of_essex,United Kingdom,"Academic, Training and Research",80
GE-RS-406061513,,active,cpd_2021,Georgia,National NGO,22
US-EIN-30-0805768,,active,tffus,United States,International NGO,21
ZA-NPO-053-456,,active,cegaa,South Africa,National NGO,22
KE-NCB-OP-218-051-9994-1329,,active,creawkenya,Kenya,National NGO,22
NP-CRO-1158-065-066,Kathmandu Medical College Public Limited,active,kmc,Nepal,"Academic, Training and Research",80
ZA-CIT-9415005603,Université de Stellenbosch,active,su-impala,South Africa,"Academic, Training and Research",80
GB-COH-RC000668,,active,soton,United Kingdom,"Academic, Training and Research",80
NG-CAC-37051,,active,dsfn,Nigeria,National NGO,22
GB-CHC-1173320,South West International Development Network,active,swidn,United Kingdom,"Academic, Training and Research",80
GB-HESA-10004113,Université de Loughborough,active,lboro,United Kingdom,"Academic, Training and Research",80
CA-CC-13474046,,active,transparently_lebanese,Canada,National NGO,22
CH-FDJP-106756410,,active,world_ywca,Switzerland,International NGO,21
CH-660-0294975-4,Association mondiale des jeunes femmes chrétiennes,withdrawn,world_ywca,Switzerland,International NGO,21
NP-IRD-301131441,,active,aain,Nepal,International NGO,21
SN-NINEA-004487121,,active,awa_sn,Senegal,International NGO,21
KE-NCB-218051981161116,Equality Now,active,e_n,Kenya,International NGO,21
UG-NGO-1317,,active,siharegional,Uganda,Regional NGO,23
GH-RGD-CG001532017,PPAG,active,ppag_123,Ghana,National NGO,22
NL-KVK-69759103,,active,laterite_bv,Netherlands,Private Sector,70
XM-OCHA-585,,active,icmpd,Austria,Multilateral,40
NL-KVK-27293917,The Hague Academy for Local Governance (Académie de La Haye pour la gouvernance locale),active,tha,Netherlands,"Academic, Training and Research",80
IT-CF-80017510225,,active,sosvdb_italia,Italy,National NGO,22
KE-NCB-218-051-9263-33,Association des jeunes femmes chrétiennes du Kenya,active,ywcakenya,Kenya,National NGO,22
SS-RRC-342,Association des jeunes femmes chrétiennes du Soudan (YWCA SS),active,ywcass,South Sudan,National NGO,22
NL-KVK-74983393,IDH Investment Management B.V.,active,idh_im,Netherlands,Private Sector,70
UG-RSB-229709,Mango Tree Property Management LTD,active,mangotree,Uganda,Private Sector,70
NL-KVK-41039028,"Stichting Leprazending Nederland – The Leprosy Mission, Pays-Bas",active,leprazending-tlm-nl,Netherlands,Foundation,60
XI-IATI-SPR,,active,spr,Congo (Democratic Republic of the),Regional NGO,23
SS-RRC-465,Assistance Mission for Africa,active,ama-south-sudan,South Sudan,National NGO,22
UG-NGO-3580,,active,amwa,Uganda,International NGO,21
JO-CCD-200178924,,active,ktk,Jordan,International NGO,21
ID-KHH-AHU-0013363.AH.01.04,,active,pekka_21,Indonesia,National NGO,22
NG-CAC-IT-NO96562,Olamma Cares Foundation,active,olammacares,Nigeria,National NGO,22
SS-RRC-405,Eve Organization for Women Development (Organisation Eve pour le développement des femmes),active,eveowd,South Sudan,National NGO,22
DE-CR-RA000220-HRB7745,Forschungsinstitut zur Zukunft der Arbeit GmbH (IZA),active,iza,Germany,"Academic, Training and Research",80
CA_ON-ONT-1783682,,active,genderatwork,Canada,International NGO,21
NL-KVK-74799525,Legal Action Worldwide,active,law,Netherlands,International NGO,21
ZA-NPO-189357,,active,sisonke,South Africa,National NGO,22
UG-204CBO-JJA02202000348,,active,jidu2021,Uganda,Regional NGO,23
GB-COH-RC000721,London Business School,active,lbs,United Kingdom,"Academic, Training and Research",80
IN-MHA-083930147,,withdrawn,kemhrc,India,"Academic, Training and Research",80
XI-GRID-grid.10347.31,,active,rmc_um,Malaysia,"Academic, Training and Research",80
XI-GRID-grid.11142.37,,active,upm,Malaysia,"Academic, Training and Research",80
PS-MOI-QR-1420-C,,active,ywca,"Palestine, State of",National NGO,22
EG-MOSS-3959350,,active,imc-2021,Egypt,National NGO,22
US-EIN-13-3615533,,active,educomm,United States,"Academic, Training and Research",80
BD-ROC-C-107131,Light Castle Partners,active,lcp,Bangladesh,Private Sector,70
US-EIN-522042014,GoodWeave International,active,goodweave_intl,United States,International NGO,21
TH-TIN-0993000190092,Coalition asiatique pour les droits au logement,active,achr,Thailand,Regional NGO,23
GB-COH-OC359103,,active,bcg,United Kingdom,Private Sector,70
JO-CCD-58307,,active,7iberdotcom,Jordan,Private Sector,70
KE-NCB-WDCBO542010192,Women Challenged to Challenge,active,wctc,Kenya,National NGO,22
UG-NGO-S59143785,,active,nuwodu,Uganda,National NGO,22
ET-CSA-1128,,active,ewla,Ethiopia,National NGO,22
et-CSA-0444,,active,ewdna2025,Ethiopia,National NGO,22
NL-KVK-83517626,,active,investinternational,Netherlands,Private Sector,70
NL-KVK-77583442,,active,ti_nl,Netherlands,Government,10
XM-OCHA-4438,,active,icddrb,Bangladesh,"Academic, Training and Research",80
GB-COH-10959095,,active,thefaradayinstitution,United Kingdom,"Academic, Training and Research",80
HK-CR-2288921,,active,elevatelimited,Hong Kong,Private Sector,70
NL-KVK-80547745,,active,traide_foundation,Netherlands,Foundation,60
MZ-NUIT-700089584,,active,cesc,Mozambique,National NGO,22
US-EIN-04-3309296,,active,pilpg,United States,National NGO,22
MY-SSM-1162174T,,active,musawah,Malaysia,International NGO,21
ZA-NPO-213-268,,active,sanpud,South Africa,National NGO,22
US-EIN-74-2244146,,active,rmi,United States,International NGO,21
GH-RGD-CG200980721,,active,isdao,Ghana,International NGO,21
IN-MHA-094421114,,active,itforchange,India,"Academic, Training and Research",80
XM-DAC-46012,,active,idbinvest,United States,Multilateral,40
TZ-NNCB-INGOR2000123,,active,apn,"Tanzania, United Republic of",International NGO,21
PA-PRP-5789,,active,fundacionavina,Panama,Foundation,60
BR-CNPJ-26990192000114,,active,wwfbr,Brazil,International NGO,21
UG-NGO-3690,,withdrawn,rv-ww2,Uganda,International NGO,21
GH-DSW-7992,,active,assn,Ghana,National NGO,22
XM-DAC-46025,,active,isdb,Saudi Arabia,Multilateral,40
ID-DJP-018321174017000,,active,wwf_id,Indonesia,International NGO,21
TN-RNE-1540791FPN000,,active,wwfna,Tunisia,International NGO,21
PH-SEC-CN200340507,,active,samdhana_institute,Philippines,Regional NGO,23
PK-NTN-1433899-8,,active,pill,Pakistan,National NGO,22
ZM-PCR-10102712014,,active,wwfzambia,Zambia,International NGO,21
KE-KRA-P051326872M,,active,sdi-k,Kenya,National NGO,22
ID-DJP-023047012526000,,active,bwi,Indonesia,National NGO,22
GB-CHC-1102909,,active,climate-group,United Kingdom,International NGO,21
BR-CNPJ-09294138-0001-15,,active,agroicone,Brazil,Private Sector,70
GH-DSW-1334,,active,wanep,Ghana,Regional NGO,23
NG-CAC-11660,,active,crerd_ng,Nigeria,National NGO,22
KE-NCB-OP2180511619410357,,active,wwf-kenya,Kenya,National NGO,22
PH-SEC-CN200324943,,active,ntfp-ep,Philippines,Regional NGO,23
CO-RUE-8300033586,,active,gaia,Colombia,Regional NGO,23
BF-MATD-2407,,active,spong-burkina,Burkina Faso,National NGO,22
GH-RGD-CG159432015,,active,gnbcc,Ghana,National NGO,22
LR-MFDPNGO-0961,,active,sdi,Liberia,Regional NGO,23
MY-SSM-199601006465,,active,iwrawasiapacific,Malaysia,International NGO,21
US-EIN-83-3732786,,active,agwa,United States,International NGO,21
IN-MHA-1070-99-2000,,active,cividep,India,National NGO,22
KE-NCB-218051200602584403,,active,ad,Kenya,National NGO,22
BJ-IFU-6201500233008,,active,pascib_benin,Benin,National NGO,22
ML-MAT-028-MAT-DNIC-DAG,,active,seco-ong-mali,Mali,National NGO,22
XI-GRID-grid4157124,,active,iop-rmu,Pakistan,"Academic, Training and Research",80
XM-DAC-46021,,active,boadiita,Togo,Multilateral,40
YE-MSAL-288-2013,,active,ywbod,Yemen,National NGO,22
SG-ACRA-201507403G,,active,growasia,Singapore,Regional NGO,23
US-EIN-20-3074517,,active,trustafrica,United States,International NGO,21
PK-SEC-0108318,,active,tfp,Pakistan,National NGO,22
ZA-CIP-2021-421804-08,,active,sdi-int,South Africa,International NGO,21
BD-ROC-C-104266,,active,redorange,Bangladesh,Private Sector,70
ZA-NPO-155-669,,active,pai155669,South Africa,Regional NGO,23
ET-CSA-1424,,active,corha,Ethiopia,National NGO,22
KE-RCO-155081,,active,fsdafrica,Kenya,International NGO,21
BI-NIF-4001055070,,active,j2022,Burundi,National NGO,22
AF-MOE-611,,active,tlo,Afghanistan,National NGO,22
PY-RUC-80025907-6,,active,wwf-py,Paraguay,International NGO,21
TN-RNE-1027578P,,active,cemi,Tunisia,National NGO,22
SN-NINEA-21516110A0,,active,gorin,Netherlands,National NGO,22
NL-KVK-54749484,,active,fc-f,Netherlands,International NGO,21
PS-MOI-RA279C,,active,pwwsd_2022,"Palestine, State of",National NGO,22
LB-MOI-30-ED,,active,skf,Lebanon,National NGO,22
TH-MOI-KhorThor2882,,active,ilgaasia,Thailand,Regional NGO,23
BI-NIF-4000450306,,active,bltp,Burundi,National NGO,22
FI-PRO3087706-5,,active,riverrecycle,Finland,Private Sector,70
LB-MOI-3567,,active,crtda,Lebanon,National NGO,22
JO-MSD-19700011100010,,active,awo2022,Jordan,National NGO,22
MM-MHA-0295,,active,gen,Netherlands,National NGO,22
CO-RUE-830053223,,active,limpal-colombia,Colombia,National NGO,22
GB-GOV-11,,active,cbu_hmrc,United Kingdom,Government,10
MY-SSM-256530H,,active,my-ssm,Malaysia,Regional NGO,23
RW-RGB-020-17,,active,profemmes,Rwanda,National NGO,22
CO-RUES-800121811,,active,codacop,Colombia,National NGO,22
DK-CVR-42047007,,active,icars,Denmark,"Academic, Training and Research",80
SS-RRC-140,,active,avsi-ssd,South Sudan,International NGO,21
DK-CVR-25825012,,active,sosdk,Denmark,International NGO,21
US-EIN-81-2108637,,active,dalbergcatalyst,United States,International NGO,21
BJ-IFU-6201810257535,,active,abms,Benin,National NGO,22
BF-MATD-N00000408001,,active,sosjd6,Burkina Faso,National NGO,22
US-EIN-061805406,,active,hc2022,United States,International NGO,21
CH-FDJP-CHE10092705,,active,wilpf_22,Switzerland,International NGO,21
ID-DJP-030079198015000,,active,pattiro,Indonesia,National NGO,22
NL-KVK-41226182,,active,hfhnl,Netherlands,National NGO,22
US-GOV-11,,active,state,United States,Government,10
US-GOV-32,,active,epa,United States,Government,10
US-GOV-16,,active,doc,United States,Government,10
US-GOV-12,,active,ustda,United States,Government,10
US-GOV-2,,active,usda,United States,Government,10
US-GOV-10,,active,peace,United States,Government,10
US-GOV-21,,active,iaf,United States,Government,10
US-GOV-26,,active,dot,United States,Government,10
US-GOV-14,,active,hhs,United States,Government,10
US-GOV-15,,active,doj,United States,Government,10
IN-MCA-U74999MH2015PTC264094,,active,ddsolar,India,Private Sector,70
US-GOV-9,,active,doi,United States,Government,10
US-GOV-7,,active,dod,United States,Government,10
US-GOV-20,,active,doe,United States,Government,10
US-GOV-19,,active,dhs,United States,Government,10
XM-OCHA-HP3664,,active,jrf_2022,Jordan,National NGO,22
US-EIN-83-2847769,,active,60db,United States,Private Sector,70
ci-moi-474-mis-dgat-dag-sdva,,active,csci_benkadi,Côte D'Ivoire,National NGO,22
SS-RRC-652,,active,siha-southsudan,South Sudan,National NGO,22
ID-KHH-01060014412,,active,tifa_foundation,Indonesia,National NGO,22
061660068,,active,ipa_,United States,International NGO,21
TZ-NNCB-00NGO-R2-00056,,active,wajibu,"Tanzania, United Republic of",National NGO,22
NP-SWC-19781,,active,infnepal,Nepal,National NGO,22
NL-KVK-40539494,,active,mdmnl,Netherlands,International NGO,21
US-EIN-84-3344516,,active,aceliafrica,United States,International NGO,21
NL-KVK-76050475,,active,gca,Netherlands,International NGO,21
GB-CHC-1187721,,active,uws,United Kingdom,International NGO,21
ID-KHH-0018020.AH.01.07,,active,hrwg_indonesia,Indonesia,National NGO,22
CO-CCB-0008863,,active,opepa,Colombia,National NGO,22
CH-FDJP-110.162.567,,active,finddiagnostics,Switzerland,Foundation,60
GB-COH-02742969,,active,grl,United Kingdom,"Academic, Training and Research",80
PS-MOI-QR177HR,,active,miftah,"Palestine, State of",National NGO,22
KH-INGO-20201231,,active,aac,Cambodia,International NGO,21
GH-DSW-4004,,active,mfwa,Ghana,Regional NGO,23
IL-RA-580675486,,active,t2p,Israel,National NGO,22
XM-DAC-47062,,active,iita_2022,Nigeria,International NGO,21
JO-COA-0301-57112,,active,inwrdam,Jordan,Multilateral,40
KH-INGO,,withdrawn,aac,Cambodia,International NGO,21
CO-RUE-8600286699,,active,fedesarrollo,Colombia,Private Sector,70
NL-KVK-24428291,,active,aw,Netherlands,Private Sector,70
NL-KVK-58076573,,active,auxfinintl,Netherlands,Private Sector,70
GB-UKPRN-10007783,,active,uoa,United Kingdom,"Academic, Training and Research",80
US-EIN-23-6393344,,active,worldrelief,United States,International NGO,21
GH-RGD-CG056382017,,active,globalshea,Ghana,Regional NGO,23
CO-CCB-01952534,,active,grupoe3,Colombia,Private Sector,70
CO-RUE-901337512,,active,iclei,Colombia,National NGO,22
GB-SC-SC015263,,active,strathclyde,United Kingdom,"Academic, Training and Research",80
CH-FDJP-CHE-109-991-002,,active,basel_institute,Switzerland,Foundation,60
BJ-IFU-6202112757059,,active,igd_benin,Benin,National NGO,22
LB-MOI-37-AD,,active,rabi3,Lebanon,National NGO,22
BJ-IFU-6201001214905,,active,abpf,Benin,National NGO,22
GB-COH-RC000653,,active,uoex,United Kingdom,"Academic, Training and Research",80
AE-DMCC-23550,,active,arkgroupdmcc1,United Arab Emirates,Private Sector,70
US-EIN-52-1497470,,active,c_i_f,United States,International NGO,21
GB-CHC-1112404,,active,rtp_uk,United Kingdom,International NGO,21
GB-COH-01250443,,active,niras_uk,United Kingdom,Private Sector,70
MZ-NUIT-700061787,,active,grp,Mozambique,Public Private Partnership,30
GB-COH-RC000659,,active,leics,United Kingdom,"Academic, Training and Research",80
ET-MFA-150317,,active,et-adf-0317,Ethiopia,Regional NGO,23
GB-CHC-1162997,,active,pci,United Kingdom,International NGO,21
NL-KVK-41199142,,active,rabofoundation,Netherlands,Foundation,60
BI-NIF-4000039331,,active,twz1,Burundi,National NGO,22
KE-NCB-10488,,active,sp,Kenya,National NGO,22
NG-CAC-RC-1368639,,active,infracredit,Nigeria,Private Sector,70
GB-CHC-1050821,,active,tzuchiuk,United Kingdom,National NGO,22
LB-MOI-17312,,active,female,Lebanon,National NGO,22
NL-KVK-60351489,,active,frontclear_ftap,Netherlands,Private Sector,70
GB-COH-10781862,,active,svrg,United Kingdom,Private Sector,70
US-EIN-47-4606264,,active,hala_systems,United States,Private Sector,70
LB-MOI-2402520,,active,smex,Lebanon,Regional NGO,23
DE-CR-RA000355-HRB726528,,active,fosaa,Germany,"Academic, Training and Research",80
UG-RSB-80020000583761,,active,ep,Uganda,Private Sector,70
DK-CVR-78920610,,active,fowdk,Denmark,International NGO,21
CH-FDJP-CHE455926653,,active,ilgaworld,Switzerland,International NGO,21
DE-CR-RA000299-HRB20002,,active,sce-gmbh,Germany,Private Sector,70
PE-SUNARP-03024345,,active,investigacion_cayetano,Peru,"Academic, Training and Research",80
GB-COH-05712574,,active,pul,United Kingdom,Private Sector,70
US-EIN-45-4535664,,active,harvard_global,United States,International NGO,21
KE-NCB-218051200201502367,,active,lvct,Kenya,National NGO,22
XM-DAC-47149,,active,icmp,Netherlands,Other Public Sector,15
GB-UKPRN-10007786,,active,unibristol,United Kingdom,"Academic, Training and Research",80
KE-KRA-P052188980R,,active,bfa_global,(No country assigned),Private Sector,70
KE-RCO-CF2015185025,,active,ga,Kenya,Foundation,60
AF-MOE-947,,active,947,Afghanistan,National NGO,22
CH-FDJP-CHE326267730,,active,trial,Switzerland,International NGO,21
AF-MOE-118,,active,sca_afghanistan,Afghanistan,International NGO,21
US-EIN-52-1527835,,active,ifes,United States,International NGO,21
GB-COH-46049,,active,testdave,United Kingdom,International NGO,21
KE-KRA-P052007235U,,active,imfact2022,Kenya,Private Sector,70
US-EIN-262048480,,active,ia,United States,International NGO,21
PH-SEC-CN201214699,,active,crcasia,(No country assigned),Regional NGO,23
NA-NAMRA-04413362,,active,arasaregional,Namibia,Regional NGO,23
SO-COA-107-0081-2023,,active,iffoundation12,Somalia,National NGO,22
US-EIN-26-0126537,,active,gi,United States,International NGO,21
KE-KRA-P051698850Z,,active,ddfkenya,Kenya,Private Sector,70
GB-COH-07177839,,active,bboxx,United Kingdom,Private Sector,70
SN-NINEA-50255162X2,,active,sn-ninea-50255162x2,Senegal,Private Sector,70
ID-DJP-032441156063000,,active,ptarupidn,Indonesia,Private Sector,70
GB-COH-12675400,,active,cir,United Kingdom,International NGO,21
BR-CNPJ-30619995-0001-34,,active,cit_brazil,Brazil,"Academic, Training and Research",80
NG-CAC-RC-929657,,active,fmdqgroupplc_2013,Nigeria,Private Sector,70
GB-CHC-1146162,,active,rstmh,United Kingdom,International NGO,21
PK-NTN-9051408-4,,active,kmu,Pakistan,"Academic, Training and Research",80
XM-DAC-46008,,active,caf,Venezuela (Bolivarian Republic of),Multilateral,40
BD-ROC-S-5933,,active,chpd_ulab,Bangladesh,"Academic, Training and Research",80
NL-KVK-51837609,,active,upinion,Netherlands,Private Sector,70
NP-IRD-201252183,,active,bpkihs_dharan,Nepal,"Academic, Training and Research",80
BO-NIT-351775028,,active,conexionla,Bolivia,Regional NGO,23
LK-DRC-GA635,,active,irdsrilanka-1997,Sri Lanka,"Academic, Training and Research",80
NG-CAC-1075488,,active,nvd_12,Nigeria,Private Sector,70
KE-KRA-P051883897F,,active,adili_sh,Kenya,Private Sector,70
GB-CHC-1030884,,active,gb-chc-1030884,United Kingdom,International NGO,21
KE-KRA-P052141361L,,active,cap-a,Kenya,National NGO,22
GB-GOR-PB508,,active,rbg_kew,United Kingdom,"Academic, Training and Research",80
XI-DUNS-645826186,,active,stmu01,Pakistan,"Academic, Training and Research",80
IN-MCA-U74900TN2013PTC093426,,active,bepl,India,Private Sector,70
GH-RGD-CG034642016,,active,ukgcc,Ghana,National NGO,22
BE-BCE_KB0-0421408778,,active,ipis,Belgium,National NGO,22
XI-IATI-KHF_IFH,,active,khf_ifh,Jordan,National NGO,22
PS-TIN-888005972,,active,wsrc1,"Palestine, State of",Other Public Sector,15
NL-KVK-57504091,,active,stichting_cd,Netherlands,Foundation,60
GB-COH-05572704,,active,aceruk,United Kingdom,Private Sector,70
BR-CNPJ-62579164-0001-72,,active,_cebrap,Brazil,"Academic, Training and Research",80
NL-KVK-34123218,,active,rabk,Netherlands,"Academic, Training and Research",80
YE-MSAL-220,,active,bfdyemen,Yemen,National NGO,22
ZA-CIP-2011-003386-08,,active,cisl,South Africa,"Academic, Training and Research",80
GB-GOV-25,,active,desnz,United Kingdom,Government,10
ZA-CIP-2002-007758-08,,active,icleiafrica,South Africa,International NGO,21
GB-COH-OC422288,,active,thc,United Kingdom,Private Sector,70
YE-CR-17952,,active,dr,Yemen,Private Sector,70
UA-EDR-36159679,,active,dixigroup,Ukraine,National NGO,22
TN-RNE-1526532C,,active,wwc_27068084,Tunisia,National NGO,22
NL-KVK-41150792,,active,jp-nl,Netherlands,International NGO,21
UG-NGO-INDR45161196NB,,active,actade,Uganda,National NGO,22
GB-GOV-26,,active,dsit,United Kingdom,Government,10
PS-MOI-QR-0049-F,,active,welfare_taawon,"Palestine, State of",International NGO,21
MG-NIF-4003264720,,active,pjl,Madagascar,National NGO,22
YE-MSAL-19,,active,rymn,Yemen,National NGO,22
GB-COH-02412299,,active,stonewa11,United Kingdom,International NGO,21
HK-CR-2436455,,active,agsollimited,Hong Kong,Private Sector,70
FR-RCS-53119997400027,,active,premiere-urgence,France,International NGO,21
BD-ROC-C-150855,,active,yy_ventures,Bangladesh,Private Sector,70
BD-NAB-0841,,active,cnrs,Bangladesh,National NGO,22
GB-COH-12482833,,active,amplifychange,United Kingdom,International NGO,21
YE-MOPIC-0036,,active,partnersyemen,Yemen,International NGO,21
SZ-CIT-201710132021804,,active,wu,eSwatini,National NGO,22
BD-NAB-0004,,active,carebd,Bangladesh,International NGO,21
NG-CAC-69519,,active,cjid_ng,Nigeria,National NGO,22
BD-NAB-0577,,active,dsk,Bangladesh,National NGO,22
BD-NAB-1748,,active,fb_2023,Bangladesh,National NGO,22
NL-KVK-91420784,,active,wcaf,Netherlands,International NGO,21
YE-MSAL-32-M-2008,,active,semc-yemen,Yemen,National NGO,22
GB-GOR-EA53,,active,cefas,United Kingdom,Government,10
IN-MCA-U74900TG2007NPL055085,,active,tgi_india,India,"Academic, Training and Research",80
GB-CHC-298375,,active,cls,United Kingdom,Regional NGO,23
IN-MHA-083780010,,active,sparc_iati,India,National NGO,22
NL-KVK-75373750,,active,ic-bs_24,Netherlands,International NGO,21
PK-NTN-2158581-4,,active,shirkatgah,Pakistan,National NGO,22
NL-KVK-81042582,,active,thenab,Netherlands,National NGO,22
GB-COH-4625800,,active,iseal,United Kingdom,International NGO,21
GB-CHC-1174610,,active,thinkequal,United Kingdom,Other Public Sector,15
KE-NCB-218051200301082704,,active,imlu,Kenya,National NGO,22
PS-TIN-562780742,,active,tap,"Palestine, State of",Private Sector,70
UG-RSB-80010000758365,,active,in,Uganda,Private Sector,70
XM-OCHA-HPC8773,,active,ecw,(No country assigned),Multilateral,40
US-EIN-46-3995547,,active,ibp,United States,International NGO,21
ID-KHH-AHU-0000401.AH.01.07,,active,safenet,Indonesia,National NGO,22
IT-CF-97050280581,,active,cispngo,Italy,International NGO,21
NG-CAC-6896199,,active,obodo_ng,Nigeria,National NGO,22
IN-MHA-083930308,,active,masumpune_87,India,National NGO,22
MW-NBM-NGO-L-13-059,,active,wolrec,Malawi,National NGO,22
GH-RGD-ET000570722,,active,idh-ghana,Ghana,International NGO,21
US-EIN-042241718,,active,edc,United States,International NGO,21
GB-COH-08100658,,active,via,United Kingdom,Private Sector,70
GB-COH-05380206,,active,jncc,United Kingdom,Other Public Sector,15
GB-COH-02525806,,active,acs_group,United Kingdom,Private Sector,70
UG-RSB-125289,,active,pcp-ug_125289,Uganda,Private Sector,70
US-EIN-47-2326975,,active,cadasta,(No country assigned),International NGO,21
BI-NIF-4001458845,,active,ajebudi_2024,Burundi,National NGO,22
CH-FDJP-CHE-390.672.238,,active,nf2022,Switzerland,International NGO,21
RW-RRA-121040504,,active,acv,Rwanda,Private Sector,70
ID-DJP-016993966411000,,active,ppim,Indonesia,"Academic, Training and Research",80
CA-CC-020387-4,,active,ef,Canada,International NGO,21
GB-CHC-1174115,,active,ceobs,United Kingdom,National NGO,22
KE-RCO-PVT-2016-025726,,active,apolloagriculture,Kenya,Private Sector,70
JO-CCD-181612,,active,mset,Jordan,Private Sector,70
MU-CR-C191439,,active,blue,Mauritius,Private Sector,70
KE-RCO-BN-J9S5BMEB,,active,ecovega,Kenya,Private Sector,70
AU-ABN-94642321640,,active,cra,Australia,Regional NGO,23
SE-ON-802401-6134,,active,ktk_ho,Sweden,International NGO,21
CA-CRA_ACR-827142530RR0001,,active,rr_qfdi,Canada,International NGO,21
GB-CHC-1191805,,active,sidcn,United Kingdom,National NGO,22
GB-COH-14411359,,active,chemonics_uk,United Kingdom,Private Sector,70
NL-KVK-27364265,,active,nl_tud,(No country assigned),"Academic, Training and Research",80
CH-FDJP-6602621019-7,,active,ffh,Switzerland,International NGO,21
CO-RUE-90020089,,active,feadin,Colombia,Regional NGO,23
BF-MATD-1131,,active,240001090,Burkina Faso,National NGO,22
GB-COH-01630501,,active,mko,United Kingdom,Private Sector,70
EG-CR-42812,,active,outreach_egypt,Egypt,Private Sector,70
KE-KRA-P052193943Z,,active,theclimatenetwork,Kenya,National NGO,22
GB-COH-04481639,,active,alinea_uk,United Kingdom,Private Sector,70
BF-MATD-118884808RR0001,,active,bfrri,Burkina Faso,National NGO,22
GB-UKPRN-10007789,,active,uea_uk,United Kingdom,"Academic, Training and Research",80
GB-UKPRN-10000824,,active,bournemouth_university,United Kingdom,"Academic, Training and Research",80
BD-NAB-557,,active,thpdb,Bangladesh,International NGO,21
UG-NGO-INDR21712234NB,,active,ngoforum_01,Uganda,National NGO,22
ZA-NPO-IT7504-1992-PMB,,active,accord_2024,South Africa,Regional NGO,23
ZA-CIP-1997-015443-07,,active,whc,South Africa,Private Sector,70
GB-CHC-1186748,,active,nt_2024,United Kingdom,International NGO,21
GB-CHC-1159990,,active,ssap,United Kingdom,National NGO,22
GB-COH-09902551,,active,camco,United Kingdom,Private Sector,70
XM-DAC-962,,active,unctad,Switzerland,Multilateral,40
AR-CUIT-30-70806240-1,,active,iecs-2024,Argentina,International NGO,21
GB-HESA-0163,,active,warwickpub123,United Kingdom,"Academic, Training and Research",80
GT-RPJ-21339045,,active,fafg,Guatemala,International NGO,21
XI-ROR-01wk3d929,,active,medicine_ub,Indonesia,"Academic, Training and Research",80
GB-COH-OC423567,,active,gridworkspartners,United Kingdom,Private Sector,70
GB-GOV-27,,active,mhclg,United Kingdom,Government,10
PE-SUNARP-11582738,,active,cientifica-pe,Peru,"Academic, Training and Research",80
PK-VSWA-2028-2002,,active,bveins,Pakistan,National NGO,22
AT-ZVR-482616437,,active,hope87,Austria,National NGO,22
GB-CHC-313392,,active,nfer,United Kingdom,"Academic, Training and Research",80
KE-KRA-P051102229I,,active,tdb01,Kenya,Multilateral,40
GE-NAPR-367,,active,curatio,Georgia,National NGO,22
GB-COH-13697512,,active,2xglobal,United Kingdom,Private Sector,70
SS-RRC-294,,active,capad,South Sudan,National NGO,22
UA-EDR-24719411,,active,argus_kyiv,Ukraine,Private Sector,70
CA-CRA_ACR-892100884,,active,col,Canada,Other Public Sector,15
GB-CHC-210639,,active,rusi,United Kingdom,National NGO,22
XM-OCHA-HPC1888,,active,inforaas,Somalia,National NGO,22
XM-OCHA-HPC6052,,active,hirda,Somalia,National NGO,22
BE-BCE_KBO-0665.649.335,,active,seefarfoundation,Belgium,International NGO,21
XM-OCHA-HPC5902,,active,pac_som,Somalia,International NGO,21
XM-OCHA-HPC3382,,active,scc_2025,Somalia,National NGO,22
SO-COA-107-0079-2025,,active,kardo-somalia,Somalia,National NGO,22
XM-OCHA-HPC10477,,active,swvsom,Somalia,National NGO,22
GB-COH-08524506,,active,commonseas,United Kingdom,Private Sector,70
IN-MHA-5897,,active,tlmti,India,National NGO,22
GH-RGD-CG016822016,,active,cdd_admin,Ghana,National NGO,22
GB-COH-03591514,,active,tlm_io,United Kingdom,International NGO,21
CH-FDJP-CHE109810537,,active,fsd-switzerland_2025,Switzerland,Foundation,60
US-EIN-11-2724905,,active,icfj,United States,International NGO,21
BR-CNPJ-45358058000140,,active,ufscar_brasil,Brazil,"Academic, Training and Research",80
ZA-NPO-012983,,active,sci2025,South Africa,National NGO,22
ZA-CIP-2007-012585-08,,active,rdh,South Africa,International NGO,21
US-EIN-53-0196603,,active,georgetown,United States,"Academic, Training and Research",80
US-EIN-113816205,,active,independent_diplomat,United States,International NGO,21
GB-CHC-1159483,,active,start-network,United Kingdom,International NGO,21
GH-RGD-CG081931122,,active,ews-kt_gh,Ghana,Foundation,60
FR-RCS-42956525200054,,active,ri_france,France,International NGO,21
SO-COA-107-0290-2025,,active,hu,Somalia,National NGO,22
NG-CAC-8270899,,active,sgal,Nigeria,Private Sector,70
US-EIN-52-1398742,,active,cipe_1983,United States,International NGO,21
NL-KVK-32160247,,active,scopeinsight,Netherlands,Private Sector,70
US-EIN-521338892,,active,ndi,United States,International NGO,21
RW-RRA-102234096,,active,afrwanda,Rwanda,Private Sector,70
UG-RSB-80010004091376,,active,dwb_africa,Uganda,Private Sector,70
XI-DUNS-499432771,,active,nhrc,Ghana,"Academic, Training and Research",80
US-SAM-VJ8RGVMEPAT7,,active,new_digital_trade_coalition,United States,National NGO,22
US-EIN-770155782,,active,globalfundforwomen,United States,International NGO,21
MW-NBM-20125698,,active,mlw,Malawi,International NGO,21
XM-DAC-46027,,active,fonplata,Bolivia,Multilateral,40
BF-MATD-N4217,,active,abbef,Burkina Faso,National NGO,22
XI-ROR-04pznsd21,,active,auob,Lebanon,Private Sector,70
XI-IATI-CLAD,,active,clad,Venezuela (Bolivarian Republic of),Multilateral,40
GB-CHC-1180966,,active,mtuk,United Kingdom,National NGO,22
GB-COH-05327824,,active,tjn,United Kingdom,International NGO,21
ZA-CIP-2022-449689-08,,active,energycouncilsa,South Africa,Private Sector,70
FR-INSEE-93282389100019,,active,piermarc,(No country assigned),International NGO,21
ET-CSA-1560,,active,eocdicac,Ethiopia,National NGO,22
KE-RCO-CPR-2014-161876,,active,mwa_kenya,Kenya,National NGO,22
NL-KVK-86795341,,active,clim-eat,Netherlands,Foundation,60
SL-NRA-1136607-8,,active,igchr_sierraleone,Sierra Leone,National NGO,22
SL-OARG-2420280,,active,codohsapa,Sierra Leone,National NGO,22
GB-COH-08195029,,active,finance_earth,United Kingdom,Private Sector,70
US-EIN-52-1780162,,active,ef-2025,United States,International NGO,21
US-EIN-35-2725269,,active,sfa_foundation,(No country assigned),International NGO,21
UG-NGO-INDP51781129NB,,active,rac-001,Uganda,Regional NGO,23
UA-EDR-42661077,,active,imtd_int_11,Ukraine,National NGO,22
TR-VKN-4940457659,,active,kamer,(No country assigned),National NGO,22
GB-COH-00559784,,active,pirbright_institute,United Kingdom,"Academic, Training and Research",80
UA-EDR-38621206,,active,r2p,Ukraine,National NGO,22
UA-COA-44916875,,active,vs,Ukraine,National NGO,22
SE-ON-802002-3209,,active,smc,Sweden,National NGO,22
ET-ERCA-0056106666,,withdrawn,et-adf-0317,Ethiopia,Regional NGO,23
GB-1-201879-115,"Wheeler Institute for Business and Development, London Business School",withdrawn,wheeler,United Kingdom,"Academic, Training and Research",80
