code,name,status,codeforiati:organisation-type-code,codeforiati:organisation-type,codeforiati:registry-identifier,codeforiati:hq-country-or-region
AU-5,Departamento de Negócios Estrangeiros e Comércio – Austrália,active,10,Government,ausgov,Australia
44000,Banco Mundial,active,40,Multilateral,worldbank,(No country assigned)
US-EIN-941655673,Fundação William and Flora Hewlett,active,60,Foundation,hewlett-foundation,United States of America (the)
41AAA,Gabinete das Nações Unidas de Serviços para Projetos (UNOPS),active,40,Multilateral,unops,(No country assigned)
GB-CHC-1038860,Frontline AIDS,active,21,International NGO,f-aids,United Kingdom of Great Britain and Northern Ireland (the)
XI-IATI-EC_INTPA,Comissão Europeia – Parcerias Internacionais,active,15,Other Public Sector,ec-intpa,(No country assigned)
XI-IATI-EC_DEVCO,Comissão Europeia – Cooperação Internacional e Desenvolvimento,withdrawn,15,Other Public Sector,ec-devco,(No country assigned)
SE-0,"Suécia, através da Agência Sueca de Cooperação para o Desenvolvimento Internacional (SIDA)",active,10,Government,sida,Sweden
CA-CRA-89980-1815-RR0001,Engenheiros sem Fronteiras Canadá,active,21,International NGO,ewb_canada,Canada
XM-DAC-41114,Programa das Nações Unidas para o Desenvolvimento (PNUD),active,40,Multilateral,undp,(No country assigned)
GB-CHC-1075920,Indigo Trust,active,60,Foundation,indtrust,United Kingdom of Great Britain and Northern Ireland (the)
GB-CHC-202918,Oxfam GB,active,21,International NGO,oxfamgb,United Kingdom of Great Britain and Northern Ireland (the)
FI-3,Ministério dos Negócios Estrangeiros – Finlândia,active,10,Government,finland_mfa,Finland
IE-CHY-6663,Self Help Africa,active,21,International NGO,self-help-africa,Ireland
47045,"Fundo Global de Luta contra a AIDS, a Tuberculose e a Malária",active,40,Multilateral,theglobalfund,Switzerland
XM-DAC-46004,Banco Asiático de Desenvolvimento,active,40,Multilateral,asdb,(No country assigned)
46004,Banco Asiático de Desenvolvimento,withdrawn,40,Multilateral,asdb,(No country assigned)
GB-COH-07676886,Publish What You Fund,active,21,International NGO,pwyf,United Kingdom of Great Britain and Northern Ireland (the)
NO-BRC-977538319,Conselho Norueguês para os Refugiados,active,21,International NGO,nrc,Norway
NL-KVK-41213450,SPARK,active,21,International NGO,spark,Netherlands (the)
XM-DAC-3-1,"Ministério dos Negócios Estrangeiros, Danida – Dinamarca",active,10,Government,danida,Denmark
GB-CHC-285776,Catholic Agency For Overseas Development (CAFOD),active,21,International NGO,cafod,United Kingdom of Great Britain and Northern Ireland (the)
47122,"Gavi, a Aliança das Vacinas",active,30,Public Private Partnership,gavi,Switzerland
US-EIN-300108263,GlobalGiving.org,active,21,International NGO,globalgiving,United States of America (the)
GB-CHC-1029161,Camfed International,active,21,International NGO,camfed,United Kingdom of Great Britain and Northern Ireland (the)
GB-CHC-291691,All We Can (anteriormente Methodist Relief and Development Fund),active,21,International NGO,allwecan,United Kingdom of Great Britain and Northern Ireland (the)
GB-CHC-1074937,ADRA-UK,active,21,International NGO,adrauk,United Kingdom of Great Britain and Northern Ireland (the)
GB-CHC-1017255,Homeless International,active,21,International NGO,hi,United Kingdom of Great Britain and Northern Ireland (the)
GB-COH-4905100,Resource Extraction Monitoring,active,21,International NGO,rem,United Kingdom of Great Britain and Northern Ireland (the)
NP-CRO-45995/063/064,Young Innovations Pvt. Ltd,active,70,Private Sector,yipl,Nepal
GB-CHC-327421,Article 19,active,21,International NGO,art19,United Kingdom of Great Britain and Northern Ireland (the)
GB-CHC-328434,ChildHope UK,active,21,International NGO,childhopeuk,United Kingdom of Great Britain and Northern Ireland (the)
GB-CHC-1092236,Concern Worldwide UK,active,21,International NGO,concernuk,United Kingdom of Great Britain and Northern Ireland (the)
GB-COH-4075590,LEAD International,active,21,International NGO,lead_international,United Kingdom of Great Britain and Northern Ireland (the)
XM-DAC-21033,Secretariado da Transparência Internacional,active,21,International NGO,transparency-international,Germany
GB-CHC-1141028,AfriKids,active,21,International NGO,afrikids,United Kingdom of Great Britain and Northern Ireland (the)
GB-CHC-1089879,EveryChild,active,21,International NGO,evc,United Kingdom of Great Britain and Northern Ireland (the)
GB-CHC-1126727,MapAction,active,21,International NGO,mapaction,United Kingdom of Great Britain and Northern Ireland (the)
GB-CHC-254781,The International Children's Trust,active,21,International NGO,theict,United Kingdom of Great Britain and Northern Ireland (the)
GB-COH-NI21482,Trocaire (Irlanda do Norte),active,21,International NGO,troc,United Kingdom of Great Britain and Northern Ireland (the)
GB-CHC-1001698,Interact Worldwide,active,21,International NGO,iww_publish,United Kingdom of Great Britain and Northern Ireland (the)
GB-CHC-1837621,Health Poverty Action,active,21,International NGO,hpa,United Kingdom of Great Britain and Northern Ireland (the)
GB-CHC-313139,Africa Educational Trust,active,21,International NGO,aet,United Kingdom of Great Britain and Northern Ireland (the)
GB-CHC-800672,Living Earth Foundation,active,21,International NGO,livingearth12,United Kingdom of Great Britain and Northern Ireland (the)
GB-COH-0277068,Fauna & Flora International,active,21,International NGO,ffi_publisher,United Kingdom of Great Britain and Northern Ireland (the)
GB-CHC-1020488,Children in Crisis,active,21,International NGO,cic,United Kingdom of Great Britain and Northern Ireland (the)
GB-CHC-1090745,ICA:UK,active,22,National NGO,icauk,United Kingdom of Great Britain and Northern Ireland (the)
GB-CHC-298316,Build Africa,active,21,International NGO,buildafrica,United Kingdom of Great Britain and Northern Ireland (the)
GB-CHC-265464,Tearfund,active,21,International NGO,tearfund,United Kingdom of Great Britain and Northern Ireland (the)
GB-CHC-208724,War on Want,active,21,International NGO,waronwant,United Kingdom of Great Britain and Northern Ireland (the)
GB-COH-06587734,InterClimate Network,active,21,International NGO,icn,United Kingdom of Great Britain and Northern Ireland (the)
GB-COH-2082273,World Association for Christian Communication (Reino Unido),active,21,International NGO,wacc-uk,United Kingdom of Great Britain and Northern Ireland (the)
GB-CHC-1064413,African Initiatives,active,21,International NGO,ai_1064413,United Kingdom of Great Britain and Northern Ireland (the)
GB-COH-05322719,Opportunity International UK,active,21,International NGO,opportunity-international-uk,United Kingdom of Great Britain and Northern Ireland (the)
GB-SC-SC030289,Mercy Corps Europa,active,21,International NGO,mce,United Kingdom of Great Britain and Northern Ireland (the)
GB-COH-1100897,Fundação Aga Khan (Reino Unido),active,21,International NGO,akfuk73,United Kingdom of Great Britain and Northern Ireland (the)
GB-CHC-1001349,Samaritan's Purse UK,active,21,International NGO,spuk,United Kingdom of Great Britain and Northern Ireland (the)
GB-CHC-327461,Karuna Trust,active,21,International NGO,karuna,United Kingdom of Great Britain and Northern Ireland (the)
GB-COH-4887855,HealthProm,active,21,International NGO,hp_12,United Kingdom of Great Britain and Northern Ireland (the)
GB-CHC-207076,Royal Society for the Protection of Birds,active,21,International NGO,rspb_,United Kingdom of Great Britain and Northern Ireland (the)
GB-CHC-299717,Send a Cow,active,21,International NGO,sendacow,United Kingdom of Great Britain and Northern Ireland (the)
GB-CHC-1069208,Trust for Africa's Orphans,active,21,International NGO,tao-03473165,United Kingdom of Great Britain and Northern Ireland (the)
GB-CHC-283302,Agency for Cooperation and Research in Development (ACORD),active,21,International NGO,acord,United Kingdom of Great Britain and Northern Ireland (the)
GB-CHC-1068839,Bond,active,22,National NGO,bond,United Kingdom of Great Britain and Northern Ireland (the)
GB-CHC-291824,Twin,active,21,International NGO,twin-iati,United Kingdom of Great Britain and Northern Ireland (the)
GB-CHC-1059996,Power International,active,21,International NGO,power,United Kingdom of Great Britain and Northern Ireland (the)
GB-CHC-1102028,Canon Collins Trust,active,21,International NGO,canoncollinstrust,United Kingdom of Great Britain and Northern Ireland (the)
GB-COH-5419428,Water & Sanitation for the Urban Poor (WSUP),active,30,Public Private Partnership,wsup,United Kingdom of Great Britain and Northern Ireland (the)
GB-COH-03877777,CDC Group plc,active,15,Other Public Sector,bii,United Kingdom of Great Britain and Northern Ireland (the)
GB-CHC-328206,Womankind Worldwide,active,21,International NGO,womankindworld,United Kingdom of Great Britain and Northern Ireland (the)
GB-CHC-281681,"Friends of the Earth England, Wales and Northern Ireland",active,22,National NGO,foe_ewni,United Kingdom of Great Britain and Northern Ireland (the)
GB-CHC-272465,United Purpose,active,21,International NGO,cu,United Kingdom of Great Britain and Northern Ireland (the)
GB-CHC-1125948,PONT,active,21,International NGO,pont,United Kingdom of Great Britain and Northern Ireland (the)
GB-CHC-1138287,Rainforest Foundation UK,active,21,International NGO,rfuk,United Kingdom of Great Britain and Northern Ireland (the)
41120,ONU Habitat,active,40,Multilateral,unhabitat,(No country assigned)
GB-COH-04154075,Penal Reform International,active,21,International NGO,pri,United Kingdom of Great Britain and Northern Ireland (the)
GB-CHC-288701,WaterAid,active,21,International NGO,wateraid,United Kingdom of Great Britain and Northern Ireland (the)
GB-CHC-291167,Jeevika Trust,active,21,International NGO,jeevika_trust,United Kingdom of Great Britain and Northern Ireland (the)
GB-CHC-313757,Voluntary Service Overseas (VSO),active,21,International NGO,vso,United Kingdom of Great Britain and Northern Ireland (the)
GB-COH-1364201,Plan International UK,active,21,International NGO,plan_uk,United Kingdom of Great Britain and Northern Ireland (the)
XM-DAC-21032,,active,21,International NGO,psi,United States of America (the)
21032,Population Service International,withdrawn,21,International NGO,psi,United States
GB-COH-213890,Save the Children UK,active,21,International NGO,scuk,United Kingdom of Great Britain and Northern Ireland (the)
NL-KVK-41198677,Hivos,active,21,International NGO,stichting_hivos,Netherlands (the)
ZA-NPO-061-870,Southern African Catholic Bishops' Conference Aids Office,active,23,Regional NGO,sacbc,South Africa
CH-FDJP-CHE-110347351,The Global Alliance for Improved Nutrition,active,21,International NGO,gain,Switzerland
30001,The Global Alliance for Improved Nutrition,withdrawn,21,International NGO,,Switzerland
GB-CHC-1127206,StreetInvest,active,21,International NGO,si,United Kingdom of Great Britain and Northern Ireland (the)
GB-CHC-1055436,Conciliation Resources,active,21,International NGO,cr,United Kingdom of Great Britain and Northern Ireland (the)
GB-CHC-1115482,BRAC UK,active,21,International NGO,bracuk,United Kingdom of Great Britain and Northern Ireland (the)
ZA-NPO-036-515,,active,23,Regional NGO,gl,South Africa
ZA-CIP-2001-005850-08,,withdrawn,23,Regional NGO,gl,South Africa
ZA-CIPC-2001/005850/08,Gender Links,withdrawn,23,Regional NGO,gl,South Africa
GB-CHC-218186,Leonard Cheshire Disability,active,21,International NGO,lcd_admin,United Kingdom of Great Britain and Northern Ireland (the)
GB-COH-3008440,Forests Monitor,active,21,International NGO,fm,United Kingdom of Great Britain and Northern Ireland (the)
GB-COH-2100867,SOS Sahel International UK,active,21,International NGO,sossaheluk,United Kingdom of Great Britain and Northern Ireland (the)
GB-CHC-1065705,Survivors Fund (SURF),active,21,International NGO,surf,United Kingdom of Great Britain and Northern Ireland (the)
GB-CHC-1122924,Developments In Literacy Trust UK,active,21,International NGO,diltuk,United Kingdom of Great Britain and Northern Ireland (the)
GB-CHC-292506,CARE International UK,active,21,International NGO,ciuk,United Kingdom of Great Britain and Northern Ireland (the)
GB-CHC-328158,Islamic Relief Worldwide,active,21,International NGO,irw,United Kingdom of Great Britain and Northern Ireland (the)
GB-CHC-229476,Federação Internacional de Planeamento Familiar,active,21,International NGO,ippf,United Kingdom of Great Britain and Northern Ireland (the)
GB-CHC-326568,Charity Projects Ltd (Comic Relief),active,60,Foundation,cprojects,United Kingdom of Great Britain and Northern Ireland (the)
XM-DAC-41111,Fundo das Nações Unidas para o Desenvolvimento de Capital,active,40,Multilateral,uncdf,United States of America (the)
NL-CCI-20081098,BRAC International,withdrawn,21,International NGO,bracintl,Netherlands
GB-CHC-1098106,Relief International UK,active,21,International NGO,ri-uk,United Kingdom of Great Britain and Northern Ireland (the)
GB-CHC-1071886,TB Alert,active,21,International NGO,tbalert,United Kingdom of Great Britain and Northern Ireland (the)
XM-DAC-41146,ONU Mulheres,active,40,Multilateral,unw,(No country assigned)
TZ-BRE-63966,Twaweza,active,23,Regional NGO,twaweza,"Tanzania, the United Republic of"
GB-CHC-1104287,MicroLoan Foundation,active,21,International NGO,mlf,United Kingdom of Great Britain and Northern Ireland (the)
GB-CHC-1152010,Child-to-Child,active,21,International NGO,ctc,United Kingdom of Great Britain and Northern Ireland (the)
GB-CHC-1105851,Christian Aid,active,21,International NGO,caid,United Kingdom of Great Britain and Northern Ireland (the)
GB-CHC-1139083,Grow Movement,active,80,"Academic, Training and Research",growmovement_admin,United Kingdom of Great Britain and Northern Ireland (the)
GB-CHC-1079358,Motivation,active,21,International NGO,motivation,United Kingdom of Great Britain and Northern Ireland (the)
US-EIN-27-5026293,Disability Rights Fund,active,21,International NGO,drf,United States of America (the)
US-USAGOV,Estados Unidos da América,withdrawn,10,Government,unitedstates,United States
GB-CHC-1081247,WWF-UK,active,21,International NGO,wwf-uk,United Kingdom of Great Britain and Northern Ireland (the)
GB-COH-1102208,MSI Reproductive Choices,active,21,International NGO,msi,United Kingdom of Great Britain and Northern Ireland (the)
GB-CHC-207544,Sightsavers,active,21,International NGO,ss-org,United Kingdom of Great Britain and Northern Ireland (the)
GB-COH-03788027,Triple Line,active,70,Private Sector,tripleline_crownagents,United Kingdom of Great Britain and Northern Ireland (the)
GB-CHC-1058991,Railway Children,active,21,International NGO,rc,United Kingdom of Great Britain and Northern Ireland (the)
GB-CHC-1140123,Vision for a Nation Foundation,active,21,International NGO,vfan,United Kingdom of Great Britain and Northern Ireland (the)
21-PK-WWF,Fundo Mundial para a Natureza – Paquistão,active,21,International NGO,wwfpakistan,Pakistan
NL-KVK-27264198,ActionAid International,active,21,International NGO,aai,Netherlands (the)
XI-IATI-IADB,Banco Interamericano de Desenvolvimento,active,40,Multilateral,iadb,(No country assigned)
GB-CHC-327519,Zimbabwe Educational Trust,active,21,International NGO,zet,United Kingdom of Great Britain and Northern Ireland (the)
GB-COH-871954,Practical Action,active,21,International NGO,pa,United Kingdom of Great Britain and Northern Ireland (the)
GB-CHC-1127488,Restless Development,active,21,International NGO,restless,United Kingdom of Great Britain and Northern Ireland (the)
GB-COH-2153193,International Alert,active,21,International NGO,international-alert,United Kingdom of Great Britain and Northern Ireland (the)
DE-1,Ministério da Cooperação e do Desenvolvimento Económicos – Alemanha,active,10,Government,bmz,Germany
GB-CHC-1099776,Malaria Consortium,active,21,International NGO,malariaconsortium,United Kingdom of Great Britain and Northern Ireland (the)
GB-CHC-1078768,People In Aid,active,21,International NGO,peopleinaid,United Kingdom of Great Britain and Northern Ireland (the)
47135,Fundos de Investimento Climático,active,40,Multilateral,cif,(No country assigned)
IN-,MAMTA – Health Institute for Mother and Child,active,22,National NGO,mamta_himc,India
ciks,Centre for Indian Knowledge Systems,active,80,"Academic, Training and Research",ciks,India
GB-CHC-1070684,Cord,active,23,Regional NGO,cord,United Kingdom of Great Britain and Northern Ireland (the)
GB-GOV-6,Ministério do Interior – Reino Unido,active,10,Government,homeoffice,United Kingdom of Great Britain and Northern Ireland (the)
US-EIN-13-2702768,Pact,active,21,International NGO,pact,United States of America (the)
GB-CHC-1071659,War Child UK,active,21,International NGO,wcuk,United Kingdom of Great Britain and Northern Ireland (the)
GB-CHC-1107403,GOAL,active,21,International NGO,goal,Ireland
GB-COH-3578127,Ethical Trading Initiative,active,21,International NGO,eti,United Kingdom of Great Britain and Northern Ireland (the)
GPAF-IMP-031,Development Aid from People to People (DAPP) Malawi,active,22,National NGO,dapp,Malawi
XM-DAC-41122,Fundo das Nações Unidas para a Infância (UNICEF),active,40,Multilateral,unicef,(No country assigned)
US-IRS-562339052,CDA Collaborative Learning Projects,active,21,International NGO,cda,United States of America (the)
SL-NRA-1001562-8,"Medical Research Centre (MRC), Serra Leoa",active,22,National NGO,mrc-sierra-leone,Sierra Leone
GB-SC-SC035314,Scotland's International Development Alliance,active,23,Regional NGO,sinda,United Kingdom of Great Britain and Northern Ireland (the)
XM-DAC-41140,Programa Alimentar Mundial (PAM) das Nações Unidas,active,40,Multilateral,wfp,Italy
BE-BCE_KBO-0462279234,ACODEV,active,22,National NGO,acodev,Belgium
IE-CHY-6410,Dóchas – Irish Association of Non Governmental Development Organisations,active,22,National NGO,dochas,Ireland
GB-COH-01926828,Farm Africa,active,21,International NGO,fa,United Kingdom of Great Britain and Northern Ireland (the)
IN-AR-775,Pragya India,active,22,National NGO,pragya,India
GB-CHC-1109789,Y Care International,active,21,International NGO,ycare,United Kingdom of Great Britain and Northern Ireland (the)
GB-CHC-1115109,Women for Women International (Reino Unido),active,21,International NGO,wfwiuk,United Kingdom of Great Britain and Northern Ireland (the)
GB-CHC-274467,ActionAid UK,active,21,International NGO,aauk,United Kingdom of Great Britain and Northern Ireland (the)
NG-CAC-5938,Association for Reproductive and Family Health,active,22,National NGO,arfh,Nigeria
XM-DAC-46002,Banco Africano de Desenvolvimento,active,40,Multilateral,afdb,(No country assigned)
46002,Banco Africano de Desenvolvimento,withdrawn,40,Multilateral,afdb,(No country assigned)
NL-KVK-27327087,Fundação Akvo,active,21,International NGO,akvo,Netherlands (the)
GB-CHC-1043843,Saferworld,active,21,International NGO,saferworld,United Kingdom of Great Britain and Northern Ireland (the)
XM-DAC-41119,,active,40,Multilateral,unfpa,(No country assigned)
41119,Fundo das Nações Unidas para a População,withdrawn,40,Multilateral,unfpa,(No country assigned)
NP-DAO-27-127/062/063,Freedom Forum,active,22,National NGO,ff,Nepal
GB-CHC-1045348,Afghanaid,withdrawn,21,International NGO,afghanaid,United Kingdom
NZ-1,Nova Zelândia – Ministério dos Negócios Estrangeiros e do Comércio – Programa de Ajuda da Nova Zelândia,active,10,Government,mfat,New Zealand
CA-3,Canadá - Global Affairs Canada/Affaires mondiales Canada,active,10,Government,gac-amc,Canada
XI-IATI-EC_FPI,Comissão Europeia – Serviço dos Instrumentos de Política Externa,active,15,Other Public Sector,ec-fpi,(No country assigned)
XI-IATI-EC_NEAR,Comissão Europeia – Política de Vizinhança e Negociações de Alargamento,active,15,Other Public Sector,ec-near,(No country assigned)
ES-DIR3-E04585801,Ministério dos Negócios Estrangeiros e da Cooperação – Espanha,active,10,Government,maec,Spain
GB-COH-1762840,HelpAge International,active,21,International NGO,helpage_international,United Kingdom of Great Britain and Northern Ireland (the)
SACU,Send a Cow Uganda,active,22,National NGO,sacu,Uganda
XM-DAC-21-1,Departamento de Negócios Estrangeiros e Comércio – Irlanda,active,10,Government,irishaid,Ireland
GB-GOV-9,,active,10,Government,dwp,United Kingdom of Great Britain and Northern Ireland (the)
GB-GOV-GB-9,,withdrawn,10,Government,dwp,United Kingdom
GB-9,Reino Unido – Departamento do Trabalho e das Pensões,withdrawn,10,Government,dwp,United Kingdom
GB-CHC-1120932,Network for Africa,active,21,International NGO,network4africa,United Kingdom of Great Britain and Northern Ireland (the)
GB-CC-1098893,Blue Ventures Conservation,active,21,International NGO,blueventures,United Kingdom of Great Britain and Northern Ireland (the)
GB-CHC-1114944,iPartner India,active,21,International NGO,ip-india,United Kingdom of Great Britain and Northern Ireland (the)
GB-SC-SC037959,Link Community Development Scotland,active,21,International NGO,lcds,United Kingdom of Great Britain and Northern Ireland (the)
GB-COH-07629751,Digital Campus,active,80,"Academic, Training and Research",dc,United Kingdom of Great Britain and Northern Ireland (the)
ZA-NPO-013484,Heifer International South Africa,active,22,National NGO,hsa,South Africa
XI-IATI-EC_ECHO,Comissão Europeia – Proteção Civil e Ajuda Humanitária,active,15,Other Public Sector,ec-echo,(No country assigned)
TN-TIN-102123727,CUAMM Trustees,active,22,National NGO,cuammtrustees,"Tanzania, the United Republic of"
GB-GOV-10,Reino Unido – Departamento da Saúde e dos Cuidados Sociais (DHSC),active,10,Government,dhsc,United Kingdom of Great Britain and Northern Ireland (the)
GB-CHC-1120413,MICAIA,active,21,International NGO,mic-uk,United Kingdom of Great Britain and Northern Ireland (the)
US-IRS-13-5661832,Plan International USA,active,21,International NGO,plan_usa,United States of America (the)
GB-CHC-1096908,Afghanistan and Central Asian Association,active,21,International NGO,acaa,United Kingdom of Great Britain and Northern Ireland (the)
GB-COH-RC000346,Reino Unido – Medical Research Council,active,10,Government,mrc,United Kingdom of Great Britain and Northern Ireland (the)
KE-NGC-3372,I Choose Life Africa,active,22,National NGO,ke-ngc-3372,Kenya
GB-CHC-1065972,International Rescue Committee UK,active,21,International NGO,irc_uk,United Kingdom of Great Britain and Northern Ireland (the)
GB-COH-06407873,HTSPE,active,70,Private Sector,htspe,United Kingdom of Great Britain and Northern Ireland (the)
GB-CHC-1024903,Hospice Africa Ltd,active,80,"Academic, Training and Research",hauk,United Kingdom of Great Britain and Northern Ireland (the)
GB-CHC-326859,Able Child Africa,active,21,International NGO,ablechildafrica,United Kingdom of Great Britain and Northern Ireland (the)
NP-SWC-13712,Global Action Nepal,active,22,National NGO,gan,Nepal
GB-COH-2732176,Adam Smith International,active,70,Private Sector,asi,United Kingdom of Great Britain and Northern Ireland (the)
US-EIN-131837418,The Foundation Center,active,21,International NGO,foundation_center,United States of America (the)
GB-COH-4884328,Integrity Action,active,21,International NGO,integrity_action,United Kingdom of Great Britain and Northern Ireland (the)
CH-4,Suíça – Agência Suíça para o Desenvolvimento e a Cooperação (SDC),active,10,Government,sdc_ch,Switzerland
GB-CHC-1078803,Bees for Development Trust,active,21,International NGO,beesfordevelopment,United Kingdom of Great Britain and Northern Ireland (the)
FR-SIRET-4028868160030,ACTED,active,21,International NGO,acted,France
XM-DAC-7,Ministério dos Negócios Estrangeiros – Países Baixos,active,10,Government,minbuza_nl,Netherlands (the)
GB-CHC-289036,Emmanuel International UK,active,21,International NGO,eiuk,United Kingdom of Great Britain and Northern Ireland (the)
GB-CHC-291333,Feed the Minds,active,21,International NGO,ftm-291333,United Kingdom of Great Britain and Northern Ireland (the)
NP-DAO-27-689/063/064,NGO Federation of Nepal,active,22,National NGO,nfn,Nepal
GB-COH-03259922,Crown Agents Limited,active,70,Private Sector,cal,United Kingdom of Great Britain and Northern Ireland (the)
GB-COH-04589451,ARK (Absolute Return for Kids),active,21,International NGO,ark,United Kingdom of Great Britain and Northern Ireland (the)
GB-CHC-290836,APT Action on Poverty,active,21,International NGO,apt,United Kingdom of Great Britain and Northern Ireland (the)
KE-NGCB-149,SOS Children's Villages Kenya,active,21,International NGO,soscvkenya,Kenya
GB-CHC-1083008,MAG,active,21,International NGO,mag,United Kingdom of Great Britain and Northern Ireland (the)
GB-CHC-1098752,Target TB,active,21,International NGO,targettb,United Kingdom of Great Britain and Northern Ireland (the)
XM-DAC-41127,Escritório das Nações Unidas para a Coordenação de Assuntos Humanitários (OCHA),active,40,Multilateral,unocha,Switzerland
GB-COH-1858644,DAI Europe,active,70,Private Sector,dai-e,United Kingdom of Great Britain and Northern Ireland (the)
GB-CHC-1087997,Stars Foundation,active,60,Foundation,starsfoundation,United Kingdom of Great Britain and Northern Ireland (the)
NP-SWC-19336,,active,22,National NGO,phase-nepal,Nepal
NP-DAO-531/062/063,PHASE Nepal,withdrawn,22,National NGO,phase-nepal,Nepal
FR-6,Ministério da Europa e dos Negócios Estrangeiros – França,active,10,Government,france,France
XI-IATI-035026724,Hilfswerk Austria Zimbabwe,active,21,International NGO,hwa-zm,Zimbabwe
IE-CHY-15037,Plan Ireland Charitable Assistance Limited,active,21,International NGO,plan_ireland,Ireland
FR-3,Agence Française de Développement,active,15,Other Public Sector,afd,France
GB-CHC-209131,British Council,active,15,Other Public Sector,britishcouncil,United Kingdom of Great Britain and Northern Ireland (the)
GB-CHC-1128536,Street Child,active,21,International NGO,street_child,United Kingdom of Great Britain and Northern Ireland (the)
GB-CHC-1081695,Vision Aid Overseas,active,21,International NGO,vao,United Kingdom of Great Britain and Northern Ireland (the)
GB-COH-03580586-GEC,Girls’ Education Challenge – Fund Manager PwC,active,70,Private Sector,gecfundmanagerpwc,United Kingdom of Great Britain and Northern Ireland (the)
GB-COH-07669775,GEMS Education Solutions,active,70,Private Sector,mgcubed,Ghana
US-EIN-54-0536100,ChildFund International,active,21,International NGO,childfund,United States of America (the)
NP-DAO-DANG-18-046/47,Backward Society Education (BASE),active,22,National NGO,base_22,Nepal
GB-CHC-1104458,Theatre for a Change UK,active,21,International NGO,tfac,United Kingdom of Great Britain and Northern Ireland (the)
GB-CHC-1093861,International Medical Corps UK,active,21,International NGO,imc_uk,United Kingdom of Great Britain and Northern Ireland (the)
GB-COH-7557881,Social Impact Lab CIC,active,21,International NGO,simlab,United Kingdom of Great Britain and Northern Ireland (the)
KE-RCO-270901,Education Development Trust,withdrawn,21,International NGO,edt_kenya,Kenya
GB-CHC-213251,Lepra,active,21,International NGO,lepra,United Kingdom of Great Britain and Northern Ireland (the)
NL-KVK-51018586,,withdrawn,70,Private Sector,zimmzimm,Netherlands
JO-CCD-50544,Arab Reporters for Investigative Journalism,active,80,"Academic, Training and Research",arij,Jordan
NL-KVK-41188664,ICS,active,21,International NGO,ics,Netherlands (the)
DAC-1601,Fundação Bill & Melinda Gates,active,60,Foundation,bmgf,United States of America (the)
NP-SWC-00589,Shtrii Shakti,active,22,National NGO,shtrii_shakti,Nepal
GB-CHC-1085096,Women and Children First (Reino Unido),active,21,International NGO,wcf,United Kingdom of Great Britain and Northern Ireland (the)
MW-NBM-00139,Theatre for a Change Malawi,active,22,National NGO,tfacmalawi,Malawi
NL-KVK-41166983,Center for International Legal Cooperation (CILC),active,60,Foundation,cilc,Netherlands (the)
GB-CHC-1135156,TREE AID,active,21,International NGO,treea,United Kingdom of Great Britain and Northern Ireland (the)
CA-CRA_ARC-119304848,World University Service of Canada,active,21,International NGO,wusc,Canada
GB-CHC-1154085,Exeter Ethiopia Link,active,21,International NGO,eel,United Kingdom of Great Britain and Northern Ireland (the)
TZ-BRLA-36057,KPMG East Africa,active,70,Private Sector,kpmgea,"Tanzania, the United Republic of"
GB-CHC-1053389,Viva,active,21,International NGO,viva,United Kingdom of Great Britain and Northern Ireland (the)
XM-DAC-47111,Adaptation Fund,active,40,Multilateral,af,United States of America (the)
47111,Adaptation Fund,withdrawn,40,Multilateral,af,United States
DK-CVR-33985339,Trianglen,active,22,National NGO,trianglen,Denmark
GB-CHC-1094478,Excellent Development,active,21,International NGO,excellent,United Kingdom of Great Britain and Northern Ireland (the)
GB-CHC-1047501,Action Against Hunger UK,active,21,International NGO,acf,United Kingdom of Great Britain and Northern Ireland (the)
CA-4,Ministério das Finanças do Canadá,active,10,Government,finance_canada,Canada
GB-CHC-1105489,Sabre Education Limited,active,21,International NGO,sct,United Kingdom of Great Britain and Northern Ireland (the)
DE-AG-VR7795,Fairtrade Labelling Organizations International e.V.,active,21,International NGO,fairtrade_international,Germany
NL-KVK-41210098,Both ENDS,active,22,National NGO,bothends,Netherlands (the)
NL-KVK-20093733,Heifer Nederland,active,22,National NGO,heifernederland,Netherlands (the)
GB-CHC-1112699,Teach A Man To Fish,active,21,International NGO,tamtf,United Kingdom of Great Britain and Northern Ireland (the)
NL-KVK-34141098,Fairfood International,active,22,National NGO,fairfood,Netherlands (the)
NL-KVK-41201806,Transnational Institute,active,60,Foundation,tni,Netherlands (the)
GB-CHC-261488,Amref Health Africa – Reino Unido,active,21,International NGO,amrefha,United Kingdom of Great Britain and Northern Ireland (the)
XI-IATI-CHSA,Association CHS Alliance,active,21,International NGO,chs_alliance,Switzerland
NL-KVK-40535338,Friends of the Earth International,active,21,International NGO,foei,Netherlands (the)
PK-MSW-633-1965,Rahnuma-Family Planning Association of Pakistan,active,22,National NGO,rfpap,Pakistan
GB-CHC-1147083,Rojiroti UK,active,21,International NGO,rojiroti,United Kingdom of Great Britain and Northern Ireland (the)
GB-CHC-1125512,Lively Minds,active,21,International NGO,livelyminds,United Kingdom of Great Britain and Northern Ireland (the)
NL-KVK-27108436,Oxfam Novib,active,21,International NGO,onl,Netherlands (the)
GB-COH-877338,Institute of Development Studies,active,80,"Academic, Training and Research",ids,United Kingdom of Great Britain and Northern Ireland (the)
GB-SC-SC032327,EMMS International,active,21,International NGO,emms,United Kingdom of Great Britain and Northern Ireland (the)
US-EIN-522043740,"Discovery Learning Alliance, Inc.",active,21,International NGO,dla,United States of America (the)
GB-CHC-1128267-8,HelpAge International UK,active,22,National NGO,ageintl,United Kingdom of Great Britain and Northern Ireland (the)
GB-CHC-293734,Christian Engineers in Development,active,21,International NGO,ced,United Kingdom of Great Britain and Northern Ireland (the)
GB-GOV-7,"Reino Unido – Ministério do Ambiente, da Alimentação e dos Assuntos Rurais",active,10,Government,defra_transparency,United Kingdom of Great Britain and Northern Ireland (the)
BE-BCE_KBO-0447404580,Avocats Sans Frontières,active,22,National NGO,asf,Belgium
US-501c3-522318905,AidData,active,80,"Academic, Training and Research",aiddata,United States of America (the)
XM-DAC-701-8,Agência de Cooperação Internacional do Japão (JICA),active,40,Multilateral,jica,Japan
GB-SC-037597,CIFAL Scotland,active,80,"Academic, Training and Research",cifal,United Kingdom of Great Britain and Northern Ireland (the)
GH-RGD-CG220182018,,active,60,Foundation,star_ghanafoundation,Ghana
US-EIN-84-1166148,Water for People,active,21,International NGO,w4p,United States of America (the)
NL-KVK-27248417,Aqua for All,active,60,Foundation,aqua4all,Netherlands (the)
GB-CHC-1112734,PHASE Worldwide,active,21,International NGO,phase_worldwide,United Kingdom of Great Britain and Northern Ireland (the)
KE-NGC-9381,Across,active,21,International NGO,across,Kenya
GB-CHC-295224,Muslim Aid,active,21,International NGO,muslimaid,United Kingdom of Great Britain and Northern Ireland (the)
GB-CHC-250456,Find Your Feet,active,21,International NGO,fyf,United Kingdom of Great Britain and Northern Ireland (the)
XM-DAC-47501,Parceria Global para a Educação,active,40,Multilateral,gpe,United States of America (the)
GB-CHC-1086159,One to One Children's Fund,active,21,International NGO,onetoonecf,United Kingdom of Great Britain and Northern Ireland (the)
IN-ITA-1886,Micro Insurance Academy,active,80,"Academic, Training and Research",mia_india,India
GB-CHC-1121273,FRANK Water,active,21,International NGO,frankwater,United Kingdom of Great Britain and Northern Ireland (the)
GB-COH-3799145,Coffey International Development,active,70,Private Sector,coffey,United Kingdom of Great Britain and Northern Ireland (the)
GB-COH-04276635,act4africa,active,21,International NGO,act4africa,United Kingdom of Great Britain and Northern Ireland (the)
NL-KVK-41022454,Stichting Red een Kind,active,21,International NGO,redeenkind,Netherlands (the)
GB-CHC-1096479,ShelterBox,active,21,International NGO,shelterbox,United Kingdom of Great Britain and Northern Ireland (the)
GB-CHC-1108464,Bees Abroad UK,active,21,International NGO,bauk,United Kingdom of Great Britain and Northern Ireland (the)
US-EIN-13-5563422,Catholic Relief Services,active,21,International NGO,crs,United States of America (the)
XM-DAC-41108,Fundo Internacional de Desenvolvimento Agrícola (FIDA),active,40,Multilateral,ifad,(No country assigned)
GB-CHC-1001813,The HALO Trust,active,21,International NGO,halo,United Kingdom of Great Britain and Northern Ireland (the)
NL-KVK-56484038,ICCO Cooperation,active,21,International NGO,icco-cooperation,Netherlands (the)
GB-CHC-1077889,Pump Aid,active,21,International NGO,pumpaid,United Kingdom of Great Britain and Northern Ireland (the)
GB-CHC-328273,Food for the Hungry UK,active,21,International NGO,fh,United Kingdom of Great Britain and Northern Ireland (the)
GB-CHC-1126550,PEAS (Promoting Equality in African Schools),active,21,International NGO,peas,United Kingdom of Great Britain and Northern Ireland (the)
UA-EDR-37199602,Escola de Economia e Gestão de Kiev,active,80,"Academic, Training and Research",kse,Ukraine
GB-CHC-270901,,active,21,International NGO,eddevtrust,United Kingdom of Great Britain and Northern Ireland (the)
GB-CHC-1122799,Retrak,active,21,International NGO,retrak,United Kingdom of Great Britain and Northern Ireland (the)
XM-DAC-30010,UNITAID,active,40,Multilateral,utd,Switzerland
GB-SC-044007,Bioclimate Research and Development,active,21,International NGO,bioclimate,United Kingdom of Great Britain and Northern Ireland (the)
GB-CHC-220949,Cruz Vermelha Britânica,active,21,International NGO,gb-chc-220949,United Kingdom of Great Britain and Northern Ireland (the)
NL-KVK-32108345,CHOICE for Youth and Sexuality,active,21,International NGO,cfyas,Netherlands (the)
NL-KVK-27378529,Agência Empresarial dos Países Baixos,active,10,Government,rvo,Netherlands (the)
NL-KVK-41180500,SeeYou Foundation,active,21,International NGO,syf,Netherlands (the)
XM-DAC-47086,Private Infrastructure Development Group,active,40,Multilateral,pidg,United Kingdom of Great Britain and Northern Ireland (the)
GB-CHC-1079599,BasicNeeds,active,21,International NGO,basicneeds,United Kingdom of Great Britain and Northern Ireland (the)
GB-CHC-1071660,Cecily's Fund,active,21,International NGO,cecily,United Kingdom of Great Britain and Northern Ireland (the)
NL-KVK-41150298,Amref Flying Doctors,active,22,National NGO,amrefnl,Netherlands (the)
XM-DAC-301-2,Canadá – Centro de Investigação para o Desenvolvimento Internacional,active,15,Other Public Sector,idrccrdi,Canada
GB-CHC-1000717,CODA International,active,21,International NGO,coda,United Kingdom of Great Britain and Northern Ireland (the)
US-EIN-13-3287064,InterAction,active,21,International NGO,interaction,United States of America (the)
ZA-ROC-1999/05072/08,Desmond Tutu HIV Foundation,active,80,"Academic, Training and Research",dthfxx12,South Africa
GB-CHC-1143852,Hagar International UK,active,21,International NGO,hagar_uk,United Kingdom of Great Britain and Northern Ireland (the)
GB-COH-353570,Water Witness International,active,21,International NGO,water-witness-international,United Kingdom of Great Britain and Northern Ireland (the)
NL-KVK-34200988 (deprecated),Fundação RAIN (anteriormente),active,21,International NGO,rainfoundation,Netherlands (the)
NL-KVK-34229026,Stichting Aflatoun International,active,21,International NGO,aflatoun,Netherlands (the)
GB-GOV-8,Reino Unido – Ministério da Defesa,active,10,Government,ukmod,United Kingdom of Great Britain and Northern Ireland (the)
ZA-NPO-025-359,mothers2mothers,active,21,International NGO,m2m_sa,South Africa
NL-KVK-34214586,partos,active,22,National NGO,partos_nl,Netherlands (the)
XM-DAC-41304,"Organização das Nações Unidas para a Educação, a Ciência e a Cultura (UNESCO)",active,40,Multilateral,unesco,France
GB-CHC-1157009,Rainforest Foundation UK,active,21,International NGO,abaseen,United Kingdom of Great Britain and Northern Ireland (the)
ML-NIF-086108989R,Association de Soutien au Développement des Activités de Population,active,22,National NGO,asdap,Mali
BD-NAB-0203,"Association for Prevention of Septic Abortion, Bangladesh (BAPSA)",active,22,National NGO,bapsa,Bangladesh
GB-CHC-1069182,International Service,active,21,International NGO,unais,United Kingdom of Great Britain and Northern Ireland (the)
GB-COH-06133927,Avanti Communications Plc,active,70,Private Sector,ava_admin,United Kingdom of Great Britain and Northern Ireland (the)
GH-DSW-258,Friends of the Earth – Gana,active,22,National NGO,foe-ghana,Ghana
XM-DAC-918-3,Banco Europeu de Investimento,active,40,Multilateral,eib,(No country assigned)
GB-CHC-1084729,World Child Cancer UK,active,21,International NGO,wccuk,United Kingdom of Great Britain and Northern Ireland (the)
MZ-MOJ-F2G1No4,Magariro,active,22,National NGO,magariro,Mozambique
XI-IATI-EBRD,Banco Europeu de Reconstrução e Desenvolvimento,active,40,Multilateral,ebrd,(No country assigned)
GB-CHC-000391,The Open University,active,80,"Academic, Training and Research",open_university,United Kingdom of Great Britain and Northern Ireland (the)
GB-CHC-1038785,Mifumi UK,active,21,International NGO,mifumi_uk,United Kingdom of Great Britain and Northern Ireland (the)
GB-CHC-1094272,Project Harar,active,21,International NGO,phe,United Kingdom of Great Britain and Northern Ireland (the)
XM-DAC-77,Ministério dos Negócios Estrangeiros da Roménia,active,10,Government,uasd,Romania
XI-IATI-1001,The Coca-Cola Export Corporation,active,70,Private Sector,tccec,United States of America (the)
GB-CHC-1125217,Welbodi Partnership,active,80,"Academic, Training and Research",welbodipartnership,United Kingdom of Great Britain and Northern Ireland (the)
FI-PRO-143138,Kepa ry,active,22,National NGO,kepa,Finland
KE-NCB-OP/218/051/915/65,Windle Trust Kenya,active,22,National NGO,wtk,Kenya
NL-KVK-41048542,Stichting Agriterra,active,60,Foundation,agriterra,Netherlands (the)
UG-NGB-5914-7209,Cheshire Services Uganda,withdrawn,22,National NGO,csu,Uganda
GB-CHC-1150214,Carers Worldwide,active,21,International NGO,cww,United Kingdom of Great Britain and Northern Ireland (the)
GB-CHC-1054369,KwaAfrica,active,21,International NGO,kwaafrica,United Kingdom of Great Britain and Northern Ireland (the)
KE-NGC-663,Agência Adventista de Desenvolvimento e Recursos Assistenciais (ADRA Somalia),active,21,International NGO,adrasom,Somalia
MZ-MOJ-F30G1No89,ANDA,active,22,National NGO,anda,Mozambique
GB-CHC-1117528,Haiti Hospital Appeal,active,21,International NGO,hha,United Kingdom of Great Britain and Northern Ireland (the)
NL-KVK-30285304,Stichting Humana,active,21,International NGO,humana_houben,Netherlands (the)
GB-CHC-1148404,Internews Europe,active,21,International NGO,ieu,United Kingdom of Great Britain and Northern Ireland (the)
NL-KVK-41217404,Fundação GPPAC,active,21,International NGO,gppac,Netherlands (the)
GB-COH-NI011322,War on Want NI,active,21,International NGO,wowni,United Kingdom of Great Britain and Northern Ireland (the)
GB-CHC-1123946,Youth Business International,active,21,International NGO,ybi,United Kingdom of Great Britain and Northern Ireland (the)
GB-CHC-1049160,Anti-Slavery International,active,21,International NGO,asil,United Kingdom of Great Britain and Northern Ireland (the)
XM-DAC-2-10,Cooperação Belga para o Desenvolvimento,active,10,Government,be-dgd,Belgium
GB-COH-1110949,Mott MacDonald Limited,active,70,Private Sector,mml,United Kingdom of Great Britain and Northern Ireland (the)
US-EIN-941191246,The Asia Foundation,active,21,International NGO,taf,United States of America (the)
GB-CHC-1129603,Cyan International,active,21,International NGO,cyan,United Kingdom of Great Britain and Northern Ireland (the)
GB-SC-SC012302,Scottish Catholic International Aid Fund (SCIAF),active,21,International NGO,sciaf,United Kingdom of Great Britain and Northern Ireland (the)
GB-CHC-1151615,Signal,active,21,International NGO,signal,United Kingdom of Great Britain and Northern Ireland (the)
CH-FDJP-CHE109668357,Fundação Lemann,active,60,Foundation,lemann,Switzerland
UG-NGB-5914-9186,CRANE,active,22,National NGO,crane,Uganda
GB-CHC-1076235,BBC Media Action,active,21,International NGO,bbcmediaaction,United Kingdom of Great Britain and Northern Ireland (the)
US-EIN-20-4451390,Natural Resource Governance Institute (NRGI),active,21,International NGO,nrgi,United States of America (the)
SK-ZRSR-31784828,Fundação Pontis,active,60,Foundation,pontis,Slovakia
NO-BRC-971277882,NORAD – Agência Norueguesa para a Cooperação de Desenvolvimento,active,10,Government,norad,Norway
US-EIN-20-3690821,Rights and Resources Initaitive,active,21,International NGO,rri,United States of America (the)
KE-RCO-C95110,,active,60,Foundation,kcdf,Kenya
US-EIN-81-3014704,Syria Justice and Accountability Centre (SJAC),active,22,National NGO,sjac,United States of America (the)
XI-IATI-5914-1107,Fundação Stromme,active,22,National NGO,stromme_ug,Uganda
GB-CHC-1122299,interburns,active,21,International NGO,interburns,United Kingdom of Great Britain and Northern Ireland (the)
GB-COH-06368740,Development Initiatives Poverty Research,active,21,International NGO,dipr,United Kingdom of Great Britain and Northern Ireland (the)
GB-CHC-294329,Progressio (encerrada),active,21,International NGO,progressio,United Kingdom of Great Britain and Northern Ireland (the)
US-EIN-52-1826242,,active,21,International NGO,tan,United States of America (the)
CA-CRA_ACR-127202349,Instituto Internacional para o Desenvolvimento Sustentável,active,21,International NGO,iisd,Canada
GB-GOV-24,Office for National Statistics,active,10,Government,ons,United Kingdom of Great Britain and Northern Ireland (the)
GB-CHC-285908,World Vision Reino Unido,active,21,International NGO,wvuk,United Kingdom of Great Britain and Northern Ireland (the)
GB-COH-3031674,Traidcraft Exchange,active,21,International NGO,traidcraft,United Kingdom of Great Britain and Northern Ireland (the)
DE-CR-RA000217-HRB157125B,Fundação Wayamo,active,21,International NGO,wayamo,Germany
GB-COH-294860,ADD International (Action on Disability and Development),active,21,International NGO,addinternational,United Kingdom of Great Britain and Northern Ireland (the)
GB-CHC-1076497,Sense International,active,21,International NGO,sense_international,United Kingdom of Great Britain and Northern Ireland (the)
GB-CHC-1142476,Friends of Kipkelion,active,23,Regional NGO,kipkelion,Kenya
GB-CHC-1050327,The Leprosy Mission England and Wales,active,21,International NGO,tlmew,United Kingdom of Great Britain and Northern Ireland (the)
NL-KVK-41155934,,active,21,International NGO,vso_nl,Netherlands (the)
GB-CHC-1089490,Hope and Homes for Children,active,21,International NGO,hhc,United Kingdom of Great Britain and Northern Ireland (the)
GB-CHC-1156822,Welsh Centre for International Affairs,active,22,National NGO,wcia,United Kingdom of Great Britain and Northern Ireland (the)
KE-NCB-OP218051200904966065,Pan African Climate Justice Alliance,active,21,International NGO,pacja,Kenya
GB-COH-11126312,Global Disability Innovation Hub,active,80,"Academic, Training and Research",gdihub,United Kingdom of Great Britain and Northern Ireland (the)
GB-COH-OC301540,KPMG LLP,active,70,Private Sector,kpmgllp,United Kingdom of Great Britain and Northern Ireland (the)
GB-COH-05393391,,active,21,International NGO,galvmed,United Kingdom of Great Britain and Northern Ireland (the)
GB-CH-05393391,,withdrawn,21,International NGO,galvmed,United Kingdom
UG-NGB-63360,Protecting Families Against HIV/AIDS,active,22,National NGO,prefa_1,Uganda
NL-KVK-27293385,"WO=MEN, Dutch Gender Platform",active,22,National NGO,wo-men,Netherlands (the)
VN-MOST-A399,,active,22,National NGO,cdi_vn_2021,Viet Nam
IN-MCA-U74999DL2004NPL131340,Oxfam India,active,22,National NGO,oxfamindia,India
GB-SC-035056,International Primary Care Respiratory Group,active,80,"Academic, Training and Research",ipcrg,United Kingdom of Great Britain and Northern Ireland (the)
NL-KVK-41217595,Stichting ActionAId,active,21,International NGO,aanl,Netherlands (the)
DK-CVR-88136411,Oxfam IBIS,active,21,International NGO,ibis_denmark,Denmark
NL-KVK-41160054,Cordaid,active,21,International NGO,cordaid,Netherlands (the)
NP-SWC-27693,Aasaman Nepal,active,22,National NGO,aasaman,Nepal
MZ-MOJ-203D,Alfalit,active,22,National NGO,alfalit,Mozambique
NL-KVK-08215619-201210000,Kadaster International,active,10,Government,kad,Netherlands (the)
NL-KVK-41077447,ECDPM,active,80,"Academic, Training and Research",ecdpm,Netherlands (the)
GB-CHC-1067406,Doctors of the World UK,active,21,International NGO,dotw_uk,United Kingdom of Great Britain and Northern Ireland (the)
GB-CHC-1046001,Disability and Development Partners,active,21,International NGO,ddp,United Kingdom of Great Britain and Northern Ireland (the)
PK-NTN-6110190392611,,active,80,"Academic, Training and Research",aaip,Pakistan
GB-CHC-1113868,Hand in Hand International,active,21,International NGO,handinhand,United Kingdom of Great Britain and Northern Ireland (the)
BD-NAB-1301,"Transparência Internacional, Bangladesh",active,21,International NGO,tib,Bangladesh
BE-BCE_KBO-0464019195,,active,21,International NGO,apopo,Belgium
NL-KVK-61172863,Stichting fondsbeheer DGGF lokaal MKB,active,60,Foundation,dggf_financing_local_smes,Netherlands (the)
US-EIN-042347643,Abt Associates Inc,active,70,Private Sector,abt,United States of America (the)
XM-DAC-84,Ministério dos Negócios Estrangeiros da Lituânia,active,10,Government,lithuania_mfa,Lithuania
IE-CHY-6998,Christian Aid Ireland,active,21,International NGO,caid_ireland,Ireland
NL-KVK-34308169,Free a Girl,active,60,Foundation,freeagirl,Netherlands (the)
XI-IATI-1002,United Mission to Nepal,active,21,International NGO,umn,Nepal
GB-COH-1134415,MADE in Europe,active,21,International NGO,mie-1134415,United Kingdom of Great Britain and Northern Ireland (the)
GB-CHC-214779,The Salvation Army International Development UK,active,21,International NGO,said-uk,United Kingdom of Great Britain and Northern Ireland (the)
US-EIN-13-3287064NAM,InterAction's NGO Aid Map,withdrawn,21,International NGO,ia_nam,United States
GB-CHC-1145119,Varkey Foundation,active,21,International NGO,varkeyfoundation,Ghana
NL-KVK-34197379,dance4life,active,21,International NGO,dance4life,Netherlands (the)
US-EIN-95-3202116,World Vision International,active,21,International NGO,wvi,United States of America (the)
GB-CHC-1105277,Learning for Life,active,21,International NGO,learningforlife,United Kingdom of Great Britain and Northern Ireland (the)
GB-CHC-1061352,Orbis Charitable Trust,active,21,International NGO,orbis_uk,United Kingdom of Great Britain and Northern Ireland (the)
GB-GOV-21,Reino Unido – Governo da Escócia,active,10,Government,scottish_government,United Kingdom of Great Britain and Northern Ireland (the)
GB-COH-2695347,Options Consultancy Services,active,70,Private Sector,options,United Kingdom of Great Britain and Northern Ireland (the)
NL-KVK-41149287,Terre des Hommes Netherlands,active,21,International NGO,tdh_nl,Netherlands (the)
GB-CHC-1110434,Wellfound,active,21,International NGO,wellfound,United Kingdom of Great Britain and Northern Ireland (the)
NL-KVK-41149486,Stichting Vluchteling,active,21,International NGO,st_vluchteling,Netherlands (the)
GB-CHC-1133342,Zing,active,60,Foundation,zing,United Kingdom of Great Britain and Northern Ireland (the)
NL-KVK-41009723,ZOA,active,21,International NGO,zoa,Netherlands (the)
NL-KVK-41223308,Stichting Onderzoek Multinationale Ondernemingen (SOMO),active,80,"Academic, Training and Research",somo,Netherlands (the)
NL-KVK-06702132,WYG International B.V.,active,70,Private Sector,wygi,United Kingdom of Great Britain and Northern Ireland (the)
GB-COH-1869600,Itad,active,70,Private Sector,itad,United Kingdom of Great Britain and Northern Ireland (the)
GB-COH-03122495,Oxford Policy Management,active,70,Private Sector,opml,United Kingdom of Great Britain and Northern Ireland (the)
GB-COH-SC301345,Upper Quartile,active,70,Private Sector,uq,United Kingdom of Great Britain and Northern Ireland (the)
NL-KVK-32037590,International Procurement Agency,active,70,Private Sector,ipa,Netherlands (the)
GB-COH-02768268,Nathan Associates London Ltd.,active,70,Private Sector,nathan,United Kingdom of Great Britain and Northern Ireland (the)
GB-COH-5155300,Alcis Holdings Limited,active,70,Private Sector,alcis,United Kingdom of Great Britain and Northern Ireland (the)
mz-moj-64vq1,Ajuda de Desenvolvimento de Povo para Povo (ADPP),active,22,National NGO,adpp,Mozambique
GB-COH-2394229,Palladium International Ltd (Reino Unido),active,70,Private Sector,palladium,United Kingdom of Great Britain and Northern Ireland (the)
FI-PRO-1498487-2,Plan International Finland,active,21,International NGO,planinternationalfinland,Finland
NL-KVK-41193594,Rutgers,active,21,International NGO,rutgers,Netherlands (the)
GB-COH-00637978,Maxwell Stamp PLC,active,70,Private Sector,mstamp,United Kingdom of Great Britain and Northern Ireland (the)
KE-NCB-218-051-9341-334,African Academy of Sciences,active,21,International NGO,aas,Kenya
GB-CHC-1101217,LAMB Health Care Foundation,active,22,National NGO,lhcf,United Kingdom of Great Britain and Northern Ireland (the)
GB-COH-03580586,PwC,active,70,Private Sector,pwc,United Kingdom of Great Britain and Northern Ireland (the)
GB-CHC-1048007,Link Community Development International,active,21,International NGO,lcdi_admin,United Kingdom of Great Britain and Northern Ireland (the)
NG-CAC-RC481360,The Convention on Business Integrity,active,21,International NGO,cbi-nigeria,Nigeria
GB-COH-1574821,Landell Mills,active,70,Private Sector,landell-mills,United Kingdom of Great Britain and Northern Ireland (the)
GB-COH-00986729,"Natural Resources Institute, Universidade de Greenwich.",active,80,"Academic, Training and Research",nri,United Kingdom of Great Britain and Northern Ireland (the)
NL-KVK-41215393,War Child Holland,active,21,International NGO,warchildholland,Netherlands (the)
GB-COH-01245534,Atos IT Services Ltd,active,70,Private Sector,atosuk,United Kingdom of Great Britain and Northern Ireland (the)
NL-KVK-41158230,CARE Nederland,active,21,International NGO,carenederland,Netherlands (the)
GB-COH-03613839,IOD PARC,active,70,Private Sector,iodparc,United Kingdom of Great Britain and Northern Ireland (the)
NL-KVK-41210820,Clean Clothes Campaign,active,21,International NGO,ccc,Netherlands (the)
GB-COH-FC012665,McKinsey & Company,active,70,Private Sector,mck,(No country assigned)
GB-COH-08327972,Aktis Strategy Ltd,active,70,Private Sector,aktis,United Kingdom of Great Britain and Northern Ireland (the)
NL-KVK-41236410,Dorcas Aid International,active,21,International NGO,dai,Netherlands (the)
US-GOV-18,,active,10,Government,millenniumchallenge,United States of America (the)
US-18,Millennium Challenge Corporation,withdrawn,10,Government,millenniumchallenge,United States
NL-KVK-41202535,Mama Cash,active,60,Foundation,mamac,Netherlands (the)
GB-COH-8835431,Simprints,active,21,International NGO,simprints,United Kingdom of Great Britain and Northern Ireland (the)
GB-CHC-1158206,Water Works,active,21,International NGO,waterworks,United Kingdom of Great Britain and Northern Ireland (the)
NL-KVK-30214009,PAX,active,21,International NGO,pax,Netherlands (the)
NL-KVK-27284008,DECP,active,22,National NGO,decp,Netherlands (the)
CO-CCB-00159397,Urgent Action Fund Latin America and the Caribbean,active,23,Regional NGO,uafla,Colombia
US-EIN-03-0419743,Urgent Action Fund for Women's Human Rights,active,21,International NGO,uaf,United States of America (the)
NL-KVK-41177385,Tearfund Nederland,active,21,International NGO,tear,Netherlands (the)
NL-KVK-41152786,SNV Netherlands Development Organisation,active,21,International NGO,snv,Netherlands (the)
NL-KVK-41167934,Stichting Kinderpostzegels Nederland,active,21,International NGO,skn,Netherlands (the)
US-EIN-522044704,Aeras,active,21,International NGO,aeras,United States of America (the)
US-EIN-06-1597-668,Just Associates,active,21,International NGO,jass,United States of America (the)
IN-MHA-083781496,,active,22,National NGO,fhf,India
US-EIN-521291786,Association for Women's Rights in Development (AWID),active,21,International NGO,awid,United States of America (the)
NL-KVK-41179943,World Vision Países Baixos,active,60,Foundation,wvnld,Netherlands (the)
NL-KVK-41201463,Save the Children Países Baixos,active,21,International NGO,scnl,Netherlands (the)
NL-KVK-41151952,IRC,active,21,International NGO,irc,Netherlands (the)
XM-OCHA-CERF,Fundo Central de Resposta de Emergência das Nações Unidas (CERF),active,40,Multilateral,cerf,United States of America (the)
NL-KVK-34106722,AWEPA,active,21,International NGO,awepa,Netherlands (the)
NL-KVK-40594571,Simavi,active,60,Foundation,simavi,Netherlands (the)
NL-KVK-41118168,Stichting Woord en Daad,active,21,International NGO,w-d,Netherlands (the)
NL-KVK-41198890,Plan International Países Baixos,active,21,International NGO,plannlno,Netherlands (the)
XI-IATI-OFID,Fundo da OPEP para o Desenvolvimento Internacional (OFID),active,40,Multilateral,ofid,Austria
XI-IATI-CWSEC,Secretariado da Commonwealth,active,40,Multilateral,commonwealthsecretariat,(No country assigned)
NL-KVK-41201644,Fundação Wemos,active,21,International NGO,wemos,Netherlands (the)
US-EIN-26-1931968,Promundo-US,active,21,International NGO,pmo-us,United States of America (the)
NL-KVK-33185213,Royal Tropical Institute,active,21,International NGO,kit,Netherlands (the)
NL-KVK-41207580,Stichting Health Action International,active,60,Foundation,hai,Netherlands (the)
NI-MIGOB-3602,Fondo Centroamericano de Mujeres,active,60,Foundation,fcam,Nicaragua
NL-KVK-34159275,UTZ,active,21,International NGO,utz,Netherlands (the)
NL-KVK-41207989,Aidsfonds - Soa Aids Nederland,active,21,International NGO,nl-kvk-41207989,Netherlands (the)
UG-RSB-73316,African Centre for Global Health and Social Transformation,active,21,International NGO,achest,Uganda
ZW-PVO-WO1789,Family Aids Caring Trust,active,22,National NGO,fact,Zimbabwe
GB-CHC-222655,Liverpool School of Tropical Medicine,active,80,"Academic, Training and Research",lstm,United Kingdom of Great Britain and Northern Ireland (the)
GB-COH-RC000710,,active,80,"Academic, Training and Research",queen_mary_london,United Kingdom of Great Britain and Northern Ireland (the)
KE-NCB-200201282375,Urgent Action Fund – Africa,active,23,Regional NGO,uaf-africa,Kenya
GB-CHC-1142516,ColaLife,active,22,National NGO,colalife,United Kingdom of Great Britain and Northern Ireland (the)
XM-DAC-47059,Organização Internacional de Direito ao Desenvolvimento (IDLO),active,40,Multilateral,idlo,Italy
NL-KVK-41149831,Mensen met een Missie,active,22,National NGO,mm1,Netherlands (the)
NL-KVK-30204842,Netherlands Food Partnership,active,60,Foundation,nfp,Netherlands (the)
NL-KVK-41208813,Defence for Children International Netherlands – ECPAT Netherlands,active,22,National NGO,dciecpatnl,Netherlands (the)
XM-DAC-41302,Organização Internacional do Trabalho (OIT),active,40,Multilateral,ilo,Switzerland
NL-KVK-27189542,Netherlands Institute for Multiparty Democracy (NIMD),active,21,International NGO,nimd-hq,Netherlands (the)
NL-KVK-40530467,Milieudefensie,active,22,National NGO,foenl,Netherlands (the)
US-EIN-47-4128047,Friends of Publish What You Fund,active,21,International NGO,friendsofpwyf,United States of America (the)
BD-ROC-S-12313,,active,80,"Academic, Training and Research",bpcrs,Bangladesh
NL-KVK-58183167,Fundação HE,active,60,Foundation,hefoundation,Netherlands (the)
KE-NCB-93175,Amref Health Africa in Kenya,active,21,International NGO,amrefkenya,Kenya
NL-KVK-41150939,Solidaridad Europa,active,21,International NGO,solidaridad-europe,Netherlands (the)
UG-RSB-29587,,active,22,National NGO,fidauganda,Uganda
US-EIN-31-1812979,CREA,active,21,International NGO,creausa-org,India
NL-KVK-52957535,Free Press Unlimited,active,21,International NGO,free_press_unlimited,Netherlands (the)
NL-KVK-41172933,WASTE advisers on urban environment and development,active,60,Foundation,waste,Netherlands (the)
FR-SIRET-77566669600015,SECOURS CATHOLIQUE – CARITAS FRANÇA,active,21,International NGO,sccf,France
GB-CHC-1062638,Disasters Emergency Committee,active,22,National NGO,dec-uk,United Kingdom of Great Britain and Northern Ireland (the)
US-EIN-91-1179750,,active,21,International NGO,pbi_io,United States of America (the)
NL-KVK-40409352,Cruz Vermelha Neerlandesa,active,21,International NGO,nlrc,Netherlands (the)
XI-IATI-IKI,International Climate Initiative/BMU – Seceratriado da IKI,active,10,Government,bmu_iki,Germany
NL-KVK-51756811,Solidaridad,active,21,International NGO,solidaridad,Netherlands (the)
NL-KVK-34111374,Fundação Fair Wear,active,21,International NGO,fwf,Netherlands (the)
NL-KVK-40530953,Anistia Internacional Países Baixos,active,21,International NGO,amnesty,Netherlands (the)
NL-KvK-41177601,Mondiaal FNV,active,22,National NGO,mondiaalfnv,Netherlands (the)
NL-KVK-41177588,WNF Wereld Natuur Fonds,active,21,International NGO,wnf,Netherlands (the)
AU-ACNC-19242959685,International Women's Development Agency,active,21,International NGO,iwda,Australia
NL-KVK-41180885,Comité Neerlandês da UICN,active,21,International NGO,iucn_nl,Netherlands (the)
NL-KVK-41155305,Tropenbos International,active,21,International NGO,tbi,Netherlands (the)
ZA-PBO-064-502,Sonke Gender Justice,active,21,International NGO,sjg,South Africa
NL-KVK-27267681,Centro do Clima da Cruz Vermelha e do Crescente Vermelho,active,21,International NGO,climate_centre,Netherlands (the)
NL-KVK-9099028,Wetlands International,active,21,International NGO,wi,(No country assigned)
PK-VSWA-511-2007,Acid Survivors Foundation,active,22,National NGO,_admin,Pakistan
NL-KVK-54436222,CNV Internationaal,active,22,National NGO,nl-kvk-54436222-27541,Netherlands (the)
GB-COH-01846493,AECOM,active,70,Private Sector,aecom,United Kingdom of Great Britain and Northern Ireland (the)
GB-CHC-1160256,,active,21,International NGO,read-foundation,United Kingdom of Great Britain and Northern Ireland (the)
BE-BCE_KBO-0410057701,Institute of Tropical Medicine,active,15,Other Public Sector,itm,Belgium
ZW-ROD-2172,,active,22,National NGO,galz,Zimbabwe
BE-BCE_KBO-0264814354,Agência de desenvolvimento belga (Enabel),active,10,Government,enabel,Belgium
GB-CHC-287287,Centre for Economic Policy Research,active,22,National NGO,cepr,United Kingdom of Great Britain and Northern Ireland (the)
NL-KVK-41197577,Aldeias de Crianças SOS – Países Baixos,active,60,Foundation,sosnl,Netherlands (the)
NL-KVK-41211943,HealthNet TPO,active,21,International NGO,healthnet,Netherlands (the)
GB-SC-SCO45223,marysmeals,active,21,International NGO,marysmeals,United Kingdom of Great Britain and Northern Ireland (the)
AF-MOE-1212,Afghanistan Public Policy Research Organization (APPRO),active,80,"Academic, Training and Research",appro-af,Afghanistan
GB-COH-04105827,MannionDaniels,active,70,Private Sector,manniondaniels,United Kingdom of Great Britain and Northern Ireland (the)
BE-GTCF-630789842,APPRO – Europe,active,80,"Academic, Training and Research",appro-eu,Belgium
NL-KVK-27195046,VNG International,active,15,Other Public Sector,vngi,Netherlands (the)
KE-RCO-C1-61,Sede da Amref Health Africa,active,21,International NGO,amrefhq,Kenya
NL-KVK-09098104,Wageningen University & Research - Stichting Wageningen Research,active,80,"Academic, Training and Research",wageningen_ur,Netherlands (the)
NL-KVK-27078545,FMO,active,30,Public Private Partnership,fmo,Netherlands (the)
GB-COH-03846881,Social Development Direct Limited,active,70,Private Sector,sddirect,United Kingdom of Great Britain and Northern Ireland (the)
XI-IATI-CABI,CABI,active,40,Multilateral,cabi,(No country assigned)
US-EIN-52-1764268,BSR,active,21,International NGO,bsr_admin,United States of America (the)
GB-COH-07964746,,active,70,Private Sector,satelliteapplicationscatapultltd,United Kingdom of Great Britain and Northern Ireland (the)
GB-COH-11080032,,active,70,Private Sector,medaccess,United Kingdom of Great Britain and Northern Ireland (the)
NL-KVK-40530156,COC Nederland,active,22,National NGO,cocnl_publisher,Netherlands (the)
NL-KVK-41078390,Centro Europeu de Jornalismo,active,22,National NGO,ejc,Netherlands (the)
KR-GOV-010,República da Coreia,active,10,Government,odakorea,Korea (the Republic of)
ET-MFA-0001989741,Amref Health Africa in Ethiopia,active,21,International NGO,amrefeth,Ethiopia
GB-COH-02651349,IMC WORLDWIDE,active,70,Private Sector,imcw_admin,United Kingdom of Great Britain and Northern Ireland (the)
IN-MCA-U74140DL1998PLC097579,IPE Global Limited,active,70,Private Sector,ipeglobal,India
GB-CHC-209603,Royal National Lifeboat Institution (RNLI),active,21,International NGO,rnli_international,United Kingdom of Great Britain and Northern Ireland (the)
GB-COH-05543952,Cardno Emerging Markets,active,70,Private Sector,cardnoem,United Kingdom of Great Britain and Northern Ireland (the)
MW-NBM-R1527,Amref Health Africa in Malawi,active,22,National NGO,amrefmw,Malawi
XI-IATI-WAI,WASH Alliance International,active,21,International NGO,wai,Netherlands (the)
GB-CHC-1148143,Stakeholder Democracy Network,active,21,International NGO,sdn,United Kingdom of Great Britain and Northern Ireland (the)
GB-COH-04354941,Sound Seekers Limited,active,21,International NGO,soundseekers,United Kingdom of Great Britain and Northern Ireland (the)
US-DOS-64562614,One Acre Fund,active,21,International NGO,oneacrefund,(No country assigned)
MW-CNM-BCM-CF,Baylor College of Medicine Children's Foundation Malawi,active,22,National NGO,bcm-cf,Malawi
UG-NGB-5914-252,Amref Health Africa in Uganda,active,22,National NGO,amrefug,Uganda
GB-CHC-228248,Overseas Development Institute,active,80,"Academic, Training and Research",odi,United Kingdom of Great Britain and Northern Ireland (the)
NL-KVK-53521129,"IDH, the Sustainable Trade Initiative",active,21,International NGO,idh,Netherlands (the)
MW-CNM-C076-1999,Youth Net and Counselling – YONECO,active,22,National NGO,yoneco1997,Malawi
XM-DAC-69-1,Ministério dos Assuntos Estrangeiros e Europeus da República Eslovaca,active,10,Government,slovakaid,Slovakia
US-EIN-20-1173866,Omidyar Network Fund Inc.,active,60,Foundation,omidyarnetwork,United States of America (the)
CA-CRA_ACR-101182509,Cowater International Inc,active,70,Private Sector,cowater,Canada
ZA-NPO-057-611,,active,23,Regional NGO,nj_1,South Africa
FI-PRO-139407,Caritas Finlândia,active,22,National NGO,caritasfin,Finland
XM-DAC-903,Sociedade Financeira Internacional,active,40,Multilateral,ifcwbg,United States of America (the)
US-EIN-550825466,IntraHealth International,active,21,International NGO,intrahealth,United States of America (the)
NL-KVK-855689493,Stichting Mayday Rescue Foundation,active,60,Foundation,maydayrescue,Netherlands (the)
GB-COH-08828458,International Network of People who Use Drugs (INPUD),active,21,International NGO,inpud_admin,United Kingdom of Great Britain and Northern Ireland (the)
US-EIN-13-4128413,Global Alliance for TB Drug Development,active,80,"Academic, Training and Research",tb-a,United States of America (the)
NL-KVK-41146461,Stichting Deltares,active,,,deltares,Netherlands (the)
NO-BRC-871033552,Norwegian People's Aid,active,21,International NGO,npa,Norway
GB-CHC-1145640,The Queen Elizabeth Diamond Jubilee Trust,active,60,Foundation,qedjt,United Kingdom of Great Britain and Northern Ireland (the)
ZA-PBO-930040668,Orbis Africa,active,21,International NGO,orbis_africa,South Africa
XM-DAC-1409,Enhanced Integrated Framework,active,40,Multilateral,eif,Switzerland
IM-CR-024714B,openmindedly,active,70,Private Sector,openmindedly,Isle of Man
GB-COH-08333641,Delivery Associates Ltd,active,70,Private Sector,delivery_associates,United Kingdom of Great Britain and Northern Ireland (the)
XM-DAC-41110,Secretariado do Programa Conjunto das Nações Unidas sobre HIV/AIDS (ONUSIDA),active,40,Multilateral,unaids,Switzerland
NL-KVK-41209946,Mainline,active,60,Foundation,mainline,Netherlands (the)
GB-COH-SC100833,LTS International Limited,active,70,Private Sector,lts,United Kingdom of Great Britain and Northern Ireland (the)
GB-CHC-1126281,Human Relief Foundation,active,21,International NGO,hrf,United Kingdom of Great Britain and Northern Ireland (the)
US-EIN-262681792,International Initiative for Impact Evaluation,active,21,International NGO,3ie,United States of America (the)
BE-BCE_KBO-0453975341,Search for Common Ground (SFCG),active,21,International NGO,sfcg,Belgium
BE-BCE_KBO-0453475391,Search for Common Ground (SFCG),withdrawn,21,International NGO,sfcg,Belgium
US-EIN-13-5660870,Comité Internacional de Socorro,active,21,International NGO,irc_inc,United States of America (the)
NP-SWC-27288,Burns Violence Survivors – Nepal,active,22,National NGO,bvs-nepal,Nepal
US-EIN-13-3960591,,active,21,International NGO,social_accountability_international,United States of America (the)
NL-KVK-56083459,Women Peacemakers Program,active,21,International NGO,wpp,Netherlands (the)
GB-COH-01650169,Ecorys UK,active,70,Private Sector,ecuk,United Kingdom of Great Britain and Northern Ireland (the)
US-EIN-471065461,The Global Forum on MSM & HIV (MSMGF),active,21,International NGO,msmgf,United States of America (the)
US-EIN-56-1071085,Ipas,active,21,International NGO,ipas,United States of America (the)
NG-CAC-495140,Women Environmental Programme,active,22,National NGO,wep,Nigeria
DK-CVR-36980214,DanChurchAid,active,21,International NGO,dca,Denmark
NL-KVK-41214768,Global Network of People Living with HIV (GNP+),active,21,International NGO,gnpplus,Netherlands (the)
BO-NIT-1013209020,,active,21,International NGO,wwf_bolivia,Bolivia (Plurinational State of)
GB-COH-08705643,,active,15,Other Public Sector,ktn,United Kingdom of Great Britain and Northern Ireland (the)
GB-COH-SC349355,Global Network of Sex Work Projects (NSWP),active,21,International NGO,nswp,United Kingdom of Great Britain and Northern Ireland (the)
NL-KVK-34219433,Fundação Max,active,60,Foundation,max-foundation,Netherlands (the)
CH-FDJP-66029860165,INTERNATIONAL DISABILITY ALLIANCE,active,21,International NGO,ida,Switzerland
US-EIN-27-5026463,Disability Rights Advocacy Fund,active,21,International NGO,draf,United States of America (the)
DK-CVR-29439915,Caritas Dinamarca,active,22,National NGO,caritas_denmark,Denmark
NL-KVK-66926262,Win Win Strategies,active,21,International NGO,wws,Netherlands (the)
GB-COH-03054929,DAI Global Health,active,70,Private Sector,healthpartners-international,United Kingdom of Great Britain and Northern Ireland (the)
GB-COH-OC305127,BDO LLP,active,70,Private Sector,bdo,United Kingdom of Great Britain and Northern Ireland (the)
US-EIN-203908371,Fórum Económico Mundial,active,21,International NGO,worldeconomicforum,United States of America (the)
BW-CIPA-CO20151011,International Treatment Preparedness Coalition (ITPC),active,21,International NGO,itpc,Botswana
TZ-BRLA-4368,Amref Health Africa in Tanzania,active,21,International NGO,amreftz,"Tanzania, the United Republic of"
US-EIN-52-1238773,Women's Environment & Development Organization,active,21,International NGO,wedo,United States of America (the)
GB-COH-NI630024,Siren Associates,active,70,Private Sector,siren,United Kingdom of Great Britain and Northern Ireland (the)
GB-COH-8159144,Construction Sector Transparency Initiative (CoST),active,21,International NGO,cost_uk,(No country assigned)
NL-KVK-32022621,,active,21,International NGO,rnw_org,Netherlands (the)
BE-BCE_KBO-0550758080,Instituto Europeu para a Paz,active,15,Other Public Sector,eip,Belgium
NL-KVK-33226495,Atradius Dutch State Business,active,70,Private Sector,adsb,Netherlands (the)
ZA-NPO-029-864,CIVICUS World Alliance for Citizen Participation,active,21,International NGO,civicus,South Africa
NG-CAC-IT-23286,Centre For Citizens With Disabilities,active,22,National NGO,ccdnigeria,Nigeria
XI-IATI-UNPF,UN Pooled Funds,active,40,Multilateral,unpf,(No country assigned)
CH-FDJP-66006990023,ACT Alliance,active,21,International NGO,act_alliance,Switzerland
NL-KVK-30258482,,active,21,International NGO,kerk_in_actie,Netherlands (the)
XM-DAC-47064,International Network for Bamboo and Rattan (INBAR),active,40,Multilateral,inbar,(No country assigned)
NL-KVK-27251823,Support Trust for Africa Development (STAD),active,21,International NGO,stad,Netherlands (the)
XM-DAC-5-52,,active,15,Other Public Sector,giz,Germany
XM-DAC-236,Ministério da Economia e das Finanças do Benim,active,10,Government,mefbenin,Benin
DK-CVR-44623528,COWI,active,15,Other Public Sector,cowi,Denmark
NL-KVK-34148682,AFEW International,active,21,International NGO,afewinternational,Netherlands (the)
XM-DAC-30011,União Internacional para a Conservação da Natureza e dos Seus Recursos,active,15,Other Public Sector,iucn,Switzerland
BJ-IFU-3200700033415,Société Nationale des Eaux du Bénin (SONEB),active,15,Other Public Sector,soneb-benin,Benin
LB-MOI-18291,Arab foundation for freedoms and equality,active,23,Regional NGO,afemena,Lebanon
US-GOV-1,Agência dos Estados Unidos para o Desenvolvimento Internacional (USAID),active,10,Government,usaid,United States of America (the)
GB-COH-07321996,Integrity Research and Consultancy Ltd,active,70,Private Sector,integrity,United Kingdom of Great Britain and Northern Ireland (the)
CH-FDJP-109458452,DCAF – Geneva Centre for Security Sector Governance,active,60,Foundation,dcaf,Switzerland
US-EIN-943287156,Association for Progressive Communication,active,21,International NGO,apc,United States of America (the)
KE-RCO-201036685,UHAI EASHRI,active,60,Foundation,uhai-eashri,Kenya
CZ-ICO-25755277,People in Need,active,21,International NGO,pin,Czechia
ZA-NPO-060766,,active,21,International NGO,cal_2000-pu,South Africa
BE-BCE_KBO-0427736148,Trias,active,22,National NGO,trias,Belgium
IE-CHY-20009601,Trocaire,active,21,International NGO,trocaire,Ireland
GB-CHC-1171353,Global Innovation Fund,active,21,International NGO,gif,United Kingdom of Great Britain and Northern Ireland (the)
GB-COH-04161656,ICF Consulting Services Ltd,active,70,Private Sector,icf,United Kingdom of Great Britain and Northern Ireland (the)
BJ-IFU-6201408024805,Associação Nacional de Comunas do Benim (ANCB),active,22,National NGO,ancb_benin,Benin
US-EIN-13-2890727,Guttmacher Institute,active,21,International NGO,guttmacher,United States of America (the)
XM-DAC-41301,Organização das Nações Unidas para a Alimentação e a Agricultura (FAO),active,40,Multilateral,fao,Italy
CH-FDJP-106064950,Medair,active,21,International NGO,medair,Switzerland
NL-KVK-27302841,Giro555 (Stichting Samenwerkende Hulporganisaties),active,21,International NGO,giro555,Netherlands (the)
GB-COH-RC000053,,active,80,"Academic, Training and Research",thebritishacademy,United Kingdom of Great Britain and Northern Ireland (the)
XM-DAC-928,Organização Mundial da Saúde,active,40,Multilateral,who,Switzerland
GB-CHC-1154230,Girls Not Brides: The Global Partnership to End Child Marriage,active,21,International NGO,girlsnotbrides,United Kingdom of Great Britain and Northern Ireland (the)
NL-KVK-41152832,Stichting Nederlands Instituut voor Internationale Betrekkingen 'Clingendael',active,80,"Academic, Training and Research",clingendael,Netherlands (the)
IN-MCA-U74900MH2015PTC310042,,withdrawn,70,Private Sector,intellecap,India
NL-KVK-41160229,PUM Netherlands,active,21,International NGO,pumnl,Netherlands (the)
NL-KVK-41153698,World Federalist Movement - Institute for Global Policy,active,21,International NGO,wfm-igp,Netherlands (the)
GB-CHC-1091105,Meningitis Research Foundation,active,21,International NGO,mrf,United Kingdom of Great Britain and Northern Ireland (the)
PH-SEC-FN200806591,Women's Global Network on Reproductive Rights,active,21,International NGO,wgnrr_iati,Philippines (the)
US-EIN-27-3755556,IDEO.org,active,21,International NGO,ideo_org,United States of America (the)
ET-CSA-0081,,active,22,National NGO,swda,Ethiopia
CH-FDJP-66004229946,Fórum Económico Mundial – Genebra,active,21,International NGO,weforum_geneva,Switzerland
BE-BCE_KBO-0410644946,Caritas International (Bélgica),active,22,National NGO,cibe,Belgium
CH-FDJP-CHE105834763,Helvetas Swiss Intercooperation,active,21,International NGO,hsi,Switzerland
NL-KVK-30195730,MVO Nederland,active,15,Other Public Sector,mvo_nederland,Netherlands (the)
ML-NIF-400100027H,DNH Mali (Direção Nacional de Hidráulica do Mali),active,10,Government,pca-gire,Mali
US-EIN-13-1624114,Near East Foundation (NEF USA),active,21,International NGO,nef_usa,United States of America (the)
US-EIN-58-1454716,The Carter Center,active,21,International NGO,carter-center,United States of America (the)
NL-KVK-41169161,International Child Development Initiatives,withdrawn,21,International NGO,icdi,Netherlands
NL-KVK-27290536,HiiL innovating Justice,active,60,Foundation,hiil_mfa,Netherlands (the)
PS-MOI-RA-22220-A,Union of Agricultural Work Committees,active,22,National NGO,uawc,"Palestine, State of"
NL-KVK-53815211,Stichting VU Amsterdam - Amsterdam Centre for World Food Studies,active,80,"Academic, Training and Research",acwfs_vu,Netherlands (the)
ET-MOT-020/4/007,Ethiopian Horticulture Producer Exporters Association (EHPEA),active,22,National NGO,ehpea,Ethiopia
NL-KVK-41197411,Instituto Internacional de Documentação Fiscal (IBFD),active,80,"Academic, Training and Research",ibfd,Netherlands (the)
NL-KVK-67143555,United Work,active,22,National NGO,united_work,Netherlands (the)
NL-KVK-27102631,Comité Nacional dos Países Baixos do UNICEF,active,22,National NGO,unicefnl,Netherlands (the)
XM-DAC-6-4,AICS - Agenzia Italiana per la Cooperazione allo Sviluppo/Agência Italiana para a Cooperação e o Desenvolvimento,active,10,Government,aics,Italy
US-EIN-26-4129153,Climate Policy Initiative,active,80,"Academic, Training and Research",cpi,United States of America (the)
LR-MPEA-NGO-AC-0298,YMCA of Liberia,active,22,National NGO,libymca,Liberia
KE-RCO-CPR-2009-5689,,active,23,Regional NGO,tma,Kenya
KE-RCO-CPR/2009/5689,TradeMark East Africa,withdrawn,23,Regional NGO,tmea,Kenya
TR-MOI-27-018-163,Local Development and Small Projects Support,active,22,National NGO,ldsps,Türkiye
BE-BCE_KBO-0418766123,Vlaamse Interuniversitaire Raad voor Universitaire Ontwikkelingssamenwerking (VLIR-UOS),active,80,"Academic, Training and Research",vlir-uos,Belgium
ET-CSA-0009,,active,22,National NGO,dec_ethiopia,Ethiopia
AR-CENOC-16969-A,Fundación Fondo Mujeres del Sur,active,60,Foundation,fms,Argentina
US-EIN-58-2368165,Fundação das Nações Unidas,active,22,National NGO,unf,United States of America (the)
XM-DAC-47058,International IDEA,active,40,Multilateral,idea,Sweden
NL-KVK-41146484,IHE Delft Institute for Water Education,active,80,"Academic, Training and Research",ihedelft,Netherlands (the)
US-EIN-13-2626135,TechnoServe,active,21,International NGO,tns,United States of America (the)
MZ-NUIT-700098168,Administração de Infra-Estruturas de Águas e Saneamento,active,10,Government,aias,Mozambique
XM-DAC-46009,Banco de Desenvolvimento do Caribe (BDC),active,40,Multilateral,caribank,Barbados
US-EIN-463668128,Comissão para as Mulheres Refugiadas,active,21,International NGO,w_r_c,United States of America (the)
MZ-NUIT-50039061,Agência de Desenvolvimento do Vale do Zambeze,active,10,Government,agencia_do_zambeze,Mozambique
US-EIN-56-2460366,Conflict Dynamics International,active,21,International NGO,cdi,United States of America (the)
GB-COH-RC000658,Universidade de Leeds,active,80,"Academic, Training and Research",leedsuni,United Kingdom of Great Britain and Northern Ireland (the)
MW-MRA-20125995,Mulanje Mission Hospital,active,22,National NGO,mmh,Malawi
NL-KVK-73728489,,active,21,International NGO,inso,Netherlands (the)
GB-CHC-1140276,International NGO Safety Organisation,withdrawn,21,International NGO,inso,United Kingdom
XM-DAC-41116,Programa das Nações Unidas para o Meio Ambiente (PNUA),active,40,Multilateral,un-environment,(No country assigned)
MW-RG-2977,Palliative Care Support Trust,active,22,National NGO,pcst,Malawi
GB-CHC-802353,Ethiopiaid Reino Unido,active,21,International NGO,ethiopiaiduk,United Kingdom of Great Britain and Northern Ireland (the)
NL-KVK-70292361,Access to Seeds Foundation,active,21,International NGO,atsf,Netherlands (the)
BE-BCE_KBO-0408643875,Oxfam Solidarité-Solidariteit,active,22,National NGO,oxsol,Belgium
US-EIN-33-1112770,CLASP,active,21,International NGO,clasp,United States of America (the)
NL-KVK-58279199,The Access to Nutrition Foundation,active,21,International NGO,atnf,Netherlands (the)
GB-CHC-1106349,International Network for Advancing Science and Policy,active,21,International NGO,inasp,United Kingdom of Great Britain and Northern Ireland (the)
BD-NAB-1102,Population Services and Training Centre (PSTC),active,22,National NGO,pstc_1102,Bangladesh
JO-CCD-200138796,Horizons for Green Development,active,22,National NGO,horizons,Jordan
GB-CHC-1082565,Handicap International UK,active,80,"Academic, Training and Research",hiuk,United Kingdom of Great Britain and Northern Ireland (the)
ET-CSA-0638,Send a Cow Ethiopia,active,22,National NGO,sacethiopia,Ethiopia
RS-APR-17062603,Caritas Sérvia,active,22,National NGO,caritas_serbia,(No country assigned)
NL-KVK-41185216,Netherlands Commission for Environmental Assessment,active,60,Foundation,ncea,Netherlands (the)
US-EIN-23-7069110,Oxfam America,active,21,International NGO,oxfamus,United States of America (the)
KE-NCB-218/051/15179/10159,Kesho Kenya,active,22,National NGO,kesho_kenya,Kenya
KE-NCB-OP21805193101154,Ananda Marga Universal Relief Team (AMURT) Africa,active,22,National NGO,amurt_kenya,Kenya
KE-NCB-KENCBOP218051200802235390,Pastoralist Girls Initiative,active,22,National NGO,pgi_kenya,Kenya
LB-MOI-26_AD,Fundação Berytech,active,60,Foundation,berytech,Lebanon
NL-KVK-64680029,,active,60,Foundation,wfaf,Netherlands (the)
NL-KVK-41150085,Nuffic,active,80,"Academic, Training and Research",nuffic20171017,Netherlands (the)
BJ-IFU-6201200599008,ONG ALCRER,active,22,National NGO,alcrer-1,Benin
SE-ON-802017-3517,Diakonia Sweden,active,21,International NGO,diakonia-sweden,Sweden
BJ-IFU-6201101048400,Social Watch Benin,active,22,National NGO,swb_1,Benin
GB-GOV-13,"Department for Business, Energy and Industrial Strategy (BEIS) – Reino Unido",active,10,Government,beis,United Kingdom of Great Britain and Northern Ireland (the)
US-EIN-13-1687001,"The Population Council, Inc.",active,80,"Academic, Training and Research",populationcouncil,United States of America (the)
SN-NINEA-621108990A0,Panos Institute West Africa (PIWA),active,21,International NGO,ipao,Senegal
NL-KVK-41159889,Prince Claus Fund,active,21,International NGO,pcf,Netherlands (the)
US-EIN-11-3803281,African Center for Economic Transformation (ACET),active,23,Regional NGO,acet,United States of America (the)
GB-COH-09288843,The Power of Nutrition,active,60,Foundation,the_power_of_nutrition,United Kingdom of Great Britain and Northern Ireland (the)
DK-CVR-20699310,Conselho Dinamarquês para os Refugiados,active,21,International NGO,drc,Denmark
GB-CHC-1051681,Charitable Trust – Secção do Reino Unido da Amnistia Internacional,active,21,International NGO,aiuk,United Kingdom of Great Britain and Northern Ireland (the)
GB-EDU-133784,Universidade de Birmingham,active,80,"Academic, Training and Research",universityofbirmingham,United Kingdom of Great Britain and Northern Ireland (the)
MZ-NUIT-600000381,Fundo de Investimento e Património do Abastecimento de Água (FIPAG),active,15,Other Public Sector,fipag,Mozambique
ZW-PVO-15/2003,CARE International in Zimbabwe,active,21,International NGO,ciz,Zimbabwe
US-EIN-521257057,Instituto de Recursos Mundiais,active,21,International NGO,wri,United States of America (the)
KE-RSO-14210,United Disabled Persons of Kenya,withdrawn,22,National NGO,udpk,Kenya
BE-BCE_KBO-0435563751,Memisa,active,80,"Academic, Training and Research",memisa,Belgium
ZW-PVO-26/79,World Vision Zimbabwe,active,21,International NGO,wvz-gec,Zimbabwe
NL-KVK-34271281,World Waternet,active,21,International NGO,worldwaternet,Netherlands (the)
NL-KVK-24316726,Ecorys Nederland B.V.,active,70,Private Sector,ecorysnl,Netherlands (the)
XM-DAC-47136,Global Green Growth Institute (GGGI),active,40,Multilateral,gggi,(No country assigned)
BE-BCE_KBO-0448755949,Collectif Stratégies Alimentaires,active,22,National NGO,csa,Belgium
NL-KVK-34370207,Universidade de Amesterdã,active,80,"Academic, Training and Research",uva_org,Netherlands (the)
NL-KVK-41201198,The Hunger Project Netherlands,active,21,International NGO,thp_org,Netherlands (the)
BE-BCE_KBO-0451857573,VVSG – Vereniging van Vlaamse Steden en Gemeenten,active,15,Other Public Sector,vvsg,Belgium
BE-BCE_KBO-0425410524,SOS FAIM – SOS HUNGER,active,22,National NGO,sosfaim,Belgium
ET-CSA-0486,Wolayita Development Association,active,80,"Academic, Training and Research",woda_0486,Ethiopia
BE-BCE_KBO-0423616717,VVOB Education for Development,active,15,Other Public Sector,vvob,Belgium
BE-BCE_KBO-0423588904,Autre Terre asbl,active,80,"Academic, Training and Research",a-t,Belgium
BE-BCE_KBO-0449400604,Ngo-federatie (Vlaamse federatie van ngo's voor ontwikkelingssamenwerking),active,22,National NGO,ngo-federatie,Belgium
CA-CRA_ACR-872374426,War Child Canada,active,21,International NGO,wcc,Canada
KE-NCB-218/051/93132/90,Federation of Women Lawyers Kenya,active,22,National NGO,fida,Kenya
IN-MCA-U74140WB1983PTC036093,PricewaterhouseCoopers Private Limited India,active,70,Private Sector,pwcplindia,India
ET-CSA-1063,Orbis Ethiopia,active,22,National NGO,orbis_ethiopia,Ethiopia
BE-BCE_KBO-0461076236,Centre Tricontinental – CETRI,active,22,National NGO,ct-admin,Belgium
BE-BCE_KBO-0418015461,Entraide et Fraternité,active,22,National NGO,ef_,Belgium
GB-CHC-1076822,Save the Children International,active,21,International NGO,sci,United Kingdom of Great Britain and Northern Ireland (the)
BE-BCE_KBO-0422717486,Louvain Coopération,active,22,National NGO,lc,Belgium
BE-BCE_KBO-0451516390,Brulocalis,active,15,Other Public Sector,brulocalis,Belgium
BE-BCE_KBO-0421207751,Centre National de Coopération au Développement (CNCD-11.11.11),active,22,National NGO,cncd,Belgium
BE-BCE_KBO-0418282311,Viva Salud,active,22,National NGO,g3w-m3m_admin,Belgium
BE-BCE_KBO-0416486821,Oxfam-Magasins du monde (omdm),active,22,National NGO,omdm,Belgium
BE-BCE_KBO-0451461655,Union des Villes et Communes de Wallonie (UVCW),active,15,Other Public Sector,uvcw,Belgium
XM-OCHA-CBPF,OCHA Country Based Pooled Funds,active,40,Multilateral,unocha-cbpf,(No country assigned)
BE-BCE_KBO-0424198222,Association for Cultural Technical and Educational Cooperation (ACTEC),active,22,National NGO,actec,Belgium
BE-BCE_KBO-0408908151,Iles de Paix,active,22,National NGO,idp,Belgium
NP-SWC-1844,Center for Research on Environment Health and Population Activities (CREHPA),active,22,National NGO,crehpa,Nepal
US-EIN-237297651,Orbis International,active,21,International NGO,orbis_international,United States of America (the)
BE-BCE_KBO-0474198059,Africalia,active,15,Other Public Sector,africalia,Belgium
BE-BCE_KBO-0419872616,Tearfund VZW (TFBE),active,22,National NGO,tfb_admin1,Belgium
BE-BCE_KBO-0413986102,Wereldsolidariteit-Solidarité Mondiale (WSM),active,22,National NGO,wsm,Belgium
NG-CAC-692943,Academy for Health Development (AHEAD),active,80,"Academic, Training and Research",ahead,Nigeria
BE-BCE_KBO-0461634084,Rode Kruis-Vlaanderen Internationaal vzw,active,22,National NGO,rkiv,Belgium
BE-BCE_KBO-0410661673,SCI Projets Internationaux ASBL – Service Civil International branche belge,active,22,National NGO,scibelgium,Belgium
BE-BCE_KBO-0432552989,Fonds voor Ontwikkelingssamenwerking – Socialistische Solidariteit VZW,active,22,National NGO,fos,Belgium
BE-BCE_KBO-0445412518,Institute for International Workers Education,active,22,National NGO,iiwe,Belgium
AF-MOE-138,Fundação Aga Khan – Afeganistão,active,60,Foundation,akf_afghanistan,Afghanistan
BE-BCE_KBO-0415627875,ULB-Coopération,active,22,National NGO,ulbcoop,Belgium
DK-CVR-37295728,NIRAS A/S,active,70,Private Sector,niras,Denmark
NL-KVK-62066064,GOGLA – Global Off-Grid Lighting Association,active,70,Private Sector,gogla,Netherlands (the)
US-EIN-06-1608361,African Population and Health Research Center,active,23,Regional NGO,aphrc,United States of America (the)
BE-BCE_KBO-0409451054,Enfance Tiers Monde Kinderen Derde Wereld,active,22,National NGO,etmkdw,Belgium
ZW-ROD-MA988/87,Women's Action Group,active,22,National NGO,wag-1983,Zimbabwe
BE-BCE_KBO-0408628435,SOS Kinderdorpen België / SOS Villages d'Enfants Belgique,active,21,International NGO,svdbskb_admin,Belgium
ET-CSA-1233,EngenderHealth Ethiopia,active,21,International NGO,engenderhealth_eth,Ethiopia
US-EIN-52-2145827,Chemonics International Inc.,active,70,Private Sector,chemonics,United States of America (the)
BE-BCE_KBO-0441988715,Fairtrade Bélgica,active,22,National NGO,fairtrade_be,Belgium
LB-MOI-497,ABAAD – Resource Center for Gender Equality,active,22,National NGO,arcfge,Lebanon
ZM-PCR-10104052014,,active,21,International NGO,pphpz,Zambia
BE-BCE_KBO-0462132150,Croix-Rouge de Belgique Communauté francophone - Activités internationales ASBL,active,22,National NGO,crb-ai_admin,Belgium
BE-BCE_KBO-0431955945,Sensorial Handicap Cooperation,active,80,"Academic, Training and Research",shc,Belgium
BE-BCE_KBO-0415880570,Association pour la Promotion de l'Education et de la Formation à l'Etranger,active,15,Other Public Sector,apefe,Belgium
BE-BCE_KBO-0433439550,Défi Belgique Afrique,active,22,National NGO,dba,Belgium
BE-BCE_KBO-0463455904,Chaîne de l'Espoir Belgique / Keten van Hoop België / Chain of Hope Belgium,active,22,National NGO,cdeb-kvhb_admin,Belgium
BE-BCE_KBO-0432235661,Handicap International Belgique,active,22,National NGO,hib,Belgium
BE-BCE_KBO-0415426155,Miel Maya Honing asbl,active,22,National NGO,mmha,Belgium
NL-KVK-34185938,Access to Medicine Foundation,active,60,Foundation,atmf,Netherlands (the)
BE-BCE_KBO-0442168263,VETERINAIRES SANS FRONTIERES / DIERENARTSEN ZONDER GRENZEN - BÉLGICA,active,22,National NGO,vsfbelgium,Belgium
BE-BCE_KBO-0419189557,Rotary Clubs For Development,active,22,National NGO,rc4d,Belgium
BE-BCE_KBO-0454555163,RCN Justice & Démocratie,active,22,National NGO,rcn,Belgium
BE-BCE_KBO-0460162753,Medecins du Monde Belgique / Dokters van de Wereld Belgïe,active,22,National NGO,medecins,Belgium
BE-BCE_KBO-0413119733,VIA Don Bosco,active,22,National NGO,via-db,Belgium
BE-BCE_KBO-0408022778,Djapo,active,22,National NGO,djapo,Belgium
BE-BCE_KBO-0420656336,Rikolto in Belgium,active,22,National NGO,rikolto_belgium,Belgium
BE-BCE_KBO-0407562029,Comité Nacional da Bélgica do UNICEF,active,22,National NGO,ub,Belgium
BE-BCE_KBO-0662878501,Rikolto,active,60,Foundation,rikolto,Belgium
BE-BCE_KBO-0418088113,Broederlijk Delen,active,22,National NGO,bd,Belgium
BE-BCE_KBO-0417299047,Protos,active,22,National NGO,protos,Belgium
BE-BCE_KBO-0479866027,Studio Globo,active,80,"Academic, Training and Research",sg,Belgium
BE-BCE_KBO-0478060441,Beweging voor Internationale Solidariteit / Mouvement pour la Solidarité Internationale,active,22,National NGO,bismsi,Belgium
BE-BCE_KBO-0479222461,BOS+ tropen,active,22,National NGO,bos_plus_tropen,Belgium
BE-BCE_KBO-0432622077,FIAN Belgium,active,22,National NGO,fian-belgium,Belgium
BE-BCE_KBO-0463729878,Benelux Afro Center,active,22,National NGO,bac,Belgium
BE-BCE_KBO-0432624255,Solsoc,active,22,National NGO,solsoc,Belgium
BE-BCE_KBO-0408095925,Auto-Développement Afrique (ADA),active,22,National NGO,ada,Belgium
CO-RUE-860013779-5,,active,70,Private Sector,profamilia,Colombia
BE-BCE_KBO-0416934803,Forum Universitaire pour la Coopération Internationale au Développement – FUCID ASBL,active,22,National NGO,fucid,Belgium
BE-BCE_KBO-0418399305,COMMISSION JUSTICE ET PAIX ASBL (cjp),active,22,National NGO,cjp,Belgium
BE-BCE_KBO-0408656248,Fundo Mundial para a Natureza – Bélgica (WWF-BE),active,22,National NGO,wwf-be,Belgium
BE-BCE_KBO-0472089102,GEOMOUN ASBL,active,22,National NGO,geomoun,Belgium
BE-BCE_KBO-0408256667,Congodorpen vzw,active,22,National NGO,congodorpen,Belgium
GB-COH-04644326,Agulhas Applied Knowledge,active,70,Private Sector,aak,United Kingdom of Great Britain and Northern Ireland (the)
BE-BCE_KBO-0409597544,FONCABA ASBL KBA VZW,active,22,National NGO,foncaba,Belgium
BE-BCE_KBO-0432503697,Eclosio,active,22,National NGO,eclosio,Belgium
BE-BCE_KBO-0420790948,Universitair Centrum voor Ontwikkelingssamenwerking,active,22,National NGO,ucos,Belgium
XM-DAC-7-PPR-4000005312,,active,60,Foundation,ybawahid,Indonesia
CO-RUE-900.683.942-8,,active,30,Public Private Partnership,rpm,Colombia
BE-BCE_KBO-0421210424,Koepel van de Vlaamse Noord-Zuidbeweging 11.11.11 VZW,active,22,National NGO,111111_publisher,Belgium
BE-BCE_KBO-0415365777,Oxfam Wereldwinkels,active,22,National NGO,oww,Belgium
JO-MSD-2013011100066,Queen Rania Foundation for Education and Development,active,22,National NGO,qrfed,Jordan
KE-NCB-218-051-93197-173,,active,23,Regional NGO,fawe-rs,Kenya
KE-NCB-218.051.93197.173,,withdrawn,23,Regional NGO,fawe-rs,Kenya
NL-KVK-09119363,Fundação PRACTICA,active,60,Foundation,practica,Netherlands (the)
JO-COA-1701-HPC,,active,15,Other Public Sector,hpc,Jordan
US-EIN-22-3087809,IREX (International Research and Exchange Board),active,21,International NGO,irex,United States of America (the)
XM-DAC-47066,Organização Internacional para as Migrações (OIM),active,40,Multilateral,iom,Switzerland
BE-BCE_KBO-0416867297,KIYO,active,21,International NGO,kiyo,Belgium
US-EIN-900634376,C40 Cities Climate Leadership Group,active,80,"Academic, Training and Research",c40cities,United States of America (the)
GB-CHC-1135700,British & Irish Agencies Afghanistan Group,active,21,International NGO,baag,United Kingdom of Great Britain and Northern Ireland (the)
BE-BCE_KBO-0546740696,Académie de recherche et d'enseignement supérieur,active,80,"Academic, Training and Research",ares,Belgium
BE-BCE_KBO-0474912493,Dynamo International asbl,active,22,National NGO,dynamo_international,Belgium
BE-BCE_KBO-0445741823,Quinoa,active,22,National NGO,quinoa,Belgium
BE-BCE_KBO-0443262185,Echos Communication,active,22,National NGO,ec,Belgium
BE-BCE_KBO-0448723978,Médecins Sans Vacances,active,22,National NGO,msv,Belgium
BE-BCE_KBO-0446340550,Comité pour l'abolition des dettes illégitimes,active,22,National NGO,cadtm,Belgium
BE-BCE_KBO-0415499795,ITECO – Centre de formation pour le développement,active,22,National NGO,iteco,Belgium
NL-KVK-40478591,Real Associação Neerlandesa de Futebol,active,15,Other Public Sector,knvb,Netherlands (the)
ES-CIF-G81164105,Action Against Hunger Spain,active,21,International NGO,acfspain,Spain
BE-BCE_KBO-0406694670,Damiaanactie / Action Damien,active,22,National NGO,damien-foundation,Belgium
RW-RGB-101-RGB-NGO-2014,UWEZO Youth Empowerment,active,22,National NGO,uwezo_youth_empowerment,Rwanda
NL-KVK-41208024,Stichting Aidenvironment,active,60,Foundation,aidenvironment,Netherlands (the)
BE-BCE_KBO-0425420917,Plan International Bélgica,active,22,National NGO,pib,Belgium
NL-KVK-32102434,Fundação RUAF,active,60,Foundation,ruaf,Netherlands (the)
US-EIN-030358029,Population Media Center,active,21,International NGO,pmc,United States of America (the)
BE-BCE_KBO-0430826290,Le Monde selon les femmes asbl,active,22,National NGO,mondefemmes,Belgium
BE-BCE_KBO-0417549465,Coopération par l'Education et la Culture,active,22,National NGO,cec,Belgium
DK-CVR-25191501,Danmission,active,22,National NGO,danmission,Denmark
IN-MHA-337680017,Network For Enterprise Enhancement and Development Support,active,22,National NGO,needs,India
CO-RUE-860049972,Fundación Oriéntame,active,22,National NGO,orientame,Colombia
CH-FDJP-CHE102197003,Federação Internacional dos Contabilistas,active,21,International NGO,ifac,Switzerland
US-EIN-27-1414646,Clinton Health Access Initiative,active,21,International NGO,chai,United States of America (the)
US-EIN-13-3327220,Action Against Hunger USA,active,21,International NGO,aahusa,United States of America (the)
GB-COH-07157505,ODI Global Advisory Ltd,active,80,"Academic, Training and Research",odi_sales_ltd,United Kingdom of Great Britain and Northern Ireland (the)
UG-NGB-5914-129,AVSI FOUNDATION IN UGANDA,active,21,International NGO,avsi_uganda,Uganda
GH-DSW-2046,African Women's Development Financiamento,active,23,Regional NGO,awdf,Ghana
DE-CR-BonnVR8726,IFOAM – Organics International,active,21,International NGO,ifoam,Germany
GB-COH-05126149,The MENTOR Initiative,active,21,International NGO,the_mentor_initiative,United Kingdom of Great Britain and Northern Ireland (the)
EG-CR-117508,,active,70,Private Sector,nroot,Egypt
BD-NAB-0271,Bangladesh Nari Progati Sangha,active,22,National NGO,bnps,Bangladesh
GB-CHC-1112842,"Transparência Internacional, Reino Unido",active,21,International NGO,ti-uk,United Kingdom of Great Britain and Northern Ireland (the)
GB-CHC-1119168,Energy 4 Impact,active,21,International NGO,e4i,United Kingdom of Great Britain and Northern Ireland (the)
US-EIN-75-3130860,Center for Civilians in Conflict,active,21,International NGO,civic_admin,United States of America (the)
GB-COH-RC000672,,active,80,"Academic, Training and Research",uos,United Kingdom of Great Britain and Northern Ireland (the)
GB-CHC-1047653,Raleigh International,active,21,International NGO,raleigh_int,United Kingdom of Great Britain and Northern Ireland (the)
BE-BCE_KBO-0410757386,Solidagro,active,80,"Academic, Training and Research",solidagro_admin,Belgium
NL-KVK-41199723,NLR,active,21,International NGO,nlr,Netherlands (the)
TZ-TRA-101-091-759,Economic and Social Research Foundation (ESRF),active,80,"Academic, Training and Research",esrf,"Tanzania, the United Republic of"
NL-KVK-24365461,Right to Play Netherlands Foundation,active,21,International NGO,rtp,Netherlands (the)
NL-KVK-08134161,VEI (Vitens-Evides International),active,70,Private Sector,vei_nl,Netherlands (the)
XM-DAC-21018,Federação Internacional da Cruz Vermelha e do Crescente Vermelho (IFRC),active,21,International NGO,ifrcrcs,Switzerland
UG-NGB-10890,Bucks Community NGO,active,22,National NGO,bucksfarm,Uganda
XM-DAC-43000,Fundo Monetário Internacional,active,40,Multilateral,imf,United States of America (the)
GB-CHC-314137,Association of Commonwealth Universities,active,80,"Academic, Training and Research",acu,United Kingdom of Great Britain and Northern Ireland (the)
NL-KVK-56185154,"NpM, Platform for Inclusive Finance",active,22,National NGO,npm,Netherlands (the)
GB-CHC-1113101,Tropical Health and Education Trust,active,21,International NGO,tropicalhealth,United Kingdom of Great Britain and Northern Ireland (the)
US-EIN-52-0595110,Universidade Johns Hopkins,active,80,"Academic, Training and Research",gi-jhu,United States of America (the)
NL-KVK-56821743,MDF Global,active,60,Foundation,mdf,Netherlands (the)
CH-FDJP-CHE100871337,Conselho Internacional de Organizações Voluntárias,active,21,International NGO,icva,Switzerland
US-EIN-521750875,Iraq Foundation,active,21,International NGO,iraq_foundation,United States of America (the)
ES-CIF-G-8236803,Oxfam Intermón,active,21,International NGO,oxfamintermon,Spain
XM-DAC-41123,Organização das Nações Unidas para o Desenvolvimento Industrial (UNIDO),active,40,Multilateral,unido,(No country assigned)
GH-DSW-4711,Savana Signatures,active,22,National NGO,savsign-org,Ghana
GB-COH-00041424,,active,30,Public Private Partnership,ul,(No country assigned)
BD-NAB-0682,Development Organisation of the Rural Poor,active,22,National NGO,dorp-org,Bangladesh
BE-BCE_KBO-0453072647,Institut de Formation Syndical International - Internationaal Syndicaal Vormingsinstituut,active,22,National NGO,ifsi_isvi,Belgium
MW-CNM-C057/1998,the center for victimized women and children,active,22,National NGO,cavwoc,Malawi
NL-KVK-65306198,equileap,active,21,International NGO,equileap,Netherlands (the)
UG-NGB-1826,Family Life Education Program,active,22,National NGO,flepuganda,Uganda
GB-COH-RC000631,University College London,active,80,"Academic, Training and Research",ucl,United Kingdom of Great Britain and Northern Ireland (the)
TZ-TRA-101-304-795,Chama cha Uzazi na Malezi Bora Tanzania (UMATI),active,22,National NGO,umati,"Tanzania, the United Republic of"
KE-NCB-218/051/96110/823,Centre for the Study of Adolescence,active,80,"Academic, Training and Research",csa-kenya,Kenya
US-GOV-17,,active,10,Government,dol,United States of America (the)
GB-CHC-1114727,Joshua Orphan and Community Care,active,21,International NGO,jocc_uk,(No country assigned)
BE-BCE_KBO-0460240749,Light For The World Belgium,active,22,National NGO,lftw-be,Belgium
JO-CCD-2826,World Vision Síria,withdrawn,21,International NGO,wvsyria,Syrian Arab Republic
IN-MHA-231650063,Voluntary Health Association of India,active,80,"Academic, Training and Research",vhai-org,(No country assigned)
DK-CVR-20074035,ADRA Dinamarca,active,22,National NGO,adra-dk,Denmark
KE-RCO-78260,ADS-Nyanza,active,15,Other Public Sector,ads-nyanza,Kenya
HK-CR-1494242,Solidaridad Sul e Sudeste da Ásia,active,21,International NGO,solidaridad-ssea,India
GH-DSW-5574,Solidaridad África Ocidental,active,21,International NGO,solidaridad-waf,Ghana
XI-IATI-FIABEL,Fiabel,active,22,National NGO,fiabel,Belgium
KE-NCB-218/051/9384/74,CARE SOMALIA,active,22,National NGO,csom1,Kenya
GB-COH-07627789,D. Capital Partners,active,30,Public Private Partnership,dcapitalpartners,United Kingdom of Great Britain and Northern Ireland (the)
JO-MSD-2009011100178,The Princess Alia Foundation,active,60,Foundation,paf_2018,Jordan
GB-CHC-1157722,Irise International,active,21,International NGO,irise_int,United Kingdom of Great Britain and Northern Ireland (the)
TZ-TRA-102316134,"Iringa Development of Youth, Disabled and Children Care",active,22,National NGO,idydc,"Tanzania, the United Republic of"
TZ-TRA-116315386,Babawatoto Centre For Children and Youth,active,22,National NGO,bawacecy-tz,"Tanzania, the United Republic of"
TZ-TRA-110-664-087,Railway Children Africa,active,22,National NGO,rc2africa,"Tanzania, the United Republic of"
US-GOV-6,,active,10,Government,treasury,United States of America (the)
US-EIN-14-1945286,"The Global Development Incubator, Inc",active,21,International NGO,gdi,United States of America (the)
TZ-TRA-121406209,CHEKA SANA TANZANIA,active,22,National NGO,cst,"Tanzania, the United Republic of"
GB-COH-06735120,Worldwide Hospice Palliative Care Alliance,active,21,International NGO,whpca,United Kingdom of Great Britain and Northern Ireland (the)
GB-COH-RC000797,Universidade de Manchester,active,80,"Academic, Training and Research",uom,United Kingdom of Great Britain and Northern Ireland (the)
IT-CF-97091470589,INTERSOS Onlus,active,21,International NGO,intersos_main,Italy
GB-GOV-14,Department for Education – Reino Unido,active,10,Government,dfe,United Kingdom of Great Britain and Northern Ireland (the)
US-EIN-27-1661997,GiveDirectly,active,21,International NGO,givedirectly,United States of America (the)
MM-MHA-1/Local/0047,Karuna Mission Social Solidarity - KMSS,active,22,National NGO,kmss,Myanmar
CA-CRA_ACR-817387277,Fundação Mastercard,active,60,Foundation,mastercard-foundation,Canada
BD-NAB-002,BRAC,active,21,International NGO,brac_admin2,Bangladesh
GB-CHC-223106,Royal College of General Practitioners (RCGP),active,22,National NGO,rcgp-international,United Kingdom of Great Britain and Northern Ireland (the)
US-EIN-042312909,Brigham and Women's Hospital,active,80,"Academic, Training and Research",bwh,United States of America (the)
US-EIN-237413005,FHI360,active,21,International NGO,fhi360,United States of America (the)
XM-DAC-47056,World Agroforestry Centre,active,80,"Academic, Training and Research",icraf_,Kenya
GB-COH-10633588,Abt Britain Limited,active,70,Private Sector,abtbritain,United Kingdom of Great Britain and Northern Ireland (the)
GB-CHC-213280,Royal College of Obstetricians & Gynaecologists,active,80,"Academic, Training and Research",rcog_resilience_in_obstetric_skills,United Kingdom of Great Britain and Northern Ireland (the)
GB-COH-02188452,,active,80,"Academic, Training and Research",iied,United Kingdom of Great Britain and Northern Ireland (the)
KE-KRA-P051311853T,Northern Rangelands Trust,active,22,National NGO,nrt-kenya,Kenya
GB-CHC-1047608,Alliance of Religions and Conservation,active,21,International NGO,alliance_of_religions_and_conservation,United Kingdom of Great Britain and Northern Ireland (the)
BD-NAB-051,YWCA of Bangladesh,active,22,National NGO,ywcabd,Bangladesh
PS-MOI-QR-209-HR,,active,22,National NGO,wclac,"Palestine, State of"
XI-IATI-MIF,Fundo Multilateral de Investimento,active,40,Multilateral,fomin,United States of America (the)
IE-CHY-20009090,Concern Worldwide UK,active,21,International NGO,concern_worldwide,Ireland
XM-OCHA-FTS18563,"Social Fund for Development, Iémen",active,15,Other Public Sector,sfd-yemen,Yemen
US-EIN-63-0676451,International Fertilizer Development Center,active,21,International NGO,ifdc-us,United States of America (the)
LB-MOI-14739,,active,23,Regional NGO,marsa_welead,Lebanon
US-EIN-134166228,Acumen,active,21,International NGO,acumen,United States of America (the)
GB-CHC-1046579,Consortium for Street Children,active,21,International NGO,csc,United Kingdom of Great Britain and Northern Ireland (the)
IN-MHA-147110006,CINI,active,22,National NGO,cini_jhk,India
SE-ON-802007-2446,Afrikagrupperna Sweden,active,21,International NGO,afrikagrupperna,Sweden
XI-IATI-OCHASDC,Gabinete das Nações Unidas para a Coordenação dos Assuntos Humanitários (contribuições especialmente designadas),active,40,Multilateral,unocha-sdc,United States of America (the)
GH-DSW-4834,NORSAAC,active,22,National NGO,norsaac,Ghana
GB-COH-04930461,Concordis International,active,21,International NGO,concordis,United Kingdom of Great Britain and Northern Ireland (the)
CR-RPJ-3-006-125548,Fundacion Acceso,active,23,Regional NGO,fundacion-acceso,Costa Rica
US-GOV-23,,active,10,Government,ftc,United States of America (the)
US-GOV-TBD,,withdrawn,10,Government,ftc,United States
US-EIN-91-1157127,PATH,active,21,International NGO,_path_,United States of America (the)
DE-CR-VR32914,Water Integrity Network Association,active,21,International NGO,win,Germany
IL-RA-580166452,Musalaha Ministry of Reconciliation,active,80,"Academic, Training and Research",mmr_admin2,Israel
AF-MOE-22,CARE International Afeganistão,active,21,International NGO,ciafg,Afghanistan
GB-COH-02622374,Energy Saving Trust,active,15,Other Public Sector,energy_saving_trust,United Kingdom of Great Britain and Northern Ireland (the)
PK-SEC-0080655,DKT (Paquistão),active,70,Private Sector,dkt,Pakistan
XI-GRID-grid.442465.5,Universidade de Mzumbe,active,80,"Academic, Training and Research",m_u,"Tanzania, the United Republic of"
US-EIN-32-0060251,AIDSPAN,active,21,International NGO,aidspan,United States of America (the)
KE-KRA-P051119468K,Kisumu Medical and Education Trust,active,22,National NGO,kmet,Kenya
XM-DAC-45001,International Trade Centre (ITC),active,21,International NGO,itc,Switzerland
AU-ACNC-18055208636,Oxfam Australia,active,21,International NGO,oau,Australia
FR-RCS-389515180,Solidarites International,active,21,International NGO,solidarites-international,France
US-EIN-23-1352010,American Friends Service Committee,active,80,"Academic, Training and Research",afsc,United States of America (the)
XI-GRID-grid.52681.38,Universidade BRAC,active,80,"Academic, Training and Research",bu,Bangladesh
US-GOV-22,,active,10,Government,dfc,United States of America (the)
KE-RCO-84486,"Transparência Internacional, Quénia",active,22,National NGO,ti_kenya,Kenya
GB-CHC-1151219,DeafKidz International,active,21,International NGO,dki1151219,United Kingdom of Great Britain and Northern Ireland (the)
LB-MOI-853,AVT-L Association of Victims of Terrorism Lebanon,active,22,National NGO,avt-l,Lebanon
IQ-NGO-1Z2634,"Rehabilitation, Education and Community Health (REACH)",active,22,National NGO,reach-iraq,Iraq
XM-DAC-41121,Alto Comissariado das Nações Unidas para os Refugiados (ACNUR),active,40,Multilateral,unhcr,Switzerland
US-EIN-58-1593137,,active,21,International NGO,dkti,United States of America (the)
XM-DAC-701-2,Ministério dos Negócios Estrangeiros do Japão,active,10,Government,mofa-jpn,Japan
XI-IATI-AGR,AgResults Initiative,active,40,Multilateral,agresults,(No country assigned)
BJ-IFU-4201710116446,"Institut National de l'Eau, Benin",active,80,"Academic, Training and Research",ine_benin,Benin
BJ-IFU-4201710182326,Agence Nationale d'Approvisionnement en Eau Potable en Milieu Rural du Benin,active,10,Government,anaepmr_benin,Benin
GB-COH-02517018,,active,22,National NGO,uuk,United Kingdom of Great Britain and Northern Ireland (the)
NL-KVK-70292388,Index Initiative Foundation,active,60,Foundation,iif,Netherlands (the)
US-EIN-13-5562308,Universidade de Nova Iorque,active,80,"Academic, Training and Research",nyu,United States of America (the)
BJ-IFU-4201710012551,Comuna de Dangbo – Benim,active,15,Other Public Sector,dangbo,Benin
BJ-IFU-6201810251129,Comuna de Adjarra – Benim,active,15,Other Public Sector,adjarra,Benin
BJ-IFU-6201000068802,Comuna de Parakou – Benim,active,15,Other Public Sector,parakou,Benin
BJ-IFU-5200081145006,Comuna de Toffo – Benim,active,15,Other Public Sector,toffo,Benin
BJ-IFU-6200901945503,Comuna de Toviklin – Benim,active,15,Other Public Sector,toviklin,Benin
BJ-IFU-6201101182902,Comuna de Kpomassè – Benim,active,15,Other Public Sector,kpomasse,Benin
BJ-IFU-6200801257400,Comuna de Zè – Benim,active,15,Other Public Sector,ze,Benin
BJ-IFU-6201501755307,Comuna de Allada – Benim,active,15,Other Public Sector,allada,Benin
BJ-IFU-6201001076902,Comuna de Aplahoué – Benim,active,15,Other Public Sector,aplahoue,Benin
BJ-IFU-6200901944805,Comuna de Lalo – Benim,active,15,Other Public Sector,lalo,Benin
GH-RGD-CG109732014,,active,23,Regional NGO,twnafrica,Ghana
BJ-IFU-6200901851300,Comuna de Kétou – Benim,active,15,Other Public Sector,ketou,Benin
BJ-IFU-5200801335602,Comuna de Adjohoun – Benim,active,15,Other Public Sector,adjohoun,Benin
BJ-IFU-6200901944008,Comuna de Adja-Ouere – Benim,active,15,Other Public Sector,adja-ouere,Benin
BJ-IFU-6201200579608,Comuna de Pobè – Benim,active,15,Other Public Sector,pobe,Benin
BJ-IFU-6200901944209,Comuna de Bopa – Benim,active,15,Other Public Sector,bopa,Benin
BJ-IFU-6201001843703,Comuna de Akpro-Missérété – Benim,active,15,Other Public Sector,akpro-misserete,Benin
BJ-IFU-6201000370801,Comuna de Comè – Benim,active,15,Other Public Sector,come,Benin
BJ-IFU-6201300688700,Comuna de Avrankou – Benim,active,15,Other Public Sector,avrankou,Benin
BJ-IFU-6201100143407,Comuna de Ifangni – Benim,active,15,Other Public Sector,ifangni,Benin
SE-ON-802004-1524,We Effect,active,21,International NGO,weeffect,Sweden
BJ-IFU-6201100034408,Comuna de Klouékanmè – Benim,active,15,Other Public Sector,klouekanme,Benin
KE-KRA-P051502549C,National Coalition of Human Rights Defenders – Quénia,active,22,National NGO,nchrdk,Kenya
ZA-NPO-006-981,Instituto de Estudos de Segurança,active,21,International NGO,issafrica,South Africa
NP-SWC-10136,Nepal Disabled Human Rights Center,active,22,National NGO,dhrc_nepal,Nepal
IN-MCA-AAE-8458,Deloitte Touche Tohmatsu India LLP,active,70,Private Sector,dttillp,India
UG-NGO-1406,DefendDefenders,active,80,"Academic, Training and Research",defenddefenders,Uganda
KE-NCB-2180511703310709,Send a Cow Kenya,active,22,National NGO,sac_kenya,Kenya
NL-KVK-70048436,Global Rights Compliance,active,60,Foundation,grc2018,Netherlands (the)
US-EIN-11-3580024,Centro Internacional de Justiça Transitória,active,21,International NGO,ictj,United States of America (the)
DK-CVR-19348407,CISU,active,22,National NGO,cisu,Denmark
UG-NGB-0498,Fundação Mukisa,active,22,National NGO,mukisa_foundation,Uganda
NL-KVK-27367015,Organização de Investigação Científica dos Países Baixos (NWO),active,10,Government,nwo,Netherlands (the)
US-EIN-13-3377893,Rainforest Alliance,active,21,International NGO,rainforest-alliance,United States of America (the)
GB-CHC-1127366,British Asian Trust,active,21,International NGO,b_a_t,United Kingdom of Great Britain and Northern Ireland (the)
RW-RGB-002-RGB-NGO-2017,EDUCATION DEVELOPMENT TRUST - RUANDA,withdrawn,21,International NGO,edt_rwanda,Rwanda
GB-CHC-1058162,Christian Blind Mission (UK) Ltd.,active,21,International NGO,cbm,United Kingdom of Great Britain and Northern Ireland (the)
US-EIN-53-0242652,,active,21,International NGO,the_nature_conservancy,United States of America (the)
GB-COH-RC000664,Universidade de Nottingham,active,80,"Academic, Training and Research",uni_of_nottingham,United Kingdom of Great Britain and Northern Ireland (the)
LK-DRC-GA139,Women's Fund Asia,active,23,Regional NGO,wf-asia,Sri Lanka
HK-CR-2091642,Seefar,active,70,Private Sector,seefar,Hong Kong
SO-MPND-L43135002018MJ,,active,22,National NGO,nagaad,Somalia
GB-CHC-1118528,Child.org,active,21,International NGO,child-dot_org,(No country assigned)
XI-IATI-DGF,Democratic Governance Facility,active,15,Other Public Sector,dgf,Uganda
NP-SWC-8220,Aapasi Sahayog Kendra Syangja Nepal (ASK Nepal),active,22,National NGO,ask,Nepal
NE-DGI-5355,Timidria,active,22,National NGO,timidria,Niger (the)
DK-CVR-12006004,Center for Church-Based Development,active,21,International NGO,cku,Denmark
XI-GRID-grid.9829.a,Kwame Nkrumah University of Science and Technology,active,80,"Academic, Training and Research",knust,Ghana
DK-CVR-63407216,Save the Children DK,active,21,International NGO,redbarnet,Denmark
GB-CHC-1089110,Global Canopy,active,21,International NGO,globalcanopy,United Kingdom of Great Britain and Northern Ireland (the)
NL-KVK-60633468,Water Finance Facility,active,70,Private Sector,wff,Netherlands (the)
GB-COH-10333897,Pegasys Limited,active,70,Private Sector,pegasys-eu,United Kingdom of Great Britain and Northern Ireland (the)
XM-DAC-21016,Comité Internacional da Cruz Vermelha (ICRC),active,40,Multilateral,icrc,Switzerland
DK-CVR-40781218,Fundo Mundial para a Natureza – Dinamarca,active,60,Foundation,wwfdk,Denmark
DE-CR-RA000220-VR3810,Welthungerhilfe,active,21,International NGO,whh,Germany
MZ-NUIT-500004037,Direcção Provincial de Saúde de Nampula,active,10,Government,dps-nampula,Mozambique
KE-KRA-P051097200R,International Centre of Insect Physiology and Ecology (ICIPE),active,80,"Academic, Training and Research",icipe,Kenya
DK-CVR-12921047,CARE Danmark Fonden for Frivillig Ulandsbistand,active,22,National NGO,12921047,Denmark
NL-KVK-27368929,Universiteit Leiden,active,80,"Academic, Training and Research",universiteit_leiden,Netherlands (the)
NL-KVK-72849770,Stichting Beheer Subsidiegelden DRA,active,21,International NGO,stichting-subsidiegelden-dra,Netherlands (the)
KE-RCO-C110031,Farm Concern International,active,23,Regional NGO,fci,Kenya
ET-CSA-0976,Dawuro Development Association,active,80,"Academic, Training and Research",dawuro_da,Ethiopia
DK-CVR-20453672,Agência Dinamarquesa de Desenvolvimento Sindical (Ulandssekretariatet),active,21,International NGO,loftf,Denmark
DK-CVR-18243717,ActionAid Denmark (Mellemfolkeligt Samvirke),active,21,International NGO,aadk,Denmark
US-EIN-84-1648607,Educate!,active,21,International NGO,educate,United States of America (the)
CH-FDJP-CHE232974628,Responsible Mining Foundation,active,60,Foundation,rmf,Switzerland
ID-KHH-0000871,,active,22,National NGO,ja_ppmn,Indonesia
DK-CVR-14723692,Mission Øst,active,21,International NGO,missioneast,Denmark
GB-COH-RC000297,King's College London,active,80,"Academic, Training and Research",kingscollegelondon,United Kingdom of Great Britain and Northern Ireland (the)
DK-CVR-16077593,Confederation of Danish Industry,active,70,Private Sector,di,Denmark
NL-KVK-50130536,Universidade de Twente,active,80,"Academic, Training and Research",utwente,Netherlands (the)
DK-CVR-31378028,,active,22,National NGO,3fi,Denmark
DK-CVR-13078513,DUF – The Danish Youth Council,active,22,National NGO,duf,Denmark
GB-COH-07291220,50 Eight Limited,active,70,Private Sector,fifty_eight,United Kingdom of Great Britain and Northern Ireland (the)
DK-CVR-58185728,Associação Dinamarquesa de Planeamento Familiar,active,22,National NGO,dfpa,Denmark
RW-RGB-61-RGB-NGO-2017,ActionAid Rwanda,active,22,National NGO,aar,Rwanda
DK-CVR-35429867,Global Focus,active,22,National NGO,globaltfokus,Denmark
CH-FDJP-CHE109506789,Centro Internacional de Genebra para a Desminagem Humanitária,active,60,Foundation,gichd,Switzerland
DK-CVR-14766383,Disabled People's Organisations Denmark,active,22,National NGO,dpod,Denmark
GB-UKPRN-10007774,Universidade de Oxford,active,80,"Academic, Training and Research",oxford,United Kingdom of Great Britain and Northern Ireland (the)
GB-CHC-1077216,Compassion UK,active,21,International NGO,comp_uk,United Kingdom of Great Britain and Northern Ireland (the)
GB-CHC-1016676,INTRAC,active,21,International NGO,intrac,United Kingdom of Great Britain and Northern Ireland (the)
US-EIN-26-3933134,Special Hope Network,active,21,International NGO,shn,United States of America (the)
GB-COH-08212556,PositiveNegatives,active,15,Other Public Sector,posneg,United Kingdom of Great Britain and Northern Ireland (the)
NL-KVK-64763064,Data4Development,active,70,Private Sector,d4d,Netherlands (the)
GB-CHC-1161729,Hope for Children,active,21,International NGO,hfc,United Kingdom of Great Britain and Northern Ireland (the)
SE-ON-802005-9823,WWF Suécia,active,21,International NGO,wwf-se,Sweden
US-EIN-91-1148123,Mercy Corps Global,active,21,International NGO,mcg,United States of America (the)
GB-CHC-1108718,African Revival,active,21,International NGO,africanrevival,United Kingdom of Great Britain and Northern Ireland (the)
NL-KVK-30276595,Koninklijk Nederlands Meteorologisch Instituut,active,10,Government,knmi,Netherlands (the)
PK-SEC-0105957,Sehat Kahani (Community Innovation Hub),active,70,Private Sector,sehatkahanicih,Pakistan
NL-KVK-70333564,Mercy Corps Países Baixos,active,21,International NGO,mcn,Netherlands (the)
PE-SUNARP-12623829,International Indigenous Women Forum,active,60,Foundation,fimi_iiwf_2019,Peru
XI-IATI-ACATBA,Association Centrafricaine de Traduction de la Bible et Alphabetisation,active,22,National NGO,acatba,Central African Republic (the)
XI-GRID-grid.13001.33,Universidade do Zimbabwe,active,80,"Academic, Training and Research",1-uz,Zimbabwe
CH-FDJP-CHE109994012,Interpeace,active,21,International NGO,interpeace,Switzerland
DK-CVR-20700211,Cruz Vermelha Dinamarquesa,active,22,National NGO,danishrc,Denmark
MW-NBM-NGO/L/18/024,Palliative Care Association of Malawi,active,22,National NGO,pacam,Malawi
MW-MRA-20123139,NKHOMA MISSION HOSPITAL,active,22,National NGO,nmhiati,Malawi
MW-MRA-20120896,David Gordon Memorial Hospital,active,80,"Academic, Training and Research",dgmh,Malawi
DE-CR-RA000243-HRB5459,,active,70,Private Sector,particip,Germany
ML-NIF-082208943A,Groupe Pivot Santé Population,active,80,"Academic, Training and Research",gpsp-org,Mali
MZ-NUIT-700179850,Plataforma Moçambicana da Água (PLAMA),active,22,National NGO,plama,Mozambique
NL-KVK-27310568,,active,60,Foundation,arq_intl,Netherlands (the)
UG-RSB-80010003259159/105066,SolarNow Services (U) Ltd,active,70,Private Sector,solarnowsofa,Uganda
GB-CHC-1145721,Zambia Orphans Aid UK,active,21,International NGO,zoa_uk,United Kingdom of Great Britain and Northern Ireland (the)
dk-cvr-26487013,International Media Support,active,21,International NGO,ims,Denmark
US-EIN-22-2852248,Village Enterprise,active,21,International NGO,villageenterprise,United States of America (the)
IT-RI-97241280151,We World - GVC Onlus,active,21,International NGO,ww-gvc,Italy
GB-CHC-1143797,Syria Relief,active,22,National NGO,sr,United Kingdom of Great Britain and Northern Ireland (the)
TR-MOI-27-019-074,Emissa,active,22,National NGO,emissa,Türkiye
US-EIN-52-1818273,International Center for Not-for-Profit Law,active,21,International NGO,icnl_org,United States of America (the)
FI-PRO-1993025-9,Instituto Florestal Europeu,active,80,"Academic, Training and Research",efi,Finland
US-EIN-13-3622707,WSP USA Solutions Inc.,active,70,Private Sector,lbg,United States of America (the)
CA-CRA_ACR-805837713,OpenNorth,active,21,International NGO,opennorth,Canada
DK-CVR-20356731,PlanBørnefonden,active,21,International NGO,plb,Denmark
NL-KVK-32092131,Fundação Edukans,active,21,International NGO,edukans_foundation,Netherlands (the)
GB-CHC-1027201,Institute for War & Peace Reporting,active,21,International NGO,iwpr,United Kingdom of Great Britain and Northern Ireland (the)
GB-CHC-1150993,Near East Foundation UK (NEF UK),active,21,International NGO,nef-uk,United Kingdom of Great Britain and Northern Ireland (the)
FR-INSEE-32101874900127,Medecins du Monde France,active,21,International NGO,mdm-fr,France
NG-CAC-54522,Centre for Legal Research and Development,active,22,National NGO,clerd-prpi,Nigeria
GB-CHC-1140288,The Fred Hollows Foundation (Reino Unido),active,21,International NGO,fhfuk,United Kingdom of Great Britain and Northern Ireland (the)
NL-KVK-34176587,Radio La Benevolencija,active,21,International NGO,rlb,Netherlands (the)
NL-KVK-41081480,Stichting Liliane Fonds,active,22,National NGO,slf,Netherlands (the)
XI-IATI-LPI,Living Peace Institute,active,22,National NGO,lpi,Congo (the Democratic Republic of the)
US-EIN-30-0739799,Heartland Alliance International,active,21,International NGO,ha-i,United States of America (the)
JE-FSC-NPO_1108,Irrawaddy Policy Exchange,active,80,"Academic, Training and Research",ipe,United Kingdom of Great Britain and Northern Ireland (the)
KE-NCB-OP/218/051/924/84,ACTIONAID INTERNATIONAL KENYA,active,21,International NGO,aaik,Kenya
US-EIN-45-5015494,Instiglio,active,21,International NGO,instiglio,United States of America (the)
NG-CAC-73022,Niger Delta Stakeholders Initiative for Community Development and Empowerment,active,22,National NGO,ndsicde,Nigeria
XM-DAC-5-7,Ministério Federal dos Negócios Estrangeiros – Alemanha,active,10,Government,fo_germany,Germany
US-EIN-27-4933181,IDinsight,active,21,International NGO,idinsight,United States of America (the)
XM-DAC-61-2,Ministério dos Negócios Estrangeiros – Eslovénia,active,10,Government,si-mfa,Slovenia
US-EIN-47-3594688,Global Fund to End Modern Slavery,active,22,National NGO,gfems,United States of America (the)
US-EIN-45-2796201,"Namati, Inc",active,21,International NGO,namati_inc,United States of America (the)
GB-COH-893249298,,active,80,"Academic, Training and Research",wrgb,(No country assigned)
XI-IATI-NSO,Netherlands Space Office,active,80,"Academic, Training and Research",nso,Netherlands (the)
US-EIN-22-3900800,VisionFund International,active,21,International NGO,vfi,United States of America (the)
CA-CRA_ACR-118846575,Center for International Studies and Cooperation,active,21,International NGO,ceci,Canada
GB-COH-07026479,AgDevCo,active,70,Private Sector,agdevco,United Kingdom of Great Britain and Northern Ireland (the)
XM-DAC-47008,World Vegetable Center,active,21,International NGO,worldveg,Taiwan (Province of China)
GB-CHC-1178168,CDAC Network,active,21,International NGO,cdacnetwork,United Kingdom of Great Britain and Northern Ireland (the)
GH-DSW-1103,Regional Advisory Information and Network Systems,active,22,National NGO,rains,Ghana
KE-KRA-P051713416W,AFELT,active,80,"Academic, Training and Research",afelt,Kenya
DE-CR-RA000217-HRB121747B,Democracy Reporting International gGmbH,active,21,International NGO,dri,Germany
BJ-IFU-5201000673108,CARE BENIN/TOGO,active,21,International NGO,carebenintogo,Benin
GB-COH-02693163,Westminster Foundation for Democracy,active,15,Other Public Sector,wfd,United Kingdom of Great Britain and Northern Ireland (the)
UG-RSB-80010000253134/25060,Uganda Martyrs University,active,80,"Academic, Training and Research",umu,Uganda
XI-GRID-grid.442626.0,Universidade de Gulu,active,80,"Academic, Training and Research",guluuni,Uganda
XI-GRID-grid.442459.a,"Universidade de Dodoma (UDOM), Tanzânia",active,80,"Academic, Training and Research",udom,"Tanzania, the United Republic of"
KE-KRA-P051542095J,LIWA Programme Trust,active,80,"Academic, Training and Research",liwa-admin,Kenya
GH-DSW-2000,Northern Network for Education Development,active,22,National NGO,nned,Ghana
US-EIN-45-4613016,Accountability Lab,active,22,National NGO,alab,United States of America (the)
XI-GRID-grid.419346.d,International Food Policy Research Institute.,active,21,International NGO,ifpri,United States of America (the)
GH-RGD-99389,Opportunity International Savings and Loans Ltd,active,70,Private Sector,oisl_gh,Ghana
NG-CAC-1260478,Fundação Silsab,active,22,National NGO,silsab1-_,Nigeria
XI-BRIDGE-6385676864,Secretariado do GEF,active,40,Multilateral,gef,United States of America (the)
KE-NCB-21805120080955572,Ashoka East Africa,active,21,International NGO,ashoka,Kenya
GB-CHC-206658,World Horse Welfare,active,21,International NGO,whw2019,United Kingdom of Great Britain and Northern Ireland (the)
US-EIN-522112460,IMA World Health,active,21,International NGO,us-imawh,United States of America (the)
FR-RCS-78049888700022,Centre International de Développement et de Recherche,active,21,International NGO,cidr,France
GB-COH-RC000749,Zoological Society of London,active,21,International NGO,zsl,United Kingdom of Great Britain and Northern Ireland (the)
XM-DAC-47080,OCDE,active,40,Multilateral,oecd,France
ZA-NPO-048-364,SouthSouthNorth,active,21,International NGO,ssn,South Africa
CH-FDJP-258577051,Humanitarian Quality Assurance Initiative,active,21,International NGO,hqai,Switzerland
GB-GOV-2,HM Treasury,active,10,Government,hmtfitb,United Kingdom of Great Britain and Northern Ireland (the)
NO-BRC-917687811,Coalition for Epidemic Preparedness Innovations,active,21,International NGO,cepi,Norway
GB-GOV-15,Department for International Trade,active,10,Government,dit,United Kingdom of Great Britain and Northern Ireland (the)
GB-NIC-101412,Children in Crossfire,active,21,International NGO,cicni,United Kingdom of Great Britain and Northern Ireland (the)
XM-OCHA-HPC3664,Jordan River Foundation,active,22,National NGO,jrf,Jordan
XM-OCHA-HPC6770,King Salman Humanitarian Aid and Relief Centre,active,10,Government,ksrelief291,Saudi Arabia
MZ-MOJ-100717344,IMD Moçambique,active,22,National NGO,imdmozambique,Mozambique
GB-CHC-1081769,Transform Africa,active,21,International NGO,transafrica19,United Kingdom of Great Britain and Northern Ireland (the)
CH-FDJP-CHE107828868,,active,21,International NGO,swisscontact,Switzerland
CH-FDJP-CHE109947366,Fundação Hirondelle,active,21,International NGO,fh_ch,Switzerland
GB-CHC-1147298,One Young World,active,22,National NGO,oyw,United Kingdom of Great Britain and Northern Ireland (the)
GB-EDU-133903,London School of Hygiene and Tropical Medicine,active,80,"Academic, Training and Research",lshtm,United Kingdom of Great Britain and Northern Ireland (the)
GB-GOV-12,"Department for Digital, Culture, Media and Sport – Reino Unido",active,10,Government,dcms,United Kingdom of Great Britain and Northern Ireland (the)
GB-CHC-1117377,Village Water Ltd,active,21,International NGO,villagewater,United Kingdom of Great Britain and Northern Ireland (the)
FR-RCS-31899089200065,Action Contre la Faim,active,21,International NGO,acf-fr,France
US-EIN-27-3440108,,active,70,Private Sector,vera-solutions,United States of America (the)
CA-CRA_ACR-107848319,Action Canada for Sexual Health and Rights,active,21,International NGO,acfshr,Canada
NP-IRD-302274734,CARE Nepal,active,21,International NGO,cnepal,Nepal
US-EIN-13-1804349,World Education Inc.,active,80,"Academic, Training and Research",wei,United States of America (the)
PK-VSWA-32-2004,Fundação Tameer-e-Khalaq,active,22,National NGO,tkf1234,Pakistan
NP-IRD-302113730,"Agência Adventista de Desenvolvimento e Recursos Assistenciais, Nepal",active,21,International NGO,adra_nepal,Nepal
IT-CF-95008730160,Cesvi,active,21,International NGO,cesvi,Italy
GB-CHC-282305,Minority Rights Group,active,21,International NGO,mrg,United Kingdom of Great Britain and Northern Ireland (the)
XM-DAC-7-PPR-4000002894,,active,10,Government,iwrm,Mozambique
PE-SUNARP-11744379,Centro de Promocion y Defensa de los Derechos Sexuales y Reproductivos,active,23,Regional NGO,promsex,Peru
XM-OCHA-HPC8568,CARE International Switzerland in Sudan,active,21,International NGO,cis,Sudan (the)
UG-RSB-80020001996190,,active,70,Private Sector,lpa,Uganda
RW-RGB-77-RGB-NGO-2013,Health Development Initiative,active,22,National NGO,hdi,Rwanda
KE-RCO-105217,Kenya Private Sector Alliance,active,70,Private Sector,kepsa,Kenya
KE-KRA-P051098561L,KITUO CHA SHERIA,active,22,National NGO,kituo,Kenya
FR-RCS-83764263600018,Syrian Center for Media and Freedom of Expression,active,22,National NGO,scm,France
SS-RRC-004,Nonviolent Peaceforce South Sudan,active,21,International NGO,npss,South Sudan
NL-KVK-31047672,Twynstra Gudde,active,70,Private Sector,twynstragudde,Netherlands (the)
ID-KHH-AHU17AH0107,Institute for Policy Research and Advocacy (ELSAM),active,22,National NGO,elsam,Indonesia
GB-COH-00070527,,active,80,"Academic, Training and Research",lse,United Kingdom of Great Britain and Northern Ireland (the)
GB-GOV-52,"Conflict, Stability and Security Fund",active,10,Government,cssf,United Kingdom of Great Britain and Northern Ireland (the)
GB-GOV-50,Cross-Government Prosperity Fund,active,10,Government,prosperityfund,United Kingdom of Great Britain and Northern Ireland (the)
GB-CHC-1174874,Royal Commonwealth Ex-Services League,active,21,International NGO,rcel,United Kingdom of Great Britain and Northern Ireland (the)
CH-FDJP-CHE110141200,Drugs for Neglected Diseases initiative,active,80,"Academic, Training and Research",dndi_transparency,Switzerland
RW-RRA-103197639,Greater Virunga Transboundary Collaboration,active,10,Government,gvtc,Rwanda
NP-SWC-37725,South Asian Women Development Forum,active,80,"Academic, Training and Research",sawdf-admin,(No country assigned)
NP-SWC-46024,Accelerator Nepal,active,22,National NGO,acceleratornepal,Nepal
CA-CRA_ACR-869974816,Nutrition International,active,21,International NGO,nutritionintl,Canada
CH-FDJP-CHE-105181636,Centre for Humanitarian Dialogue (HD Centre),active,60,Foundation,hdcentre,Switzerland
US-EIN-13-3870223,International Aids Vaccine Initiative (IAVI),active,21,International NGO,iavi,United States of America (the)
KE-RCO-CPR/2011/63463,Partnership for African Social & Governance Research (PASGR),active,80,"Academic, Training and Research",pasgr,Kenya
NL-KVK-09181221,Resilience,active,80,"Academic, Training and Research",resilience,Netherlands (the)
NL-KVK-41145371,Maastricht School of Management,active,60,Foundation,msm-ipd,Netherlands (the)
BF-MATD-RNRD00045-4000004688,,active,22,National NGO,cdc_ohg,Burkina Faso
GB-COH-06274284,Carbon Trust Advisory Ltd,active,70,Private Sector,carbontrustadvisory,United Kingdom of Great Britain and Northern Ireland (the)
IN-MHA-231660927,,active,22,National NGO,phfi,India
GB-COH-07171834,,active,70,Private Sector,taginternational,United Kingdom of Great Britain and Northern Ireland (the)
GB-UKPRN-10007801,,active,80,"Academic, Training and Research",uop,United Kingdom of Great Britain and Northern Ireland (the)
NA-NAMRA-04822224,,active,21,International NGO,pv,Namibia
ZA-CIP-2005-028883-23,Okapi Consulting,active,21,International NGO,okapiconsulting,South Africa
NL-KVK-34234456,Health Insurance Fund,active,21,International NGO,hif,Netherlands (the)
GB-COH-OC350651,Montrose International LLP,active,80,"Academic, Training and Research",montrose_llp,(No country assigned)
GB-CHC-1013587,Chance for Childhood,active,21,International NGO,chanceforchildhood,United Kingdom of Great Britain and Northern Ireland (the)
GB-COH-7207947,PRI Association,active,80,"Academic, Training and Research",pri_icf,United Kingdom of Great Britain and Northern Ireland (the)
NO-BRC-980997278,INTOSAI Development Initiative,active,21,International NGO,idi,Norway
JO-MSD-2011101100001,Jordan Open Source Association,active,22,National NGO,josa,Jordan
US-EIN-53-0196584,,active,80,"Academic, Training and Research",gwu_gwi,United States of America (the)
NL-KVK-30238214,Impunity Watch,active,21,International NGO,iw_admin,Netherlands (the)
NG-CAC-83813,Neem Foundation,active,22,National NGO,neem,Nigeria
US-EIN-23-2220051,iDE,active,21,International NGO,ide,United States of America (the)
FR-RCS-40885667200030,Triangle Génération Humanitaire,active,21,International NGO,tgh,France
AU-ABN-42097054165,Land Equity International,active,70,Private Sector,lei,Australia
GB-COH-RC000655,,active,80,"Academic, Training and Research",keele-university,United Kingdom of Great Britain and Northern Ireland (the)
US-EIN-20-8530747,Results for Development,active,21,International NGO,r4d,United States of America (the)
XM-DAC-50-21,,active,10,Government,aecid,Spain
ES-DIR3-EA0035768,Agência Espanhola de Cooperação Internacional para o Desenvolvimento (AECID),withdrawn,10,Government,aecid,Spain
GH-DSW-3064,ActionAid Ghana,active,22,National NGO,aag,Ghana
NG-CAC-19258,Centre for Environment Human Rights and Development,active,21,International NGO,cehrd1,Nigeria
NL-KVK-53744993,World Benchmarking Alliance Foundation,active,60,Foundation,wba,Netherlands (the)
XI-IATI-3435,,active,22,National NGO,sosss_admin,Sudan (the)
CO-CCB-S0052181,transforma,active,22,National NGO,transforma,Colombia
YE-MSAL-80/295,Yamaan Foundation for Health and Social Development,active,22,National NGO,yffhsd,Yemen
GB-COH-02863827,ClientEarth,active,21,International NGO,clientearth-1,United Kingdom of Great Britain and Northern Ireland (the)
CH-FDJP-CHE106823242,Fondation Terre des hommes – Aide à l'enfance dans le monde,active,21,International NGO,tdh_foundation,Switzerland
GB-SC-015096,Universidade de Dundee,active,80,"Academic, Training and Research",uodcepmlp,United Kingdom of Great Britain and Northern Ireland (the)
ZW-ROD-MA0000405/2015,Young Africa International HUB,active,21,International NGO,yai-hub,Zimbabwe
XM-DAC-47021,International Potato Center,active,40,Multilateral,cip,Peru
ET-CSA-3994,Triggerise Ethiopia,active,21,International NGO,trig,Ethiopia
BD-NAB-0210,ActionAid Bangladesh,active,21,International NGO,aab,Bangladesh
US-EIN-45-2779314,Shift Project Ltd.,active,21,International NGO,shiftproject,United States of America (the)
KE-KRA-P051155108P,Kenya National Commission on Human Rights,active,10,Government,knchr,Kenya
GB-CHC-290767,World Jewish Relief,active,21,International NGO,wjr_001,United Kingdom of Great Britain and Northern Ireland (the)
ET-CSA-0062,DKT Ethiopia,active,21,International NGO,dkt_ethiopia,Ethiopia
NL-KVK-40407706,Unie van Waterschappen,active,15,Other Public Sector,uvw,Netherlands (the)
GB-COH-03147724,Mercy Ships UK Limited,active,21,International NGO,msuk,United Kingdom of Great Britain and Northern Ireland (the)
US-EIN-94-3045180,Rainforest Action Network,active,21,International NGO,ran,United States of America (the)
XI-GRID-grid.9783.5,Universidade de Kinshasa,active,80,"Academic, Training and Research",dspd_unikin,Congo (the Democratic Republic of the)
GB-CHC-1106156,kidasha,active,21,International NGO,kidasha,United Kingdom of Great Britain and Northern Ireland (the)
DE-CR-RA000209-VR1207,World Vision Alemanha,active,21,International NGO,wv_de,Germany
ET-CSA-0784,World Vision Etiópia,active,21,International NGO,wv_et_activities,Ethiopia
IT-CF-00677540288,Doctors with Africa CUAMM,active,21,International NGO,cuamm,Italy
AT-UID-U74408937,Ground Truth Solutions,active,21,International NGO,ground-truth-solutions,Austria
XI-BRIDGE-3665722432,Fórum Africano de Administração Fiscal,active,21,International NGO,ataf,South Africa
GB-CHC-1123241,Peace Direct,active,21,International NGO,peacedirect,(No country assigned)
XI-GRID-grid.8193.3,Universidade de Dar es Salaam,active,80,"Academic, Training and Research",udsm-cbs,"Tanzania, the United Republic of"
XM-DAC-30009,Small Arms Survey,active,80,"Academic, Training and Research",sas_sana,Switzerland
ET-CSA-0475,Family Guidance Association of Ethiopia,active,22,National NGO,fgae_ethiopia,Ethiopia
XM-DAC-576,Ministério dos Negócios Estrangeiros – Emirados Árabes Unidos (EAU),active,10,Government,mofaic_uae,United Arab Emirates (the)
KE-NCB-2180511304359047,Population Services Quénia,active,22,National NGO,pskenya_19,Kenya
KE-NCB-2180511403539790,Faith to Action Network,active,21,International NGO,f2a,Kenya
UG-NGO-3329,Auschwitz Institute for the Prevention of Genocide and Mass Atrocities,active,80,"Academic, Training and Research",aipr,Uganda
KE-NCB-218051200501953650,Healthright International – Quénia,active,22,National NGO,hri,Kenya
CN-SAIC-9111010506489375XP,Carbon Trust (Beijing) Consulting Limited,active,70,Private Sector,ctbeijing,China
GB-COH-OC364842,,active,70,Private Sector,mcs_new,United Kingdom of Great Britain and Northern Ireland (the)
LB-MOI-6491,Restart Center,active,22,National NGO,restartcenter,Lebanon
GB-CHC-297716,Business in the Community,active,21,International NGO,bitc,United Kingdom of Great Britain and Northern Ireland (the)
GB-CHC-1141552,Balloon Ventures Foundation,active,21,International NGO,bvf,United Kingdom of Great Britain and Northern Ireland (the)
ZA-CIP-2007-0308903-08,African Parks Network,active,21,International NGO,african_parks,South Africa
GB-COH-06581421,The Institute for Strategic Dialogue,active,80,"Academic, Training and Research",isdglobal,United Kingdom of Great Britain and Northern Ireland (the)
ML-NIF-055000335T,Near East Foundation Mali (NEF Mali),active,21,International NGO,nef_mali,Mali
NL-KVK-41186799,Women Engage for a Common Future,active,21,International NGO,wecf,Netherlands (the)
US-EIN-52-5170039,International Crisis Group,active,21,International NGO,crisisgroup,Belgium
FR-RCS-49962201700014,Bibliothèques Sans Frontières,active,21,International NGO,bsf1,France
SE-ON-802425-8702,Stockholm International Water Institute,active,21,International NGO,siwi,Sweden
GH-RGD-CG077262013,Nature and Development Foundation,active,22,National NGO,ndf_fgm,Ghana
BD-NAB-2004,"Centre for Injury Prevention and Research, Bangladesh (CIPRB)",active,22,National NGO,ciprb,Bangladesh
XI-IATI-RUF,,active,60,Foundation,ruf,Netherlands (the)
XM-DAC-40-3,,active,10,Government,greece_mfa,Greece
XI-BRIDGE-1812689272,The Mailman School of Public Health,active,80,"Academic, Training and Research",mailman_school_of_public_health,United States of America (the)
US-EIN-04-2103547,Universidade de Boston,active,80,"Academic, Training and Research",bu-carbx-admin,United States of America (the)
LB-MOI-110,Fundação Rene Moawad,active,22,National NGO,rmf-lb,Lebanon
GB-CHC-1173827,Accountable Now,active,21,International NGO,accountablenow,United Kingdom of Great Britain and Northern Ireland (the)
NL-KVK-30157019,Larive International,active,70,Private Sector,larive,Netherlands (the)
NG-CAC-57289,Environmental Centre for Oil Spills and Gas Flaring (NACGOND),active,22,National NGO,nacgond-,Nigeria
US-GOV-13,,active,10,Government,usadf,United States of America (the)
US-GOV-13-ADF,,withdrawn,10,Government,usadf,United States
FR-RCS-519655997,Handicap International Federation,active,21,International NGO,hi_fed,France
US-EIN-82-3941326,Luminate Foundation Inc.,active,60,Foundation,luminate,United States of America (the)
US-EIN-98-0513530,Alliance for a Green Revolution for Africa,active,21,International NGO,agra,United States of America (the)
GB-COH-08567792,Behavioural Insights Team,active,70,Private Sector,bit,United Kingdom of Great Britain and Northern Ireland (the)
NP-SWC-24,Nepal Netra Jyoti Sangh,active,22,National NGO,nnjs_nepal,Nepal
KE-KRA-P051161193S,Trust for Indigenous Culture and Health,active,21,International NGO,ticah,Kenya
CO-RUE-830140714-1,Brujula Comunicaciones Estrategicas SAS,active,70,Private Sector,brujula,Colombia
XI-GRID-grid.11194.3c,Makerere University School of Public Health,active,80,"Academic, Training and Research",maksph,Uganda
UG-NGB-12317,Reach A Hand Uganda,active,22,National NGO,rahuug,Uganda
GB-COH-08567552,UN Global Compact Local Network UK,active,40,Multilateral,ungc-uk,United Kingdom of Great Britain and Northern Ireland (the)
NL-KVK-815165924,STC International,active,80,"Academic, Training and Research",stc-international,Netherlands (the)
NP-SWC-17775,The Leprosy Mission Nepal,active,22,National NGO,tlmnepal,Nepal
LB-MOI-25465,Fiftyfifty,active,22,National NGO,fiftyfifty-lb,Lebanon
GB-CHC-1172875,East African Playgrounds,active,21,International NGO,eap,United Kingdom of Great Britain and Northern Ireland (the)
XM-DAC-41130,Agência das Nações Unidas para Auxílio aos Refugiados da Palestina no Próximo Oriente (UNRWA),active,40,Multilateral,unrwa,(No country assigned)
BD-NAB-0918,Centre for Policy Dialogue,active,22,National NGO,cpd,Bangladesh
KE-KRA-P000634725S,African Women's Development and Communication Network,active,23,Regional NGO,femnet,Kenya
UG-NGO-2292,,active,21,International NGO,wipc,Uganda
US-EIN-37-1552838,Fundação GSMA,active,60,Foundation,gsma_foundation,United States of America (the)
CH-FDJP-CHE296622304,The Global Initiative Against Transnational Organized Crime,active,15,Other Public Sector,gi-toc,Switzerland
BE-BCE_KBO-0434417468,CODEART ASBL,active,22,National NGO,codeart,Belgium
LB-MOI-1-100,Al Majmoua,active,22,National NGO,al_majmoua,Lebanon
XI-IATI-ESFD,Economic and Social Fund for Development,active,10,Government,esfd,Lebanon
XI-IATI-DKTDRC,,active,22,National NGO,dkt_drc,Congo (the Democratic Republic of the)
JO-CCD-200104681,Leaders of Tomorrow,active,70,Private Sector,sqf,Jordan
AE-HFZA-1526,Altai Consulting,active,70,Private Sector,altai,United Arab Emirates (the)
CA-CRA_ACR-811793611,Grand Challenges Canada,active,22,National NGO,hgc,Canada
NP-CRO-83836,,withdrawn,15,Other Public Sector,7272,(No country assigned)
YE-MSAL-473-2001,Family Counseling and Development Foundation,active,22,National NGO,fcdf,Yemen
ET-CSA-1327,,active,22,National NGO,jfa-pfe,Ethiopia
CH-FDJP-CHE331930936,Global Antibiotic Research and Development Partnership,active,30,Public Private Partnership,gardp,Switzerland
US-EIN-47-5049026,International Youth Alliance for Family Planning,active,21,International NGO,iyafp,United States of America (the)
UG-NGB-1277,Forum for Women in Democracy,active,22,National NGO,fowode,Uganda
RW-RGB-114-RGB-RGO-2013,The Legal Aid Forum,active,22,National NGO,laf,Rwanda
AE-ADCD-64747,,withdrawn,21,International NGO,72728,(No country assigned)
NL-KVK-30114696,Palladium Europe,active,70,Private Sector,palladium_eur,Netherlands (the)
NL-KVK-50744984,BoP Innovation Center,active,60,Foundation,bopinc,Netherlands (the)
CO-RUE-900619925-0,,active,70,Private Sector,awaketravel,Colombia
YE-MSAL-18-2013,Mwatana for Human Rights,active,22,National NGO,mwatana,Yemen
GB-CHC-1122330,CDP Worldwide,active,21,International NGO,cdp,United Kingdom of Great Britain and Northern Ireland (the)
GB-COH-RC000541,,active,80,"Academic, Training and Research",soas,United Kingdom of Great Britain and Northern Ireland (the)
NL-KVK-41169658,Stichting Fern,active,21,International NGO,stichtingfern,Netherlands (the)
GB-CHC-1154413,,active,21,International NGO,cbi,(No country assigned)
FI-PRO-0998454-4,Finn Church Aid (Kirkon Ulkomaanapu sr),active,21,International NGO,fca,Finland
GB-COH-06069322,Development Media International,active,21,International NGO,dmi_admin,United Kingdom of Great Britain and Northern Ireland (the)
US-EIN-47-3511012,"SDSN Association, Inc.",active,21,International NGO,sdsna,United States of America (the)
BE-BCEKB0-0537407021,,active,22,National NGO,wapa,Belgium
XI-GRID-grid.7247.6,Universidade dos Andes,active,80,"Academic, Training and Research",uand_2020,Colombia
NL-KVK-74064800,Programming Their Future,active,80,"Academic, Training and Research",p-t-f-,Netherlands (the)
US-EIN-13-1740011,Wildlife Conservation Society,active,21,International NGO,wcs,United States of America (the)
NL-KVK-27186453,Netherlands Water Partnership,active,60,Foundation,nwp,Netherlands (the)
GB-COH-02962250,Commonwealth Local Government Forum,active,21,International NGO,clgf_data,United Kingdom of Great Britain and Northern Ireland (the)
NL-KVK-64460789,Coöperatief Climate Fund Managers U.A.,active,70,Private Sector,cfm,Netherlands (the)
CH-FDJP-CHE251665168,Fundação Earthworm,active,21,International NGO,ewf,Switzerland
GB-CHC-1082139,Fundação Thomson Reuters,active,60,Foundation,trf,United Kingdom of Great Britain and Northern Ireland (the)
GB-LAE-LND,City of London Corporation,active,15,Other Public Sector,col-greenfinance,United Kingdom of Great Britain and Northern Ireland (the)
GB-CHC-1160263,WasteAid UK,active,21,International NGO,wasteaid,United Kingdom of Great Britain and Northern Ireland (the)
GB-COH-RC000660,Universidade de Liverpool,active,80,"Academic, Training and Research",uol,United Kingdom of Great Britain and Northern Ireland (the)
MU-CR-C134274,Shortlist Professionals Limited,active,70,Private Sector,shortlistogti,Mauritius
GB-CHC-1187935,International Campaign Women´s Right to Safe Abortion,active,22,National NGO,icwrsa,United Kingdom of Great Britain and Northern Ireland (the)
GB-CHC-208223,Royal Institute of International Affairs,active,80,"Academic, Training and Research",riia,United Kingdom of Great Britain and Northern Ireland (the)
DE-CR-RA000220-VR9971,CARPO – Center for Applied Research in Partnership with the Orient,active,21,International NGO,carpo,Germany
GB-CHC-1150964,inHive,active,21,International NGO,inhive,United Kingdom of Great Britain and Northern Ireland (the)
BE-BCE-KBO-0461977940,,withdrawn,22,National NGO,fdhommes,Belgium
GB-COH-11116719,,active,70,Private Sector,brink_innovation,United Kingdom of Great Britain and Northern Ireland (the)
GB-CHC-1079752,RedR UK,active,21,International NGO,redruk,United Kingdom of Great Britain and Northern Ireland (the)
XI-IATI-WBTF,Fundos Fiduciários do Banco Mundial,active,40,Multilateral,wbtf,United States of America (the)
GB-COH-11373728,Cowater UK Limited,active,70,Private Sector,cowateruk,United Kingdom of Great Britain and Northern Ireland (the)
ZA-CIP-M2005001486,Sexual Reproductive Health and Rights Africa Trust,active,23,Regional NGO,srhr_africa_trust,South Africa
US-EIN-61-1725201,"Field Ready, EUA",active,21,International NGO,field_ready,United States of America (the)
GB-UKPRN-10007141,Universidade de Central Lancashire,active,80,"Academic, Training and Research",uclan,United Kingdom of Great Britain and Northern Ireland (the)
ML-NIF-084106436R,Conseil et Appui pour l'Education à la Base Mali,active,22,National NGO,caeb_mali,Mali
XM-OCHA-7482,World Vision República Centro-Africana.,active,21,International NGO,wv_cf,Central African Republic (the)
GB-COH-07840888,MedicineAfrica Ltd.,active,80,"Academic, Training and Research",medafrica,United Kingdom of Great Britain and Northern Ireland (the)
CA_ON-ONT-1597880,CANADEM,active,21,International NGO,canadem,Canada
ET-CSA-1351,Ethiopian Public Health Association,active,15,Other Public Sector,epha,Ethiopia
NL-KVK-68758766,CAPABUILD,active,21,International NGO,capabui,Netherlands (the)
NL-KVK-72908114,The AGRI3 Fund,active,30,Public Private Partnership,agri3_fund,Netherlands (the)
NL-KVK-729081140000,The AGRI3 Fund,withdrawn,30,Public Private Partnership,,Netherlands
YE-MSAL-49-M-2019,Sana'a Center for Strategic Studies,active,22,National NGO,scss,Yemen
XI-IATI-BBDN,Bangladesh Business and Disability Network,active,22,National NGO,bbdn,Bangladesh
GB-UKPRN-10007164,"University of the West of England, Bristol",active,80,"Academic, Training and Research",uwe,United Kingdom of Great Britain and Northern Ireland (the)
MX-RFC-ICM160118IZ1,Iniciativa Climatica de Mexico,active,22,National NGO,icm_mx,Mexico
XM-DAC-7-PPR-4000002938,Global Water Partnership,active,21,International NGO,gwp,Sweden
JO-CCD-200006694,"Entiqal for Training ""Partners for Good""",active,22,National NGO,pfg,Jordan
XI-IATI-WVDRC,World Vision República Democrática do Congo,active,21,International NGO,wv_cd,Congo (the Democratic Republic of the)
ID-KHH-5018112631240040,NLR Indonesia,active,22,National NGO,nlr_indonesia,Indonesia
GB-CHC-1076722,TRAFFIC International,active,21,International NGO,traffic,United Kingdom of Great Britain and Northern Ireland (the)
US-EIN-81-2339233,Youth Development Labs Inc,active,21,International NGO,ylabs,United States of America (the)
AM-SRALE-222.160.00823,Eurasia Partnership Foundation,active,60,Foundation,epf,Armenia
US-EIN-83-3580499,,active,21,International NGO,orraa_inc,United States of America (the)
GB-CHC-1177110,Elrha,active,21,International NGO,elrha,United Kingdom of Great Britain and Northern Ireland (the)
GB-CHC-206504,Instituto Internacional de Estudos Estratégicos,active,80,"Academic, Training and Research",iiss,United Kingdom of Great Britain and Northern Ireland (the)
XI-GRID-grid.8652.9,,active,80,"Academic, Training and Research",ugorid,Ghana
NL-KVK-30114598,Rabo Partnerships,active,70,Private Sector,rabo_partnerships,Netherlands (the)
IE-CHY-20041069,Ethiopiaid Irlanda,active,21,International NGO,ethiopiaidireland,Ireland
GB-GOV-1,"Foreign, Commonwealth and Development Office – Reino Unido",active,10,Government,fcdo,United Kingdom of Great Britain and Northern Ireland (the)
XM-OCHA-HPC9829,IMPACT Initiatives,active,21,International NGO,impact_initiatives,Switzerland
US-EIN-82-0644678,Synergía – Initiatives for Human Rights,active,21,International NGO,synergiaihr,United States of America (the)
GB-COH-11594545,McKinsey Development Partners,active,70,Private Sector,mdp,United Kingdom of Great Britain and Northern Ireland (the)
XI-GRID-grid.7836.a,Universidade da Cidade do Cabo,active,80,"Academic, Training and Research",uct,South Africa
XI-IATI-KHF,Fundação Rei Hussein,active,22,National NGO,khf,Jordan
GB-COH-04465125,"Imperial College of Science, Technology and Medicine",active,80,"Academic, Training and Research",imperial,United Kingdom of Great Britain and Northern Ireland (the)
GB-CHC-1158838,The Freedom Fund,active,21,International NGO,tff,United Kingdom of Great Britain and Northern Ireland (the)
CA-CRA_ACR-119075091,Oxfam – Quebec,active,21,International NGO,oqc,Canada
GB-CHC-1175658,Global Steering Group for Impact Investment,active,21,International NGO,gsg,United Kingdom of Great Britain and Northern Ireland (the)
ID-KHH-6014052331100057,Kemitraan Bagi Pembaruan Tata Pemerintahan,active,22,National NGO,kemitraan,Indonesia
MX-RFC-SLP1412039F3,Soluciones en Legislación y Política Ambiental AC,active,22,National NGO,polea,Mexico
GB-CHC-1166956,UK-Med,active,21,International NGO,uk-med,United Kingdom of Great Britain and Northern Ireland (the)
JO-CCD-45293,Sowt podcasting and training L.L.C,active,70,Private Sector,sowt,Jordan
BD-NAB-2686,Bangladesh Youth Leadership Center,active,22,National NGO,bylc,Bangladesh
US-EIN-27-3166994,Global Impact Investing Network,active,22,National NGO,giin,United States of America (the)
MX-RFC-IIN920701G55,IDOM INGENIERIA,active,70,Private Sector,idom_mx,Mexico
ID-DJP-312529852906000,Asia Justice and Rights,active,23,Regional NGO,ajar,Indonesia
CH-FDJP-CHE105829963,Solidar Suisse,active,21,International NGO,solidarsuisse,Switzerland
GB-UKPRN-10007790,Universidade de Edimburgo,active,80,"Academic, Training and Research",uoe,United Kingdom of Great Britain and Northern Ireland (the)
KE-KRA-P051335339D,African Institute For Development Policy,active,21,International NGO,afidep,Kenya
JO-CCD-200167994,,active,21,International NGO,lifed_admin,Jordan
NL-KVK-27363950,Sociaal-Economische Raad,active,15,Other Public Sector,ser,Netherlands (the)
KE-KRA-P051172537S,,active,15,Other Public Sector,fsdk,Kenya
GB-COH-10516061,Cobra Collective CIC,active,21,International NGO,cobracollective,United Kingdom of Great Britain and Northern Ireland (the)
GB-GOR-OT1175,Northern Ireland Cooperation Overseas Ltd,active,15,Other Public Sector,nico,United Kingdom of Great Britain and Northern Ireland (the)
AT-ZVR-315688676,,active,21,International NGO,lftw-int,Austria
XI-GRID-grid.473464.6,Water & Land Resource Center – Universidade de Adis Abeba,active,80,"Academic, Training and Research",wlrc_aau,Ethiopia
NG-CAC-30547,Paradigm Initiative,active,21,International NGO,paradigm,Nigeria
JO-MSD-200159274,JoWomenomics,active,22,National NGO,jowomenomics,Jordan
NL-KVK-09108013,Advance Consulting,active,70,Private Sector,ac1999,Netherlands (the)
XI-GRID-grid.11835.3e,Universidade de Sheffield,active,80,"Academic, Training and Research",tuos,United Kingdom of Great Britain and Northern Ireland (the)
XM-DAC-47015,CGIAR,active,80,"Academic, Training and Research",cgiar,France
UG-RSB-197310,Financial Sector Deepening Uganda,active,22,National NGO,fsduganda,Uganda
NL-KVK-41192276,Stichting Wilde Ganzen/ IKON,active,22,National NGO,nl_wg,Netherlands (the)
ZM-PCR-12015013762,Prospero Limited,active,22,National NGO,prospero,Zambia
GB-COH-RC000679,Universidade de York,active,80,"Academic, Training and Research",uoy,United Kingdom of Great Britain and Northern Ireland (the)
ZA-NPO-081-788,,active,21,International NGO,sustainable_livelihoods_foundation,South Africa
XM-DAC-41149,Gabinete das Nações Unidas para a Coordenação do Desenvolvimento,active,15,Other Public Sector,undco,United States of America (the)
GB-COH-02871809,Global Witness,active,21,International NGO,globalwitness,United Kingdom of Great Britain and Northern Ireland (the)
GB-CHC-1175791,Global Anaesthesia Development Partnerships,active,80,"Academic, Training and Research",gadp,United Kingdom of Great Britain and Northern Ireland (the)
US-EIN-042103594,Abdul Latif Jameel Poverty Action Lab at MIT,active,80,"Academic, Training and Research",jpal,United States of America (the)
MW-RG-1011251,Wala Ltd,active,70,Private Sector,walaltd,Malawi
US-EIN-83-1236759,,active,70,Private Sector,neopenda,United States of America (the)
US-EIN-53-0235320,Pathfinder International,active,21,International NGO,pathfinder1,United States of America (the)
BI-NIF-4000742330,AUXFIN Burundi,active,70,Private Sector,auxfinbi,Burundi
MZ-MOJ100094525,Fundação Micaia,active,22,National NGO,micfound,Mozambique
MY-SSM-1172311D,Forever Sabah,active,22,National NGO,fs,Malaysia
UA-EDR-9795443,Centre for Economic Strategy – Ucrânia,active,22,National NGO,ces-ua,Ukraine
FR-INSEE-31827645800037,"Association de solidarité internationale, Agriculteurs français et développement international (Afdi) France",active,15,Other Public Sector,afdi-fr,France
GB-CHC-1017336,Elton John AIDS Foundation,active,60,Foundation,ejaf,United Kingdom of Great Britain and Northern Ireland (the)
CA_AB-ABT-203435797,Alinea International Ltd.,active,70,Private Sector,alineainternational_2020,Canada
GB-CHC-1188731,Sustainable Hospitality Alliance,active,21,International NGO,sha,United Kingdom of Great Britain and Northern Ireland (the)
BR-CNPJ-14.563.354/0001-50,Instituto BVRio,active,21,International NGO,bvrio,Brazil
NL-KVK-861193660,OurLoop Stitchting,active,60,Foundation,loop,Netherlands (the)
GB-CHC-1137523,The Proforest Initiative UK,active,80,"Academic, Training and Research",pi-uk,United Kingdom of Great Britain and Northern Ireland (the)
US-EIN-13-1623838,EngenderHealth,active,,,ehorg,United States of America (the)
US-EIN-843236198,Corus International,active,21,International NGO,corus,United States of America (the)
US-EIN-52-2135531,Forest Trends Association,active,21,International NGO,forest-trends,United States of America (the)
GB-CHC-1074857,Church of England – The Archbishops' Council,active,80,"Academic, Training and Research",coe-abc,United Kingdom of Great Britain and Northern Ireland (the)
GB-COH-02515034,Timber Trade Federation Ltd.,active,70,Private Sector,ttf,United Kingdom of Great Britain and Northern Ireland (the)
US-EIN-38-2846307,Mercy-USA for Aid and Development,active,21,International NGO,mercy-usa,United States of America (the)
US-EIN-13-4052259,Media Development Investment Fund,active,21,International NGO,mdif,United States of America (the)
KE-RCO-PLC-MYSMV2,,active,70,Private Sector,eabx,Kenya
GB-CHC-1144091,,active,15,Other Public Sector,nesta,United Kingdom of Great Britain and Northern Ireland (the)
GB-NIC-073343,Global Fund for Community Foundations,active,60,Foundation,gfcf,United Kingdom of Great Britain and Northern Ireland (the)
GB-CHC-1123384,Foundation for Social Improvement,active,80,"Academic, Training and Research",the_fsi,United Kingdom of Great Britain and Northern Ireland (the)
ES-NIF-G02766913,Fields Data,withdrawn,21,International NGO,fd-es,Spain
ES-NIF-G79408852,Medicos del Mundo,active,21,International NGO,mdm_spain,Spain
BE-BCE_KBO-0464147473,Laïcité et Humanisme en Afrique Centrale (LHAC),active,22,National NGO,lhac,Belgium
KE-RCO-CPR-2010-28036,Open Capital Advisors,active,70,Private Sector,oca,Kenya
GB-COH-RC000652,,active,80,"Academic, Training and Research",university_of_essex,United Kingdom of Great Britain and Northern Ireland (the)
GE-RS-406061513,,active,22,National NGO,cpd_2021,Georgia
US-EIN-30-0805768,,active,21,International NGO,tffus,United States of America (the)
ZA-NPO-053-456,,active,22,National NGO,cegaa,South Africa
KE-NCB-OP-218-051-9994-1329,,active,22,National NGO,creawkenya,Kenya
NP-CRO-1158-065-066,Kathmandu Medical College Public Limited,active,80,"Academic, Training and Research",kmc,Nepal
ZA-CIT-9415005603,Universidade de Stellenbosch,active,80,"Academic, Training and Research",su-impala,South Africa
GB-COH-RC000668,,active,80,"Academic, Training and Research",soton,United Kingdom of Great Britain and Northern Ireland (the)
NG-CAC-37051,,active,22,National NGO,dsfn,Nigeria
GB-CHC-1173320,South West International Development Network,active,23,Regional NGO,swidn,United Kingdom of Great Britain and Northern Ireland (the)
GB-HESA-10004113,Universidade de Loughborough,active,80,"Academic, Training and Research",lboro,United Kingdom of Great Britain and Northern Ireland (the)
CA-CC-13474046,,active,22,National NGO,transparently_lebanese,Canada
CH-FDJP-106756410,,active,21,International NGO,world_ywca,Switzerland
CH-660-0294975-4,World Young Women's Christian Association,withdrawn,21,International NGO,world_ywca,Switzerland
NP-IRD-301131441,,active,21,International NGO,aain,Nepal
SN-NINEA-004487121,,active,21,International NGO,awa_sn,Senegal
KE-NCB-218051981161116,Equality Now,active,21,International NGO,e_n,Kenya
UG-NGO-1317,,active,23,Regional NGO,siharegional,Uganda
GH-RGD-CG001532017,PPAG,active,22,National NGO,ppag_123,Ghana
NL-KVK-69759103,,active,70,Private Sector,laterite_bv,Netherlands (the)
XM-OCHA-585,,active,40,Multilateral,icmpd,Austria
NL-KVK-27293917,The Hague Academy for Local Governance,active,80,"Academic, Training and Research",tha,Netherlands (the)
IT-CF-80017510225,,active,22,National NGO,sosvdb_italia,Italy
KE-NCB-218-051-9263-33,Young Women's Christian Association of Kenya,active,22,National NGO,ywcakenya,Kenya
SS-RRC-342,Young Women Christian Association of South Sudan (YWCA SS),active,22,National NGO,ywcass,South Sudan
NL-KVK-74983393,IDH Investment Management B.V.,active,70,Private Sector,idh_im,Netherlands (the)
UG-RSB-229709,Mango Tree Property Management LTD,active,70,Private Sector,mangotree,Uganda
NL-KVK-41039028,Stichting Leprazending Nederland – The Leprosy Mission Netherlands,active,60,Foundation,leprazending-tlm-nl,Netherlands (the)
XI-IATI-SPR,,active,23,Regional NGO,spr,Congo (the Democratic Republic of the)
SS-RRC-465,Assistance Mission for Africa,active,22,National NGO,ama-south-sudan,South Sudan
UG-NGO-3580,,active,21,International NGO,amwa,Uganda
JO-CCD-200178924,,active,21,International NGO,ktk,Jordan
ID-KHH-AHU-0013363.AH.01.04,,active,22,National NGO,pekka_21,Indonesia
NG-CAC-IT-NO96562,Olamma Cares Foundation,active,22,National NGO,olammacares,Nigeria
SS-RRC-405,Eve Organization for Women Development,active,22,National NGO,eveowd,South Sudan
DE-CR-RA000220-HRB7745,Forschungsinstitut zur Zukunft der Arbeit GmbH (IZA),active,80,"Academic, Training and Research",iza,Germany
CA_ON-ONT-1783682,,active,21,International NGO,genderatwork,Canada
NL-KVK-74799525,Legal Action Worldwide,active,21,International NGO,law,Netherlands (the)
ZA-NPO-189357,,active,22,National NGO,sisonke,South Africa
UG-204CBO-JJA02202000348,,active,23,Regional NGO,jidu2021,Uganda
GB-COH-RC000721,London Business School,active,80,"Academic, Training and Research",lbs,United Kingdom of Great Britain and Northern Ireland (the)
IN-MHA-083930147,,withdrawn,80,"Academic, Training and Research",kemhrc,India
XI-GRID-grid.10347.31,,active,80,"Academic, Training and Research",rmc_um,Malaysia
XI-GRID-grid.11142.37,,active,80,"Academic, Training and Research",upm,Malaysia
PS-MOI-QR-1420-C,,active,22,National NGO,ywca,"Palestine, State of"
EG-MOSS-3959350,,active,22,National NGO,imc-2021,Egypt
US-EIN-13-3615533,,active,80,"Academic, Training and Research",educomm,United States of America (the)
BD-ROC-C-107131,Light Castle Partners,active,70,Private Sector,lcp,Bangladesh
US-EIN-522042014,GoodWeave International,active,21,International NGO,goodweave_intl,United States of America (the)
TH-TIN-0993000190092,Asian Coalition for Housing Rights,active,23,Regional NGO,achr,Thailand
GB-COH-OC359103,,active,70,Private Sector,bcg,United Kingdom of Great Britain and Northern Ireland (the)
JO-CCD-58307,,active,70,Private Sector,7iberdotcom,Jordan
KE-NCB-WDCBO542010192,Women Challenged to Challenge,active,22,National NGO,wctc,Kenya
UG-NGO-S59143785,,active,22,National NGO,nuwodu,Uganda
ET-CSA-1128,,active,22,National NGO,ewla,Ethiopia
et-CSA-0444,,active,22,National NGO,ewdna2025,Ethiopia
NL-KVK-83517626,,active,70,Private Sector,investinternational,Netherlands (the)
NL-KVK-77583442,,active,10,Government,ti_nl,Netherlands (the)
XM-OCHA-4438,,active,80,"Academic, Training and Research",icddrb,Bangladesh
GB-COH-10959095,,active,80,"Academic, Training and Research",thefaradayinstitution,United Kingdom of Great Britain and Northern Ireland (the)
HK-CR-2288921,,active,70,Private Sector,elevatelimited,Hong Kong
NL-KVK-80547745,,active,60,Foundation,traide_foundation,Netherlands (the)
MZ-NUIT-700089584,,active,22,National NGO,cesc,Mozambique
US-EIN-04-3309296,,active,22,National NGO,pilpg,United States of America (the)
MY-SSM-1162174T,,active,21,International NGO,musawah,Malaysia
ZA-NPO-213-268,,active,22,National NGO,sanpud,South Africa
US-EIN-74-2244146,,active,21,International NGO,rmi,United States of America (the)
GH-RGD-CG200980721,,active,21,International NGO,isdao,Ghana
IN-MHA-094421114,,active,80,"Academic, Training and Research",itforchange,India
XM-DAC-46012,,active,40,Multilateral,idbinvest,United States of America (the)
TZ-NNCB-INGOR2000123,,active,21,International NGO,apn,"Tanzania, the United Republic of"
PA-PRP-5789,,active,60,Foundation,fundacionavina,Panama
BR-CNPJ-26990192000114,,active,21,International NGO,wwfbr,Brazil
UG-NGO-3690,,withdrawn,21,International NGO,rv-ww2,Uganda
GH-DSW-7992,,active,22,National NGO,assn,Ghana
XM-DAC-46025,,active,40,Multilateral,isdb,Saudi Arabia
ID-DJP-018321174017000,,active,21,International NGO,wwf_id,Indonesia
TN-RNE-1540791FPN000,,active,21,International NGO,wwfna,Tunisia
PH-SEC-CN200340507,,active,23,Regional NGO,samdhana_institute,Philippines (the)
PK-NTN-1433899-8,,active,22,National NGO,pill,Pakistan
ZM-PCR-10102712014,,active,21,International NGO,wwfzambia,Zambia
KE-KRA-P051326872M,,active,22,National NGO,sdi-k,Kenya
ID-DJP-023047012526000,,active,22,National NGO,bwi,Indonesia
GB-CHC-1102909,,active,21,International NGO,climate-group,United Kingdom of Great Britain and Northern Ireland (the)
BR-CNPJ-09294138-0001-15,,active,70,Private Sector,agroicone,Brazil
GH-DSW-1334,,active,23,Regional NGO,wanep,Ghana
NG-CAC-11660,,active,22,National NGO,crerd_ng,Nigeria
KE-NCB-OP2180511619410357,,active,22,National NGO,wwf-kenya,Kenya
PH-SEC-CN200324943,,active,23,Regional NGO,ntfp-ep,Philippines (the)
CO-RUE-8300033586,,active,23,Regional NGO,gaia,Colombia
BF-MATD-2407,,active,22,National NGO,spong-burkina,Burkina Faso
GH-RGD-CG159432015,,active,22,National NGO,gnbcc,Ghana
LR-MFDPNGO-0961,,active,23,Regional NGO,sdi,Liberia
MY-SSM-199601006465,,active,21,International NGO,iwrawasiapacific,Malaysia
US-EIN-83-3732786,,active,21,International NGO,agwa,United States of America (the)
IN-MHA-1070-99-2000,,active,22,National NGO,cividep,India
KE-NCB-218051200602584403,,active,22,National NGO,ad,Kenya
BJ-IFU-6201500233008,,active,22,National NGO,pascib_benin,Benin
ML-MAT-028-MAT-DNIC-DAG,,active,22,National NGO,seco-ong-mali,Mali
XI-GRID-grid4157124,,active,80,"Academic, Training and Research",iop-rmu,Pakistan
XM-DAC-46021,,active,40,Multilateral,boadiita,Togo
YE-MSAL-288-2013,,active,22,National NGO,ywbod,Yemen
SG-ACRA-201507403G,,active,23,Regional NGO,growasia,Singapore
US-EIN-20-3074517,,active,21,International NGO,trustafrica,United States of America (the)
PK-SEC-0108318,,active,22,National NGO,tfp,Pakistan
ZA-CIP-2021-421804-08,,active,21,International NGO,sdi-int,South Africa
BD-ROC-C-104266,,active,70,Private Sector,redorange,Bangladesh
ZA-NPO-155-669,,active,23,Regional NGO,pai155669,South Africa
ET-CSA-1424,,active,22,National NGO,corha,Ethiopia
KE-RCO-155081,,active,21,International NGO,fsdafrica,Kenya
BI-NIF-4001055070,,active,22,National NGO,j2022,Burundi
AF-MOE-611,,active,22,National NGO,tlo,Afghanistan
PY-RUC-80025907-6,,active,21,International NGO,wwf-py,Paraguay
TN-RNE-1027578P,,active,22,National NGO,cemi,Tunisia
SN-NINEA-21516110A0,,active,22,National NGO,gorin,Netherlands (the)
NL-KVK-54749484,,active,21,International NGO,fc-f,Netherlands (the)
PS-MOI-RA279C,,active,22,National NGO,pwwsd_2022,"Palestine, State of"
LB-MOI-30-ED,,active,22,National NGO,skf,Lebanon
TH-MOI-KhorThor2882,,active,23,Regional NGO,ilgaasia,Thailand
BI-NIF-4000450306,,active,22,National NGO,bltp,Burundi
FI-PRO3087706-5,,active,70,Private Sector,riverrecycle,Finland
LB-MOI-3567,,active,22,National NGO,crtda,Lebanon
JO-MSD-19700011100010,,active,22,National NGO,awo2022,Jordan
MM-MHA-0295,,active,22,National NGO,gen,Netherlands (the)
CO-RUE-830053223,,active,22,National NGO,limpal-colombia,Colombia
GB-GOV-11,,active,10,Government,cbu_hmrc,United Kingdom of Great Britain and Northern Ireland (the)
MY-SSM-256530H,,active,23,Regional NGO,my-ssm,Malaysia
RW-RGB-020-17,,active,22,National NGO,profemmes,Rwanda
CO-RUES-800121811,,active,22,National NGO,codacop,Colombia
DK-CVR-42047007,,active,80,"Academic, Training and Research",icars,Denmark
SS-RRC-140,,active,21,International NGO,avsi-ssd,South Sudan
DK-CVR-25825012,,active,21,International NGO,sosdk,Denmark
US-EIN-81-2108637,,active,21,International NGO,dalbergcatalyst,United States of America (the)
BJ-IFU-6201810257535,,active,22,National NGO,abms,Benin
BF-MATD-N00000408001,,active,22,National NGO,sosjd6,Burkina Faso
US-EIN-061805406,,active,21,International NGO,hc2022,United States of America (the)
CH-FDJP-CHE10092705,,active,21,International NGO,wilpf_22,Switzerland
ID-DJP-030079198015000,,active,22,National NGO,pattiro,Indonesia
NL-KVK-41226182,,active,22,National NGO,hfhnl,Netherlands (the)
US-GOV-11,,active,10,Government,state,United States of America (the)
US-GOV-32,,active,10,Government,epa,United States of America (the)
US-GOV-16,,active,10,Government,doc,United States of America (the)
PL-KRS-0000233247,,active,60,Foundation,cpf,Poland
XI-ROR-01hxy9878,,active,80,"Academic, Training and Research",rcsi,Ireland
SE-ON-802015-1281,,active,23,Regional NGO,ccb,Sweden
SE-ON-875002-7271,,active,22,National NGO,efk,Sweden
US-GOV-12,,active,10,Government,ustda,United States of America (the)
US-GOV-2,,active,10,Government,usda,United States of America (the)
US-GOV-10,,active,10,Government,peace,United States of America (the)
US-GOV-21,,active,10,Government,iaf,United States of America (the)
US-GOV-26,,active,10,Government,dot,United States of America (the)
US-GOV-14,,active,10,Government,hhs,United States of America (the)
US-GOV-15,,active,10,Government,doj,United States of America (the)
IN-MCA-U74999MH2015PTC264094,,active,70,Private Sector,ddsolar,India
US-GOV-9,,active,10,Government,doi,United States of America (the)
US-GOV-7,,active,10,Government,dod,United States of America (the)
US-GOV-20,,active,10,Government,doe,United States of America (the)
US-GOV-19,,active,10,Government,dhs,United States of America (the)
XM-OCHA-HP3664,,active,22,National NGO,jrf_2022,Jordan
US-EIN-83-2847769,,active,70,Private Sector,60db,United States of America (the)
ci-moi-474-mis-dgat-dag-sdva,,withdrawn,22,National NGO,csci_benkadi,Côte D'Ivoire
SS-RRC-652,,active,22,National NGO,siha-southsudan,South Sudan
ID-KHH-01060014412,,active,22,National NGO,tifa_foundation,Indonesia
061660068,,active,21,International NGO,ipa_,United States of America (the)
TZ-NNCB-00NGO-R2-00056,,active,22,National NGO,wajibu,"Tanzania, the United Republic of"
NP-SWC-19781,,active,22,National NGO,infnepal,Nepal
NL-KVK-40539494,,active,21,International NGO,mdmnl,Netherlands (the)
US-EIN-84-3344516,,active,21,International NGO,aceliafrica,United States of America (the)
NL-KVK-76050475,,active,21,International NGO,gca,Netherlands (the)
GB-CHC-1187721,,active,21,International NGO,uws,United Kingdom of Great Britain and Northern Ireland (the)
ID-KHH-0018020.AH.01.07,,active,22,National NGO,hrwg_indonesia,Indonesia
CO-CCB-0008863,,active,22,National NGO,opepa,Colombia
CH-FDJP-110.162.567,,active,60,Foundation,finddiagnostics,Switzerland
GB-COH-02742969,,active,80,"Academic, Training and Research",grl,United Kingdom of Great Britain and Northern Ireland (the)
PS-MOI-QR177HR,,active,22,National NGO,miftah,"Palestine, State of"
KH-INGO-20201231,,active,21,International NGO,aac,Cambodia
GH-DSW-4004,,active,23,Regional NGO,mfwa,Ghana
IL-RA-580675486,,active,22,National NGO,t2p,Israel
XM-DAC-47062,,active,21,International NGO,iita_2022,Nigeria
JO-COA-0301-57112,,active,40,Multilateral,inwrdam,Jordan
KH-INGO,,withdrawn,21,International NGO,aac,Cambodia
CO-RUE-8600286699,,active,70,Private Sector,fedesarrollo,Colombia
NL-KVK-24428291,,active,70,Private Sector,aw,Netherlands (the)
NL-KVK-58076573,,active,70,Private Sector,auxfinintl,Netherlands (the)
GB-UKPRN-10007783,,active,80,"Academic, Training and Research",uoa,United Kingdom of Great Britain and Northern Ireland (the)
US-EIN-23-6393344,,active,21,International NGO,worldrelief,United States of America (the)
GH-RGD-CG056382017,,active,23,Regional NGO,globalshea,Ghana
CO-CCB-01952534,,active,70,Private Sector,grupoe3,Colombia
CO-RUE-901337512,,active,22,National NGO,iclei,Colombia
GB-SC-SC015263,,active,80,"Academic, Training and Research",strathclyde,United Kingdom of Great Britain and Northern Ireland (the)
CH-FDJP-CHE-109-991-002,,active,60,Foundation,basel_institute,Switzerland
BJ-IFU-6202112757059,,active,22,National NGO,igd_benin,Benin
LB-MOI-37-AD,,active,22,National NGO,rabi3,Lebanon
BJ-IFU-6201001214905,,active,22,National NGO,abpf,Benin
GB-COH-RC000653,,active,80,"Academic, Training and Research",uoex,United Kingdom of Great Britain and Northern Ireland (the)
AE-DMCC-23550,,active,70,Private Sector,arkgroupdmcc1,United Arab Emirates (the)
US-EIN-52-1497470,,active,21,International NGO,c_i_f,United States of America (the)
GB-CHC-1112404,,active,21,International NGO,rtp_uk,United Kingdom of Great Britain and Northern Ireland (the)
GB-COH-01250443,,active,70,Private Sector,niras_uk,United Kingdom of Great Britain and Northern Ireland (the)
MZ-NUIT-700061787,,active,30,Public Private Partnership,grp,Mozambique
GB-COH-RC000659,,active,80,"Academic, Training and Research",leics,United Kingdom of Great Britain and Northern Ireland (the)
SE-ON-802010-4850,,active,21,International NGO,solidarity_afghanistan,Sweden
BD-NAB-3183,,active,,,chrf_bd,Bangladesh
ET-MFA-150317,,active,23,Regional NGO,et-adf-0317,Ethiopia
GB-CHC-1162997,,active,21,International NGO,pci,United Kingdom of Great Britain and Northern Ireland (the)
NL-KVK-41199142,,active,60,Foundation,rabofoundation,Netherlands (the)
BI-NIF-4000039331,,active,22,National NGO,twz1,Burundi
KE-NCB-10488,,active,22,National NGO,sp,Kenya
NG-CAC-RC-1368639,,active,70,Private Sector,infracredit,Nigeria
GB-CHC-1050821,,active,22,National NGO,tzuchiuk,United Kingdom of Great Britain and Northern Ireland (the)
LB-MOI-17312,,active,22,National NGO,female,Lebanon
NL-KVK-60351489,,active,70,Private Sector,frontclear_ftap,Netherlands (the)
GB-COH-10781862,,active,70,Private Sector,svrg,United Kingdom of Great Britain and Northern Ireland (the)
US-EIN-47-4606264,,active,70,Private Sector,hala_systems,United States of America (the)
LB-MOI-2402520,,active,23,Regional NGO,smex,Lebanon
DE-CR-RA000355-HRB726528,,active,80,"Academic, Training and Research",fosaa,Germany
UG-RSB-80020000583761,,active,70,Private Sector,ep,Uganda
DK-CVR-78920610,,active,21,International NGO,fowdk,Denmark
CH-FDJP-CHE455926653,,active,21,International NGO,ilgaworld,Switzerland
DE-CR-RA000299-HRB20002,,active,70,Private Sector,sce-gmbh,Germany
PE-SUNARP-03024345,,active,80,"Academic, Training and Research",investigacion_cayetano,Peru
GB-COH-05712574,,active,70,Private Sector,pul,United Kingdom of Great Britain and Northern Ireland (the)
US-EIN-45-4535664,,active,21,International NGO,harvard_global,United States of America (the)
KE-NCB-218051200201502367,,active,22,National NGO,lvct,Kenya
XM-DAC-47149,,active,15,Other Public Sector,icmp,Netherlands (the)
GB-UKPRN-10007786,,active,80,"Academic, Training and Research",unibristol,United Kingdom of Great Britain and Northern Ireland (the)
KE-KRA-P052188980R,,active,70,Private Sector,bfa_global,(No country assigned)
KE-RCO-CF2015185025,,active,60,Foundation,ga,Kenya
AF-MOE-947,,active,22,National NGO,947,Afghanistan
CH-FDJP-CHE326267730,,active,21,International NGO,trial,Switzerland
AF-MOE-118,,active,21,International NGO,sca_afghanistan,Afghanistan
US-EIN-52-1527835,,active,21,International NGO,ifes,United States of America (the)
GB-COH-46049,,withdrawn,21,International NGO,testdave,United Kingdom
KE-KRA-P052007235U,,active,70,Private Sector,imfact2022,Kenya
US-EIN-262048480,,active,21,International NGO,ia,United States of America (the)
PH-SEC-CN201214699,,active,23,Regional NGO,crcasia,(No country assigned)
NA-NAMRA-04413362,,active,23,Regional NGO,arasaregional,Namibia
SO-COA-107-0081-2023,,active,22,National NGO,iffoundation12,Somalia
US-EIN-26-0126537,,active,21,International NGO,gi,United States of America (the)
KE-KRA-P051698850Z,,active,70,Private Sector,ddfkenya,Kenya
GB-COH-07177839,,active,70,Private Sector,bboxx,United Kingdom of Great Britain and Northern Ireland (the)
SN-NINEA-50255162X2,,active,70,Private Sector,sn-ninea-50255162x2,Senegal
ID-DJP-032441156063000,,active,70,Private Sector,ptarupidn,Indonesia
GB-COH-12675400,,active,21,International NGO,cir,United Kingdom of Great Britain and Northern Ireland (the)
BR-CNPJ-30619995-0001-34,,active,80,"Academic, Training and Research",cit_brazil,Brazil
NG-CAC-RC-929657,,active,70,Private Sector,fmdqgroupplc_2013,Nigeria
GB-CHC-1146162,,active,21,International NGO,rstmh,United Kingdom of Great Britain and Northern Ireland (the)
PK-NTN-9051408-4,,active,80,"Academic, Training and Research",kmu,Pakistan
XM-DAC-46008,,active,40,Multilateral,caf,Venezuela (Bolivarian Republic of)
BD-ROC-S-5933,,active,80,"Academic, Training and Research",chpd_ulab,Bangladesh
NL-KVK-51837609,,active,70,Private Sector,upinion,Netherlands (the)
NP-IRD-201252183,,active,80,"Academic, Training and Research",bpkihs_dharan,Nepal
BO-NIT-351775028,,active,23,Regional NGO,conexionla,Bolivia (Plurinational State of)
LK-DRC-GA635,,active,80,"Academic, Training and Research",irdsrilanka-1997,Sri Lanka
NG-CAC-1075488,,active,70,Private Sector,nvd_12,Nigeria
KE-KRA-P051883897F,,active,70,Private Sector,adili_sh,Kenya
GB-CHC-1030884,,active,21,International NGO,gb-chc-1030884,United Kingdom of Great Britain and Northern Ireland (the)
KE-KRA-P052141361L,,active,22,National NGO,cap-a,Kenya
CO-NIT-900442608,,active,22,National NGO,justapaz,Colombia
IN-MHA-147120028,,active,22,National NGO,lwsit,India
GB-COH-14937701,,active,21,International NGO,gisf,United Kingdom of Great Britain and Northern Ireland (the)
GB-GOR-PB57,,active,10,Government,mmo,United Kingdom of Great Britain and Northern Ireland (the)
US-EIN-13-3615533,,active,22,National NGO,rpa,United States of America (the)
CO-NIT-860013720,,active,80,"Academic, Training and Research",puj,Colombia
SE-ON-802010-8315,,active,22,National NGO,thp-se,Sweden
QA-MOI-01005700,,active,90,Other,qrcs,Qatar
KE-NCB-OP.218-051-9841-1024,,active,22,National NGO,idf-kenya,Kenya
UG-NGO-INTP12912225NB,,active,21,International NGO,goal-inspire,Uganda
GB-UKPRN-10007794,,active,80,"Academic, Training and Research",uofg,United Kingdom of Great Britain and Northern Ireland (the)
AU-ABN-15211513464,,active,80,"Academic, Training and Research",usyd,Australia
GB-GOR-PB508,,active,80,"Academic, Training and Research",rbg_kew,United Kingdom of Great Britain and Northern Ireland (the)
XI-DUNS-645826186,,active,80,"Academic, Training and Research",stmu01,Pakistan
IN-MCA-U74900TN2013PTC093426,,active,70,Private Sector,bepl,India
NP-SWC-17977,,active,,,iids,Nepal
AU-ABN-56721584203,,active,80,"Academic, Training and Research",deakin,Australia
UA-EDR-21691681,,active,22,National NGO,la_strada_ukraine,Ukraine
XI-LEI-529900SKOVW9DANRVO17,,active,60,Foundation,legacy_landscapes_fund,Germany
GH-RGD-CG034642016,,active,22,National NGO,ukgcc,Ghana
BE-BCE_KB0-0421408778,,active,22,National NGO,ipis,Belgium
XI-IATI-KHF_IFH,,active,22,National NGO,khf_ifh,Jordan
PS-TIN-888005972,,active,15,Other Public Sector,wsrc1,"Palestine, State of"
NL-KVK-57504091,,active,60,Foundation,stichting_cd,Netherlands (the)
GB-COH-05572704,,active,70,Private Sector,aceruk,United Kingdom of Great Britain and Northern Ireland (the)
BR-CNPJ-62579164-0001-72,,active,80,"Academic, Training and Research",_cebrap,Brazil
NL-KVK-34123218,,active,80,"Academic, Training and Research",rabk,Netherlands (the)
YE-MSAL-220,,active,22,National NGO,bfdyemen,Yemen
ZA-CIP-2011-003386-08,,active,80,"Academic, Training and Research",cisl,South Africa
GB-GOV-25,,active,10,Government,desnz,United Kingdom of Great Britain and Northern Ireland (the)
ZA-CIP-2002-007758-08,,active,21,International NGO,icleiafrica,South Africa
GB-COH-OC422288,,active,70,Private Sector,thc,United Kingdom of Great Britain and Northern Ireland (the)
YE-CR-17952,,active,70,Private Sector,dr,Yemen
UA-EDR-36159679,,active,22,National NGO,dixigroup,Ukraine
TN-RNE-1526532C,,active,22,National NGO,wwc_27068084,Tunisia
NL-KVK-41150792,,active,,,jp-nl,Netherlands (the)
UG-NGO-INDR45161196NB,,active,22,National NGO,actade,Uganda
GB-GOV-26,,active,10,Government,dsit,United Kingdom of Great Britain and Northern Ireland (the)
PS-MOI-QR-0049-F,,active,21,International NGO,welfare_taawon,"Palestine, State of"
MG-NIF-4003264720,,active,22,National NGO,pjl,Madagascar
YE-MSAL-19,,active,22,National NGO,rymn,Yemen
GB-COH-02412299,,active,21,International NGO,stonewa11,United Kingdom of Great Britain and Northern Ireland (the)
HK-CR-2436455,,active,70,Private Sector,agsollimited,Hong Kong
FR-RCS-53119997400027,,active,21,International NGO,premiere-urgence,France
BD-ROC-C-150855,,active,70,Private Sector,yy_ventures,Bangladesh
BD-NAB-0841,,active,22,National NGO,cnrs,Bangladesh
GB-COH-12482833,,active,21,International NGO,amplifychange,United Kingdom of Great Britain and Northern Ireland (the)
YE-MOPIC-0036,,active,21,International NGO,partnersyemen,Yemen
SZ-CIT-201710132021804,,active,22,National NGO,wu,Eswatini
BD-NAB-0004,,active,21,International NGO,carebd,Bangladesh
NG-CAC-69519,,active,22,National NGO,cjid_ng,Nigeria
BD-NAB-0577,,active,22,National NGO,dsk,Bangladesh
BD-NAB-1748,,active,22,National NGO,fb_2023,Bangladesh
NL-KVK-91420784,,active,21,International NGO,wcaf,Netherlands (the)
YE-MSAL-32-M-2008,,active,22,National NGO,semc-yemen,Yemen
GB-GOR-EA53,,active,10,Government,cefas,United Kingdom of Great Britain and Northern Ireland (the)
IN-MCA-U74900TG2007NPL055085,,active,80,"Academic, Training and Research",tgi_india,India
GB-CHC-298375,,active,23,Regional NGO,cls,United Kingdom of Great Britain and Northern Ireland (the)
IN-MHA-083780010,,active,22,National NGO,sparc_iati,India
NL-KVK-75373750,,active,21,International NGO,ic-bs_24,Netherlands (the)
PK-NTN-2158581-4,,active,22,National NGO,shirkatgah,Pakistan
NL-KVK-81042582,,active,22,National NGO,thenab,Netherlands (the)
GB-COH-4625800,,active,21,International NGO,iseal,United Kingdom of Great Britain and Northern Ireland (the)
GB-CHC-1174610,,active,15,Other Public Sector,thinkequal,United Kingdom of Great Britain and Northern Ireland (the)
KE-NCB-218051200301082704,,active,22,National NGO,imlu,Kenya
PS-TIN-562780742,,active,70,Private Sector,tap,"Palestine, State of"
UG-RSB-80010000758365,,active,70,Private Sector,in,Uganda
XM-OCHA-HPC8773,,active,40,Multilateral,ecw,(No country assigned)
US-EIN-46-3995547,,active,21,International NGO,ibp,United States of America (the)
ID-KHH-AHU-0000401.AH.01.07,,active,22,National NGO,safenet,Indonesia
IT-CF-97050280581,,active,21,International NGO,cispngo,Italy
NG-CAC-6896199,,active,22,National NGO,obodo_ng,Nigeria
IN-MHA-083930308,,active,22,National NGO,masumpune_87,India
MW-NBM-NGO-L-13-059,,active,22,National NGO,wolrec,Malawi
GH-RGD-ET000570722,,active,21,International NGO,idh-ghana,Ghana
US-EIN-042241718,,active,21,International NGO,edc,United States of America (the)
GB-COH-08100658,,active,70,Private Sector,via,United Kingdom of Great Britain and Northern Ireland (the)
GB-COH-05380206,,active,15,Other Public Sector,jncc,United Kingdom of Great Britain and Northern Ireland (the)
GB-COH-02525806,,active,70,Private Sector,acs_group,United Kingdom of Great Britain and Northern Ireland (the)
UG-RSB-125289,,active,70,Private Sector,pcp-ug_125289,Uganda
US-EIN-47-2326975,,active,21,International NGO,cadasta,(No country assigned)
BI-NIF-4001458845,,active,22,National NGO,ajebudi_2024,Burundi
CH-FDJP-CHE-390.672.238,,active,21,International NGO,nf2022,Switzerland
RW-RRA-121040504,,active,70,Private Sector,acv,Rwanda
ID-DJP-016993966411000,,active,80,"Academic, Training and Research",ppim,Indonesia
CA-CC-020387-4,,active,21,International NGO,ef,Canada
GB-CHC-1174115,,active,22,National NGO,ceobs,United Kingdom of Great Britain and Northern Ireland (the)
KE-RCO-PVT-2016-025726,,active,70,Private Sector,apolloagriculture,Kenya
JO-CCD-181612,,active,70,Private Sector,mset,Jordan
MU-CR-C191439,,active,70,Private Sector,blue,Mauritius
KE-RCO-BN-J9S5BMEB,,active,70,Private Sector,ecovega,Kenya
AU-ABN-94642321640,,active,23,Regional NGO,cra,Australia
SE-ON-802401-6134,,active,21,International NGO,ktk_ho,Sweden
CA-CRA_ACR-827142530RR0001,,active,21,International NGO,rr_qfdi,Canada
GB-CHC-1191805,,active,22,National NGO,sidcn,United Kingdom of Great Britain and Northern Ireland (the)
GB-COH-14411359,,active,70,Private Sector,chemonics_uk,United Kingdom of Great Britain and Northern Ireland (the)
NL-KVK-27364265,,active,80,"Academic, Training and Research",nl_tud,(No country assigned)
CH-FDJP-6602621019-7,,active,21,International NGO,ffh,Switzerland
SE-ON-8024010855,,active,21,International NGO,concordswe,Sweden
CO-RUE-90020089,,active,23,Regional NGO,feadin,Colombia
BF-MATD-1131,,active,22,National NGO,240001090,Burkina Faso
GB-COH-01630501,,active,70,Private Sector,mko,United Kingdom of Great Britain and Northern Ireland (the)
EG-CR-42812,,active,70,Private Sector,outreach_egypt,Egypt
KE-KRA-P052193943Z,,active,22,National NGO,theclimatenetwork,Kenya
GB-COH-04481639,,active,70,Private Sector,alinea_uk,United Kingdom of Great Britain and Northern Ireland (the)
BF-MATD-118884808RR0001,,active,22,National NGO,bfrri,Burkina Faso
GB-UKPRN-10007789,,active,80,"Academic, Training and Research",uea_uk,United Kingdom of Great Britain and Northern Ireland (the)
GB-UKPRN-10000824,,active,80,"Academic, Training and Research",bournemouth_university,United Kingdom of Great Britain and Northern Ireland (the)
BD-NAB-557,,active,21,International NGO,thpdb,Bangladesh
UG-NGO-INDR21712234NB,,active,22,National NGO,ngoforum_01,Uganda
ZA-NPO-IT7504-1992-PMB,,active,23,Regional NGO,accord_2024,South Africa
ZA-CIP-1997-015443-07,,active,70,Private Sector,whc,South Africa
GB-CHC-1186748,,active,21,International NGO,nt_2024,United Kingdom of Great Britain and Northern Ireland (the)
GB-CHC-1159990,,active,22,National NGO,ssap,United Kingdom of Great Britain and Northern Ireland (the)
GB-COH-09902551,,active,70,Private Sector,camco,United Kingdom of Great Britain and Northern Ireland (the)
XM-DAC-962,,active,40,Multilateral,unctad,Switzerland
AR-CUIT-30-70806240-1,,active,21,International NGO,iecs-2024,Argentina
GB-HESA-0163,,active,80,"Academic, Training and Research",warwickpub123,United Kingdom of Great Britain and Northern Ireland (the)
GT-RPJ-21339045,,active,21,International NGO,fafg,Guatemala
XI-ROR-01wk3d929,,active,80,"Academic, Training and Research",medicine_ub,Indonesia
GB-COH-OC423567,,active,70,Private Sector,gridworkspartners,United Kingdom of Great Britain and Northern Ireland (the)
GB-GOV-27,,active,10,Government,mhclg,United Kingdom of Great Britain and Northern Ireland (the)
PE-SUNARP-11582738,,active,80,"Academic, Training and Research",cientifica-pe,Peru
PK-VSWA-2028-2002,,active,22,National NGO,bveins,Pakistan
AT-ZVR-482616437,,active,22,National NGO,hope87,Austria
GB-CHC-313392,,active,80,"Academic, Training and Research",nfer,United Kingdom of Great Britain and Northern Ireland (the)
KE-KRA-P051102229I,,active,40,Multilateral,tdb01,Kenya
GE-NAPR-367,,active,22,National NGO,curatio,Georgia
GB-COH-13697512,,active,70,Private Sector,2xglobal,United Kingdom of Great Britain and Northern Ireland (the)
SS-RRC-294,,active,22,National NGO,capad,South Sudan
UA-EDR-24719411,,active,70,Private Sector,argus_kyiv,Ukraine
CA-CRA_ACR-892100884,,active,15,Other Public Sector,col,Canada
GB-CHC-210639,,active,22,National NGO,rusi,United Kingdom of Great Britain and Northern Ireland (the)
XM-OCHA-HPC1888,,active,22,National NGO,inforaas,Somalia
XM-OCHA-HPC6052,,active,22,National NGO,hirda,Somalia
BE-BCE_KBO-0665.649.335,,active,21,International NGO,seefarfoundation,Belgium
XM-OCHA-HPC5902,,active,21,International NGO,pac_som,Somalia
XM-OCHA-HPC3382,,active,22,National NGO,scc_2025,Somalia
SO-COA-107-0079-2025,,active,22,National NGO,kardo-somalia,Somalia
XM-OCHA-HPC10477,,active,22,National NGO,swvsom,Somalia
GB-COH-08524506,,active,70,Private Sector,commonseas,United Kingdom of Great Britain and Northern Ireland (the)
IN-MHA-5897,,active,22,National NGO,tlmti,India
GH-RGD-CG016822016,,active,22,National NGO,cdd_admin,Ghana
GB-COH-03591514,,active,21,International NGO,tlm_io,United Kingdom of Great Britain and Northern Ireland (the)
CH-FDJP-CHE109810537,,active,60,Foundation,fsd-switzerland_2025,Switzerland
US-EIN-11-2724905,,active,21,International NGO,icfj,United States of America (the)
BR-CNPJ-45358058000140,,active,80,"Academic, Training and Research",ufscar_brasil,Brazil
ZA-NPO-012983,,active,22,National NGO,sci2025,South Africa
ZA-CIP-2007-012585-08,,active,21,International NGO,rdh,South Africa
US-EIN-53-0196603,,active,80,"Academic, Training and Research",georgetown,United States of America (the)
US-EIN-113816205,,active,21,International NGO,independent_diplomat,United States of America (the)
GB-CHC-1159483,,active,21,International NGO,start-network,United Kingdom of Great Britain and Northern Ireland (the)
GH-RGD-CG081931122,,active,60,Foundation,ews-kt_gh,Ghana
FR-RCS-42956525200054,,active,21,International NGO,ri_france,France
SO-COA-107-0290-2025,,active,22,National NGO,hu,Somalia
NG-CAC-8270899,,active,70,Private Sector,sgal,Nigeria
US-EIN-52-1398742,,active,21,International NGO,cipe_1983,United States of America (the)
NL-KVK-32160247,,active,70,Private Sector,scopeinsight,Netherlands (the)
US-EIN-521338892,,active,21,International NGO,ndi,United States of America (the)
TZ-NNCB-00NGOR100261,,active,22,National NGO,sawaka,"Tanzania, the United Republic of"
XI-ROR-0595gz585,,active,80,"Academic, Training and Research",uog,Ethiopia
SE-ON-845000-0768,,active,21,International NGO,im_sweden,Sweden
KE-RSO-21805,,active,60,Foundation,cpmhf,Kenya
PK-VSWA-DO-SW-JCD-VA-259,,active,90,Other,shifa,Pakistan
SE-ON-802473-4892,,active,22,National NGO,ibp_swe,Sweden
RW-RRA-102234096,,active,70,Private Sector,afrwanda,Rwanda
UG-RSB-80010004091376,,active,70,Private Sector,dwb_africa,Uganda
XI-DUNS-499432771,,active,80,"Academic, Training and Research",nhrc,Ghana
US-SAM-VJ8RGVMEPAT7,,active,22,National NGO,new_digital_trade_coalition,United States of America (the)
US-EIN-770155782,,active,21,International NGO,globalfundforwomen,United States of America (the)
MW-NBM-20125698,,active,21,International NGO,mlw,Malawi
XM-DAC-46027,,active,40,Multilateral,fonplata,Bolivia (Plurinational State of)
BF-MATD-N4217,,active,22,National NGO,abbef,Burkina Faso
XI-ROR-04pznsd21,,active,70,Private Sector,auob,Lebanon
XI-IATI-CLAD,,active,40,Multilateral,clad,Venezuela (Bolivarian Republic of)
GB-CHC-1180966,,active,22,National NGO,mtuk,United Kingdom of Great Britain and Northern Ireland (the)
GB-COH-05327824,,active,21,International NGO,tjn,United Kingdom of Great Britain and Northern Ireland (the)
ZA-CIP-2022-449689-08,,active,70,Private Sector,energycouncilsa,South Africa
FR-INSEE-93282389100019,,active,21,International NGO,piermarc,France
ET-CSA-1560,,active,22,National NGO,eocdicac,Ethiopia
KE-RCO-CPR-2014-161876,,active,22,National NGO,mwa_kenya,Kenya
NL-KVK-86795341,,active,60,Foundation,clim-eat,Netherlands (the)
SL-NRA-1136607-8,,active,22,National NGO,igchr_sierraleone,Sierra Leone
SL-OARG-2420280,,active,22,National NGO,codohsapa,Sierra Leone
GB-COH-08195029,,active,70,Private Sector,finance_earth,United Kingdom of Great Britain and Northern Ireland (the)
US-EIN-52-1780162,,active,21,International NGO,ef-2025,United States of America (the)
US-EIN-35-2725269,,active,21,International NGO,sfa_foundation,(No country assigned)
UG-NGO-INDP51781129NB,,active,23,Regional NGO,rac-001,Uganda
UA-EDR-42661077,,active,22,National NGO,imtd_int_11,Ukraine
TR-VKN-4940457659,,active,22,National NGO,kamer,(No country assigned)
LB-MOI-1589,,active,90,Other,nabad,Lebanon
SE-ON-802435-6613,,active,21,International NGO,sto,Sweden
RS-APR-17742523,,active,90,Other,iucn-ecaro,Serbia
XI-ROR-05eer8g02,,active,80,"Academic, Training and Research",ju,Ethiopia
ZA-NPO-209-239,,active,22,National NGO,c2c,South Africa
SE-ON-252002-6564,,active,,,pmu,Sweden
US-EIN-47-5677755,,active,21,International NGO,ist,United States of America (the)
SE-ON-802478-1141,,active,60,Foundation,rainbow_fund,Sweden
BW-TIN-C00040009106,,active,80,"Academic, Training and Research",university-of-botswana,Botswana
SE-ON-8020028133,,active,,,rfsuip,Sweden
CO-NIT-830101557,,active,22,National NGO,comisionjyp,Colombia
SE-ON-202100-3062,,active,80,"Academic, Training and Research",stockholmuniversity,Sweden
SE-ON-846001-3413,,active,90,Other,rfslmalmoe,Sweden
BR-CNPJ-63762884000131,,active,22,National NGO,kaninde,Brazil
ID-DJP-013236401062000,,active,80,"Academic, Training and Research",cephas,Indonesia
UG-RSB-80034880275658,,active,22,National NGO,hanu,Uganda
BE-BCE_KBO-0461977940,,active,22,National NGO,fdhommes,Belgium
XI-ROR-02phn5242,,active,80,"Academic, Training and Research",uoc,Sri Lanka
UA-EDR-41210108,,active,22,National NGO,ecoaction_ua,Ukraine
CI-MOI-474-MIS-DGAT-SAG-SDVA,,active,22,National NGO,csci_benkadi,Côte d'Ivoire
FI-PRO-00990390-0,,active,90,Other,nefco,Finland
SE-ON-802011-9353,,active,22,National NGO,rfsl_forbundet,Sweden
KE-NCB-218051120898201,,active,22,National NGO,huria,Kenya
RS-PIB-105917159,,active,22,National NGO,partners-serbia,Serbia
LU-RCS-A39060,,active,21,International NGO,ipmc-humanitaire,Luxembourg
ZA-CIP-2025-975529-07,,active,70,Private Sector,sadicointech,South Africa
KH-TIN- K009-100090427,,active,21,International NGO,spir,Cambodia
US-EIN-26-1401736,,active,21,International NGO,last_mile_health,United States of America (the)
GB-CHC-1141471,,active,21,International NGO,gndr,United Kingdom of Great Britain and Northern Ireland (the)
SN-NINEA-40684420VO,,active,22,National NGO,ied,Senegal
SE-ON-802016-9846,,active,,,artikel2,Sweden
UG-RSB-80020000148318,,active,22,National NGO,sspp,Uganda
DE-CR-RA000217-HRB109333,,active,21,International NGO,icsc,Germany
US-EIN-20-364204,,active,21,International NGO,asylum_access,United States of America (the)
AU-ABN-13629885918,,active,80,"Academic, Training and Research",cei,Australia
XI-ROR-03fkc8c64,,active,80,"Academic, Training and Research",uwi,Jamaica
SE-ON-857206-6689,,active,21,International NGO,airclim,Sweden
NP-SWC-15652,,active,22,National NGO,n_a,Nepal
TZ-TRA-132-359-466,,active,80,"Academic, Training and Research",akut,"Tanzania, the United Republic of"
SV-NIT-9498-180400-101-7,,active,22,National NGO,nimd_sv,NETHERLAND ANTILLES
NL-KVK-97917869,,active,70,Private Sector,gpp,Netherlands (the)
ZA-COA-31470,,active,80,"Academic, Training and Research",hsrc,South Africa
GT-NIT-7102259,,active,22,National NGO,ceiba,Guatemala
MD-IDNO-1022620011229,,active,22,National NGO,hamd,Moldova (the Republic of)
UG-NGO-INDR4355781NB,,active,22,National NGO,cedovip,Uganda
SE-ON-894003-1266,,active,90,Other,fsuf,Sweden
SE-ON-855100-9882,,active,22,National NGO,jordens_vanner,Sweden
GB-COH-09297498,,active,70,Private Sector,mom_incubators,United Kingdom of Great Britain and Northern Ireland (the)
SE-ON-802011-1582,,active,60,Foundation,fryshuset,Sweden
ET-CSA-7632,,active,22,National NGO,haeth,Ethiopia
TZ-NNCB-OONGO-00010200,,active,22,National NGO,bufadeso,"Tanzania, the United Republic of"
SE-ON-802404-9150,,active,21,International NGO,plan,Sweden
US-EIN-27-0915757,,active,21,International NGO,dial,United States of America (the)
KE-NCB-90769,,active,,,atps,Kenya
SE-ON-802497-7434,,active,22,National NGO,iogt-ntomovement,Sweden
SE-ON-802501-4732,,active,22,National NGO,u2l,Sweden
BR-CNPJ-05357888-0001-38,,active,,,anac,Brazil
SE-ON-802002-8711,,active,21,International NGO,src,Sweden
TZ-NNCB-00NGO0008925,,active,22,National NGO,tabio,"Tanzania, the United Republic of"
LB-MOI-1103,,active,21,International NGO,adyan,Lebanon
SE-ON-252004-7131,,active,22,National NGO,ucs,Sweden
SE-ON-814000-8643,,active,,,hihswe,Sweden
BD-NAB-2837,,active,22,National NGO,ark_foundation,Bangladesh
SE-ON-802002-4280,,active,22,National NGO,ssnc,Sweden
NL-KVK-27286042,,active,21,International NGO,icm,Netherlands (the)
GH-TIN-V0004162595,,active,,,noguchi,Ghana
SE-ON-886500-3910,,active,23,Regional NGO,abfhalsingland,Sweden
NG-TIN-18941011-0001,,active,10,Government,ncdc,Nigeria
GB-SC-007983,,active,80,"Academic, Training and Research",rbge,United Kingdom of Great Britain and Northern Ireland (the)
MW-NBM-NGOI12005,,active,,,ageafrica,Malawi
SE-ON-802013-3420,,active,22,National NGO,bris,Sweden
SE-ON-802402-9376,,active,22,National NGO,myright,Sweden
SE-ON-802536-7759,,active,,,beredskapslyftet,Sweden
ZM-PCR-120190005001,,active,22,National NGO,bloggerszm,Zambia
AF-MOE-956,,active,22,National NGO,aoad,Afghanistan
ZA-CIP-1999-012979-08,,active,22,National NGO,isandla,South Africa
KE-KRA-P051637065Q,,active,21,International NGO,hrok_kwtrp,Kenya
DE-CR-RA000217-HRB196905,,active,23,Regional NGO,syrian_archive,Germany
IN-MCA-ACH-1007,,active,70,Private Sector,chip-llp,India
BO-NIT-1020347026,,active,22,National NGO,sos_bolivia,Bolivia (Plurinational State of)
SE-ON-802400-5046,,active,22,National NGO,framtidsjorden,Sweden
SE-ON-802014-4294,,active,,,utou,Sweden
AM-SRALE-222.160.00137,,active,80,"Academic, Training and Research",aua_fund,Armenia
SE-ON-802465-2987,,active,22,National NGO,kou,Sweden
CA-CRA_ACR-833634678RR0001,,active,,,acf_canada,Canada
BI-NIF-4001484502,,active,,,asovb,Burundi
ZM-RNGO-1010019,,active,22,National NGO,childline_zambia,Zambia
SE-ON-802521-8119,,active,24,Partner Country based NGO,phi,Sweden
XM-DAC-41317,,active,,,gcf,Korea (the Republic of)
CH-FDJP-CHE-100788251,,active,21,International NGO,scgv,Switzerland
NG-CAC-IT181526,,active,24,Partner Country based NGO,cac,Nigeria
SE-ON-802004-5681,,active,22,National NGO,lag,Sweden
ZA-CIPC-2004-030488-08,,active,60,Foundation,nbf2025x,South Africa
SE-ON-802014-0763,,active,60,Foundation,sei,Sweden
CO-NIT-830008886,,active,70,Private Sector,rnm,Colombia
GB-COH-00559784,,active,80,"Academic, Training and Research",pirbright_institute,United Kingdom of Great Britain and Northern Ireland (the)
UA-EDR-38621206,,active,22,National NGO,r2p,Ukraine
UA-COA-44916875,,active,22,National NGO,vs,Ukraine
SE-ON-802002-3209,,active,22,National NGO,smc,Sweden
SE-ON-802481-2953,,active,60,Foundation,irc_sweden,Sweden
GB-COH-08239074,,active,70,Private Sector,vfw,United Kingdom of Great Britain and Northern Ireland (the)
UG-NGO-INDR1251581NB,,active,22,National NGO,gkfu,Uganda
AM-SRALE-222.160.1285221,,active,60,Foundation,ddf,Armenia
SE-ON-802011-1442,,active,21,International NGO,crd,Sweden
CH-FDJP-CHE305100662,,active,60,Foundation,p4p,Switzerland
BD-ROC-C-107131-13,,active,73,Private Sector in Third Country,shestem,Bangladesh
SE-ON-802400-7620,,active,21,International NGO,forumciv_sweden,Sweden
SE-ON-802004-7737,,active,22,National NGO,fb,Sweden
TZ-TRA-106-620-059,,active,22,National NGO,maperece,"Tanzania, the United Republic of"
US-EIN-20-0097189,,active,60,Foundation,mozilla-foundation,United States of America (the)
TZ-NNCB-INGO-R1-00149,,active,21,International NGO,gc_tanzania,"Tanzania, the United Republic of"
MZ-MOJ-105040119,,active,22,National NGO,ham,Mozambique
BA-JIB-4402093280003,,active,22,National NGO,nova_generacija,Bosnia and Herzegovina
XM-DAC-46007,,active,40,Multilateral,bcie,Honduras
SE-ON-802003-3083,,active,22,National NGO,svalornala,Sweden
CA_AB-ABT-555,,active,80,"Academic, Training and Research",test-stellar,Colombia
SE-ON-845000-4240,,active,22,National NGO,sib,Sweden
LS-HEI-HEI-CRL-20252CNT-3132004,,active,80,"Academic, Training and Research",leboha,Lesotho
TJ-TIN-020025789,,active,,,le,Tajikistan
XI-ROR-01znkr924,,active,80,"Academic, Training and Research",mu,Thailand
MU-CR-C08077130,,active,22,National NGO,miod,Mauritius
KE-NCB-NGO-RQUL6GR,,active,23,Regional NGO,ve,Kenya
SE-ON-802405-7815,,active,22,National NGO,sosbarnbyar,Sweden
IN-MHA-010260407,,active,22,National NGO,nctindia,India
AU-ABN-23068075525,,active,22,National NGO,tia,Australia
US-EIN-99-2897200,,active,21,International NGO,p2h,United States of America (the)
XM-DAC-47105,,active,40,Multilateral,cfc,(No country assigned)
US-EIN-13-4164140,,active,,,ifrsfoundation,United States of America (the)
SE-ON-202100-0555,,active,15,Other Public Sector,socialstyrelsen,Sweden
PK-SEC-0254720,,active,22,National NGO,faid,Pakistan
UG-NGO-INDR172356745NB,,active,22,National NGO,smcsf,Uganda
BR-CNPJ-32121994-0001-90,,active,24,Partner Country based NGO,ieps,Brazil
UA-EDR-42631173,,active,22,National NGO,uda,Ukraine
SE-ON-802428-9103,,active,22,National NGO,bukobahjalpen,Sweden
XI-WIKIDATA-2024,,active,70,Private Sector,young_innovation_production_test,Nepal
SE-ON-802452-8500,,active,22,National NGO,rf,Sweden
MZ-MOJ-100110148,,active,22,National NGO,ja,Mozambique
SE-ON-802009-9258,,active,22,National NGO,pgs,Sweden
SE-ON-802016-0654,,active,21,International NGO,sfhr,Sweden
PE-RUC-20610511954,,active,22,National NGO,recambio,Peru
SE-ON-802457-8950,,active,,,asov,Sweden
SE-ON-817602-2302,,active,60,Foundation,life_peace_institute,Sweden
GB-SC-SC048523,,active,21,International NGO,kidsor,United Kingdom of Great Britain and Northern Ireland (the)
EC-RUC-1791733924001,,active,22,National NGO,altropico,Ecuador
CH-FDJP-CHE259180555,,active,70,Private Sector,rift_partners,Switzerland
TZ-NNCB-06NGO-00010000,,active,22,National NGO,ewaki-2026,"Tanzania, the United Republic of"
GB-GOV-28,,active,15,Other Public Sector,mhra,United Kingdom of Great Britain and Northern Ireland (the)
MX-RFC-UAQ510111MQ9,,active,80,"Academic, Training and Research",uaq,Mexico
CO-NIT-901269139,,active,22,National NGO,fundacion_oxfam_colombia,Colombia
KE-KRA-P051915774Y,,active,90,Other,arin,Kenya
IN-MHA-231660448,,active,22,National NGO,ccdc_india,India
TG-NIF-1000047187,,active,21,International NGO,wildafao,Togo
CH-FDJP-CHE365512867,,active,21,International NGO,ncdalliance,Switzerland
XI-ROR-0405n5e57,,active,10,Government,nimhans,India
SE-ON-802416-0262,,active,22,National NGO,fredenshus,Sweden
SE-ON-802539-4035,,active,21,International NGO,adra-sweden,Sweden
GB-COH-07921860,,active,15,Other Public Sector,iigcc,United Kingdom of Great Britain and Northern Ireland (the)
MZ-MOJ-100493543,,active,22,National NGO,apite,Mozambique
GB-COH-12075030,,active,71,Private Sector in Provider Country,ica,United Kingdom of Great Britain and Northern Ireland (the)
GB-CHC-1111719,,active,60,Foundation,aaf,United Kingdom of Great Britain and Northern Ireland (the)
TZ-NNCB-00NGO00009862,,active,22,National NGO,mviwanya,"Tanzania, the United Republic of"
UA-EDR-45583070,,active,22,National NGO,vruna,Ukraine
XI-ROR-01ej9dk98,,active,80,"Academic, Training and Research",unimelb,Australia
TH-MOI-KhorThor3005,,active,60,Foundation,tlhr,Thailand
SE-ON-252002-6135,,active,90,Other,cos,Sweden
SE-ON-802402-6521,,active,21,International NGO,cwb-sweden,Sweden
GB-UKPRN-10001282,,active,80,"Academic, Training and Research",northumbriauni,United Kingdom of Great Britain and Northern Ireland (the)
SE-ON-202100-5984,,active,10,Government,mcf,Sweden
XI-ROR-03GH19D6,,active,80,"Academic, Training and Research",unza,Zambia
MW-RG-11429,,active,21,International NGO,pih,Malawi
US-SAM-P8V7YEC1GN34,,active,70,Private Sector,pangeaafrica,Ghana
ZA-CIP-2025-956558-08,,active,90,Other,iff-npc,South Africa
ZA-CIT-9063151162,,active,80,"Academic, Training and Research",ukzn,South Africa
MZ-MOJ-821-B,,active,24,Partner Country based NGO,asa,Mozambique
BR-CNPJ-01567601-0001-43,,active,80,"Academic, Training and Research",ufg,Brazil
ET-CSA-0067,,active,22,National NGO,tsda,Ethiopia
CR-RPJ-3-002-248583,,active,22,National NGO,coecoceiba,Costa Rica
TZ-NNCB-00NGO-R-4900,,active,,,okia-tz,"Tanzania, the United Republic of"
FR-RCS-83162039800030,,active,21,International NGO,alima,France
FR-RCS-92460256800025,,active,40,Multilateral,ifpim,France
SE-ON-802013-1333,,active,22,National NGO,opc,Sweden
IN-MHA-094421947,,active,24,Partner Country based NGO,iphbengaluru,India
SE-ON-826000-8696,,active,22,National NGO,swefor_,Sweden
SE-ON-857205-8694,,active,,,ps,Sweden
TH-TIN-0105553024381,,active,70,Private Sector,rapid-asia,Thailand
PK-VSWA-2172-2003,,active,22,National NGO,idea_pakistan,Pakistan
SE-ON-802426-1664,,active,60,Foundation,fsd,Sweden
BE-BCE_KBO-0711.985.839,,active,21,International NGO,wcs_eu_aisbl,Belgium
KG-OKPO-22766033,,active,90,Other,el-too,Kyrgyzstan
SE-ON-802494-7882,,active,,,lyktansweden,Sweden
ZW-PVO-039-05,,active,22,National NGO,abdo,Zimbabwe
NG-TIN-01535622-0001,,active,10,Government,fmcabk2025,Nigeria
KE-NCB-21805199941329,,active,22,National NGO,creawkenya_2025,Kenya
IN-PAN-AAETN9841L,,active,22,National NGO,nsgoindia,India
NL-KVK-78318424,,active,70,Private Sector,zim,Netherlands (the)
SE-ON-802489-3680,,active,21,International NGO,cto,Sweden
SE-ON-802426-0807,,active,60,Foundation,wcpf,Sweden
GB-COH-954616,,active,80,"Academic, Training and Research",IFS,United Kingdom of Great Britain and Northern Ireland (the)
PH-SEC-0000186387,,active,22,National NGO,code-ngo,Philippines (the)
PH-SEC-AN96001837,,active,22,National NGO,wwfph,Philippines (the)
KE-KRA-P000598593S,,active,80,"Academic, Training and Research",akuk,Kenya
LB-MOI-249647,,active,22,National NGO,amel-1979,Lebanon
GH-TIN-V0004994299,,active,,,kccr,Ghana
SL-OARG-1069356-4,,active,80,"Academic, Training and Research",slurc,Sierra Leone
GB-CHC-1193984,,active,60,Foundation,vodafonefoundation,United Kingdom of Great Britain and Northern Ireland (the)
GB-UKPRN-10007800,,active,80,"Academic, Training and Research",uwestscot,United Kingdom of Great Britain and Northern Ireland (the)
SE-ON-846003-9020,,active,,,barnfonden,Sweden
ID-DJP-730720232711000,,active,22,National NGO,bnf,Indonesia
SE-ON-802001-6047,,active,22,National NGO,ikff,Sweden
SE-ON-802402-5143,,active,22,National NGO,fairtrade_sweden,Sweden
SE-ON-802490-6953,,active,21,International NGO,acting4change,Sweden
UA-EDR-34183275,,active,22,National NGO,sos_cv_ua,Ukraine
XI-ROR-026A3NK20,,active,,,sbisr,India
NA-NAMRA-00562068,,active,80,"Academic, Training and Research",unam_92,Namibia
US-EIN-84-4785944,,active,21,International NGO,mightyearth,United States of America (the)
BJ-IFU-6201002029400,,active,22,National NGO,cerrhud,Benin
KG-OKPO-27730330,,active,22,National NGO,isds,Kyrgyzstan
EC-RUC-2191725959001,,active,22,National NGO,udapt,Ecuador
SE-ON-802467-0195,,active,,,cag_sweden,Sweden
TZ-BRLA-134614,,active,70,Private Sector,rsk-ea,"Tanzania, the United Republic of"
UA-EDR-36121231,,active,22,National NGO,networkrivne,Ukraine
XI-GRID-grid.7123.7,,active,80,"Academic, Training and Research",aau-chs,Ethiopia
ID-DJP-013745104071000,,active,60,Foundation,ylbhi,Indonesia
MM-MHA-0072-2022,,active,22,National NGO,am,Myanmar
XM-DAC-22-2,,active,10,Government,luxaid,Luxembourg
SE-ON-802012-8081,,active,21,International NGO,vi-skogen,Sweden
SE-ON-802546-9514,,active,21,International NGO,sfli,Sweden
SE-ON-802431-3044,,active,21,International NGO,actionaid_sweden,Sweden
SE-ON-802477-9269,,active,60,Foundation,ose,Sweden
IN-MHA-271820001,,active,23,Regional NGO,sngt,India
TZ-NNCB-4196,,active,22,National NGO,hat,"Tanzania, the United Republic of"
SE-ON-802426-1268,,active,21,International NGO,wateraidsweden,Sweden
ET-ERCA-0056106666,,withdrawn,23,Regional NGO,et-adf-0317,Ethiopia
GB-1-201879-115,"Wheeler Institute for Business and Development, London Business School",withdrawn,80,"Academic, Training and Research",wheeler,United Kingdom
