code,name,status,codeforiati:organisation-type-code,codeforiati:registry-identifier,codeforiati:hq-country-or-region,codeforiati:organisation-type
AU-5,Australie – Ministère des Affaires étrangères et du Commerce,active,10,ausgov,Australia,Government
44000,Banque mondiale,active,40,worldbank,(No country assigned),Multilateral
US-EIN-941655673,Fondation William et Flora Hewlett,active,60,hewlett-foundation,United States of America (the),Foundation
41AAA,Bureau des Nations Unies pour les services d’appui aux projets (UNOPS),active,40,unops,(No country assigned),Multilateral
GB-CHC-1038860,Frontline AIDS,active,21,f-aids,United Kingdom of Great Britain and Northern Ireland (the),International NGO
XI-IATI-EC_INTPA,Commission européenne – Partenariats internationaux,active,15,ec-intpa,(No country assigned),Other Public Sector
XI-IATI-EC_DEVCO,Commission européenne – Coopération internationale et développement,withdrawn,15,ec-devco,(No country assigned),Other Public Sector
SE-0,"Suède, via l’Agence suédoise de coopération internationale au développement (Asdi)",active,10,sida,Sweden,Government
CA-CRA-89980-1815-RR0001,Ingénieurs Sans Frontières Canada,active,21,ewb_canada,Canada,International NGO
XM-DAC-41114,Programme des Nations Unies pour le développement (PNUD),active,40,undp,(No country assigned),Multilateral
GB-CHC-1075920,Indigo Trust,active,60,indtrust,United Kingdom of Great Britain and Northern Ireland (the),Foundation
GB-CHC-202918,Oxfam Royaume-Uni,active,21,oxfamgb,United Kingdom of Great Britain and Northern Ireland (the),International NGO
FI-3,Finlande – Ministère des Affaires étrangères de la Finlande,active,10,finland_mfa,Finland,Government
IE-CHY-6663,Self Help Africa,active,21,self-help-africa,Ireland,International NGO
47045,"Fonds mondial de lutte contre le sida, la tuberculose et le paludisme",active,40,theglobalfund,Switzerland,Multilateral
XM-DAC-46004,Banque asiatique de développement,active,40,asdb,(No country assigned),Multilateral
46004,Banque asiatique de développement,withdrawn,40,asdb,(No country assigned),Multilateral
GB-COH-07676886,Publish What You Fund,active,21,pwyf,United Kingdom of Great Britain and Northern Ireland (the),International NGO
NO-BRC-977538319,Norwegian Refugee Council (conseil norvégien pour les réfugiés),active,21,nrc,Norway,International NGO
NL-KVK-41213450,SPARK,active,21,spark,Netherlands (the),International NGO
XM-DAC-3-1,Danemark – Ministère des Affaires étrangères,active,10,danida,Denmark,Government
GB-CHC-285776,Catholic Agency For Overseas Development (CAFOD),active,21,cafod,United Kingdom of Great Britain and Northern Ireland (the),International NGO
47122,"Gavi, l’Alliance du vaccin",active,30,gavi,Switzerland,Public Private Partnership
US-EIN-300108263,GlobalGiving.org,active,21,globalgiving,United States of America (the),International NGO
GB-CHC-1029161,Camfed International,active,21,camfed,United Kingdom of Great Britain and Northern Ireland (the),International NGO
GB-CHC-291691,All We Can (anciennement Methodist Relief and Development Fund),active,21,allwecan,United Kingdom of Great Britain and Northern Ireland (the),International NGO
GB-CHC-1074937,ADRA-UK,active,21,adrauk,United Kingdom of Great Britain and Northern Ireland (the),International NGO
GB-CHC-1017255,Homeless International,active,21,hi,United Kingdom of Great Britain and Northern Ireland (the),International NGO
GB-COH-4905100,Resource Extraction Monitoring,active,21,rem,United Kingdom of Great Britain and Northern Ireland (the),International NGO
NP-CRO-45995/063/064,Young Innovations Pvt. Ltd,active,70,yipl,Nepal,Private Sector
GB-CHC-327421,Article19,active,21,art19,United Kingdom of Great Britain and Northern Ireland (the),International NGO
GB-CHC-328434,ChildHope Royaume-Uni,active,21,childhopeuk,United Kingdom of Great Britain and Northern Ireland (the),International NGO
GB-CHC-1092236,Concern Worldwide Royaume-Uni,active,21,concernuk,United Kingdom of Great Britain and Northern Ireland (the),International NGO
GB-COH-4075590,LEAD International,active,21,lead_international,United Kingdom of Great Britain and Northern Ireland (the),International NGO
XM-DAC-21033,Transparency International (Secrétariat),active,21,transparency-international,Germany,International NGO
GB-CHC-1141028,AfriKids,active,21,afrikids,United Kingdom of Great Britain and Northern Ireland (the),International NGO
GB-CHC-1089879,EveryChild,active,21,evc,United Kingdom of Great Britain and Northern Ireland (the),International NGO
GB-CHC-1126727,MapAction,active,21,mapaction,United Kingdom of Great Britain and Northern Ireland (the),International NGO
GB-CHC-254781,The International Children’s Trust,active,21,theict,United Kingdom of Great Britain and Northern Ireland (the),International NGO
GB-COH-NI21482,Trocaire (Irlande du Nord),active,21,troc,United Kingdom of Great Britain and Northern Ireland (the),International NGO
GB-CHC-1001698,Interact Worldwide,active,21,iww_publish,United Kingdom of Great Britain and Northern Ireland (the),International NGO
GB-CHC-1837621,Health Poverty Action,active,21,hpa,United Kingdom of Great Britain and Northern Ireland (the),International NGO
GB-CHC-313139,Africa Educational Trust,active,21,aet,United Kingdom of Great Britain and Northern Ireland (the),International NGO
GB-CHC-800672,Living Earth Foundation,active,21,livingearth12,United Kingdom of Great Britain and Northern Ireland (the),International NGO
GB-COH-0277068,Fauna & Flora International,active,21,ffi_publisher,United Kingdom of Great Britain and Northern Ireland (the),International NGO
GB-CHC-1020488,Children in Crisis,active,21,cic,United Kingdom of Great Britain and Northern Ireland (the),International NGO
GB-CHC-1090745,ICA:UK,active,22,icauk,United Kingdom of Great Britain and Northern Ireland (the),National NGO
GB-CHC-298316,Build Africa,active,21,buildafrica,United Kingdom of Great Britain and Northern Ireland (the),International NGO
GB-CHC-265464,Tearfund,active,21,tearfund,United Kingdom of Great Britain and Northern Ireland (the),International NGO
GB-CHC-208724,War on Want,active,21,waronwant,United Kingdom of Great Britain and Northern Ireland (the),International NGO
GB-COH-06587734,InterClimate Network,active,21,icn,United Kingdom of Great Britain and Northern Ireland (the),International NGO
GB-COH-2082273,World Association for Christian Communication Royaume-Uni,active,21,wacc-uk,United Kingdom of Great Britain and Northern Ireland (the),International NGO
GB-CHC-1064413,African Initiatives,active,21,ai_1064413,United Kingdom of Great Britain and Northern Ireland (the),International NGO
GB-COH-05322719,Opportunity International Royaume-Uni,active,21,opportunity-international-uk,United Kingdom of Great Britain and Northern Ireland (the),International NGO
GB-SC-SC030289,Mercy Corps Europe,active,21,mce,United Kingdom of Great Britain and Northern Ireland (the),International NGO
GB-COH-1100897,Fondation Aga Khan Royaume-Uni,active,21,akfuk73,United Kingdom of Great Britain and Northern Ireland (the),International NGO
GB-CHC-1001349,Samaritan’s Purse Royaume-Uni,active,21,spuk,United Kingdom of Great Britain and Northern Ireland (the),International NGO
GB-CHC-327461,Karuna Trust,active,21,karuna,United Kingdom of Great Britain and Northern Ireland (the),International NGO
GB-COH-4887855,HealthProm,active,21,hp_12,United Kingdom of Great Britain and Northern Ireland (the),International NGO
GB-CHC-207076,Royal Society for the Protection of Birds,active,21,rspb_,United Kingdom of Great Britain and Northern Ireland (the),International NGO
GB-CHC-299717,Send a Cow,active,21,sendacow,United Kingdom of Great Britain and Northern Ireland (the),International NGO
GB-CHC-1069208,Trust for Africa’s Orphans,active,21,tao-03473165,United Kingdom of Great Britain and Northern Ireland (the),International NGO
GB-CHC-283302,Agency for Cooperation and Research in Development (ACORD),active,21,acord,United Kingdom of Great Britain and Northern Ireland (the),International NGO
GB-CHC-1068839,Bond,active,22,bond,United Kingdom of Great Britain and Northern Ireland (the),National NGO
GB-CHC-291824,Twin,active,21,twin-iati,United Kingdom of Great Britain and Northern Ireland (the),International NGO
GB-CHC-1059996,Power International,active,21,power,United Kingdom of Great Britain and Northern Ireland (the),International NGO
GB-CHC-1102028,Canon Collins Trust,active,21,canoncollinstrust,United Kingdom of Great Britain and Northern Ireland (the),International NGO
GB-COH-5419428,Water & Sanitation for the Urban Poor (WSUP),active,30,wsup,United Kingdom of Great Britain and Northern Ireland (the),Public Private Partnership
GB-COH-03877777,CDC Group plc,active,15,bii,United Kingdom of Great Britain and Northern Ireland (the),Other Public Sector
GB-CHC-328206,Womankind Worldwide,active,21,womankindworld,United Kingdom of Great Britain and Northern Ireland (the),International NGO
GB-CHC-281681,"Friends of the Earth England, Wales and Northern Ireland",active,22,foe_ewni,United Kingdom of Great Britain and Northern Ireland (the),National NGO
GB-CHC-272465,United Purpose,active,21,cu,United Kingdom of Great Britain and Northern Ireland (the),International NGO
GB-CHC-1125948,PONT,active,21,pont,United Kingdom of Great Britain and Northern Ireland (the),International NGO
GB-CHC-1138287,Rainforest Foundation Royaume-Uni,active,21,rfuk,United Kingdom of Great Britain and Northern Ireland (the),International NGO
41120,ONU-Habitat,active,40,unhabitat,(No country assigned),Multilateral
GB-COH-04154075,Penal Reform International,active,21,pri,United Kingdom of Great Britain and Northern Ireland (the),International NGO
GB-CHC-288701,WaterAid,active,21,wateraid,United Kingdom of Great Britain and Northern Ireland (the),International NGO
GB-CHC-291167,Jeevika Trust,active,21,jeevika_trust,United Kingdom of Great Britain and Northern Ireland (the),International NGO
GB-CHC-313757,Voluntary Service Overseas (VSO),active,21,vso,United Kingdom of Great Britain and Northern Ireland (the),International NGO
GB-COH-1364201,Plan International Royaume-Uni,active,21,plan_uk,United Kingdom of Great Britain and Northern Ireland (the),International NGO
XM-DAC-21032,,active,21,psi,United States of America (the),International NGO
21032,Population Services International,withdrawn,21,psi,United States,International NGO
GB-COH-213890,Save the Children Royaume-Uni,active,21,scuk,United Kingdom of Great Britain and Northern Ireland (the),International NGO
NL-KVK-41198677,Hivos,active,21,stichting_hivos,Netherlands (the),International NGO
ZA-NPO-061-870,Southern African Catholic Bishops’ Conference Aids Office,active,23,sacbc,South Africa,Regional NGO
CH-FDJP-CHE-110347351,Alliance mondiale pour l'amélioration de la nutrition,active,21,gain,Switzerland,International NGO
30001,Alliance mondiale pour l'amélioration de la nutrition,withdrawn,21,,Switzerland,International NGO
GB-CHC-1127206,StreetInvest,active,21,si,United Kingdom of Great Britain and Northern Ireland (the),International NGO
GB-CHC-1055436,Conciliation Resources,active,21,cr,United Kingdom of Great Britain and Northern Ireland (the),International NGO
GB-CHC-1115482,BRAC Royaume-Uni,active,21,bracuk,United Kingdom of Great Britain and Northern Ireland (the),International NGO
ZA-NPO-036-515,,active,23,gl,South Africa,Regional NGO
ZA-CIP-2001-005850-08,,withdrawn,23,gl,South Africa,Regional NGO
ZA-CIPC-2001/005850/08,Gender Links,withdrawn,23,gl,South Africa,Regional NGO
GB-CHC-218186,Leonard Cheshire Disability,active,21,lcd_admin,United Kingdom of Great Britain and Northern Ireland (the),International NGO
GB-COH-3008440,Forests Monitor,active,21,fm,United Kingdom of Great Britain and Northern Ireland (the),International NGO
GB-COH-2100867,SOS Sahel International Royaume-Uni,active,21,sossaheluk,United Kingdom of Great Britain and Northern Ireland (the),International NGO
GB-CHC-1065705,Survivors Fund (SURF),active,21,surf,United Kingdom of Great Britain and Northern Ireland (the),International NGO
GB-CHC-1122924,Developments In Literacy Trust Royaume-Uni,active,21,diltuk,United Kingdom of Great Britain and Northern Ireland (the),International NGO
GB-CHC-292506,CARE International Royaume-Uni,active,21,ciuk,United Kingdom of Great Britain and Northern Ireland (the),International NGO
GB-CHC-328158,Islamic Relief Worldwide,active,21,irw,United Kingdom of Great Britain and Northern Ireland (the),International NGO
GB-CHC-229476,International Planned Parenthood Federation,active,21,ippf,United Kingdom of Great Britain and Northern Ireland (the),International NGO
GB-CHC-326568,Charity Projects Ltd (Comic Relief),active,60,cprojects,United Kingdom of Great Britain and Northern Ireland (the),Foundation
XM-DAC-41111,Fonds d’équipement des Nations Unies,active,40,uncdf,United States of America (the),Multilateral
NL-CCI-20081098,BRAC International,withdrawn,21,bracintl,Netherlands,International NGO
GB-CHC-1098106,Relief International Royaume-Uni,active,21,ri-uk,United Kingdom of Great Britain and Northern Ireland (the),International NGO
GB-CHC-1071886,TB Alert,active,21,tbalert,United Kingdom of Great Britain and Northern Ireland (the),International NGO
XM-DAC-41146,ONU Femmes,active,40,unw,(No country assigned),Multilateral
TZ-BRE-63966,Twaweza,active,23,twaweza,"Tanzania, the United Republic of",Regional NGO
GB-CHC-1104287,MicroLoan Foundation,active,21,mlf,United Kingdom of Great Britain and Northern Ireland (the),International NGO
GB-CHC-1152010,Child-to-Child,active,21,ctc,United Kingdom of Great Britain and Northern Ireland (the),International NGO
GB-CHC-1105851,Christian Aid,active,21,caid,United Kingdom of Great Britain and Northern Ireland (the),International NGO
GB-CHC-1139083,Grow Movement,active,80,growmovement_admin,United Kingdom of Great Britain and Northern Ireland (the),"Academic, Training and Research"
GB-CHC-1079358,Motivation,active,21,motivation,United Kingdom of Great Britain and Northern Ireland (the),International NGO
US-EIN-27-5026293,Disability Rights Fund,active,21,drf,United States of America (the),International NGO
US-USAGOV,États-Unis,withdrawn,10,unitedstates,United States,Government
GB-CHC-1081247,WWF Royaume-Uni,active,21,wwf-uk,United Kingdom of Great Britain and Northern Ireland (the),International NGO
GB-COH-1102208,MSI Reproductive Choices,active,21,msi,United Kingdom of Great Britain and Northern Ireland (the),International NGO
GB-CHC-207544,Sightsavers,active,21,ss-org,United Kingdom of Great Britain and Northern Ireland (the),International NGO
GB-COH-03788027,Triple Line,active,70,tripleline_crownagents,United Kingdom of Great Britain and Northern Ireland (the),Private Sector
GB-CHC-1058991,Railway Children,active,21,rc,United Kingdom of Great Britain and Northern Ireland (the),International NGO
GB-CHC-1140123,Vision for a Nation Foundation,active,21,vfan,United Kingdom of Great Britain and Northern Ireland (the),International NGO
21-PK-WWF,Fonds mondial pour la nature – Pakistan,active,21,wwfpakistan,Pakistan,International NGO
NL-KVK-27264198,ActionAid International,active,21,aai,Netherlands (the),International NGO
XI-IATI-IADB,Banque interaméricaine de développement,active,40,iadb,(No country assigned),Multilateral
GB-CHC-327519,Zimbabwe Educational Trust,active,21,zet,United Kingdom of Great Britain and Northern Ireland (the),International NGO
GB-COH-871954,Practical Action,active,21,pa,United Kingdom of Great Britain and Northern Ireland (the),International NGO
GB-CHC-1127488,Restless Development,active,21,restless,United Kingdom of Great Britain and Northern Ireland (the),International NGO
GB-COH-2153193,International Alert,active,21,international-alert,United Kingdom of Great Britain and Northern Ireland (the),International NGO
DE-1,Allemagne – Ministère fédéral de la Coopération économique et du Développement,active,10,bmz,Germany,Government
GB-CHC-1099776,Malaria Consortium,active,21,malariaconsortium,United Kingdom of Great Britain and Northern Ireland (the),International NGO
GB-CHC-1078768,People In Aid,active,21,peopleinaid,United Kingdom of Great Britain and Northern Ireland (the),International NGO
47135,Fonds d’investissement pour le climat,active,40,cif,(No country assigned),Multilateral
IN-,MAMTA – Health Institute for Mother and Child,active,22,mamta_himc,India,National NGO
ciks,Centre for Indian Knowledge Systems,active,80,ciks,India,"Academic, Training and Research"
GB-CHC-1070684,Cord,active,23,cord,United Kingdom of Great Britain and Northern Ireland (the),Regional NGO
GB-GOV-6,Royaume-Uni – Ministère de l’Intérieur,active,10,homeoffice,United Kingdom of Great Britain and Northern Ireland (the),Government
US-EIN-13-2702768,Pact,active,21,pact,United States of America (the),International NGO
GB-CHC-1071659,War Child Royaume-Uni,active,21,wcuk,United Kingdom of Great Britain and Northern Ireland (the),International NGO
GB-CHC-1107403,GOAL,active,21,goal,Ireland,International NGO
GB-COH-3578127,Ethical Trading Initiative,active,21,eti,United Kingdom of Great Britain and Northern Ireland (the),International NGO
GPAF-IMP-031,Development Aid from People to People (DAPP) Malawi,active,22,dapp,Malawi,National NGO
XM-DAC-41122,Fonds des Nations Unies pour l’enfance (UNICEF),active,40,unicef,(No country assigned),Multilateral
US-IRS-562339052,CDA Collaborative Learning Projects,active,21,cda,United States of America (the),International NGO
SL-NRA-1001562-8,"Medical Research Centre (MRC), Sierra Leone",active,22,mrc-sierra-leone,Sierra Leone,National NGO
GB-SC-SC035314,Scotland’s International Development Alliance,active,23,sinda,United Kingdom of Great Britain and Northern Ireland (the),Regional NGO
XM-DAC-41140,Programme alimentaire mondial des Nations Unies (PAM),active,40,wfp,Italy,Multilateral
BE-BCE_KBO-0462279234,ACODEV,active,22,acodev,Belgium,National NGO
IE-CHY-6410,Dóchas – Irish Association of Non Governmental Development Organisations,active,22,dochas,Ireland,National NGO
GB-COH-01926828,Farm Africa,active,21,fa,United Kingdom of Great Britain and Northern Ireland (the),International NGO
IN-AR-775,Pragya India,active,22,pragya,India,National NGO
GB-CHC-1109789,Y Care International,active,21,ycare,United Kingdom of Great Britain and Northern Ireland (the),International NGO
GB-CHC-1115109,Women for Women International Royaume-Uni,active,21,wfwiuk,United Kingdom of Great Britain and Northern Ireland (the),International NGO
GB-CHC-274467,ActionAid Royaume-Uni,active,21,aauk,United Kingdom of Great Britain and Northern Ireland (the),International NGO
NG-CAC-5938,Association for Reproductive and Family Health,active,22,arfh,Nigeria,National NGO
XM-DAC-46002,Banque africaine de développement,active,40,afdb,(No country assigned),Multilateral
46002,Banque africaine de développement,withdrawn,40,afdb,(No country assigned),Multilateral
NL-KVK-27327087,Akvo Foundation,active,21,akvo,Netherlands (the),International NGO
GB-CHC-1043843,Saferworld,active,21,saferworld,United Kingdom of Great Britain and Northern Ireland (the),International NGO
XM-DAC-41119,,active,40,unfpa,(No country assigned),Multilateral
41119,Fonds des Nations Unies pour la population (UNFPA),withdrawn,40,unfpa,(No country assigned),Multilateral
NP-DAO-27-127/062/063,Freedom Forum,active,22,ff,Nepal,National NGO
GB-CHC-1045348,Afghanaid,withdrawn,21,afghanaid,United Kingdom,International NGO
NZ-1,Nouvelle-Zélande – Ministère des Affaires étrangères et du Commerce extérieur – Programme d’aide de la Nouvelle-Zélande,active,10,mfat,New Zealand,Government
CA-3,Canada – Affaires mondiales Canada,active,10,gac-amc,Canada,Government
XI-IATI-EC_FPI,Commission européenne – Service des instruments de politique étrangère,active,15,ec-fpi,(No country assigned),Other Public Sector
XI-IATI-EC_NEAR,Commission européenne – Voisinage et négociations d’élargissement,active,15,ec-near,(No country assigned),Other Public Sector
ES-DIR3-E04585801,Espagne – Ministère des Affaires étrangères et de la Coopération,active,10,maec,Spain,Government
GB-COH-1762840,HelpAge International,active,21,helpage_international,United Kingdom of Great Britain and Northern Ireland (the),International NGO
SACU,Send a Cow Ouganda,active,22,sacu,Uganda,National NGO
XM-DAC-21-1,Irlande – Ministère des Affaires étrangères et du Commerce,active,10,irishaid,Ireland,Government
GB-GOV-9,,active,10,dwp,United Kingdom of Great Britain and Northern Ireland (the),Government
GB-GOV-GB-9,,withdrawn,10,dwp,United Kingdom,Government
GB-9,Royaume-Uni – Ministère du Travail et des Retraites,withdrawn,10,dwp,United Kingdom,Government
GB-CHC-1120932,Network for Africa,active,21,network4africa,United Kingdom of Great Britain and Northern Ireland (the),International NGO
GB-CC-1098893,Blue Ventures Conservation,active,21,blueventures,United Kingdom of Great Britain and Northern Ireland (the),International NGO
GB-CHC-1114944,iPartner India,active,21,ip-india,United Kingdom of Great Britain and Northern Ireland (the),International NGO
GB-SC-SC037959,Link Community Development (Écosse),active,21,lcds,United Kingdom of Great Britain and Northern Ireland (the),International NGO
GB-COH-07629751,Digital Campus,active,80,dc,United Kingdom of Great Britain and Northern Ireland (the),"Academic, Training and Research"
ZA-NPO-013484,Heifer International (Afrique du Sud),active,22,hsa,South Africa,National NGO
XI-IATI-EC_ECHO,Commission européenne – Aide humanitaire et protection civile,active,15,ec-echo,(No country assigned),Other Public Sector
TN-TIN-102123727,CUAMM Trustees,active,22,cuammtrustees,"Tanzania, the United Republic of",National NGO
GB-GOV-10,Royaume-Uni – Ministère de la Santé et des Affaires sociales,active,10,dhsc,United Kingdom of Great Britain and Northern Ireland (the),Government
GB-CHC-1120413,MICAIA,active,21,mic-uk,United Kingdom of Great Britain and Northern Ireland (the),International NGO
US-IRS-13-5661832,Plan International États-Unis,active,21,plan_usa,United States of America (the),International NGO
GB-CHC-1096908,Afghanistan and Central Asian Association,active,21,acaa,United Kingdom of Great Britain and Northern Ireland (the),International NGO
GB-COH-RC000346,Royaume-Uni – Medical Research Council,active,10,mrc,United Kingdom of Great Britain and Northern Ireland (the),Government
KE-NGC-3372,I Choose Life Africa,active,22,ke-ngc-3372,Kenya,National NGO
GB-CHC-1065972,International Rescue Committee Royaume-Uni,active,21,irc_uk,United Kingdom of Great Britain and Northern Ireland (the),International NGO
GB-COH-06407873,HTSPE,active,70,htspe,United Kingdom of Great Britain and Northern Ireland (the),Private Sector
GB-CHC-1024903,Hospice Africa Ltd,active,80,hauk,United Kingdom of Great Britain and Northern Ireland (the),"Academic, Training and Research"
GB-CHC-326859,Able Child Africa,active,21,ablechildafrica,United Kingdom of Great Britain and Northern Ireland (the),International NGO
NP-SWC-13712,Global Action Nepal,active,22,gan,Nepal,National NGO
GB-COH-2732176,Adam Smith International,active,70,asi,United Kingdom of Great Britain and Northern Ireland (the),Private Sector
US-EIN-131837418,The Foundation Center,active,21,foundation_center,United States of America (the),International NGO
GB-COH-4884328,Integrity Action,active,21,integrity_action,United Kingdom of Great Britain and Northern Ireland (the),International NGO
CH-4,Direction suisse du développement et de la coopération (DDC),active,10,sdc_ch,Switzerland,Government
GB-CHC-1078803,Bees for Development Trust,active,21,beesfordevelopment,United Kingdom of Great Britain and Northern Ireland (the),International NGO
FR-SIRET-4028868160030,ACTED,active,21,acted,France,International NGO
XM-DAC-7,Pays-Bas – Ministère des Affaires étrangères,active,10,minbuza_nl,Netherlands (the),Government
GB-CHC-289036,Emmanuel International Royaume-Uni,active,21,eiuk,United Kingdom of Great Britain and Northern Ireland (the),International NGO
GB-CHC-291333,Feed the Minds,active,21,ftm-291333,United Kingdom of Great Britain and Northern Ireland (the),International NGO
NP-DAO-27-689/063/064,Fédération des ONG du Népal,active,22,nfn,Nepal,National NGO
GB-COH-03259922,Crown Agents Limited,active,70,cal,United Kingdom of Great Britain and Northern Ireland (the),Private Sector
GB-COH-04589451,ARK (Absolute Return for Kids),active,21,ark,United Kingdom of Great Britain and Northern Ireland (the),International NGO
GB-CHC-290836,APT Action on Poverty,active,21,apt,United Kingdom of Great Britain and Northern Ireland (the),International NGO
KE-NGCB-149,SOS Villages d’Enfants Kenya,active,21,soscvkenya,Kenya,International NGO
GB-CHC-1083008,MAG,active,21,mag,United Kingdom of Great Britain and Northern Ireland (the),International NGO
GB-CHC-1098752,Target Tuberculosis,active,21,targettb,United Kingdom of Great Britain and Northern Ireland (the),International NGO
XM-DAC-41127,Bureau des Nations Unies pour la coordination des affaires humanitaires (OCHA),active,40,unocha,Switzerland,Multilateral
GB-COH-1858644,DAI Europe,active,70,dai-e,United Kingdom of Great Britain and Northern Ireland (the),Private Sector
GB-CHC-1087997,Stars Foundation,active,60,starsfoundation,United Kingdom of Great Britain and Northern Ireland (the),Foundation
NP-SWC-19336,,active,22,phase-nepal,Nepal,National NGO
NP-DAO-531/062/063,PHASE Nepal,withdrawn,22,phase-nepal,Nepal,National NGO
FR-6,France – Ministère de l’Europe et des Affaires étrangères,active,10,france,France,Government
XI-IATI-035026724,Hilfswerk Austria Zimbabwe,active,21,hwa-zm,Zimbabwe,International NGO
IE-CHY-15037,Plan Ireland Charitable Assistance Limited,active,21,plan_ireland,Ireland,International NGO
FR-3,Agence Française de Développement,active,15,afd,France,Other Public Sector
GB-CHC-209131,British Council,active,15,britishcouncil,United Kingdom of Great Britain and Northern Ireland (the),Other Public Sector
GB-CHC-1128536,Street Child,active,21,street_child,United Kingdom of Great Britain and Northern Ireland (the),International NGO
GB-CHC-1081695,Vision Aid Overseas,active,21,vao,United Kingdom of Great Britain and Northern Ireland (the),International NGO
GB-COH-03580586-GEC,Girls’ Education Challenge – Fund Manager PwC,active,70,gecfundmanagerpwc,United Kingdom of Great Britain and Northern Ireland (the),Private Sector
GB-COH-07669775,GEMS Education Solutions,active,70,mgcubed,Ghana,Private Sector
US-EIN-54-0536100,ChildFund International,active,21,childfund,United States of America (the),International NGO
NP-DAO-DANG-18-046/47,Backward Society Education (BASE),active,22,base_22,Nepal,National NGO
GB-CHC-1104458,Theatre for a Change Royaume-Uni,active,21,tfac,United Kingdom of Great Britain and Northern Ireland (the),International NGO
GB-CHC-1093861,International Medical Corps Royaume-Uni,active,21,imc_uk,United Kingdom of Great Britain and Northern Ireland (the),International NGO
GB-COH-7557881,Social Impact Lab CIC,active,21,simlab,United Kingdom of Great Britain and Northern Ireland (the),International NGO
KE-RCO-270901,Education Development Trust,withdrawn,21,edt_kenya,Kenya,International NGO
GB-CHC-213251,Lepra,active,21,lepra,United Kingdom of Great Britain and Northern Ireland (the),International NGO
NL-KVK-51018586,,withdrawn,70,zimmzimm,Netherlands,Private Sector
JO-CCD-50544,Arab Reporters for Investigative Journalism,active,80,arij,Jordan,"Academic, Training and Research"
NL-KVK-41188664,ICS,active,21,ics,Netherlands (the),International NGO
DAC-1601,Fondation Bill et Melinda Gates,active,60,bmgf,United States of America (the),Foundation
NP-SWC-00589,Shtrii Shakti,active,22,shtrii_shakti,Nepal,National NGO
GB-CHC-1085096,Women and Children First Royaume-Uni,active,21,wcf,United Kingdom of Great Britain and Northern Ireland (the),International NGO
MW-NBM-00139,Theatre for a Change Malawi,active,22,tfacmalawi,Malawi,National NGO
NL-KVK-41166983,Center for International Legal Cooperation (CILC),active,60,cilc,Netherlands (the),Foundation
GB-CHC-1135156,Tree Aid,active,21,treea,United Kingdom of Great Britain and Northern Ireland (the),International NGO
CA-CRA_ARC-119304848,Entraide universitaire mondiale du Canada,active,21,wusc,Canada,International NGO
GB-CHC-1154085,Exeter Ethiopia Link,active,21,eel,United Kingdom of Great Britain and Northern Ireland (the),International NGO
TZ-BRLA-36057,KPMG Afrique de l’Est,active,70,kpmgea,"Tanzania, the United Republic of",Private Sector
GB-CHC-1053389,Viva,active,21,viva,United Kingdom of Great Britain and Northern Ireland (the),International NGO
XM-DAC-47111,Fonds d’adaptation,active,40,af,United States of America (the),Multilateral
47111,Fonds d’adaptation,withdrawn,40,af,United States,Multilateral
DK-CVR-33985339,Trianglen,active,22,trianglen,Denmark,National NGO
GB-CHC-1094478,Excellent Development,active,21,excellent,United Kingdom of Great Britain and Northern Ireland (the),International NGO
GB-CHC-1047501,Action contre la Faim Royaume-Uni,active,21,acf,United Kingdom of Great Britain and Northern Ireland (the),International NGO
CA-4,Canada – Ministère des Finances,active,10,finance_canada,Canada,Government
GB-CHC-1105489,Sabre Education Limited,active,21,sct,United Kingdom of Great Britain and Northern Ireland (the),International NGO
DE-AG-VR7795,Fairtrade Labelling Organizations International e.V.,active,21,fairtrade_international,Germany,International NGO
NL-KVK-41210098,Both ENDS,active,22,bothends,Netherlands (the),National NGO
NL-KVK-20093733,Heifer Nederland,active,22,heifernederland,Netherlands (the),National NGO
GB-CHC-1112699,Teach A Man To Fish,active,21,tamtf,United Kingdom of Great Britain and Northern Ireland (the),International NGO
NL-KVK-34141098,Fairfood International,active,22,fairfood,Netherlands (the),National NGO
NL-KVK-41201806,Transnational Institute,active,60,tni,Netherlands (the),Foundation
GB-CHC-261488,Amref Health Africa Royaume-Uni,active,21,amrefha,United Kingdom of Great Britain and Northern Ireland (the),International NGO
XI-IATI-CHSA,Association CHS Alliance,active,21,chs_alliance,Switzerland,International NGO
NL-KVK-40535338,Amis de la Terre International,active,21,foei,Netherlands (the),International NGO
PK-MSW-633-1965,Rahnuma-Family Planning Assocation of Pakistan,active,22,rfpap,Pakistan,National NGO
GB-CHC-1147083,Rojiroti Royaume-Uni,active,21,rojiroti,United Kingdom of Great Britain and Northern Ireland (the),International NGO
GB-CHC-1125512,Lively Minds,active,21,livelyminds,United Kingdom of Great Britain and Northern Ireland (the),International NGO
NL-KVK-27108436,Oxfam Novib,active,21,onl,Netherlands (the),International NGO
GB-COH-877338,Institute of Development Studies,active,80,ids,United Kingdom of Great Britain and Northern Ireland (the),"Academic, Training and Research"
GB-SC-SC032327,EMMS International,active,21,emms,United Kingdom of Great Britain and Northern Ireland (the),International NGO
US-EIN-522043740,"Discovery Learning Alliance, Inc.",active,21,dla,United States of America (the),International NGO
GB-CHC-1128267-8,HelpAge International Royaume-Uni,active,22,ageintl,United Kingdom of Great Britain and Northern Ireland (the),National NGO
GB-CHC-293734,Christian Engineers in Development,active,21,ced,United Kingdom of Great Britain and Northern Ireland (the),International NGO
GB-GOV-7,"Royaume-Uni – Ministère de l’Environnement, de l’Alimentation et des Affaires rurales",active,10,defra_transparency,United Kingdom of Great Britain and Northern Ireland (the),Government
BE-BCE_KBO-0447404580,Avocats Sans Frontières,active,22,asf,Belgium,National NGO
US-501c3-522318905,AidData,active,80,aiddata,United States of America (the),"Academic, Training and Research"
XM-DAC-701-8,Agence japonaise de coopération internationale (JICA),active,40,jica,Japan,Multilateral
GB-SC-037597,Centre International de Formation des Autorités et Leaders (CIFAL) Écosse,active,80,cifal,United Kingdom of Great Britain and Northern Ireland (the),"Academic, Training and Research"
GH-RGD-CG220182018,,active,60,star_ghanafoundation,Ghana,Foundation
US-EIN-84-1166148,Water for People,active,21,w4p,United States of America (the),International NGO
NL-KVK-27248417,Aqua for All,active,60,aqua4all,Netherlands (the),Foundation
GB-CHC-1112734,PHASE Worldwide,active,21,phase_worldwide,United Kingdom of Great Britain and Northern Ireland (the),International NGO
KE-NGC-9381,Across,active,21,across,Kenya,International NGO
GB-CHC-295224,Muslim Aid,active,21,muslimaid,United Kingdom of Great Britain and Northern Ireland (the),International NGO
GB-CHC-250456,Find Your Feet,active,21,fyf,United Kingdom of Great Britain and Northern Ireland (the),International NGO
XM-DAC-47501,Partenariat mondial pour l’éducation,active,40,gpe,United States of America (the),Multilateral
GB-CHC-1086159,One to One Children’s Fund,active,21,onetoonecf,United Kingdom of Great Britain and Northern Ireland (the),International NGO
IN-ITA-1886,Micro Insurance Academy,active,80,mia_india,India,"Academic, Training and Research"
GB-CHC-1121273,FRANK Water,active,21,frankwater,United Kingdom of Great Britain and Northern Ireland (the),International NGO
GB-COH-3799145,Coffey International Development,active,70,coffey,United Kingdom of Great Britain and Northern Ireland (the),Private Sector
GB-COH-04276635,act4africa,active,21,act4africa,United Kingdom of Great Britain and Northern Ireland (the),International NGO
NL-KVK-41022454,Red een Kind,active,21,redeenkind,Netherlands (the),International NGO
GB-CHC-1096479,ShelterBox,active,21,shelterbox,United Kingdom of Great Britain and Northern Ireland (the),International NGO
GB-CHC-1108464,Bees Abroad Royaume-Uni,active,21,bauk,United Kingdom of Great Britain and Northern Ireland (the),International NGO
US-EIN-13-5563422,Catholic Relief Services,active,21,crs,United States of America (the),International NGO
XM-DAC-41108,Fonds international de développement agricole (FIDA),active,40,ifad,(No country assigned),Multilateral
GB-CHC-1001813,The HALO Trust,active,21,halo,United Kingdom of Great Britain and Northern Ireland (the),International NGO
NL-KVK-56484038,ICCO Cooperation,active,21,icco-cooperation,Netherlands (the),International NGO
GB-CHC-1077889,Pump Aid,active,21,pumpaid,United Kingdom of Great Britain and Northern Ireland (the),International NGO
GB-CHC-328273,Food for the Hungry Royaume-Uni,active,21,fh,United Kingdom of Great Britain and Northern Ireland (the),International NGO
GB-CHC-1126550,Promoting Equality in African Schools (PEAS),active,21,peas,United Kingdom of Great Britain and Northern Ireland (the),International NGO
UA-EDR-37199602,École d’économie et de gestion de Kiev,active,80,kse,Ukraine,"Academic, Training and Research"
GB-CHC-270901,,active,21,eddevtrust,United Kingdom of Great Britain and Northern Ireland (the),International NGO
GB-CHC-1122799,Retrak,active,21,retrak,United Kingdom of Great Britain and Northern Ireland (the),International NGO
XM-DAC-30010,Unitaid,active,40,utd,Switzerland,Multilateral
GB-SC-044007,Bioclimate Research and Development,active,21,bioclimate,United Kingdom of Great Britain and Northern Ireland (the),International NGO
GB-CHC-220949,Croix-Rouge britannique,active,21,gb-chc-220949,United Kingdom of Great Britain and Northern Ireland (the),International NGO
NL-KVK-32108345,CHOICE for Youth and Sexuality,active,21,cfyas,Netherlands (the),International NGO
NL-KVK-27378529,Agence néerlandaise pour les entreprises,active,10,rvo,Netherlands (the),Government
NL-KVK-41180500,Fondation SeeYou,active,21,syf,Netherlands (the),International NGO
XM-DAC-47086,Groupe du développement des infrastructures privées,active,40,pidg,United Kingdom of Great Britain and Northern Ireland (the),Multilateral
GB-CHC-1079599,BasicNeeds,active,21,basicneeds,United Kingdom of Great Britain and Northern Ireland (the),International NGO
GB-CHC-1071660,Cecily’s Fund,active,21,cecily,United Kingdom of Great Britain and Northern Ireland (the),International NGO
NL-KVK-41150298,Amref Flying Doctors,active,22,amrefnl,Netherlands (the),National NGO
XM-DAC-301-2,Canada – Centre de recherches pour le développement international,active,15,idrccrdi,Canada,Other Public Sector
GB-CHC-1000717,CODA International,active,21,coda,United Kingdom of Great Britain and Northern Ireland (the),International NGO
US-EIN-13-3287064,InterAction,active,21,interaction,United States of America (the),International NGO
ZA-ROC-1999/05072/08,Desmond Tutu HIV Foundation,active,80,dthfxx12,South Africa,"Academic, Training and Research"
GB-CHC-1143852,Hagar International UK,active,21,hagar_uk,United Kingdom of Great Britain and Northern Ireland (the),International NGO
GB-COH-353570,Water Witness International,active,21,water-witness-international,United Kingdom of Great Britain and Northern Ireland (the),International NGO
NL-KVK-34200988 (deprecated),Fondation RAIN (anciennement),active,21,rainfoundation,Netherlands (the),International NGO
NL-KVK-34229026,Aflatoun International,active,21,aflatoun,Netherlands (the),International NGO
GB-GOV-8,Royaume-Uni – Ministère de la Défense,active,10,ukmod,United Kingdom of Great Britain and Northern Ireland (the),Government
ZA-NPO-025-359,mothers2mothers,active,21,m2m_sa,South Africa,International NGO
NL-KVK-34214586,Partos,active,22,partos_nl,Netherlands (the),National NGO
XM-DAC-41304,"Organisation des Nations Unies pour l’éducation, la science et la culture (UNESCO)",active,40,unesco,France,Multilateral
GB-CHC-1157009,Abaseen Foundation Royaume-Uni,active,21,abaseen,United Kingdom of Great Britain and Northern Ireland (the),International NGO
ML-NIF-086108989R,Association de soutien au développement des activités de population,active,22,asdap,Mali,National NGO
BD-NAB-0203,"Association for Prevention of Septic Abortion, Bangladesh (BAPSA)",active,22,bapsa,Bangladesh,National NGO
GB-CHC-1069182,International Service,active,21,unais,United Kingdom of Great Britain and Northern Ireland (the),International NGO
GB-COH-06133927,Avanti Communications Plc,active,70,ava_admin,United Kingdom of Great Britain and Northern Ireland (the),Private Sector
GH-DSW-258,Amis de la Terre Ghana,active,22,foe-ghana,Ghana,National NGO
XM-DAC-918-3,Banque européenne d’investissement,active,40,eib,(No country assigned),Multilateral
GB-CHC-1084729,World Child Cancer UK,active,21,wccuk,United Kingdom of Great Britain and Northern Ireland (the),International NGO
MZ-MOJ-F2G1No4,Magariro,active,22,magariro,Mozambique,National NGO
XI-IATI-EBRD,Banque européenne pour la reconstruction et le développement,active,40,ebrd,(No country assigned),Multilateral
GB-CHC-000391,The Open University,active,80,open_university,United Kingdom of Great Britain and Northern Ireland (the),"Academic, Training and Research"
GB-CHC-1038785,Mifumi Royaume-Uni,active,21,mifumi_uk,United Kingdom of Great Britain and Northern Ireland (the),International NGO
GB-CHC-1094272,Project Harar,active,21,phe,United Kingdom of Great Britain and Northern Ireland (the),International NGO
XM-DAC-77,Roumanie – Ministère des Affaires étrangères,active,10,uasd,Romania,Government
XI-IATI-1001,The Coca-Cola Export Corporation,active,70,tccec,United States of America (the),Private Sector
GB-CHC-1125217,Welbodi Partnership,active,80,welbodipartnership,United Kingdom of Great Britain and Northern Ireland (the),"Academic, Training and Research"
FI-PRO-143138,Kepa ry,active,22,kepa,Finland,National NGO
KE-NCB-OP/218/051/915/65,Windle Trust Kenya,active,22,wtk,Kenya,National NGO
NL-KVK-41048542,Agriterra,active,60,agriterra,Netherlands (the),Foundation
UG-NGB-5914-7209,Cheshire Services Uganda,withdrawn,22,csu,Uganda,National NGO
GB-CHC-1150214,Carers Worldwide,active,21,cww,United Kingdom of Great Britain and Northern Ireland (the),International NGO
GB-CHC-1054369,KwaAfrica,active,21,kwaafrica,United Kingdom of Great Britain and Northern Ireland (the),International NGO
KE-NGC-663,"Adventist Development and Relief Agency (Agence adventiste de développement et de secours en Somalie, ADRA Somalie)",active,21,adrasom,Somalia,International NGO
MZ-MOJ-F30G1No89,ANDA,active,22,anda,Mozambique,National NGO
GB-CHC-1117528,Haiti Hospital Appeal,active,21,hha,United Kingdom of Great Britain and Northern Ireland (the),International NGO
NL-KVK-30285304,Fondation Humana,active,21,humana_houben,Netherlands (the),International NGO
GB-CHC-1148404,Internews Europe,active,21,ieu,United Kingdom of Great Britain and Northern Ireland (the),International NGO
NL-KVK-41217404,Fondation du Partenariat mondial pour la prévention des conflits armés (GPPAC),active,21,gppac,Netherlands (the),International NGO
GB-COH-NI011322,War on Want Irlande du Nord,active,21,wowni,United Kingdom of Great Britain and Northern Ireland (the),International NGO
GB-CHC-1123946,Youth Business International,active,21,ybi,United Kingdom of Great Britain and Northern Ireland (the),International NGO
GB-CHC-1049160,Anti-Slavery International,active,21,asil,United Kingdom of Great Britain and Northern Ireland (the),International NGO
XM-DAC-2-10,Belgique – Coopération au développement,active,10,be-dgd,Belgium,Government
GB-COH-1110949,Mott MacDonald Limited,active,70,mml,United Kingdom of Great Britain and Northern Ireland (the),Private Sector
US-EIN-941191246,The Asia Foundation,active,21,taf,United States of America (the),International NGO
GB-CHC-1129603,Cyan International,active,21,cyan,United Kingdom of Great Britain and Northern Ireland (the),International NGO
GB-SC-SC012302,Scottish Catholic International Aid Fund (SCIAF),active,21,sciaf,United Kingdom of Great Britain and Northern Ireland (the),International NGO
GB-CHC-1151615,Signal,active,21,signal,United Kingdom of Great Britain and Northern Ireland (the),International NGO
CH-FDJP-CHE109668357,Fondation Lemann,active,60,lemann,Switzerland,Foundation
UG-NGB-5914-9186,CRANE,active,22,crane,Uganda,National NGO
GB-CHC-1076235,BBC Media Action,active,21,bbcmediaaction,United Kingdom of Great Britain and Northern Ireland (the),International NGO
US-EIN-20-4451390,Natural Resource Governance Institute (NRGI),active,21,nrgi,United States of America (the),International NGO
SK-ZRSR-31784828,Fondation Pontis,active,60,pontis,Slovakia,Foundation
NO-BRC-971277882,Agence norvégienne de coopération pour le développement (NORAD),active,10,norad,Norway,Government
US-EIN-20-3690821,Initiative des Droits et Ressources,active,21,rri,United States of America (the),International NGO
KE-RCO-C95110,,active,60,kcdf,Kenya,Foundation
US-EIN-81-3014704,"Syrian Justice and Accountability Centre (Centre syrien de justice et de redevabilité, SJAC)",active,22,sjac,United States of America (the),National NGO
XI-IATI-5914-1107,Fondation Stromme,active,22,stromme_ug,Uganda,National NGO
GB-CHC-1122299,Interburns,active,21,interburns,United Kingdom of Great Britain and Northern Ireland (the),International NGO
GB-COH-06368740,Development Initiatives Poverty Research,active,21,dipr,United Kingdom of Great Britain and Northern Ireland (the),International NGO
GB-CHC-294329,Progressio (fermé),active,21,progressio,United Kingdom of Great Britain and Northern Ireland (the),International NGO
US-EIN-52-1826242,,active,21,tan,United States of America (the),International NGO
CA-CRA_ACR-127202349,Institut international du développement durable,active,21,iisd,Canada,International NGO
GB-GOV-24,Office for National Statistics (bureau national des statistiques britannique),active,10,ons,United Kingdom of Great Britain and Northern Ireland (the),Government
GB-CHC-285908,Vision du Monde UK,active,21,wvuk,United Kingdom of Great Britain and Northern Ireland (the),International NGO
GB-COH-3031674,Traidcraft Exchange,active,21,traidcraft,United Kingdom of Great Britain and Northern Ireland (the),International NGO
DE-CR-RA000217-HRB157125B,Fondation Wayamo,active,21,wayamo,Germany,International NGO
GB-COH-294860,ADD International (Action on Disability and Development),active,21,addinternational,United Kingdom of Great Britain and Northern Ireland (the),International NGO
GB-CHC-1076497,Sense International,active,21,sense_international,United Kingdom of Great Britain and Northern Ireland (the),International NGO
GB-CHC-1142476,Friends of Kipkelion,active,23,kipkelion,Kenya,Regional NGO
GB-CHC-1050327,"The Leprosy Mission, Angleterre et Pays de Galles",active,21,tlmew,United Kingdom of Great Britain and Northern Ireland (the),International NGO
NL-KVK-41155934,,active,21,vso_nl,Netherlands (the),International NGO
GB-CHC-1089490,Hope and Homes for Children,active,21,hhc,United Kingdom of Great Britain and Northern Ireland (the),International NGO
GB-CHC-1156822,Centre gallois pour les Affaires étrangères,active,22,wcia,United Kingdom of Great Britain and Northern Ireland (the),National NGO
KE-NCB-OP218051200904966065,Alliance panafricaine pour la justice climatique,active,21,pacja,Kenya,International NGO
GB-COH-11126312,Global Disability Innovation Hub,active,80,gdihub,United Kingdom of Great Britain and Northern Ireland (the),"Academic, Training and Research"
GB-COH-OC301540,KPMG LLP,active,70,kpmgllp,United Kingdom of Great Britain and Northern Ireland (the),Private Sector
GB-COH-05393391,,active,21,galvmed,United Kingdom of Great Britain and Northern Ireland (the),International NGO
GB-CH-05393391,,withdrawn,21,galvmed,United Kingdom,International NGO
UG-NGB-63360,Protecting Families Against HIV/AIDS,active,22,prefa_1,Uganda,National NGO
NL-KVK-27293385,"WO=MEN, Dutch Gender Platform (plateforme néerlandaise sur les questions de genre)",active,22,wo-men,Netherlands (the),National NGO
VN-MOST-A399,,active,22,cdi_vn_2021,Viet Nam,National NGO
IN-MCA-U74999DL2004NPL131340,Oxfam Inde,active,22,oxfamindia,India,National NGO
GB-SC-035056,International Primary Care Respiratory Group (Groupe international des soins primaires en matière respiratoire),active,80,ipcrg,United Kingdom of Great Britain and Northern Ireland (the),"Academic, Training and Research"
NL-KVK-41217595,ActionAid Pays-Bas,active,21,aanl,Netherlands (the),International NGO
DK-CVR-88136411,Oxfam IBIS,active,21,ibis_denmark,Denmark,International NGO
NL-KVK-41160054,Cordaid,active,21,cordaid,Netherlands (the),International NGO
NP-SWC-27693,Aasaman Nepal,active,22,aasaman,Nepal,National NGO
MZ-MOJ-203D,Alfalit,active,22,alfalit,Mozambique,National NGO
NL-KVK-08215619-201210000,Kadaster International,active,10,kad,Netherlands (the),Government
NL-KVK-41077447,Centre européen de gestion des politiques de développement,active,80,ecdpm,Netherlands (the),"Academic, Training and Research"
GB-CHC-1067406,Médecins du monde Royaume-Uni,active,21,dotw_uk,United Kingdom of Great Britain and Northern Ireland (the),International NGO
GB-CHC-1046001,Disability and Development Partners,active,21,ddp,United Kingdom of Great Britain and Northern Ireland (the),International NGO
PK-NTN-6110190392611,,active,80,aaip,Pakistan,"Academic, Training and Research"
GB-CHC-1113868,Hand in Hand International,active,21,handinhand,United Kingdom of Great Britain and Northern Ireland (the),International NGO
BD-NAB-1301,Transparency International Bangladesh,active,21,tib,Bangladesh,International NGO
BE-BCE_KBO-0464019195,,active,21,apopo,Belgium,International NGO
NL-KVK-61172863,Stichting fondsbeheer DGGF lokaal MKB,active,60,dggf_financing_local_smes,Netherlands (the),Foundation
US-EIN-042347643,Abt Associates Inc,active,70,abt,United States of America (the),Private Sector
XM-DAC-84,Lituanie – Ministère des Affaires étrangères,active,10,lithuania_mfa,Lithuania,Government
IE-CHY-6998,Christian Aid Irlande,active,21,caid_ireland,Ireland,International NGO
NL-KVK-34308169,Free a Girl,active,60,freeagirl,Netherlands (the),Foundation
XI-IATI-1002,United Mission to Nepal,active,21,umn,Nepal,International NGO
GB-COH-1134415,MADE in Europe,active,21,mie-1134415,United Kingdom of Great Britain and Northern Ireland (the),International NGO
GB-CHC-214779,"Armée du salut Royaume-Uni, développement international",active,21,said-uk,United Kingdom of Great Britain and Northern Ireland (the),International NGO
US-EIN-13-3287064NAM,Carte des ONG d’InterAction,withdrawn,21,ia_nam,United States,International NGO
GB-CHC-1145119,Fondation Varkey,active,21,varkeyfoundation,Ghana,International NGO
NL-KVK-34197379,dance4life,active,21,dance4life,Netherlands (the),International NGO
US-EIN-95-3202116,Vision du Monde International,active,21,wvi,United States of America (the),International NGO
GB-CHC-1105277,Learning for Life,active,21,learningforlife,United Kingdom of Great Britain and Northern Ireland (the),International NGO
GB-CHC-1061352,Fonds à but non lucratif d’Orbis,active,21,orbis_uk,United Kingdom of Great Britain and Northern Ireland (the),International NGO
GB-GOV-21,Royaume-Uni – gouvernement écossais,active,10,scottish_government,United Kingdom of Great Britain and Northern Ireland (the),Government
GB-COH-2695347,Options Consultancy Services,active,70,options,United Kingdom of Great Britain and Northern Ireland (the),Private Sector
NL-KVK-41149287,Terre des Hommes Pays-Bas,active,21,tdh_nl,Netherlands (the),International NGO
GB-CHC-1110434,Wellfound,active,21,wellfound,United Kingdom of Great Britain and Northern Ireland (the),International NGO
NL-KVK-41149486,Stichting Vluchteling (fondation pour les réfugiés aux Pays-Bas),active,21,st_vluchteling,Netherlands (the),International NGO
GB-CHC-1133342,Zing,active,60,zing,United Kingdom of Great Britain and Northern Ireland (the),Foundation
NL-KVK-41009723,ZOA,active,21,zoa,Netherlands (the),International NGO
NL-KVK-41223308,"Stichting Onderzoek Multinationale Ondernemingen (SOMO, centre de recherches sur les entreprises multinationales)",active,80,somo,Netherlands (the),"Academic, Training and Research"
NL-KVK-06702132,WYG International B.V.,active,70,wygi,United Kingdom of Great Britain and Northern Ireland (the),Private Sector
GB-COH-1869600,Itad,active,70,itad,United Kingdom of Great Britain and Northern Ireland (the),Private Sector
GB-COH-03122495,Oxford Policy Management,active,70,opml,United Kingdom of Great Britain and Northern Ireland (the),Private Sector
GB-COH-SC301345,Upper Quartile,active,70,uq,United Kingdom of Great Britain and Northern Ireland (the),Private Sector
NL-KVK-32037590,International Procurement Agency,active,70,ipa,Netherlands (the),Private Sector
GB-COH-02768268,Nathan Associates London Ltd.,active,70,nathan,United Kingdom of Great Britain and Northern Ireland (the),Private Sector
GB-COH-5155300,Alcis Holdings Limited,active,70,alcis,United Kingdom of Great Britain and Northern Ireland (the),Private Sector
mz-moj-64vq1,Ajuda de Desenvolvimento de Povo para Povo (ADPP),active,22,adpp,Mozambique,National NGO
GB-COH-2394229,Palladium International Ltd (Royaume-Uni),active,70,palladium,United Kingdom of Great Britain and Northern Ireland (the),Private Sector
FI-PRO-1498487-2,Plan International Finlande,active,21,planinternationalfinland,Finland,International NGO
NL-KVK-41193594,Rutgers,active,21,rutgers,Netherlands (the),International NGO
GB-COH-00637978,Maxwell Stamp PLC,active,70,mstamp,United Kingdom of Great Britain and Northern Ireland (the),Private Sector
KE-NCB-218-051-9341-334,Académie africaine des sciences,active,21,aas,Kenya,International NGO
GB-CHC-1101217,Fondation LAMB Health Care,active,22,lhcf,United Kingdom of Great Britain and Northern Ireland (the),National NGO
GB-COH-03580586,PwC,active,70,pwc,United Kingdom of Great Britain and Northern Ireland (the),Private Sector
GB-CHC-1048007,Link Community Development International,active,21,lcdi_admin,United Kingdom of Great Britain and Northern Ireland (the),International NGO
NG-CAC-RC481360,The Convention on Business Integrity,active,21,cbi-nigeria,Nigeria,International NGO
GB-COH-1574821,Landell Mills,active,70,landell-mills,United Kingdom of Great Britain and Northern Ireland (the),Private Sector
GB-COH-00986729,"Institut des ressources naturelles, Université de Greenwich",active,80,nri,United Kingdom of Great Britain and Northern Ireland (the),"Academic, Training and Research"
NL-KVK-41215393,War Child Holland,active,21,warchildholland,Netherlands (the),International NGO
GB-COH-01245534,Atos IT Services Ltd,active,70,atosuk,United Kingdom of Great Britain and Northern Ireland (the),Private Sector
NL-KVK-41158230,CARE Pays-Bas,active,21,carenederland,Netherlands (the),International NGO
GB-COH-03613839,IOD PARC,active,70,iodparc,United Kingdom of Great Britain and Northern Ireland (the),Private Sector
NL-KVK-41210820,Clean Clothes Campaign,active,21,ccc,Netherlands (the),International NGO
GB-COH-FC012665,McKinsey & Company,active,70,mck,(No country assigned),Private Sector
GB-COH-08327972,Aktis Strategy Ltd,active,70,aktis,United Kingdom of Great Britain and Northern Ireland (the),Private Sector
NL-KVK-41236410,Dorcas Aid International,active,21,dai,Netherlands (the),International NGO
US-GOV-18,,active,10,millenniumchallenge,United States of America (the),Government
US-18,Millennium Challenge Corporation,withdrawn,10,millenniumchallenge,United States,Government
NL-KVK-41202535,Mama Cash,active,60,mamac,Netherlands (the),Foundation
GB-COH-8835431,Simprints,active,21,simprints,United Kingdom of Great Britain and Northern Ireland (the),International NGO
GB-CHC-1158206,Water Works,active,21,waterworks,United Kingdom of Great Britain and Northern Ireland (the),International NGO
NL-KVK-30214009,PAX,active,21,pax,Netherlands (the),International NGO
NL-KVK-27284008,DECP,active,22,decp,Netherlands (the),National NGO
CO-CCB-00159397,Fonds d’Action Urgente Amérique latine et Caraïbes,active,23,uafla,Colombia,Regional NGO
US-EIN-03-0419743,Fonds d’Action Urgente pour les droits de la femme,active,21,uaf,United States of America (the),International NGO
NL-KVK-41177385,Tearfund Pays-Bas,active,21,tear,Netherlands (the),International NGO
NL-KVK-41152786,Organisation néerlandaise de développement (SNV),active,21,snv,Netherlands (the),International NGO
NL-KVK-41167934,Stichting Kinderpostzegels Nederland,active,21,skn,Netherlands (the),International NGO
US-EIN-522044704,Aeras,active,21,aeras,United States of America (the),International NGO
US-EIN-06-1597-668,Just Associates,active,21,jass,United States of America (the),International NGO
IN-MHA-083781496,,active,22,fhf,India,National NGO
US-EIN-521291786,Association pour les droits des femmes dans le développement (AWID),active,21,awid,United States of America (the),International NGO
NL-KVK-41179943,Vision du Monde Pays-Bas,active,60,wvnld,Netherlands (the),Foundation
NL-KVK-41201463,Save the Children Pays-Bas,active,21,scnl,Netherlands (the),International NGO
NL-KVK-41151952,IRC,active,21,irc,Netherlands (the),International NGO
XM-OCHA-CERF,Fonds central pour les interventions d’urgence des Nations Unies,active,40,cerf,United States of America (the),Multilateral
NL-KVK-34106722,AWEPA,active,21,awepa,Netherlands (the),International NGO
NL-KVK-40594571,Simavi,active,60,simavi,Netherlands (the),Foundation
NL-KVK-41118168,Woord en Daad,active,21,w-d,Netherlands (the),International NGO
NL-KVK-41198890,Plan International Pays-Bas,active,21,plannlno,Netherlands (the),International NGO
XI-IATI-OFID,Fonds de l’OPEP pour le développement international,active,40,ofid,Austria,Multilateral
XI-IATI-CWSEC,Secrétariat du Commonwealth,active,40,commonwealthsecretariat,(No country assigned),Multilateral
NL-KVK-41201644,Fondation Wemos,active,21,wemos,Netherlands (the),International NGO
US-EIN-26-1931968,Promundo-US,active,21,pmo-us,United States of America (the),International NGO
NL-KVK-33185213,Institut royal des Tropiques,active,21,kit,Netherlands (the),International NGO
NL-KVK-41207580,Fondation Health Action International,active,60,hai,Netherlands (the),Foundation
NI-MIGOB-3602,Fondo Centroamericano de Mujeres,active,60,fcam,Nicaragua,Foundation
NL-KVK-34159275,UTZ,active,21,utz,Netherlands (the),International NGO
NL-KVK-41207989,"Aidsfonds, Soa Aids Nederland (IST Sida Pays-Bas)",active,21,nl-kvk-41207989,Netherlands (the),International NGO
UG-RSB-73316,Centre africain pour la santé mondiale et la transformation sociale,active,21,achest,Uganda,International NGO
ZW-PVO-WO1789,Family Aids Caring Trust,active,22,fact,Zimbabwe,National NGO
GB-CHC-222655,Liverpool School of Tropical Medicine (École de médecine tropicale de Liverpool),active,80,lstm,United Kingdom of Great Britain and Northern Ireland (the),"Academic, Training and Research"
GB-COH-RC000710,,active,80,queen_mary_london,United Kingdom of Great Britain and Northern Ireland (the),"Academic, Training and Research"
KE-NCB-200201282375,Fonds d’Action Urgente Afrique,active,23,uaf-africa,Kenya,Regional NGO
GB-CHC-1142516,ColaLife,active,22,colalife,United Kingdom of Great Britain and Northern Ireland (the),National NGO
XM-DAC-47059,Organisation internationale de droit du développement,active,40,idlo,Italy,Multilateral
NL-KVK-41149831,Mensen met een Missie,active,22,mm1,Netherlands (the),National NGO
NL-KVK-30204842,Netherlands Food Partnership (partenariat alimentaire pour les Pays-Bas),active,60,nfp,Netherlands (the),Foundation
NL-KVK-41208813,Défense des Enfants International Pays-Bas – ECPAT Pays-Bas,active,22,dciecpatnl,Netherlands (the),National NGO
XM-DAC-41302,Organisation internationale du Travail (OIT),active,40,ilo,Switzerland,Multilateral
NL-KVK-27189542,Institut néerlandais pour la démocratie multipartite (NIMD),active,21,nimd-hq,Netherlands (the),International NGO
NL-KVK-40530467,Milieudefensie,active,22,foenl,Netherlands (the),National NGO
US-EIN-47-4128047,Friends of Publish What You Fund,active,21,friendsofpwyf,United States of America (the),International NGO
BD-ROC-S-12313,,active,80,bpcrs,Bangladesh,"Academic, Training and Research"
NL-KVK-58183167,HE Foundation,active,60,hefoundation,Netherlands (the),Foundation
KE-NCB-93175,Amref Health Africa au Kenya,active,21,amrefkenya,Kenya,International NGO
NL-KVK-41150939,Solidaridad Europe,active,21,solidaridad-europe,Netherlands (the),International NGO
UG-RSB-29587,,active,22,fidauganda,Uganda,National NGO
US-EIN-31-1812979,CREA,active,21,creausa-org,India,International NGO
NL-KVK-52957535,Free Press Unlimited,active,21,free_press_unlimited,Netherlands (the),International NGO
NL-KVK-41172933,WASTE advisers on urban environment and development (conseillers environnement et développement urbain),active,60,waste,Netherlands (the),Foundation
FR-SIRET-77566669600015,Secours catholique – Caritas France,active,21,sccf,France,International NGO
GB-CHC-1062638,Disasters Emergency Committee (DEC),active,22,dec-uk,United Kingdom of Great Britain and Northern Ireland (the),National NGO
US-EIN-91-1179750,,active,21,pbi_io,United States of America (the),International NGO
NL-KVK-40409352,Croix-Rouge néerlandaise,active,21,nlrc,Netherlands (the),International NGO
XI-IATI-IKI,Initiative internationale pour le climat (IKI) / Secrétariat du ministère fédéral de l’environnement (BMU) pour l’IKI,active,10,bmu_iki,Germany,Government
NL-KVK-51756811,Solidaridad,active,21,solidaridad,Netherlands (the),International NGO
NL-KVK-34111374,Fair Wear Foundation,active,21,fwf,Netherlands (the),International NGO
NL-KVK-40530953,Amnesty International Pays-Bas,active,21,amnesty,Netherlands (the),International NGO
NL-KvK-41177601,Mondiaal FNV,active,22,mondiaalfnv,Netherlands (the),National NGO
NL-KVK-41177588,Fonds mondial pour la nature (WWF) Pays-Bas,active,21,wnf,Netherlands (the),International NGO
AU-ACNC-19242959685,"International Women’s Development Agency (Agence internationale de développement pour les femmes, IWDA)",active,21,iwda,Australia,International NGO
NL-KVK-41180885,Comité néerlandais de l’Union internationale pour la conservation de la nature (UICN),active,21,iucn_nl,Netherlands (the),International NGO
NL-KVK-41155305,Tropenbos International,active,21,tbi,Netherlands (the),International NGO
ZA-PBO-064-502,Sonke Gender Justice,active,21,sjg,South Africa,International NGO
NL-KVK-27267681,"Centre climat, Croix-Rouge Croissant-Rouge",active,21,climate_centre,Netherlands (the),International NGO
NL-KVK-9099028,Wetlands International,active,21,wi,(No country assigned),International NGO
PK-VSWA-511-2007,Acid Survivors Foundation,active,22,_admin,Pakistan,National NGO
NL-KVK-54436222,CNV Internationaal,active,22,nl-kvk-54436222-27541,Netherlands (the),National NGO
GB-COH-01846493,AECOM,active,70,aecom,United Kingdom of Great Britain and Northern Ireland (the),Private Sector
GB-CHC-1160256,,active,21,read-foundation,United Kingdom of Great Britain and Northern Ireland (the),International NGO
BE-BCE_KBO-0410057701,Institut de Médecine Tropicale,active,15,itm,Belgium,Other Public Sector
ZW-ROD-2172,,active,22,galz,Zimbabwe,National NGO
BE-BCE_KBO-0264814354,Agence belge de développement (Enabel),active,10,enabel,Belgium,Government
GB-CHC-287287,"Centre for Economic Policy Research (Centre de recherche économique et politique, CEPR)",active,22,cepr,United Kingdom of Great Britain and Northern Ireland (the),National NGO
NL-KVK-41197577,SOS Villages d’enfants Pays-Bas,active,60,sosnl,Netherlands (the),Foundation
NL-KVK-41211943,HealthNet TPO,active,21,healthnet,Netherlands (the),International NGO
GB-SC-SCO45223,Mary’s Meals,active,21,marysmeals,United Kingdom of Great Britain and Northern Ireland (the),International NGO
AF-MOE-1212,"Afghanistan Public Policy Research Organization (Organisme de recherche sur les politiques publiques de l’Afghanistan, APPRO)",active,80,appro-af,Afghanistan,"Academic, Training and Research"
GB-COH-04105827,MannionDaniels,active,70,manniondaniels,United Kingdom of Great Britain and Northern Ireland (the),Private Sector
BE-GTCF-630789842,APPRO Europe,active,80,appro-eu,Belgium,"Academic, Training and Research"
NL-KVK-27195046,VNG International,active,15,vngi,Netherlands (the),Other Public Sector
KE-RCO-C1-61,Siège d’Amref Health Africa,active,21,amrefhq,Kenya,International NGO
NL-KVK-09098104,Wageningen University & Research – fondation Wageningen Research,active,80,wageningen_ur,Netherlands (the),"Academic, Training and Research"
NL-KVK-27078545,FMO,active,30,fmo,Netherlands (the),Public Private Partnership
GB-COH-03846881,Social Development Direct Limited,active,70,sddirect,United Kingdom of Great Britain and Northern Ireland (the),Private Sector
XI-IATI-CABI,CABI,active,40,cabi,(No country assigned),Multilateral
US-EIN-52-1764268,BSR,active,21,bsr_admin,United States of America (the),International NGO
GB-COH-07964746,,active,70,satelliteapplicationscatapultltd,United Kingdom of Great Britain and Northern Ireland (the),Private Sector
GB-COH-11080032,,active,70,medaccess,United Kingdom of Great Britain and Northern Ireland (the),Private Sector
NL-KVK-40530156,COC Nederland,active,22,cocnl_publisher,Netherlands (the),National NGO
NL-KVK-41078390,Centre européen de journalisme,active,22,ejc,Netherlands (the),National NGO
KR-GOV-010,République de Corée,active,10,odakorea,Korea (the Republic of),Government
ET-MFA-0001989741,Amref Health Africa en Éthiopie,active,21,amrefeth,Ethiopia,International NGO
GB-COH-02651349,IMC Worldwide,active,70,imcw_admin,United Kingdom of Great Britain and Northern Ireland (the),Private Sector
IN-MCA-U74140DL1998PLC097579,IPE Global Limited,active,70,ipeglobal,India,Private Sector
GB-CHC-209603,"Royal National Lifeboat Institution (Institution nationale royale de sauvetage en mer, RNLI)",active,21,rnli_international,United Kingdom of Great Britain and Northern Ireland (the),International NGO
GB-COH-05543952,Cardno Emerging Markets,active,70,cardnoem,United Kingdom of Great Britain and Northern Ireland (the),Private Sector
MW-NBM-R1527,Amref Health Africa au Malawi,active,22,amrefmw,Malawi,National NGO
XI-IATI-WAI,WASH Alliance International,active,21,wai,Netherlands (the),International NGO
GB-CHC-1148143,Stakeholder Democracy Network,active,21,sdn,United Kingdom of Great Britain and Northern Ireland (the),International NGO
GB-COH-04354941,Sound Seekers Limited,active,21,soundseekers,United Kingdom of Great Britain and Northern Ireland (the),International NGO
US-DOS-64562614,One Acre Fund,active,21,oneacrefund,(No country assigned),International NGO
MW-CNM-BCM-CF,"Fondation pour l’enfance du Baylor College of Medicine, Malawi",active,22,bcm-cf,Malawi,National NGO
UG-NGB-5914-252,Amref Health Africa en Ouganda,active,22,amrefug,Uganda,National NGO
GB-CHC-228248,"Institut de développement d’outre-mer (Overseas Development Institute, ODI)",active,80,odi,United Kingdom of Great Britain and Northern Ireland (the),"Academic, Training and Research"
NL-KVK-53521129,"IDH, the Sustainable Trade Initiative",active,21,idh,Netherlands (the),International NGO
MW-CNM-C076-1999,Youth Net and Counselling – YONECO,active,22,yoneco1997,Malawi,National NGO
XM-DAC-69-1,Slovaquie – Ministère des Affaires étrangères et européennes,active,10,slovakaid,Slovakia,Government
US-EIN-20-1173866,Fonds d’investissement de Omidyar Network Inc.,active,60,omidyarnetwork,United States of America (the),Foundation
CA-CRA_ACR-101182509,Cowater International Inc,active,70,cowater,Canada,Private Sector
ZA-NPO-057-611,,active,23,nj_1,South Africa,Regional NGO
FI-PRO-139407,Caritas Finlande,active,22,caritasfin,Finland,National NGO
XM-DAC-903,Société financière internationale,active,40,ifcwbg,United States of America (the),Multilateral
US-EIN-550825466,IntraHealth International,active,21,intrahealth,United States of America (the),International NGO
NL-KVK-855689493,Fondation Mayday Rescue,active,60,maydayrescue,Netherlands (the),Foundation
GB-COH-08828458,Réseau international des personnes consommatrices de drogues (INPUD),active,21,inpud_admin,United Kingdom of Great Britain and Northern Ireland (the),International NGO
US-EIN-13-4128413,Global Alliance for TB Drug Development,active,80,tb-a,United States of America (the),"Academic, Training and Research"
NL-KVK-41146461,Fondation Deltares,active,,deltares,Netherlands (the),
NO-BRC-871033552,Norwegian People’s Aid,active,21,npa,Norway,International NGO
GB-CHC-1145640,The Queen Elizabeth Diamond Jubilee Trust,active,60,qedjt,United Kingdom of Great Britain and Northern Ireland (the),Foundation
ZA-PBO-930040668,Orbis Africa,active,21,orbis_africa,South Africa,International NGO
XM-DAC-1409,Cadre intégré renforcé,active,40,eif,Switzerland,Multilateral
IM-CR-024714B,openmindedly,active,70,openmindedly,Isle of Man,Private Sector
GB-COH-08333641,Delivery Associates Ltd,active,70,delivery_associates,United Kingdom of Great Britain and Northern Ireland (the),Private Sector
XM-DAC-41110,Secrétariat du Programme commun des Nations Unies sur le VIH/sida (ONUSIDA),active,40,unaids,Switzerland,Multilateral
NL-KVK-41209946,Mainline,active,60,mainline,Netherlands (the),Foundation
GB-COH-SC100833,LTS International Limited,active,70,lts,United Kingdom of Great Britain and Northern Ireland (the),Private Sector
GB-CHC-1126281,Secours Humanitaire,active,21,hrf,United Kingdom of Great Britain and Northern Ireland (the),International NGO
US-EIN-262681792,Initiative internationale pour l’évaluation d’impact,active,21,3ie,United States of America (the),International NGO
BE-BCE_KBO-0453975341,Search for Common Ground (SFCG),active,21,sfcg,Belgium,International NGO
BE-BCE_KBO-0453475391,Search for Common Ground (SFCG),withdrawn,21,sfcg,Belgium,International NGO
US-EIN-13-5660870,The International Rescue Committee,active,21,irc_inc,United States of America (the),International NGO
NP-SWC-27288,Burns Violence Survivors Nepal,active,22,bvs-nepal,Nepal,National NGO
US-EIN-13-3960591,,active,21,social_accountability_international,United States of America (the),International NGO
NL-KVK-56083459,Women Peacemakers Program,active,21,wpp,Netherlands (the),International NGO
GB-COH-01650169,Ecorys Royaume-Uni,active,70,ecuk,United Kingdom of Great Britain and Northern Ireland (the),Private Sector
US-EIN-471065461,Forum global sur les HSH et le VIH (MSMGF),active,21,msmgf,United States of America (the),International NGO
US-EIN-56-1071085,Ipas,active,21,ipas,United States of America (the),International NGO
NG-CAC-495140,Women Environmental Programme,active,22,wep,Nigeria,National NGO
DK-CVR-36980214,DanChurchAid,active,21,dca,Denmark,International NGO
NL-KVK-41214768,Global Network of People Living with HIV (GNP+),active,21,gnpplus,Netherlands (the),International NGO
BO-NIT-1013209020,,active,21,wwf_bolivia,Bolivia (Plurinational State of),International NGO
GB-COH-08705643,,active,15,ktn,United Kingdom of Great Britain and Northern Ireland (the),Other Public Sector
GB-COH-SC349355,Global Network of Sex Work Projects (NSWP),active,21,nswp,United Kingdom of Great Britain and Northern Ireland (the),International NGO
NL-KVK-34219433,Max Foundation,active,60,max-foundation,Netherlands (the),Foundation
CH-FDJP-66029860165,International Disability Alliance,active,21,ida,Switzerland,International NGO
US-EIN-27-5026463,Disability Rights Advocacy Fund,active,21,draf,United States of America (the),International NGO
DK-CVR-29439915,Caritas Danemark,active,22,caritas_denmark,Denmark,National NGO
NL-KVK-66926262,Win Win Strategies,active,21,wws,Netherlands (the),International NGO
GB-COH-03054929,DAI Global Health,active,70,healthpartners-international,United Kingdom of Great Britain and Northern Ireland (the),Private Sector
GB-COH-OC305127,BDO LLP,active,70,bdo,United Kingdom of Great Britain and Northern Ireland (the),Private Sector
US-EIN-203908371,Forum économique mondial,active,21,worldeconomicforum,United States of America (the),International NGO
BW-CIPA-CO20151011,"Coalition internationale de préparation au traitement (International Treatment Preparedness Coalition, ITPC)",active,21,itpc,Botswana,International NGO
TZ-BRLA-4368,Amref Health Africa en Tanzanie,active,21,amreftz,"Tanzania, the United Republic of",International NGO
US-EIN-52-1238773,Organisation des Femmes pour l’Environnement et le Développement,active,21,wedo,United States of America (the),International NGO
GB-COH-NI630024,Siren Associates,active,70,siren,United Kingdom of Great Britain and Northern Ireland (the),Private Sector
GB-COH-8159144,Initiative de transparence dans le secteur de la construction (CoST),active,21,cost_uk,(No country assigned),International NGO
NL-KVK-32022621,,active,21,rnw_org,Netherlands (the),International NGO
BE-BCE_KBO-0550758080,Institut européen de la paix,active,15,eip,Belgium,Other Public Sector
NL-KVK-33226495,Atradius Dutch State Business,active,70,adsb,Netherlands (the),Private Sector
ZA-NPO-029-864,Alliance mondiale pour la participation citoyenne,active,21,civicus,South Africa,International NGO
NG-CAC-IT-23286,Centre For Citizens With Disabilities,active,22,ccdnigeria,Nigeria,National NGO
XI-IATI-UNPF,Fonds commun des Nations Unies,active,40,unpf,(No country assigned),Multilateral
CH-FDJP-66006990023,Alliance ACT,active,21,act_alliance,Switzerland,International NGO
NL-KVK-30258482,,active,21,kerk_in_actie,Netherlands (the),International NGO
XM-DAC-47064,Organisation Internationale pour le Bambou et le Rotin (INBAR),active,40,inbar,(No country assigned),Multilateral
NL-KVK-27251823,Support Trust for Africa Development (STAD),active,21,stad,Netherlands (the),International NGO
XM-DAC-5-52,,active,15,giz,Germany,Other Public Sector
XM-DAC-236,Bénin – Ministère de l’Économie et des Finances,active,10,mefbenin,Benin,Government
DK-CVR-44623528,COWI,active,15,cowi,Denmark,Other Public Sector
NL-KVK-34148682,AFEW International,active,21,afewinternational,Netherlands (the),International NGO
XM-DAC-30011,Union internationale pour la conservation de la nature et de ses ressources,active,15,iucn,Switzerland,Other Public Sector
BJ-IFU-3200700033415,Société nationale des eaux du Bénin (SONEB),active,15,soneb-benin,Benin,Other Public Sector
LB-MOI-18291,Fondation arabe pour les libertés et l’égalité,active,23,afemena,Lebanon,Regional NGO
US-GOV-1,Agence des États-Unis pour le développement international (USAID),active,10,usaid,United States of America (the),Government
GB-COH-07321996,Integrity Research and Consultancy Ltd,active,70,integrity,United Kingdom of Great Britain and Northern Ireland (the),Private Sector
CH-FDJP-109458452,Centre de Genève pour la gouvernance du secteur de la sécurité (DCAF),active,60,dcaf,Switzerland,Foundation
US-EIN-943287156,Association pour le progrès des communications,active,21,apc,United States of America (the),International NGO
KE-RCO-201036685,UHAI EASHRI,active,60,uhai-eashri,Kenya,Foundation
CZ-ICO-25755277,People in Need,active,21,pin,Czechia,International NGO
ZA-NPO-060766,,active,21,cal_2000-pu,South Africa,International NGO
BE-BCE_KBO-0427736148,Trias,active,22,trias,Belgium,National NGO
IE-CHY-20009601,Trocaire,active,21,trocaire,Ireland,International NGO
GB-CHC-1171353,Fonds mondial pour l’innovation,active,21,gif,United Kingdom of Great Britain and Northern Ireland (the),International NGO
GB-COH-04161656,ICF Consulting Services Ltd,active,70,icf,United Kingdom of Great Britain and Northern Ireland (the),Private Sector
BJ-IFU-6201408024805,Association nationale des communes du Bénin (ANCB),active,22,ancb_benin,Benin,National NGO
US-EIN-13-2890727,Institut Guttmacher,active,21,guttmacher,United States of America (the),International NGO
XM-DAC-41301,Organisation des Nations Unies pour l’alimentation et l’agriculture (FAO),active,40,fao,Italy,Multilateral
CH-FDJP-106064950,Medair,active,21,medair,Switzerland,International NGO
NL-KVK-27302841,Giro555 (fondation Samenwerkende Hulporganisaties),active,21,giro555,Netherlands (the),International NGO
GB-COH-RC000053,,active,80,thebritishacademy,United Kingdom of Great Britain and Northern Ireland (the),"Academic, Training and Research"
XM-DAC-928,Organisation mondiale de la Santé (OMS),active,40,who,Switzerland,Multilateral
GB-CHC-1154230,Filles pas épouses : le partenariat mondial pour la fin du mariage des enfants,active,21,girlsnotbrides,United Kingdom of Great Britain and Northern Ireland (the),International NGO
NL-KVK-41152832,"Institut Néerlandais de Relations Internationales, l’institut « Clingendael »",active,80,clingendael,Netherlands (the),"Academic, Training and Research"
IN-MCA-U74900MH2015PTC310042,,withdrawn,70,intellecap,India,Private Sector
NL-KVK-41160229,PUM Pays-Bas,active,21,pumnl,Netherlands (the),International NGO
NL-KVK-41153698,World Federalist Movement – Institute for Global Policy,active,21,wfm-igp,Netherlands (the),International NGO
GB-CHC-1091105,Fondation pour la recherche sur la méningite,active,21,mrf,United Kingdom of Great Britain and Northern Ireland (the),International NGO
PH-SEC-FN200806591,Réseau mondial des femmes pour les droits sur la reproduction,active,21,wgnrr_iati,Philippines (the),International NGO
US-EIN-27-3755556,IDEO.org,active,21,ideo_org,United States of America (the),International NGO
ET-CSA-0081,,active,22,swda,Ethiopia,National NGO
CH-FDJP-66004229946,Forum économique mondial Genève,active,21,weforum_geneva,Switzerland,International NGO
BE-BCE_KBO-0410644946,Caritas International (Belgique),active,22,cibe,Belgium,National NGO
CH-FDJP-CHE105834763,Helvetas Swiss Intercooperation,active,21,hsi,Switzerland,International NGO
NL-KVK-30195730,MVO Nederland,active,15,mvo_nederland,Netherlands (the),Other Public Sector
ML-NIF-400100027H,DNH Mali (Direction Nationale de l’Hydraulique du Mali),active,10,pca-gire,Mali,Government
US-EIN-13-1624114,Near East Foundation (NEF USA),active,21,nef_usa,United States of America (the),International NGO
US-EIN-58-1454716,Centre Carter,active,21,carter-center,United States of America (the),International NGO
NL-KVK-41169161,International Child Development Initiatives,withdrawn,21,icdi,Netherlands,International NGO
NL-KVK-27290536,HiiL innovating Justice,active,60,hiil_mfa,Netherlands (the),Foundation
PS-MOI-RA-22220-A,Union des comités de travail agricole,active,22,uawc,"Palestine, State of",National NGO
NL-KVK-53815211,Fondation VU Amsterdam - Centre pour les études alimentaires mondiales d’Amsterdam,active,80,acwfs_vu,Netherlands (the),"Academic, Training and Research"
ET-MOT-020/4/007,"Ethiopian Horticulture Producer Exporters Association (Association éthiopienne des producteurs et exportateurs horticoles, EHPEA)",active,22,ehpea,Ethiopia,National NGO
NL-KVK-41197411,Bureau international de documentation fiscale,active,80,ibfd,Netherlands (the),"Academic, Training and Research"
NL-KVK-67143555,United Work,active,22,united_work,Netherlands (the),National NGO
NL-KVK-27102631,Comité national des Pays-Bas pour l’UNICEF,active,22,unicefnl,Netherlands (the),National NGO
XM-DAC-6-4,"Agenzia Italiana per la Cooperazione allo Sviluppo (Agence italienne pour la coopération au développement, AICS)",active,10,aics,Italy,Government
US-EIN-26-4129153,Climate Policy Initiative,active,80,cpi,United States of America (the),"Academic, Training and Research"
LR-MPEA-NGO-AC-0298,YMCA du Libéria,active,22,libymca,Liberia,National NGO
KE-RCO-CPR-2009-5689,,active,23,tma,Kenya,Regional NGO
KE-RCO-CPR/2009/5689,TradeMark East Africa,withdrawn,23,tmea,Kenya,Regional NGO
TR-MOI-27-018-163,Local Development and Small Projects Support,active,22,ldsps,Türkiye,National NGO
BE-BCE_KBO-0418766123,Vlaamse Interuniversitaire Raad voor Universitaire Ontwikkelingssamenwerking (VLIR-UOS),active,80,vlir-uos,Belgium,"Academic, Training and Research"
ET-CSA-0009,,active,22,dec_ethiopia,Ethiopia,National NGO
AR-CENOC-16969-A,Fundación Fondo Mujeres del Sur,active,60,fms,Argentina,Foundation
US-EIN-58-2368165,Fondation pour les Nations Unies,active,22,unf,United States of America (the),National NGO
XM-DAC-47058,Institut international pour la démocratie et l’assistance électorale,active,40,idea,Sweden,Multilateral
NL-KVK-41146484,IHE Delft Institut pour l’éducation relative à l’eau,active,80,ihedelft,Netherlands (the),"Academic, Training and Research"
US-EIN-13-2626135,TechnoServe,active,21,tns,United States of America (the),International NGO
MZ-NUIT-700098168,Administração de Infra-Estruturas de Águas e Saneamento,active,10,aias,Mozambique,Government
XM-DAC-46009,Banque de développement des Caraïbes (CDB),active,40,caribank,Barbados,Multilateral
US-EIN-463668128,Women’s Refugee Commission,active,21,w_r_c,United States of America (the),International NGO
MZ-NUIT-50039061,Agência de Desenvolvimento do Vale do Zambeze,active,10,agencia_do_zambeze,Mozambique,Government
US-EIN-56-2460366,Conflict Dynamics International,active,21,cdi,United States of America (the),International NGO
GB-COH-RC000658,Université de Leeds,active,80,leedsuni,United Kingdom of Great Britain and Northern Ireland (the),"Academic, Training and Research"
MW-MRA-20125995,Mulanje Mission Hospital,active,22,mmh,Malawi,National NGO
NL-KVK-73728489,,active,21,inso,Netherlands (the),International NGO
GB-CHC-1140276,International NGO Safety Orgnisation,withdrawn,21,inso,United Kingdom,International NGO
XM-DAC-41116,Programme des Nations Unies pour l’environnement (PNUE),active,40,un-environment,(No country assigned),Multilateral
MW-RG-2977,Palliative Care Support Trust,active,22,pcst,Malawi,National NGO
GB-CHC-802353,Ethiopiaid Royaume-Uni,active,21,ethiopiaiduk,United Kingdom of Great Britain and Northern Ireland (the),International NGO
NL-KVK-70292361,Fondation Access to Seeds,active,21,atsf,Netherlands (the),International NGO
BE-BCE_KBO-0408643875,Oxfam Solidarité-Solidariteit,active,22,oxsol,Belgium,National NGO
US-EIN-33-1112770,CLASP,active,21,clasp,United States of America (the),International NGO
NL-KVK-58279199,The Access to Nutrition Foundation,active,21,atnf,Netherlands (the),International NGO
GB-CHC-1106349,International Network for Advancing Science and Policy,active,21,inasp,United Kingdom of Great Britain and Northern Ireland (the),International NGO
BD-NAB-1102,Population Services and Training Centre (PSTC),active,22,pstc_1102,Bangladesh,National NGO
JO-CCD-200138796,Horizons for Green Development,active,22,horizons,Jordan,National NGO
GB-CHC-1082565,Handicap international Royaume-Uni,active,80,hiuk,United Kingdom of Great Britain and Northern Ireland (the),"Academic, Training and Research"
ET-CSA-0638,Send a Cow Éthiopie,active,22,sacethiopia,Ethiopia,National NGO
RS-APR-17062603,Caritas Serbie,active,22,caritas_serbia,(No country assigned),National NGO
NL-KVK-41185216,Commission néerlandaise pour l’évaluation environnementale,active,60,ncea,Netherlands (the),Foundation
US-EIN-23-7069110,Oxfam Amérique,active,21,oxfamus,United States of America (the),International NGO
KE-NCB-218/051/15179/10159,Kesho Kenya,active,22,kesho_kenya,Kenya,National NGO
KE-NCB-OP21805193101154,Ananda Marga Universal Relief Team (AMURT) Africa,active,22,amurt_kenya,Kenya,National NGO
KE-NCB-KENCBOP218051200802235390,Pastoralist Girls Initiative,active,22,pgi_kenya,Kenya,National NGO
LB-MOI-26_AD,Fondation Berytech,active,60,berytech,Lebanon,Foundation
NL-KVK-64680029,,active,60,wfaf,Netherlands (the),Foundation
NL-KVK-41150085,Nuffic,active,80,nuffic20171017,Netherlands (the),"Academic, Training and Research"
BJ-IFU-6201200599008,ONG ALCRER,active,22,alcrer-1,Benin,National NGO
SE-ON-802017-3517,Diakonia Suède,active,21,diakonia-sweden,Sweden,International NGO
BJ-IFU-6201101048400,Social Watch Bénin,active,22,swb_1,Benin,National NGO
GB-GOV-13,"Royaume-Uni – Ministère des Affaires, de l’Énergie et de la Stratégie industrielle",active,10,beis,United Kingdom of Great Britain and Northern Ireland (the),Government
US-EIN-13-1687001,"The Population Council, Inc.",active,80,populationcouncil,United States of America (the),"Academic, Training and Research"
SN-NINEA-621108990A0,Institut Panos Afrique de l’Ouest (IPAO),active,21,ipao,Senegal,International NGO
NL-KVK-41159889,Prince Claus Fund,active,21,pcf,Netherlands (the),International NGO
US-EIN-11-3803281,Centre africain pour la transformation économique (ACET),active,23,acet,United States of America (the),Regional NGO
GB-COH-09288843,The Power of Nutrition,active,60,the_power_of_nutrition,United Kingdom of Great Britain and Northern Ireland (the),Foundation
DK-CVR-20699310,Danish Refugee Council (conseil danois pour les réfugiés),active,21,drc,Denmark,International NGO
GB-CHC-1051681,"Amnesty International, UK Section et Charitable Trust",active,21,aiuk,United Kingdom of Great Britain and Northern Ireland (the),International NGO
GB-EDU-133784,Université de Birmingham,active,80,universityofbirmingham,United Kingdom of Great Britain and Northern Ireland (the),"Academic, Training and Research"
MZ-NUIT-600000381,Fundo de Investimento e Patrimonio do Abastecimento de Água (FIPAG),active,15,fipag,Mozambique,Other Public Sector
ZW-PVO-15/2003,CARE International au Zimbabwe,active,21,ciz,Zimbabwe,International NGO
US-EIN-521257057,World Resources Institute,active,21,wri,United States of America (the),International NGO
KE-RSO-14210,United Disabled Persons of Kenya,withdrawn,22,udpk,Kenya,National NGO
BE-BCE_KBO-0435563751,Memisa,active,80,memisa,Belgium,"Academic, Training and Research"
ZW-PVO-26/79,Vision du Monde Zimbabwe,active,21,wvz-gec,Zimbabwe,International NGO
NL-KVK-34271281,World Waternet,active,21,worldwaternet,Netherlands (the),International NGO
NL-KVK-24316726,Ecorys Nederland B.V.,active,70,ecorysnl,Netherlands (the),Private Sector
XM-DAC-47136,Institut mondial de la croissance verte,active,40,gggi,(No country assigned),Multilateral
BE-BCE_KBO-0448755949,Collectif Stratégies Alimentaires,active,22,csa,Belgium,National NGO
NL-KVK-34370207,Université d’Amsterdam,active,80,uva_org,Netherlands (the),"Academic, Training and Research"
NL-KVK-41201198,The Hunger Project Pays-Bas,active,21,thp_org,Netherlands (the),International NGO
BE-BCE_KBO-0451857573,"Vereniging van Vlaamse Steden en Gemeenten (Union des villes et communes flamandes, VVSG)",active,15,vvsg,Belgium,Other Public Sector
BE-BCE_KBO-0425410524,SOS FAIM,active,22,sosfaim,Belgium,National NGO
ET-CSA-0486,Wolayita Development Association,active,80,woda_0486,Ethiopia,"Academic, Training and Research"
BE-BCE_KBO-0423616717,VVOB Education for Development,active,15,vvob,Belgium,Other Public Sector
BE-BCE_KBO-0423588904,Autre Terre asbl,active,80,a-t,Belgium,"Academic, Training and Research"
BE-BCE_KBO-0449400604,Ngo-federatie (Vlaamse federatie van ngo’s voor ontwikkelingssamenwerking),active,22,ngo-federatie,Belgium,National NGO
CA-CRA_ACR-872374426,War Child Canada,active,21,wcc,Canada,International NGO
KE-NCB-218/051/93132/90,Federation of Women Lawyers Kenya,active,22,fida,Kenya,National NGO
IN-MCA-U74140WB1983PTC036093,PricewaterhouseCoopers Private Limited Inde,active,70,pwcplindia,India,Private Sector
ET-CSA-1063,Orbis Ethiopia,active,22,orbis_ethiopia,Ethiopia,National NGO
BE-BCE_KBO-0461076236,Centre tricontinental (CETRI),active,22,ct-admin,Belgium,National NGO
BE-BCE_KBO-0418015461,Entraide et Fraternité,active,22,ef_,Belgium,National NGO
GB-CHC-1076822,Save the Children International,active,21,sci,United Kingdom of Great Britain and Northern Ireland (the),International NGO
BE-BCE_KBO-0422717486,Louvain Coopération,active,22,lc,Belgium,National NGO
BE-BCE_KBO-0451516390,Brulocalis,active,15,brulocalis,Belgium,Other Public Sector
BE-BCE_KBO-0421207751,Centre National de Coopération au Développement (CNCD-11.11.11),active,22,cncd,Belgium,National NGO
BE-BCE_KBO-0418282311,Viva Salud,active,22,g3w-m3m_admin,Belgium,National NGO
BE-BCE_KBO-0416486821,Oxfam-Magasins du monde,active,22,omdm,Belgium,National NGO
BE-BCE_KBO-0451461655,Union des Villes et Communes de Wallonie (UVCW),active,15,uvcw,Belgium,Other Public Sector
XM-OCHA-CBPF,Fonds de financement commun pour les pays de l’OCHA,active,40,unocha-cbpf,(No country assigned),Multilateral
BE-BCE_KBO-0424198222,Association for Cultural Technical and Educational Cooperation (ACTEC),active,22,actec,Belgium,National NGO
BE-BCE_KBO-0408908151,Iles de Paix,active,22,idp,Belgium,National NGO
NP-SWC-1844,Center for Research on Environment Health and Population Activities (CREHPA),active,22,crehpa,Nepal,National NGO
US-EIN-237297651,Orbis International,active,21,orbis_international,United States of America (the),International NGO
BE-BCE_KBO-0474198059,Africalia,active,15,africalia,Belgium,Other Public Sector
BE-BCE_KBO-0419872616,Tearfund VZW (TFBE),active,22,tfb_admin1,Belgium,National NGO
BE-BCE_KBO-0413986102,We Social Movements (WSM),active,22,wsm,Belgium,National NGO
NG-CAC-692943,Academy for Health Development (AHEAD),active,80,ahead,Nigeria,"Academic, Training and Research"
BE-BCE_KBO-0461634084,Rode Kruis-Vlaanderen Internationaal vzw (Croix-Rouge flamande),active,22,rkiv,Belgium,National NGO
BE-BCE_KBO-0410661673,SCI Projets Internationaux ASBL_Service Civil International branche belge,active,22,scibelgium,Belgium,National NGO
BE-BCE_KBO-0432552989,Fonds voor Ontwikkelingssamenwerking - Socialistische Solidariteit VZW,active,22,fos,Belgium,National NGO
BE-BCE_KBO-0445412518,Institute for International Workers Education,active,22,iiwe,Belgium,National NGO
AF-MOE-138,Fondation Aga Khan Afghanistan,active,60,akf_afghanistan,Afghanistan,Foundation
BE-BCE_KBO-0415627875,ULB-Coopération,active,22,ulbcoop,Belgium,National NGO
DK-CVR-37295728,NIRAS A/S,active,70,niras,Denmark,Private Sector
NL-KVK-62066064,Global Off-Grid Lighting Association (GOGLA),active,70,gogla,Netherlands (the),Private Sector
US-EIN-06-1608361,Centre Africain de Recherche sur la Population et la Santé,active,23,aphrc,United States of America (the),Regional NGO
BE-BCE_KBO-0409451054,Enfance Tiers Monde Kinderen Derde Wereld,active,22,etmkdw,Belgium,National NGO
ZW-ROD-MA988/87,Women’s Action Group,active,22,wag-1983,Zimbabwe,National NGO
BE-BCE_KBO-0408628435,SOS Kinderdorpen België / SOS Villages d’enfants Belgique,active,21,svdbskb_admin,Belgium,International NGO
ET-CSA-1233,EngenderHealth Ethiopia,active,21,engenderhealth_eth,Ethiopia,International NGO
US-EIN-52-2145827,Chemonics International Inc.,active,70,chemonics,United States of America (the),Private Sector
BE-BCE_KBO-0441988715,Fairtrade Belgium,active,22,fairtrade_be,Belgium,National NGO
LB-MOI-497,ABAAD Resource Centre for Gender Equality (Centre de ressources ABAAD pour l’égalité des sexes),active,22,arcfge,Lebanon,National NGO
ZM-PCR-10104052014,,active,21,pphpz,Zambia,International NGO
BE-BCE_KBO-0462132150,Croix-Rouge de Belgique Communauté francophone - Activités internationales ASBL,active,22,crb-ai_admin,Belgium,National NGO
BE-BCE_KBO-0431955945,Sensorial Handicap Cooperation,active,80,shc,Belgium,"Academic, Training and Research"
BE-BCE_KBO-0415880570,Association pour la Promotion de l’Éducation et de la Formation à l’Étranger,active,15,apefe,Belgium,Other Public Sector
BE-BCE_KBO-0433439550,Défi Belgique Afrique,active,22,dba,Belgium,National NGO
BE-BCE_KBO-0463455904,Chaîne de l’Espoir Belgique / Keten van Hoop België,active,22,cdeb-kvhb_admin,Belgium,National NGO
BE-BCE_KBO-0432235661,Handicap international Belgique,active,22,hib,Belgium,National NGO
BE-BCE_KBO-0415426155,Miel Maya Honing asbl,active,22,mmha,Belgium,National NGO
NL-KVK-34185938,Fondation Access to Medicine,active,60,atmf,Netherlands (the),Foundation
BE-BCE_KBO-0442168263,Vétérinaires Sans Frontières / Dierenartsen Zonder Grenzen (Belgique),active,22,vsfbelgium,Belgium,National NGO
BE-BCE_KBO-0419189557,Rotary Clubs For Development,active,22,rc4d,Belgium,National NGO
BE-BCE_KBO-0454555163,RCN Justice & Démocratie,active,22,rcn,Belgium,National NGO
BE-BCE_KBO-0460162753,Medecins du Monde Belgique / Dokters van de Wereld Belgïe,active,22,medecins,Belgium,National NGO
BE-BCE_KBO-0413119733,VIA Don Bosco,active,22,via-db,Belgium,National NGO
BE-BCE_KBO-0408022778,Djapo,active,22,djapo,Belgium,National NGO
BE-BCE_KBO-0420656336,Rikolto Belgique,active,22,rikolto_belgium,Belgium,National NGO
BE-BCE_KBO-0407562029,Comité national de la Belgique pour l’UNICEF,active,22,ub,Belgium,National NGO
BE-BCE_KBO-0662878501,Rikolto,active,60,rikolto,Belgium,Foundation
BE-BCE_KBO-0418088113,Broederlijk Delen,active,22,bd,Belgium,National NGO
BE-BCE_KBO-0417299047,Protos,active,22,protos,Belgium,National NGO
BE-BCE_KBO-0479866027,Studio Globo,active,80,sg,Belgium,"Academic, Training and Research"
BE-BCE_KBO-0478060441,Mouvement pour la Solidarité Internationale / Beweging voor Internationale Solidariteit,active,22,bismsi,Belgium,National NGO
BE-BCE_KBO-0479222461,BOS+ tropen,active,22,bos_plus_tropen,Belgium,National NGO
BE-BCE_KBO-0432622077,FIAN Belgium,active,22,fian-belgium,Belgium,National NGO
BE-BCE_KBO-0463729878,Benelux Afro Center,active,22,bac,Belgium,National NGO
BE-BCE_KBO-0432624255,Solsoc,active,22,solsoc,Belgium,National NGO
BE-BCE_KBO-0408095925,Auto-Développement Afrique (ADA),active,22,ada,Belgium,National NGO
CO-RUE-860013779-5,,active,70,profamilia,Colombia,Private Sector
BE-BCE_KBO-0416934803,Forum Universitaire pour la Coopération Internationale au Développement – FUCID ASBL,active,22,fucid,Belgium,National NGO
BE-BCE_KBO-0418399305,Commission Justice et Paix ASBL (cjp),active,22,cjp,Belgium,National NGO
BE-BCE_KBO-0408656248,Fonds mondial pour la nature Belgique (WWF-Belgique),active,22,wwf-be,Belgium,National NGO
BE-BCE_KBO-0472089102,Geomoun ASBL,active,22,geomoun,Belgium,National NGO
BE-BCE_KBO-0408256667,Congodorpen vzw,active,22,congodorpen,Belgium,National NGO
GB-COH-04644326,Agulhas Applied Knowledge,active,70,aak,United Kingdom of Great Britain and Northern Ireland (the),Private Sector
BE-BCE_KBO-0409597544,FONCABA ASBL KBA VZW,active,22,foncaba,Belgium,National NGO
BE-BCE_KBO-0432503697,Eclosio,active,22,eclosio,Belgium,National NGO
BE-BCE_KBO-0420790948,Universitair Centrum voor Ontwikkelingssamenwerking,active,22,ucos,Belgium,National NGO
XM-DAC-7-PPR-4000005312,,active,60,ybawahid,Indonesia,Foundation
CO-RUE-900.683.942-8,,active,30,rpm,Colombia,Public Private Partnership
BE-BCE_KBO-0421210424,Koepel van de Vlaamse Noord-Zuidbeweging 11.11.11 VZW,active,22,111111_publisher,Belgium,National NGO
BE-BCE_KBO-0415365777,Oxfam Wereldwinkels,active,22,oww,Belgium,National NGO
JO-MSD-2013011100066,Queen Rania Foundation for Education and Development (Fondation de la reine Rania pour l’éducation et le développement),active,22,qrfed,Jordan,National NGO
KE-NCB-218-051-93197-173,,active,23,fawe-rs,Kenya,Regional NGO
KE-NCB-218.051.93197.173,,withdrawn,23,fawe-rs,Kenya,Regional NGO
NL-KVK-09119363,Fondation PRACTICA,active,60,practica,Netherlands (the),Foundation
JO-COA-1701-HPC,,active,15,hpc,Jordan,Other Public Sector
US-EIN-22-3087809,IREX (International Research and Exchange Board),active,21,irex,United States of America (the),International NGO
XM-DAC-47066,Organisation internationale pour les migrations (OIM),active,40,iom,Switzerland,Multilateral
BE-BCE_KBO-0416867297,KIYO,active,21,kiyo,Belgium,International NGO
US-EIN-900634376,C40 Cities Climate Leadership Group,active,80,c40cities,United States of America (the),"Academic, Training and Research"
GB-CHC-1135700,British & Irish Agencies Afghanistan Group,active,21,baag,United Kingdom of Great Britain and Northern Ireland (the),International NGO
BE-BCE_KBO-0546740696,Académie de recherche et d’enseignement supérieur,active,80,ares,Belgium,"Academic, Training and Research"
BE-BCE_KBO-0474912493,Dynamo International asbl,active,22,dynamo_international,Belgium,National NGO
BE-BCE_KBO-0445741823,Quinoa,active,22,quinoa,Belgium,National NGO
BE-BCE_KBO-0443262185,Echos Communication,active,22,ec,Belgium,National NGO
BE-BCE_KBO-0448723978,Médecins Sans Vacances,active,22,msv,Belgium,National NGO
BE-BCE_KBO-0446340550,Comité pour l’abolition des dettes illégitimes,active,22,cadtm,Belgium,National NGO
BE-BCE_KBO-0415499795,ITECO – Centre de formation pour le développement,active,22,iteco,Belgium,National NGO
NL-KVK-40478591,Association royale de football des Pays-Bas,active,15,knvb,Netherlands (the),Other Public Sector
ES-CIF-G81164105,Action contre la Faim Espagne,active,21,acfspain,Spain,International NGO
BE-BCE_KBO-0406694670,Action Damien / Damiaanactie,active,22,damien-foundation,Belgium,National NGO
RW-RGB-101-RGB-NGO-2014,UWEZO Youth Empowerment,active,22,uwezo_youth_empowerment,Rwanda,National NGO
NL-KVK-41208024,Aidenvironment,active,60,aidenvironment,Netherlands (the),Foundation
BE-BCE_KBO-0425420917,Plan International Belgique,active,22,pib,Belgium,National NGO
NL-KVK-32102434,Fondation RUAF,active,60,ruaf,Netherlands (the),Foundation
US-EIN-030358029,Population Media Center,active,21,pmc,United States of America (the),International NGO
BE-BCE_KBO-0430826290,Le Monde selon les femmes asbl,active,22,mondefemmes,Belgium,National NGO
BE-BCE_KBO-0417549465,Coopération par l’Éducation et la Culture,active,22,cec,Belgium,National NGO
DK-CVR-25191501,Danmission,active,22,danmission,Denmark,National NGO
IN-MHA-337680017,Network For Enterprise Enhancement and Development Support,active,22,needs,India,National NGO
CO-RUE-860049972,Oriéntame,active,22,orientame,Colombia,National NGO
CH-FDJP-CHE102197003,Fédération internationale des experts comptables,active,21,ifac,Switzerland,International NGO
US-EIN-27-1414646,Initiative Clinton pour l’accès à la santé (Clinton Health Access Initiative),active,21,chai,United States of America (the),International NGO
US-EIN-13-3327220,Action contre la Faim États-Unis,active,21,aahusa,United States of America (the),International NGO
GB-COH-07157505,ODI Global Advisory Ltd,active,80,odi_sales_ltd,United Kingdom of Great Britain and Northern Ireland (the),"Academic, Training and Research"
UG-NGB-5914-129,Fondation AVSI en Ouganda,active,21,avsi_uganda,Uganda,International NGO
GH-DSW-2046,Fonds Africain pour le Développement de la Femme,active,23,awdf,Ghana,Regional NGO
DE-CR-BonnVR8726,IFOAM – Organics International,active,21,ifoam,Germany,International NGO
GB-COH-05126149,The MENTOR Initiative,active,21,the_mentor_initiative,United Kingdom of Great Britain and Northern Ireland (the),International NGO
EG-CR-117508,,active,70,nroot,Egypt,Private Sector
BD-NAB-0271,Bangladesh Nari Progati Sangha,active,22,bnps,Bangladesh,National NGO
GB-CHC-1112842,Transparency International UK,active,21,ti-uk,United Kingdom of Great Britain and Northern Ireland (the),International NGO
GB-CHC-1119168,Energy 4 Impact,active,21,e4i,United Kingdom of Great Britain and Northern Ireland (the),International NGO
US-EIN-75-3130860,Center for Civilians in Conflict,active,21,civic_admin,United States of America (the),International NGO
GB-COH-RC000672,,active,80,uos,United Kingdom of Great Britain and Northern Ireland (the),"Academic, Training and Research"
GB-CHC-1047653,Raleigh International,active,21,raleigh_int,United Kingdom of Great Britain and Northern Ireland (the),International NGO
BE-BCE_KBO-0410757386,Solidagro,active,80,solidagro_admin,Belgium,"Academic, Training and Research"
NL-KVK-41199723,NLR,active,21,nlr,Netherlands (the),International NGO
TZ-TRA-101-091-759,Economic and Social Research Foundation (ESRF),active,80,esrf,"Tanzania, the United Republic of","Academic, Training and Research"
NL-KVK-24365461,Fondation Right to Play Pays-Bas,active,21,rtp,Netherlands (the),International NGO
NL-KVK-08134161,VEI (Vitens-Evides International),active,70,vei_nl,Netherlands (the),Private Sector
XM-DAC-21018,Fédération internationale des sociétés de la Croix-Rouge et du Croissant-Rouge,active,21,ifrcrcs,Switzerland,International NGO
UG-NGB-10890,Bucks Community NGO,active,22,bucksfarm,Uganda,National NGO
XM-DAC-43000,Fonds monétaire international,active,40,imf,United States of America (the),Multilateral
GB-CHC-314137,Association des Universités du Commonwealth,active,80,acu,United Kingdom of Great Britain and Northern Ireland (the),"Academic, Training and Research"
NL-KVK-56185154,"NpM, plateforme pour la finance inclusive",active,22,npm,Netherlands (the),National NGO
GB-CHC-1113101,Tropical Health and Education Trust,active,21,tropicalhealth,United Kingdom of Great Britain and Northern Ireland (the),International NGO
US-EIN-52-0595110,Université Johns Hopkins,active,80,gi-jhu,United States of America (the),"Academic, Training and Research"
NL-KVK-56821743,MDF Global,active,60,mdf,Netherlands (the),Foundation
CH-FDJP-CHE100871337,Conseil international des agences bénévoles,active,21,icva,Switzerland,International NGO
US-EIN-521750875,Iraq Foundation,active,21,iraq_foundation,United States of America (the),International NGO
ES-CIF-G-8236803,Oxfam Intermón,active,21,oxfamintermon,Spain,International NGO
XM-DAC-41123,Organisation des Nations Unies pour le développement industriel (ONUDI),active,40,unido,(No country assigned),Multilateral
GH-DSW-4711,Savana Signatures,active,22,savsign-org,Ghana,National NGO
GB-COH-00041424,,active,30,ul,(No country assigned),Public Private Partnership
BD-NAB-0682,Development Organisation of the Rural Poor,active,22,dorp-org,Bangladesh,National NGO
BE-BCE_KBO-0453072647,Institut de Formation Syndical International / Internationaal Syndicaal Vormingsinstituut,active,22,ifsi_isvi,Belgium,National NGO
MW-CNM-C057/1998,Center for Alternatives for Victimized Women and Children,active,22,cavwoc,Malawi,National NGO
NL-KVK-65306198,Equileap,active,21,equileap,Netherlands (the),International NGO
UG-NGB-1826,Family Life Education Program,active,22,flepuganda,Uganda,National NGO
GB-COH-RC000631,University College London,active,80,ucl,United Kingdom of Great Britain and Northern Ireland (the),"Academic, Training and Research"
TZ-TRA-101-304-795,Chama cha Uzazi na Malezi Bora Tanzania (UMATI),active,22,umati,"Tanzania, the United Republic of",National NGO
KE-NCB-218/051/96110/823,Centre for the Study of Adolescence,active,80,csa-kenya,Kenya,"Academic, Training and Research"
US-GOV-17,,active,10,dol,United States of America (the),Government
GB-CHC-1114727,Joshua Orphan and Community Care,active,21,jocc_uk,(No country assigned),International NGO
BE-BCE_KBO-0460240749,Lumière pour le Monde Belgique,active,22,lftw-be,Belgium,National NGO
JO-CCD-2826,Vision du Monde Syrie,withdrawn,21,wvsyria,Syrian Arab Republic,International NGO
IN-MHA-231650063,Voluntary Health Association of India,active,80,vhai-org,(No country assigned),"Academic, Training and Research"
DK-CVR-20074035,ADRA Danemark,active,22,adra-dk,Denmark,National NGO
KE-RCO-78260,ADS-Nyanza,active,15,ads-nyanza,Kenya,Other Public Sector
HK-CR-1494242,Solidaridad Asie du sud et du sud-est,active,21,solidaridad-ssea,India,International NGO
GH-DSW-5574,Solidaridad Afrique de l’Ouest,active,21,solidaridad-waf,Ghana,International NGO
XI-IATI-FIABEL,Fiabel,active,22,fiabel,Belgium,National NGO
KE-NCB-218/051/9384/74,CARE Somalie,active,22,csom1,Kenya,National NGO
GB-COH-07627789,D. Capital Partners,active,30,dcapitalpartners,United Kingdom of Great Britain and Northern Ireland (the),Public Private Partnership
JO-MSD-2009011100178,The Princess Alia Foundation (Fondation de la princesse Alia),active,60,paf_2018,Jordan,Foundation
GB-CHC-1157722,Irise International,active,21,irise_int,United Kingdom of Great Britain and Northern Ireland (the),International NGO
TZ-TRA-102316134,"Iringa Development of Youth, Disabled and Children Care",active,22,idydc,"Tanzania, the United Republic of",National NGO
TZ-TRA-116315386,Babawatoto Centre For Children and Youth,active,22,bawacecy-tz,"Tanzania, the United Republic of",National NGO
TZ-TRA-110-664-087,Railway Children Africa,active,22,rc2africa,"Tanzania, the United Republic of",National NGO
US-GOV-6,,active,10,treasury,United States of America (the),Government
US-EIN-14-1945286,"The Global Development Incubator, Inc",active,21,gdi,United States of America (the),International NGO
TZ-TRA-121406209,Cheka Sana Tanzanie,active,22,cst,"Tanzania, the United Republic of",National NGO
GB-COH-06735120,Worldwide Hospice Palliative Care Alliance,active,21,whpca,United Kingdom of Great Britain and Northern Ireland (the),International NGO
GB-COH-RC000797,Université de Manchester,active,80,uom,United Kingdom of Great Britain and Northern Ireland (the),"Academic, Training and Research"
IT-CF-97091470589,INTERSOS Onlus,active,21,intersos_main,Italy,International NGO
GB-GOV-14,Royaume-Uni – Ministère de l’Éducation,active,10,dfe,United Kingdom of Great Britain and Northern Ireland (the),Government
US-EIN-27-1661997,GiveDirectly,active,21,givedirectly,United States of America (the),International NGO
MM-MHA-1/Local/0047,Karuna Mission Social Solidarity (KMSS),active,22,kmss,Myanmar,National NGO
CA-CRA_ACR-817387277,Fondation Mastercard,active,60,mastercard-foundation,Canada,Foundation
BD-NAB-002,BRAC,active,21,brac_admin2,Bangladesh,International NGO
GB-CHC-223106,Royal College of General Practitioners (RCGP),active,22,rcgp-international,United Kingdom of Great Britain and Northern Ireland (the),National NGO
US-EIN-042312909,Brigham and Women's Hospital,active,80,bwh,United States of America (the),"Academic, Training and Research"
US-EIN-237413005,FHI360,active,21,fhi360,United States of America (the),International NGO
XM-DAC-47056,Centre mondial de l’agroforesterie,active,80,icraf_,Kenya,"Academic, Training and Research"
GB-COH-10633588,Abt Britain Limited,active,70,abtbritain,United Kingdom of Great Britain and Northern Ireland (the),Private Sector
GB-CHC-213280,Royal College of Obstetricians & Gynaecologists,active,80,rcog_resilience_in_obstetric_skills,United Kingdom of Great Britain and Northern Ireland (the),"Academic, Training and Research"
GB-COH-02188452,,active,80,iied,United Kingdom of Great Britain and Northern Ireland (the),"Academic, Training and Research"
KE-KRA-P051311853T,Northern Rangelands Trust,active,22,nrt-kenya,Kenya,National NGO
GB-CHC-1047608,Alliance of Religions and Conservation,active,21,alliance_of_religions_and_conservation,United Kingdom of Great Britain and Northern Ireland (the),International NGO
BD-NAB-051,YMCA du Bangladesh,active,22,ywcabd,Bangladesh,National NGO
PS-MOI-QR-209-HR,,active,22,wclac,"Palestine, State of",National NGO
XI-IATI-MIF,Fonds d’investissement multilatéral,active,40,fomin,United States of America (the),Multilateral
IE-CHY-20009090,Concern Worldwide,active,21,concern_worldwide,Ireland,International NGO
XM-OCHA-FTS18563,"Fonds social de développement, Yémen",active,15,sfd-yemen,Yemen,Other Public Sector
US-EIN-63-0676451,Centre international pour le développement des engrais,active,21,ifdc-us,United States of America (the),International NGO
LB-MOI-14739,,active,23,marsa_welead,Lebanon,Regional NGO
US-EIN-134166228,Acumen,active,21,acumen,United States of America (the),International NGO
GB-CHC-1046579,Consortium for Street Children,active,21,csc,United Kingdom of Great Britain and Northern Ireland (the),International NGO
IN-MHA-147110006,CINI,active,22,cini_jhk,India,National NGO
SE-ON-802007-2446,Afrikagrupperna Suède,active,21,afrikagrupperna,Sweden,International NGO
XI-IATI-OCHASDC,Bureau des Nations Unies pour la coordination des affaires humanitaires (contributions désignées particulières),active,40,unocha-sdc,United States of America (the),Multilateral
GH-DSW-4834,NORSAAC,active,22,norsaac,Ghana,National NGO
GB-COH-04930461,Concordis International,active,21,concordis,United Kingdom of Great Britain and Northern Ireland (the),International NGO
CR-RPJ-3-006-125548,Fondation Acceso,active,23,fundacion-acceso,Costa Rica,Regional NGO
US-GOV-23,,active,10,ftc,United States of America (the),Government
US-GOV-TBD,,withdrawn,10,ftc,United States,Government
US-EIN-91-1157127,Programme de technologie appropriée en santé (PATH),active,21,_path_,United States of America (the),International NGO
DE-CR-VR32914,Association Water Integrity Network (Réseau d’intégrité de l’eau),active,21,win,Germany,International NGO
IL-RA-580166452,Musalaha – Ministère de Réconciliation,active,80,mmr_admin2,Israel,"Academic, Training and Research"
AF-MOE-22,CARE International Afghanistan,active,21,ciafg,Afghanistan,International NGO
GB-COH-02622374,Energy Saving Trust,active,15,energy_saving_trust,United Kingdom of Great Britain and Northern Ireland (the),Other Public Sector
PK-SEC-0080655,DKT Pakistan,active,70,dkt,Pakistan,Private Sector
XI-GRID-grid.442465.5,Université de Mzumbe,active,80,m_u,"Tanzania, the United Republic of","Academic, Training and Research"
US-EIN-32-0060251,AIDSPAN,active,21,aidspan,United States of America (the),International NGO
KE-KRA-P051119468K,Kisumu Medical and Education Trust,active,22,kmet,Kenya,National NGO
XM-DAC-45001,Centre du commerce international (ITC),active,21,itc,Switzerland,International NGO
AU-ACNC-18055208636,Oxfam Australie,active,21,oau,Australia,International NGO
FR-RCS-389515180,Solidarités International,active,21,solidarites-international,France,International NGO
US-EIN-23-1352010,American Friends Service Committee,active,80,afsc,United States of America (the),"Academic, Training and Research"
XI-GRID-grid.52681.38,BRAC University,active,80,bu,Bangladesh,"Academic, Training and Research"
US-GOV-22,,active,10,dfc,United States of America (the),Government
KE-RCO-84486,Transparency International Kenya,active,22,ti_kenya,Kenya,National NGO
GB-CHC-1151219,DeafKidz International,active,21,dki1151219,United Kingdom of Great Britain and Northern Ireland (the),International NGO
LB-MOI-853,Association libanaise des victimes du terrorisme (AVT-L),active,22,avt-l,Lebanon,National NGO
IQ-NGO-1Z2634,"Rehabilitation, Education and Community Health (Réhabilitation, éducation et santé communautaire, REACH)",active,22,reach-iraq,Iraq,National NGO
XM-DAC-41121,Haut-Commissariat des Nations Unies pour les réfugiés (HCR),active,40,unhcr,Switzerland,Multilateral
US-EIN-58-1593137,,active,21,dkti,United States of America (the),International NGO
XM-DAC-701-2,Japon – Ministère des Affaires étrangères,active,10,mofa-jpn,Japan,Government
XI-IATI-AGR,AgResults Initiative,active,40,agresults,(No country assigned),Multilateral
BJ-IFU-4201710116446,"Institut National de l’Eau, Bénin",active,80,ine_benin,Benin,"Academic, Training and Research"
BJ-IFU-4201710182326,Agence Nationale d’Approvisionnement en Eau Potable en Milieu Rural du Bénin,active,10,anaepmr_benin,Benin,Government
GB-COH-02517018,,active,22,uuk,United Kingdom of Great Britain and Northern Ireland (the),National NGO
NL-KVK-70292388,Index Initiative Foundation,active,60,iif,Netherlands (the),Foundation
US-EIN-13-5562308,Université de New York,active,80,nyu,United States of America (the),"Academic, Training and Research"
BJ-IFU-4201710012551,"Commune de Dangbo, Bénin",active,15,dangbo,Benin,Other Public Sector
BJ-IFU-6201810251129,"Commune d’Adjarra, Bénin",active,15,adjarra,Benin,Other Public Sector
BJ-IFU-6201000068802,"Commune de Parakou, Bénin",active,15,parakou,Benin,Other Public Sector
BJ-IFU-5200081145006,"Commune de Toffo, Bénin",active,15,toffo,Benin,Other Public Sector
BJ-IFU-6200901945503,"Commune de Toviklin, Bénin",active,15,toviklin,Benin,Other Public Sector
BJ-IFU-6201101182902,"Commune de Kpomassè, Bénin",active,15,kpomasse,Benin,Other Public Sector
BJ-IFU-6200801257400,"Commune de Zè, Bénin",active,15,ze,Benin,Other Public Sector
BJ-IFU-6201501755307,"Commune d’Allada, Bénin",active,15,allada,Benin,Other Public Sector
BJ-IFU-6201001076902,"Commune de Aplahoué, Bénin",active,15,aplahoue,Benin,Other Public Sector
BJ-IFU-6200901944805,"Commune de Lalo, Bénin",active,15,lalo,Benin,Other Public Sector
GH-RGD-CG109732014,,active,23,twnafrica,Ghana,Regional NGO
BJ-IFU-6200901851300,"Commune de Kétou, Bénin",active,15,ketou,Benin,Other Public Sector
BJ-IFU-5200801335602,"Commune d’Adjohoun, Bénin",active,15,adjohoun,Benin,Other Public Sector
BJ-IFU-6200901944008,"Commune d’Adja-Ouèrè, Bénin",active,15,adja-ouere,Benin,Other Public Sector
BJ-IFU-6201200579608,"Commune de Pobè, Bénin",active,15,pobe,Benin,Other Public Sector
BJ-IFU-6200901944209,"Commune de Bopa, Bénin",active,15,bopa,Benin,Other Public Sector
BJ-IFU-6201001843703,"Commune d’Akpro-Missérété, Bénin",active,15,akpro-misserete,Benin,Other Public Sector
BJ-IFU-6201000370801,"Commune de Comè, Bénin",active,15,come,Benin,Other Public Sector
BJ-IFU-6201300688700,"Commune d’Avrankou, Bénin",active,15,avrankou,Benin,Other Public Sector
BJ-IFU-6201100143407,"Commune d’Ifangni, Bénin",active,15,ifangni,Benin,Other Public Sector
SE-ON-802004-1524,We Effect,active,21,weeffect,Sweden,International NGO
BJ-IFU-6201100034408,"Commune de Klouékanmè, Bénin",active,15,klouekanme,Benin,Other Public Sector
KE-KRA-P051502549C,"National Coalition of Human Rights Defenders, Kenya (Coalition nationale kényane des défenseurs des droits humains)",active,22,nchrdk,Kenya,National NGO
ZA-NPO-006-981,Institut d’études de sécurité,active,21,issafrica,South Africa,International NGO
NP-SWC-10136,Nepal Disabled Human Rights Center,active,22,dhrc_nepal,Nepal,National NGO
IN-MCA-AAE-8458,Deloitte Touche Tohmatsu India LLP,active,70,dttillp,India,Private Sector
UG-NGO-1406,DefendDefenders,active,80,defenddefenders,Uganda,"Academic, Training and Research"
KE-NCB-2180511703310709,Send a Cow Kenya,active,22,sac_kenya,Kenya,National NGO
NL-KVK-70048436,Global Rights Compliance,active,60,grc2018,Netherlands (the),Foundation
US-EIN-11-3580024,International Center for Transitional Justice,active,21,ictj,United States of America (the),International NGO
DK-CVR-19348407,CISU,active,22,cisu,Denmark,National NGO
UG-NGB-0498,Fondation Mukisa,active,22,mukisa_foundation,Uganda,National NGO
NL-KVK-27367015,Organisation néerlandaise pour la recherche scientifique (NWO),active,10,nwo,Netherlands (the),Government
US-EIN-13-3377893,Rainforest Alliance,active,21,rainforest-alliance,United States of America (the),International NGO
GB-CHC-1127366,British Asian Trust,active,21,b_a_t,United Kingdom of Great Britain and Northern Ireland (the),International NGO
RW-RGB-002-RGB-NGO-2017,"Education Development Trust, Rwanda",withdrawn,21,edt_rwanda,Rwanda,International NGO
GB-CHC-1058162,Christian Blind Mission (UK) Ltd.,active,21,cbm,United Kingdom of Great Britain and Northern Ireland (the),International NGO
US-EIN-53-0242652,,active,21,the_nature_conservancy,United States of America (the),International NGO
GB-COH-RC000664,Université de Nottingham,active,80,uni_of_nottingham,United Kingdom of Great Britain and Northern Ireland (the),"Academic, Training and Research"
LK-DRC-GA139,Women's Fund Asia,active,23,wf-asia,Sri Lanka,Regional NGO
HK-CR-2091642,Seefar,active,70,seefar,Hong Kong,Private Sector
SO-MPND-L43135002018MJ,,active,22,nagaad,Somalia,National NGO
GB-CHC-1118528,Child.org,active,21,child-dot_org,(No country assigned),International NGO
XI-IATI-DGF,Democratic Governance Facility,active,15,dgf,Uganda,Other Public Sector
NP-SWC-8220,Aapasi Sahayog Kendra Syangja Nepal (ASK Nepal),active,22,ask,Nepal,National NGO
NE-DGI-5355,Timidria,active,22,timidria,Niger (the),National NGO
DK-CVR-12006004,Center for Church-Based Development,active,21,cku,Denmark,International NGO
XI-GRID-grid.9829.a,Université des sciences et technologies Kwame Nkrumah,active,80,knust,Ghana,"Academic, Training and Research"
DK-CVR-63407216,Save the Children Danemark,active,21,redbarnet,Denmark,International NGO
GB-CHC-1089110,Global Canopy,active,21,globalcanopy,United Kingdom of Great Britain and Northern Ireland (the),International NGO
NL-KVK-60633468,Water Finance Facility,active,70,wff,Netherlands (the),Private Sector
GB-COH-10333897,Pegasys Limited,active,70,pegasys-eu,United Kingdom of Great Britain and Northern Ireland (the),Private Sector
XM-DAC-21016,Comité international de la Croix-Rouge (CICR),active,40,icrc,Switzerland,Multilateral
DK-CVR-40781218,Fonds mondial pour la nature (WWF) Danemark,active,60,wwfdk,Denmark,Foundation
DE-CR-RA000220-VR3810,Welthungerhilfe,active,21,whh,Germany,International NGO
MZ-NUIT-500004037,Direcção Provincial de Saúde de Nampula,active,10,dps-nampula,Mozambique,Government
KE-KRA-P051097200R,Centre international de physiologie et d’écologie des insectes (icipe),active,80,icipe,Kenya,"Academic, Training and Research"
DK-CVR-12921047,CARE Danmark Fonden for Frivillig Ulandsbistand,active,22,12921047,Denmark,National NGO
NL-KVK-27368929,Université de Leyde,active,80,universiteit_leiden,Netherlands (the),"Academic, Training and Research"
NL-KVK-72849770,Stichting Beheer Subsidiegelden DRA,active,21,stichting-subsidiegelden-dra,Netherlands (the),International NGO
KE-RCO-C110031,Farm Concern International,active,23,fci,Kenya,Regional NGO
ET-CSA-0976,Dawuro Development Association,active,80,dawuro_da,Ethiopia,"Academic, Training and Research"
DK-CVR-20453672,Agence Danoise pour le Développement des syndicats (Ulandssekretariatet),active,21,loftf,Denmark,International NGO
DK-CVR-18243717,ActionAid Danemark (Mellemfolkeligt Samvirke),active,21,aadk,Denmark,International NGO
US-EIN-84-1648607,Educate!,active,21,educate,United States of America (the),International NGO
CH-FDJP-CHE232974628,Responsible Mining Foundation,active,60,rmf,Switzerland,Foundation
ID-KHH-0000871,,active,22,ja_ppmn,Indonesia,National NGO
DK-CVR-14723692,Mission Øst,active,21,missioneast,Denmark,International NGO
GB-COH-RC000297,King's College London,active,80,kingscollegelondon,United Kingdom of Great Britain and Northern Ireland (the),"Academic, Training and Research"
DK-CVR-16077593,Confédération des industries danoises,active,70,di,Denmark,Private Sector
NL-KVK-50130536,Université de Twente,active,80,utwente,Netherlands (the),"Academic, Training and Research"
DK-CVR-31378028,,active,22,3fi,Denmark,National NGO
DK-CVR-13078513,Conseil danois de la jeunesse (DUF),active,22,duf,Denmark,National NGO
GB-COH-07291220,50 Eight Limited,active,70,fifty_eight,United Kingdom of Great Britain and Northern Ireland (the),Private Sector
DK-CVR-58185728,Danish Family Planning Association,active,22,dfpa,Denmark,National NGO
RW-RGB-61-RGB-NGO-2017,ActionAid Rwanda,active,22,aar,Rwanda,National NGO
DK-CVR-35429867,Global Focus,active,22,globaltfokus,Denmark,National NGO
CH-FDJP-CHE109506789,"Centre international de déminage humanitaire, Genève",active,60,gichd,Switzerland,Foundation
DK-CVR-14766383,Disabled People's Organisations Denmark (organisations de personnes handicapées au Danemark),active,22,dpod,Denmark,National NGO
GB-UKPRN-10007774,Université d’Oxford,active,80,oxford,United Kingdom of Great Britain and Northern Ireland (the),"Academic, Training and Research"
GB-CHC-1077216,Compassion Royaume-Uni,active,21,comp_uk,United Kingdom of Great Britain and Northern Ireland (the),International NGO
GB-CHC-1016676,INTRAC,active,21,intrac,United Kingdom of Great Britain and Northern Ireland (the),International NGO
US-EIN-26-3933134,Special Hope Network,active,21,shn,United States of America (the),International NGO
GB-COH-08212556,PositiveNegatives,active,15,posneg,United Kingdom of Great Britain and Northern Ireland (the),Other Public Sector
NL-KVK-64763064,Data4Development,active,70,d4d,Netherlands (the),Private Sector
GB-CHC-1161729,Hope for Children,active,21,hfc,United Kingdom of Great Britain and Northern Ireland (the),International NGO
SE-ON-802005-9823,Fonds mondial pour la nature (WWF) Suède,active,21,wwf-se,Sweden,International NGO
US-EIN-91-1148123,Mercy Corps Global,active,21,mcg,United States of America (the),International NGO
GB-CHC-1108718,African Revival,active,21,africanrevival,United Kingdom of Great Britain and Northern Ireland (the),International NGO
NL-KVK-30276595,Koninklijk Nederlands Meteorologisch Instituut (Institut royal météorologique des Pays-Bas),active,10,knmi,Netherlands (the),Government
PK-SEC-0105957,Sehat Kahani (Community Innovation Hub),active,70,sehatkahanicih,Pakistan,Private Sector
NL-KVK-70333564,Mercy Corps Pays-Bas,active,21,mcn,Netherlands (the),International NGO
PE-SUNARP-12623829,Forum international des femmes autochtones,active,60,fimi_iiwf_2019,Peru,Foundation
XI-IATI-ACATBA,Association centrafricaine de traduction de la Bible et alphabétisation,active,22,acatba,Central African Republic (the),National NGO
XI-GRID-grid.13001.33,Université du Zimbabwe,active,80,1-uz,Zimbabwe,"Academic, Training and Research"
CH-FDJP-CHE109994012,Interpeace,active,21,interpeace,Switzerland,International NGO
DK-CVR-20700211,Croix-Rouge danoise,active,22,danishrc,Denmark,National NGO
MW-NBM-NGO/L/18/024,Palliative Care Association of Malawi (association des soins palliatifs au Malawi),active,22,pacam,Malawi,National NGO
MW-MRA-20123139,Nkhoma Mission Hospital,active,22,nmhiati,Malawi,National NGO
MW-MRA-20120896,David Gordon Memorial Hospital,active,80,dgmh,Malawi,"Academic, Training and Research"
DE-CR-RA000243-HRB5459,,active,70,particip,Germany,Private Sector
ML-NIF-082208943A,Groupe Pivot Santé Population,active,80,gpsp-org,Mali,"Academic, Training and Research"
MZ-NUIT-700179850,Plataforma Moçambicana da Água (PLAMA),active,22,plama,Mozambique,National NGO
NL-KVK-27310568,,active,60,arq_intl,Netherlands (the),Foundation
UG-RSB-80010003259159/105066,SolarNow Services (U) Ltd,active,70,solarnowsofa,Uganda,Private Sector
GB-CHC-1145721,Zambia Orphans Aid UK,active,21,zoa_uk,United Kingdom of Great Britain and Northern Ireland (the),International NGO
dk-cvr-26487013,International Media Support,active,21,ims,Denmark,International NGO
US-EIN-22-2852248,Village Enterprise,active,21,villageenterprise,United States of America (the),International NGO
IT-RI-97241280151,We World – GVC Onlus,active,21,ww-gvc,Italy,International NGO
GB-CHC-1143797,Syria Relief,active,22,sr,United Kingdom of Great Britain and Northern Ireland (the),National NGO
TR-MOI-27-019-074,Emissa,active,22,emissa,Türkiye,National NGO
US-EIN-52-1818273,International Center for Not-for-Profit Law,active,21,icnl_org,United States of America (the),International NGO
FI-PRO-1993025-9,Institut européen des forêts,active,80,efi,Finland,"Academic, Training and Research"
US-EIN-13-3622707,WSP USA Solutions Inc.,active,70,lbg,United States of America (the),Private Sector
CA-CRA_ACR-805837713,OpenNorth,active,21,opennorth,Canada,International NGO
DK-CVR-20356731,Plan International Danemark (PlanBørnefonden),active,21,plb,Denmark,International NGO
NL-KVK-32092131,Fondation Edukans,active,21,edukans_foundation,Netherlands (the),International NGO
GB-CHC-1027201,Institute for War & Peace Reporting (Institut de reportage sur la guerre et la paix),active,21,iwpr,United Kingdom of Great Britain and Northern Ireland (the),International NGO
GB-CHC-1150993,Near East Foundation UK (NEF UK),active,21,nef-uk,United Kingdom of Great Britain and Northern Ireland (the),International NGO
FR-INSEE-32101874900127,Médecins du Monde France,active,21,mdm-fr,France,International NGO
NG-CAC-54522,Centre for Legal Research and Development,active,22,clerd-prpi,Nigeria,National NGO
GB-CHC-1140288,Fondation Fred Hollows (Royaume-Uni),active,21,fhfuk,United Kingdom of Great Britain and Northern Ireland (the),International NGO
NL-KVK-34176587,Radio La Benevolencija,active,21,rlb,Netherlands (the),International NGO
NL-KVK-41081480,Fondation Liliane,active,22,slf,Netherlands (the),National NGO
XI-IATI-LPI,Living Peace Institute,active,22,lpi,Congo (the Democratic Republic of the),National NGO
US-EIN-30-0739799,Heartland Alliance International,active,21,ha-i,United States of America (the),International NGO
JE-FSC-NPO_1108,Irrawaddy Policy Exchange,active,80,ipe,United Kingdom of Great Britain and Northern Ireland (the),"Academic, Training and Research"
KE-NCB-OP/218/051/924/84,ActionAid International Kenya,active,21,aaik,Kenya,International NGO
US-EIN-45-5015494,Instiglio,active,21,instiglio,United States of America (the),International NGO
NG-CAC-73022,Niger Delta Stakeholders Initiative for Community Development and Empowerment,active,22,ndsicde,Nigeria,National NGO
XM-DAC-5-7,Allemagne – Ministère fédéral des Affaires étrangères,active,10,fo_germany,Germany,Government
US-EIN-27-4933181,IDinsight,active,21,idinsight,United States of America (the),International NGO
XM-DAC-61-2,Slovénie – Ministère des Affaires étrangères,active,10,si-mfa,Slovenia,Government
US-EIN-47-3594688,Fonds mondial pour mettre fin à l’esclavage moderne,active,22,gfems,United States of America (the),National NGO
US-EIN-45-2796201,"Namati, Inc",active,21,namati_inc,United States of America (the),International NGO
GB-COH-893249298,,active,80,wrgb,(No country assigned),"Academic, Training and Research"
XI-IATI-NSO,Netherlands Space Office,active,80,nso,Netherlands (the),"Academic, Training and Research"
US-EIN-22-3900800,VisionFund International,active,21,vfi,United States of America (the),International NGO
CA-CRA_ACR-118846575,Centre d’étude et de coopération internationale,active,21,ceci,Canada,International NGO
GB-COH-07026479,AgDevCo,active,70,agdevco,United Kingdom of Great Britain and Northern Ireland (the),Private Sector
XM-DAC-47008,Centre mondial des légumes,active,21,worldveg,Taiwan (Province of China),International NGO
GB-CHC-1178168,CDAC Network (Réseau pour la communication avec les communautés touchées par des catastrophes),active,21,cdacnetwork,United Kingdom of Great Britain and Northern Ireland (the),International NGO
GH-DSW-1103,Regional Advisory Information and Network Systems,active,22,rains,Ghana,National NGO
KE-KRA-P051713416W,AFELT,active,80,afelt,Kenya,"Academic, Training and Research"
DE-CR-RA000217-HRB121747B,Democracy Reporting International gGmbH,active,21,dri,Germany,International NGO
BJ-IFU-5201000673108,CARE Bénin/Togo,active,21,carebenintogo,Benin,International NGO
GB-COH-02693163,Fondation Westminster pour la démocratie,active,15,wfd,United Kingdom of Great Britain and Northern Ireland (the),Other Public Sector
UG-RSB-80010000253134/25060,Université des martyrs de l’Ouganda,active,80,umu,Uganda,"Academic, Training and Research"
XI-GRID-grid.442626.0,Université de Gulu,active,80,guluuni,Uganda,"Academic, Training and Research"
XI-GRID-grid.442459.a,Université de Dodoma en Tanzanie,active,80,udom,"Tanzania, the United Republic of","Academic, Training and Research"
KE-KRA-P051542095J,LIWA programme trust,active,80,liwa-admin,Kenya,"Academic, Training and Research"
GH-DSW-2000,Northern Network for Education Development,active,22,nned,Ghana,National NGO
US-EIN-45-4613016,Accountability Lab,active,22,alab,United States of America (the),National NGO
XI-GRID-grid.419346.d,Institut international de recherche sur les politiques alimentaires,active,21,ifpri,United States of America (the),International NGO
GH-RGD-99389,Opportunity International Savings and Loans Ltd,active,70,oisl_gh,Ghana,Private Sector
NG-CAC-1260478,Silsab Foundation,active,22,silsab1-_,Nigeria,National NGO
XI-BRIDGE-6385676864,Secrétariat du Fonds pour l’environnement mondial,active,40,gef,United States of America (the),Multilateral
KE-NCB-21805120080955572,Ashoka East Africa (Bureau régional d’Ashoka Afrique pour l’Afrique de l’Est),active,21,ashoka,Kenya,International NGO
GB-CHC-206658,World Horse Welfare,active,21,whw2019,United Kingdom of Great Britain and Northern Ireland (the),International NGO
US-EIN-522112460,IMA World Health,active,21,us-imawh,United States of America (the),International NGO
FR-RCS-78049888700022,Centre International de Développement et de Recherche,active,21,cidr,France,International NGO
GB-COH-RC000749,Société zoologique de Londres,active,21,zsl,United Kingdom of Great Britain and Northern Ireland (the),International NGO
XM-DAC-47080,OCDE,active,40,oecd,France,Multilateral
ZA-NPO-048-364,SouthSouthNorth,active,21,ssn,South Africa,International NGO
CH-FDJP-258577051,Humanitarian Quality Assurance Initiative (Initiative d’assurance qualité humanitaire),active,21,hqai,Switzerland,International NGO
GB-GOV-2,Trésor de sa Majesté,active,10,hmtfitb,United Kingdom of Great Britain and Northern Ireland (the),Government
NO-BRC-917687811,Coalition pour les innovations en matière de préparation aux épidémies,active,21,cepi,Norway,International NGO
GB-GOV-15,Royaume-Uni – Ministère du Commerce international,active,10,dit,United Kingdom of Great Britain and Northern Ireland (the),Government
GB-NIC-101412,Children in Crossfire,active,21,cicni,United Kingdom of Great Britain and Northern Ireland (the),International NGO
XM-OCHA-HPC3664,Jordan River Foundation,active,22,jrf,Jordan,National NGO
XM-OCHA-HPC6770,Centre du Roi Salman pour l’aide humanitaire et de secours,active,10,ksrelief291,Saudi Arabia,Government
MZ-MOJ-100717344,IMD Moçambique (Institut pour la démocratie multipartite au Mozambique),active,22,imdmozambique,Mozambique,National NGO
GB-CHC-1081769,Transform Africa,active,21,transafrica19,United Kingdom of Great Britain and Northern Ireland (the),International NGO
CH-FDJP-CHE107828868,,active,21,swisscontact,Switzerland,International NGO
CH-FDJP-CHE109947366,Fondation Hirondelle,active,21,fh_ch,Switzerland,International NGO
GB-CHC-1147298,One Young World,active,22,oyw,United Kingdom of Great Britain and Northern Ireland (the),National NGO
GB-EDU-133903,London School of Hygiene and Tropical Medicine (École d’hygiène et de médecine tropicale de Londres),active,80,lshtm,United Kingdom of Great Britain and Northern Ireland (the),"Academic, Training and Research"
GB-GOV-12,"Royaume-Uni – Ministère du Numérique, de la Culture, des Médias et des Sports",active,10,dcms,United Kingdom of Great Britain and Northern Ireland (the),Government
GB-CHC-1117377,Village Water Ltd,active,21,villagewater,United Kingdom of Great Britain and Northern Ireland (the),International NGO
FR-RCS-31899089200065,Action contre la Faim,active,21,acf-fr,France,International NGO
US-EIN-27-3440108,,active,70,vera-solutions,United States of America (the),Private Sector
CA-CRA_ACR-107848319,Action Canada pour la santé et les droits sexuels,active,21,acfshr,Canada,International NGO
NP-IRD-302274734,CARE Népal,active,21,cnepal,Nepal,International NGO
US-EIN-13-1804349,World Education Inc.,active,80,wei,United States of America (the),"Academic, Training and Research"
PK-VSWA-32-2004,Tameer-e-Khalaq Foundation (Foundation Tameer-e-Khalaq),active,22,tkf1234,Pakistan,National NGO
NP-IRD-302113730,"Adventist Development and Relief Agency, Nepal (Agence adventiste de développement et de secours au Népal)",active,21,adra_nepal,Nepal,International NGO
IT-CF-95008730160,Cesvi,active,21,cesvi,Italy,International NGO
GB-CHC-282305,Minority Rights Group (Groupe de défense des droits des minorités),active,21,mrg,United Kingdom of Great Britain and Northern Ireland (the),International NGO
XM-DAC-7-PPR-4000002894,,active,10,iwrm,Mozambique,Government
PE-SUNARP-11744379,Centro de Promocion y Defensa de los Derechos Sexuales y Reproductivos (Centre pour la promotion et la défense des droits sexuels et reproductifs),active,23,promsex,Peru,Regional NGO
XM-OCHA-HPC8568,CARE international au Soudan,active,21,cis,Sudan (the),International NGO
UG-RSB-80020001996190,,active,70,lpa,Uganda,Private Sector
RW-RGB-77-RGB-NGO-2013,Health Development Initiative (Initiative pour la promotion de la santé),active,22,hdi,Rwanda,National NGO
KE-RCO-105217,Kenya Private Sector Alliance (Alliance du secteur privé kényan),active,70,kepsa,Kenya,Private Sector
KE-KRA-P051098561L,KITUO CHA SHERIA,active,22,kituo,Kenya,National NGO
FR-RCS-83764263600018,Centre syrien pour les médias et la liberté d’expression,active,22,scm,France,National NGO
SS-RRC-004,Nonviolent Peaceforce,active,21,npss,South Sudan,International NGO
NL-KVK-31047672,Twynstra Gudde,active,70,twynstragudde,Netherlands (the),Private Sector
ID-KHH-AHU17AH0107,"Institute for Policy Research and Advocacy (Institut de recherche et de plaidoyer politique, ELSAM)",active,22,elsam,Indonesia,National NGO
GB-COH-00070527,,active,80,lse,United Kingdom of Great Britain and Northern Ireland (the),"Academic, Training and Research"
GB-GOV-52,"Fonds pour les conflits, la stabilité et la sécurité",active,10,cssf,United Kingdom of Great Britain and Northern Ireland (the),Government
GB-GOV-50,Cross-Government Prosperity Fund,active,10,prosperityfund,United Kingdom of Great Britain and Northern Ireland (the),Government
GB-CHC-1174874,Royal Commonwealth Ex-Services League,active,21,rcel,United Kingdom of Great Britain and Northern Ireland (the),International NGO
CH-FDJP-CHE110141200,Drugs for Neglected Diseases initiative (Initiative Médicaments pour les maladies négligées),active,80,dndi_transparency,Switzerland,"Academic, Training and Research"
RW-RRA-103197639,Collaboration Transfrontalière du Grand Virunga,active,10,gvtc,Rwanda,Government
NP-SWC-37725,South Asian Women Development Forum,active,80,sawdf-admin,(No country assigned),"Academic, Training and Research"
NP-SWC-46024,Accelerator Nepal,active,22,acceleratornepal,Nepal,National NGO
CA-CRA_ACR-869974816,Nutrition International,active,21,nutritionintl,Canada,International NGO
CH-FDJP-CHE-105181636,Centre pour le dialogue humanitaire (HD),active,60,hdcentre,Switzerland,Foundation
US-EIN-13-3870223,Initiative internationale du vaccin contre le sida (IAVI),active,21,iavi,United States of America (the),International NGO
KE-RCO-CPR/2011/63463,Partnership for African Social & Governance Research (PASGR),active,80,pasgr,Kenya,"Academic, Training and Research"
NL-KVK-09181221,Resilience,active,80,resilience,Netherlands (the),"Academic, Training and Research"
NL-KVK-41145371,École de gestion de Maastricht,active,60,msm-ipd,Netherlands (the),Foundation
BF-MATD-RNRD00045-4000004688,,active,22,cdc_ohg,Burkina Faso,National NGO
GB-COH-06274284,Carbon Trust Advisory Ltd,active,70,carbontrustadvisory,United Kingdom of Great Britain and Northern Ireland (the),Private Sector
IN-MHA-231660927,,active,22,phfi,India,National NGO
GB-COH-07171834,,active,70,taginternational,United Kingdom of Great Britain and Northern Ireland (the),Private Sector
GB-UKPRN-10007801,,active,80,uop,United Kingdom of Great Britain and Northern Ireland (the),"Academic, Training and Research"
NA-NAMRA-04822224,,active,21,pv,Namibia,International NGO
ZA-CIP-2005-028883-23,Okapi Consulting,active,21,okapiconsulting,South Africa,International NGO
NL-KVK-34234456,Health Insurance Fund,active,21,hif,Netherlands (the),International NGO
GB-COH-OC350651,Montrose International LLP,active,80,montrose_llp,(No country assigned),"Academic, Training and Research"
GB-CHC-1013587,Chance for Childhood,active,21,chanceforchildhood,United Kingdom of Great Britain and Northern Ireland (the),International NGO
GB-COH-7207947,Principes pour l’investissement responsable,active,80,pri_icf,United Kingdom of Great Britain and Northern Ireland (the),"Academic, Training and Research"
NO-BRC-980997278,Health Development Initiative,active,21,idi,Norway,International NGO
JO-MSD-2011101100001,Jordan Open Source Association,active,22,josa,Jordan,National NGO
US-EIN-53-0196584,,active,80,gwu_gwi,United States of America (the),"Academic, Training and Research"
NL-KVK-30238214,Impunity Watch,active,21,iw_admin,Netherlands (the),International NGO
NG-CAC-83813,Neem Foundation,active,22,neem,Nigeria,National NGO
US-EIN-23-2220051,iDE,active,21,ide,United States of America (the),International NGO
FR-RCS-40885667200030,Triangle Génération Humanitaire,active,21,tgh,France,International NGO
AU-ABN-42097054165,Land Equity International,active,70,lei,Australia,Private Sector
GB-COH-RC000655,,active,80,keele-university,United Kingdom of Great Britain and Northern Ireland (the),"Academic, Training and Research"
US-EIN-20-8530747,Results for Development,active,21,r4d,United States of America (the),International NGO
XM-DAC-50-21,,active,10,aecid,Spain,Government
ES-DIR3-EA0035768,Agence espagnole pour la coopération internationale au développement (AECID),withdrawn,10,aecid,Spain,Government
GH-DSW-3064,ActionAid Ghana,active,22,aag,Ghana,National NGO
NG-CAC-19258,Centre for Environment Human Rights and Development,active,21,cehrd1,Nigeria,International NGO
NL-KVK-53744993,World Benchmarking Alliance Foundation,active,60,wba,Netherlands (the),Foundation
XI-IATI-3435,,active,22,sosss_admin,Sudan (the),National NGO
CO-CCB-S0052181,transforma,active,22,transforma,Colombia,National NGO
YE-MSAL-80/295,Yamaan Foundation for Health and Social Development,active,22,yffhsd,Yemen,National NGO
GB-COH-02863827,ClientEarth,active,21,clientearth-1,United Kingdom of Great Britain and Northern Ireland (the),International NGO
CH-FDJP-CHE106823242,Fondation Terre des hommes – Aide à l’enfance dans le monde,active,21,tdh_foundation,Switzerland,International NGO
GB-SC-015096,Université de Dundee,active,80,uodcepmlp,United Kingdom of Great Britain and Northern Ireland (the),"Academic, Training and Research"
ZW-ROD-MA0000405/2015,Young Africa International HUB,active,21,yai-hub,Zimbabwe,International NGO
XM-DAC-47021,Centre international de la pomme de terre (CIP),active,40,cip,Peru,Multilateral
ET-CSA-3994,Triggerise Éthiopie,active,21,trig,Ethiopia,International NGO
BD-NAB-0210,ActionAid Bangladesh,active,21,aab,Bangladesh,International NGO
US-EIN-45-2779314,Shift Project Ltd.,active,21,shiftproject,United States of America (the),International NGO
KE-KRA-P051155108P,Commission nationale kényane des droits de l’homme,active,10,knchr,Kenya,Government
GB-CHC-290767,World Jewish Relief,active,21,wjr_001,United Kingdom of Great Britain and Northern Ireland (the),International NGO
ET-CSA-0062,DKT Ethiopia,active,21,dkt_ethiopia,Ethiopia,International NGO
NL-KVK-40407706,Unie van Waterschappen,active,15,uvw,Netherlands (the),Other Public Sector
GB-COH-03147724,Mercy Ships UK Limited,active,21,msuk,United Kingdom of Great Britain and Northern Ireland (the),International NGO
US-EIN-94-3045180,Rainforest Action Network,active,21,ran,United States of America (the),International NGO
XI-GRID-grid.9783.5,Université de Kinshasa,active,80,dspd_unikin,Congo (the Democratic Republic of the),"Academic, Training and Research"
GB-CHC-1106156,kidasha,active,21,kidasha,United Kingdom of Great Britain and Northern Ireland (the),International NGO
DE-CR-RA000209-VR1207,Vision du Monde Allemagne,active,21,wv_de,Germany,International NGO
ET-CSA-0784,Vision du Monde Éthiopie,active,21,wv_et_activities,Ethiopia,International NGO
IT-CF-00677540288,Médecins avec l’Afrique CUAMM,active,21,cuamm,Italy,International NGO
AT-UID-U74408937,Ground Truth Solutions,active,21,ground-truth-solutions,Austria,International NGO
XI-BRIDGE-3665722432,Forum africain d’administration fiscale (ATAF),active,21,ataf,South Africa,International NGO
GB-CHC-1123241,Peace Direct,active,21,peacedirect,(No country assigned),International NGO
XI-GRID-grid.8193.3,Université de Dar es Salam,active,80,udsm-cbs,"Tanzania, the United Republic of","Academic, Training and Research"
XM-DAC-30009,Small Arms Survey,active,80,sas_sana,Switzerland,"Academic, Training and Research"
ET-CSA-0475,Family Guidance Association of Ethiopia,active,22,fgae_ethiopia,Ethiopia,National NGO
XM-DAC-576,Émirats arabes unis – Ministère des Affaires étrangères et de la Coopération internationale,active,10,mofaic_uae,United Arab Emirates (the),Government
KE-NCB-2180511304359047,Population Services Kenya,active,22,pskenya_19,Kenya,National NGO
KE-NCB-2180511403539790,Faith to Action Network,active,21,f2a,Kenya,International NGO
UG-NGO-3329,Institut d’Auschwitz pour la prévention du génocide et des atrocités de masse,active,80,aipr,Uganda,"Academic, Training and Research"
KE-NCB-218051200501953650,Healthright International-Kenya,active,22,hri,Kenya,National NGO
CN-SAIC-9111010506489375XP,Carbon Trust (Beijing) Consulting Limited,active,70,ctbeijing,China,Private Sector
GB-COH-OC364842,,active,70,mcs_new,United Kingdom of Great Britain and Northern Ireland (the),Private Sector
LB-MOI-6491,Restart Center,active,22,restartcenter,Lebanon,National NGO
GB-CHC-297716,Business in the Community,active,21,bitc,United Kingdom of Great Britain and Northern Ireland (the),International NGO
GB-CHC-1141552,Balloon Ventures Foundation,active,21,bvf,United Kingdom of Great Britain and Northern Ireland (the),International NGO
ZA-CIP-2007-0308903-08,African Parks,active,21,african_parks,South Africa,International NGO
GB-COH-06581421,Institut pour le Dialogue Stratégique (IDS),active,80,isdglobal,United Kingdom of Great Britain and Northern Ireland (the),"Academic, Training and Research"
ML-NIF-055000335T,Near East Foundation Mali,active,21,nef_mali,Mali,International NGO
NL-KVK-41186799,Women Engage for a Common Future (WECF),active,21,wecf,Netherlands (the),International NGO
US-EIN-52-5170039,International Crisis Group,active,21,crisisgroup,Belgium,International NGO
FR-RCS-49962201700014,Bibliothèques Sans Frontières,active,21,bsf1,France,International NGO
SE-ON-802425-8702,Institut international de l’eau de Stockholm,active,21,siwi,Sweden,International NGO
GH-RGD-CG077262013,Nature and Development Foundation (Fondation pour la Nature et le Développement),active,22,ndf_fgm,Ghana,National NGO
BD-NAB-2004,"Centre for Injury Prevention and Research, Bangladesh",active,22,ciprb,Bangladesh,National NGO
XI-IATI-RUF,,active,60,ruf,Netherlands (the),Foundation
XM-DAC-40-3,,active,10,greece_mfa,Greece,Government
XI-BRIDGE-1812689272,École de Santé publique Mailman de l’Université Columbia,active,80,mailman_school_of_public_health,United States of America (the),"Academic, Training and Research"
US-EIN-04-2103547,Université de Boston,active,80,bu-carbx-admin,United States of America (the),"Academic, Training and Research"
LB-MOI-110,Fondation René Moawad,active,22,rmf-lb,Lebanon,National NGO
GB-CHC-1173827,Accountable Now,active,21,accountablenow,United Kingdom of Great Britain and Northern Ireland (the),International NGO
NL-KVK-30157019,Larive International,active,70,larive,Netherlands (the),Private Sector
NG-CAC-57289,Environmental Centre for Oil Spills and Gas Flaring (NACGOND),active,22,nacgond-,Nigeria,National NGO
US-GOV-13,,active,10,usadf,United States of America (the),Government
US-GOV-13-ADF,,withdrawn,10,usadf,United States,Government
FR-RCS-519655997,Handicap International,active,21,hi_fed,France,International NGO
US-EIN-82-3941326,Luminate Foundation Inc.,active,60,luminate,United States of America (the),Foundation
US-EIN-98-0513530,Alliance pour une révolution verte en Afrique,active,21,agra,United States of America (the),International NGO
GB-COH-08567792,Behavioural Insights Team,active,70,bit,United Kingdom of Great Britain and Northern Ireland (the),Private Sector
NP-SWC-24,Nepal Netra Jyoti Sangh,active,22,nnjs_nepal,Nepal,National NGO
KE-KRA-P051161193S,Trust for Indigenous Culture and Health,active,21,ticah,Kenya,International NGO
CO-RUE-830140714-1,Brujula Comunicaciones Estrategicas SAS,active,70,brujula,Colombia,Private Sector
XI-GRID-grid.11194.3c,École de santé publique de l’université Makerere,active,80,maksph,Uganda,"Academic, Training and Research"
UG-NGB-12317,Reach A Hand Uganda,active,22,rahuug,Uganda,National NGO
GB-COH-08567552,UN Global Compact Local Network UK (Pacte mondial des Nations Unies – réseau local au Royaume-Uni),active,40,ungc-uk,United Kingdom of Great Britain and Northern Ireland (the),Multilateral
NL-KVK-815165924,STC International,active,80,stc-international,Netherlands (the),"Academic, Training and Research"
NP-SWC-17775,"The Leprosy Mission, Népal",active,22,tlmnepal,Nepal,National NGO
LB-MOI-25465,Fiftyfifty,active,22,fiftyfifty-lb,Lebanon,National NGO
GB-CHC-1172875,Play Action International,active,21,eap,United Kingdom of Great Britain and Northern Ireland (the),International NGO
XM-DAC-41130,Office de secours et de travaux des Nations Unies pour les réfugiés de Palestine dans le Proche-Orient (UNRWA),active,40,unrwa,(No country assigned),Multilateral
BD-NAB-0918,Centre for Policy Dialogue,active,22,cpd,Bangladesh,National NGO
KE-KRA-P000634725S,Réseau de développement et de communication des femmes africaines (FEMNET),active,23,femnet,Kenya,Regional NGO
UG-NGO-2292,,active,21,wipc,Uganda,International NGO
US-EIN-37-1552838,GSMA Foundation,active,60,gsma_foundation,United States of America (the),Foundation
CH-FDJP-CHE296622304,Initiative mondiale contre la criminalité transnationale organisée,active,15,gi-toc,Switzerland,Other Public Sector
BE-BCE_KBO-0434417468,Codéart,active,22,codeart,Belgium,National NGO
LB-MOI-1-100,Al Majmoua,active,22,al_majmoua,Lebanon,National NGO
XI-IATI-ESFD,Economic and Social Fund for Development (Fonds de développement économique et social),active,10,esfd,Lebanon,Government
XI-IATI-DKTDRC,,active,22,dkt_drc,Congo (the Democratic Republic of the),National NGO
JO-CCD-200104681,Leaders of Tomorrow,active,70,sqf,Jordan,Private Sector
AE-HFZA-1526,Altai Consulting,active,70,altai,United Arab Emirates (the),Private Sector
CA-CRA_ACR-811793611,Grands Défis Canada,active,22,hgc,Canada,National NGO
NP-CRO-83836,,withdrawn,15,7272,(No country assigned),Other Public Sector
YE-MSAL-473-2001,Family Counseling and Development Foundation,active,22,fcdf,Yemen,National NGO
ET-CSA-1327,,active,22,jfa-pfe,Ethiopia,National NGO
CH-FDJP-CHE331930936,Partenariat mondial sur la recherche-développement en matière d’antibiotiques (GARDP),active,30,gardp,Switzerland,Public Private Partnership
US-EIN-47-5049026,Alliance internationale des jeunes pour la planification familiale,active,21,iyafp,United States of America (the),International NGO
UG-NGB-1277,Forum for Women in Democracy,active,22,fowode,Uganda,National NGO
RW-RGB-114-RGB-RGO-2013,The Legal Aid Forum,active,22,laf,Rwanda,National NGO
AE-ADCD-64747,,withdrawn,21,72728,(No country assigned),International NGO
NL-KVK-30114696,Palladium Europe,active,70,palladium_eur,Netherlands (the),Private Sector
NL-KVK-50744984,BoP Innovation Center,active,60,bopinc,Netherlands (the),Foundation
CO-RUE-900619925-0,,active,70,awaketravel,Colombia,Private Sector
YE-MSAL-18-2013,Mwatana for Human Rights,active,22,mwatana,Yemen,National NGO
GB-CHC-1122330,CDP Worldwide,active,21,cdp,United Kingdom of Great Britain and Northern Ireland (the),International NGO
GB-COH-RC000541,,active,80,soas,United Kingdom of Great Britain and Northern Ireland (the),"Academic, Training and Research"
NL-KVK-41169658,Fern,active,21,stichtingfern,Netherlands (the),International NGO
GB-CHC-1154413,,active,21,cbi,(No country assigned),International NGO
FI-PRO-0998454-4,Finn Church Aid (Kirkon Ulkomaanapu sr),active,21,fca,Finland,International NGO
GB-COH-06069322,Development Media International,active,21,dmi_admin,United Kingdom of Great Britain and Northern Ireland (the),International NGO
US-EIN-47-3511012,"Association SDSN, Inc.",active,21,sdsna,United States of America (the),International NGO
BE-BCEKB0-0537407021,,active,22,wapa,Belgium,National NGO
XI-GRID-grid.7247.6,Université des Andes (Colombie),active,80,uand_2020,Colombia,"Academic, Training and Research"
NL-KVK-74064800,Programming Their Future,active,80,p-t-f-,Netherlands (the),"Academic, Training and Research"
US-EIN-13-1740011,Wildlife Conservation Society (Société pour la conservation de la vie sauvage),active,21,wcs,United States of America (the),International NGO
NL-KVK-27186453,Netherlands Water Partnership,active,60,nwp,Netherlands (the),Foundation
GB-COH-02962250,Forum des gouvernements locaux du Commonwealth,active,21,clgf_data,United Kingdom of Great Britain and Northern Ireland (the),International NGO
NL-KVK-64460789,Coöperatief Climate Fund Managers U.A.,active,70,cfm,Netherlands (the),Private Sector
CH-FDJP-CHE251665168,Earthworm Foundation,active,21,ewf,Switzerland,International NGO
GB-CHC-1082139,Fondation Thomson Reuters,active,60,trf,United Kingdom of Great Britain and Northern Ireland (the),Foundation
GB-LAE-LND,Corporation de la Cité de Londres,active,15,col-greenfinance,United Kingdom of Great Britain and Northern Ireland (the),Other Public Sector
GB-CHC-1160263,WasteAid UK,active,21,wasteaid,United Kingdom of Great Britain and Northern Ireland (the),International NGO
GB-COH-RC000660,Université de Liverpool,active,80,uol,United Kingdom of Great Britain and Northern Ireland (the),"Academic, Training and Research"
MU-CR-C134274,Shortlist Professionals Limited,active,70,shortlistogti,Mauritius,Private Sector
GB-CHC-1187935,International Campaign for Women's Right to Safe Abortion,active,22,icwrsa,United Kingdom of Great Britain and Northern Ireland (the),National NGO
GB-CHC-208223,Royal Institute of International Affairs (Institut Royal des Relations Internationales à Londres),active,80,riia,United Kingdom of Great Britain and Northern Ireland (the),"Academic, Training and Research"
DE-CR-RA000220-VR9971,Center for Applied Research in Partnership with the Orient (CARPO),active,21,carpo,Germany,International NGO
GB-CHC-1150964,inHive,active,21,inhive,United Kingdom of Great Britain and Northern Ireland (the),International NGO
BE-BCE-KBO-0461977940,,withdrawn,22,fdhommes,Belgium,National NGO
GB-COH-11116719,,active,70,brink_innovation,United Kingdom of Great Britain and Northern Ireland (the),Private Sector
GB-CHC-1079752,RedR Royaume-Uni,active,21,redruk,United Kingdom of Great Britain and Northern Ireland (the),International NGO
XI-IATI-WBTF,Fonds fiduciaires de la Banque mondiale,active,40,wbtf,United States of America (the),Multilateral
GB-COH-11373728,Cowater UK Limited,active,70,cowateruk,United Kingdom of Great Britain and Northern Ireland (the),Private Sector
ZA-CIP-M2005001486,Sexual Reproductive Health and Rights Africa Trust,active,23,srhr_africa_trust,South Africa,Regional NGO
US-EIN-61-1725201,"Field Ready, États-Unis",active,21,field_ready,United States of America (the),International NGO
GB-UKPRN-10007141,Université du Central Lancashire,active,80,uclan,United Kingdom of Great Britain and Northern Ireland (the),"Academic, Training and Research"
ML-NIF-084106436R,Conseil et Appui pour l’Éducation à la Base Mali,active,22,caeb_mali,Mali,National NGO
XM-OCHA-7482,Vision du monde République centrafricaine,active,21,wv_cf,Central African Republic (the),International NGO
GB-COH-07840888,MedicineAfrica Ltd.,active,80,medafrica,United Kingdom of Great Britain and Northern Ireland (the),"Academic, Training and Research"
CA_ON-ONT-1597880,CANADEM,active,21,canadem,Canada,International NGO
ET-CSA-1351,Ethiopian Public Health Association,active,15,epha,Ethiopia,Other Public Sector
NL-KVK-68758766,CAPABUILD,active,21,capabui,Netherlands (the),International NGO
NL-KVK-72908114,The AGRI3 Fund,active,30,agri3_fund,Netherlands (the),Public Private Partnership
NL-KVK-729081140000,The AGRI3 Fund,withdrawn,30,,Netherlands,Public Private Partnership
YE-MSAL-49-M-2019,Centre d’études stratégiques Sana'a,active,22,scss,Yemen,National NGO
XI-IATI-BBDN,Bangladesh Business and Disability Network (Réseau des entreprises et d’organisation de personnes handicapées du Bangladesh),active,22,bbdn,Bangladesh,National NGO
GB-UKPRN-10007164,"Université de l’Ouest de l’Angleterre, Bristol",active,80,uwe,United Kingdom of Great Britain and Northern Ireland (the),"Academic, Training and Research"
MX-RFC-ICM160118IZ1,Iniciativa Climatica de Mexico,active,22,icm_mx,Mexico,National NGO
XM-DAC-7-PPR-4000002938,Partenariat mondial de l’eau,active,21,gwp,Sweden,International NGO
JO-CCD-200006694,"Entiqal for Training ""Partners for Good""",active,22,pfg,Jordan,National NGO
XI-IATI-WVDRC,Vision du monde République démocratique du Congo,active,21,wv_cd,Congo (the Democratic Republic of the),International NGO
ID-KHH-5018112631240040,NLR Indonesia,active,22,nlr_indonesia,Indonesia,National NGO
GB-CHC-1076722,TRAFFIC International,active,21,traffic,United Kingdom of Great Britain and Northern Ireland (the),International NGO
US-EIN-81-2339233,Youth Development Labs Inc,active,21,ylabs,United States of America (the),International NGO
AM-SRALE-222.160.00823,Eurasia Partnership Foundation,active,60,epf,Armenia,Foundation
US-EIN-83-3580499,,active,21,orraa_inc,United States of America (the),International NGO
GB-CHC-1177110,Elrha,active,21,elrha,United Kingdom of Great Britain and Northern Ireland (the),International NGO
GB-CHC-206504,International Institute for Strategic Studies (Institut international d’études stratégiques),active,80,iiss,United Kingdom of Great Britain and Northern Ireland (the),"Academic, Training and Research"
XI-GRID-grid.8652.9,,active,80,ugorid,Ghana,"Academic, Training and Research"
NL-KVK-30114598,Rabo Partnerships,active,70,rabo_partnerships,Netherlands (the),Private Sector
IE-CHY-20041069,Ethiopiaid Irlande,active,21,ethiopiaidireland,Ireland,International NGO
GB-GOV-1,"Royaume-Uni – Ministère des Affaires étrangères, du Commonwealth et du Développement",active,10,fcdo,United Kingdom of Great Britain and Northern Ireland (the),Government
XM-OCHA-HPC9829,IMPACT Initiatives,active,21,impact_initiatives,Switzerland,International NGO
US-EIN-82-0644678,Synergía – Initiatives for Human Rights,active,21,synergiaihr,United States of America (the),International NGO
GB-COH-11594545,McKinsey Development Partners,active,70,mdp,United Kingdom of Great Britain and Northern Ireland (the),Private Sector
XI-GRID-grid.7836.a,Université du Cap,active,80,uct,South Africa,"Academic, Training and Research"
XI-IATI-KHF,Fondation du Roi Hussein,active,22,khf,Jordan,National NGO
GB-COH-04465125,"Imperial College of Science, Technology and Medicine (Collège impérial des sciences, de la technologie et de la médecine)",active,80,imperial,United Kingdom of Great Britain and Northern Ireland (the),"Academic, Training and Research"
GB-CHC-1158838,The Freedom Fund,active,21,tff,United Kingdom of Great Britain and Northern Ireland (the),International NGO
CA-CRA_ACR-119075091,Oxfam-Québec,active,21,oqc,Canada,International NGO
GB-CHC-1175658,The global steering group for impact investment,active,21,gsg,United Kingdom of Great Britain and Northern Ireland (the),International NGO
ID-KHH-6014052331100057,Kemitraan Bagi Pembaruan Tata Pemerintahan,active,22,kemitraan,Indonesia,National NGO
MX-RFC-SLP1412039F3,Soluciones en Legislación y Política Ambiental AC,active,22,polea,Mexico,National NGO
GB-CHC-1166956,UK-Med,active,21,uk-med,United Kingdom of Great Britain and Northern Ireland (the),International NGO
JO-CCD-45293,Sowt podcasting and training L.L.C,active,70,sowt,Jordan,Private Sector
BD-NAB-2686,Bangladesh Youth Leadership Center (Centre du leadership de la jeunesse du Bangladesh),active,22,bylc,Bangladesh,National NGO
US-EIN-27-3166994,Global Impact Investing Network,active,22,giin,United States of America (the),National NGO
MX-RFC-IIN920701G55,IDOM INGENIERIA,active,70,idom_mx,Mexico,Private Sector
ID-DJP-312529852906000,Asia Justice and Rights (Justice et droits en Asie),active,23,ajar,Indonesia,Regional NGO
CH-FDJP-CHE105829963,Solidar Suisse,active,21,solidarsuisse,Switzerland,International NGO
GB-UKPRN-10007790,Université d’Édimbourg,active,80,uoe,United Kingdom of Great Britain and Northern Ireland (the),"Academic, Training and Research"
KE-KRA-P051335339D,African Institute For Development Policy (Institut africain pour les politiques de développement),active,21,afidep,Kenya,International NGO
JO-CCD-200167994,,active,21,lifed_admin,Jordan,International NGO
NL-KVK-27363950,Sociaal-Economische Raad (Conseil économique et social),active,15,ser,Netherlands (the),Other Public Sector
KE-KRA-P051172537S,,active,15,fsdk,Kenya,Other Public Sector
GB-COH-10516061,Cobra Collective CIC,active,21,cobracollective,United Kingdom of Great Britain and Northern Ireland (the),International NGO
GB-GOR-OT1175,Agence de coopération étrangère de l’Irlande du Nord,active,15,nico,United Kingdom of Great Britain and Northern Ireland (the),Other Public Sector
AT-ZVR-315688676,,active,21,lftw-int,Austria,International NGO
XI-GRID-grid.473464.6,Water & Land Resource Center – Université d’Addis Abeba,active,80,wlrc_aau,Ethiopia,"Academic, Training and Research"
NG-CAC-30547,Paradigme Initiative,active,21,paradigm,Nigeria,International NGO
JO-MSD-200159274,JoWomenomics,active,22,jowomenomics,Jordan,National NGO
NL-KVK-09108013,Advance Consulting,active,70,ac1999,Netherlands (the),Private Sector
XI-GRID-grid.11835.3e,Université de Sheffield,active,80,tuos,United Kingdom of Great Britain and Northern Ireland (the),"Academic, Training and Research"
XM-DAC-47015,Groupe consultatif pour la recherche agricole internationale (CGIAR),active,80,cgiar,France,"Academic, Training and Research"
UG-RSB-197310,Financial Sector Deepening Uganda,active,22,fsduganda,Uganda,National NGO
NL-KVK-41192276,Stichting Wilde Ganzen/ IKON,active,22,nl_wg,Netherlands (the),National NGO
ZM-PCR-12015013762,Prospero Limited,active,22,prospero,Zambia,National NGO
GB-COH-RC000679,Université d’York,active,80,uoy,United Kingdom of Great Britain and Northern Ireland (the),"Academic, Training and Research"
ZA-NPO-081-788,,active,21,sustainable_livelihoods_foundation,South Africa,International NGO
XM-DAC-41149,Bureau de la coordination des activités de développement,active,15,undco,United States of America (the),Other Public Sector
GB-COH-02871809,Global Witness,active,21,globalwitness,United Kingdom of Great Britain and Northern Ireland (the),International NGO
GB-CHC-1175791,Global Anaesthesia Development Partnerships,active,80,gadp,United Kingdom of Great Britain and Northern Ireland (the),"Academic, Training and Research"
US-EIN-042103594,Abdul Latif Jameel Poverty Action Lab à l’Institut de technologie du Massachusetts (MIT),active,80,jpal,United States of America (the),"Academic, Training and Research"
MW-RG-1011251,Wala Ltd,active,70,walaltd,Malawi,Private Sector
US-EIN-83-1236759,,active,70,neopenda,United States of America (the),Private Sector
US-EIN-53-0235320,Kadaster International,active,21,pathfinder1,United States of America (the),International NGO
BI-NIF-4000742330,AUXFIN Burundi,active,70,auxfinbi,Burundi,Private Sector
MZ-MOJ100094525,Micaia Foundation,active,22,micfound,Mozambique,National NGO
MY-SSM-1172311D,Forever Sabah,active,22,fs,Malaysia,National NGO
UA-EDR-9795443,Centre pour la planification économique d’Ukraine,active,22,ces-ua,Ukraine,National NGO
FR-INSEE-31827645800037,"Association de solidarité internationale, Agriculteurs français et développement international (Afdi) France",active,15,afdi-fr,France,Other Public Sector
GB-CHC-1017336,Elton John AIDS Foundation (Fondation Elton John pour la lutte contre le sida),active,60,ejaf,United Kingdom of Great Britain and Northern Ireland (the),Foundation
CA_AB-ABT-203435797,Alinea International Ltd.,active,70,alineainternational_2020,Canada,Private Sector
GB-CHC-1188731,Sustainable Hospitality Alliance,active,21,sha,United Kingdom of Great Britain and Northern Ireland (the),International NGO
BR-CNPJ-14.563.354/0001-50,Instituto BVRio,active,21,bvrio,Brazil,International NGO
NL-KVK-861193660,OurLoop Stitchting,active,60,loop,Netherlands (the),Foundation
GB-CHC-1137523,The Proforest Initiative UK,active,80,pi-uk,United Kingdom of Great Britain and Northern Ireland (the),"Academic, Training and Research"
US-EIN-13-1623838,EngenderHealth,active,,ehorg,United States of America (the),
US-EIN-843236198,Corus International,active,21,corus,United States of America (the),International NGO
US-EIN-52-2135531,Forest Trends Association,active,21,forest-trends,United States of America (the),International NGO
GB-CHC-1074857,Conseil des Archevêques de l’Église d’Angleterre,active,80,coe-abc,United Kingdom of Great Britain and Northern Ireland (the),"Academic, Training and Research"
GB-COH-02515034,Timber Trade Federation Ltd.,active,70,ttf,United Kingdom of Great Britain and Northern Ireland (the),Private Sector
US-EIN-38-2846307,Mercy-USA for Aid and Development,active,21,mercy-usa,United States of America (the),International NGO
US-EIN-13-4052259,Media Development Investment Fund (Fonds d’investissement pour le développement des médias),active,21,mdif,United States of America (the),International NGO
KE-RCO-PLC-MYSMV2,,active,70,eabx,Kenya,Private Sector
GB-CHC-1144091,,active,15,nesta,United Kingdom of Great Britain and Northern Ireland (the),Other Public Sector
GB-NIC-073343,Fonds mondial pour les fondations communautaires,active,60,gfcf,United Kingdom of Great Britain and Northern Ireland (the),Foundation
GB-CHC-1123384,Foundation for Social Improvement,active,80,the_fsi,United Kingdom of Great Britain and Northern Ireland (the),"Academic, Training and Research"
ES-NIF-G02766913,Fields Data,withdrawn,21,fd-es,Spain,International NGO
ES-NIF-G79408852,Médecins du Monde,active,21,mdm_spain,Spain,International NGO
BE-BCE_KBO-0464147473,Laïcité et Humanisme en Afrique Centrale (LHAC),active,22,lhac,Belgium,National NGO
KE-RCO-CPR-2010-28036,Open Capital Advisors,active,70,oca,Kenya,Private Sector
GB-COH-RC000652,,active,80,university_of_essex,United Kingdom of Great Britain and Northern Ireland (the),"Academic, Training and Research"
GE-RS-406061513,,active,22,cpd_2021,Georgia,National NGO
US-EIN-30-0805768,,active,21,tffus,United States of America (the),International NGO
ZA-NPO-053-456,,active,22,cegaa,South Africa,National NGO
KE-NCB-OP-218-051-9994-1329,,active,22,creawkenya,Kenya,National NGO
NP-CRO-1158-065-066,Kathmandu Medical College Public Limited,active,80,kmc,Nepal,"Academic, Training and Research"
ZA-CIT-9415005603,Université de Stellenbosch,active,80,su-impala,South Africa,"Academic, Training and Research"
GB-COH-RC000668,,active,80,soton,United Kingdom of Great Britain and Northern Ireland (the),"Academic, Training and Research"
NG-CAC-37051,,active,22,dsfn,Nigeria,National NGO
GB-CHC-1173320,South West International Development Network,active,23,swidn,United Kingdom of Great Britain and Northern Ireland (the),Regional NGO
GB-HESA-10004113,Université de Loughborough,active,80,lboro,United Kingdom of Great Britain and Northern Ireland (the),"Academic, Training and Research"
CA-CC-13474046,,active,22,transparently_lebanese,Canada,National NGO
CH-FDJP-106756410,,active,21,world_ywca,Switzerland,International NGO
CH-660-0294975-4,Association mondiale des jeunes femmes chrétiennes,withdrawn,21,world_ywca,Switzerland,International NGO
NP-IRD-301131441,,active,21,aain,Nepal,International NGO
SN-NINEA-004487121,,active,21,awa_sn,Senegal,International NGO
KE-NCB-218051981161116,Equality Now,active,21,e_n,Kenya,International NGO
UG-NGO-1317,,active,23,siharegional,Uganda,Regional NGO
GH-RGD-CG001532017,PPAG,active,22,ppag_123,Ghana,National NGO
NL-KVK-69759103,,active,70,laterite_bv,Netherlands (the),Private Sector
XM-OCHA-585,,active,40,icmpd,Austria,Multilateral
NL-KVK-27293917,The Hague Academy for Local Governance (Académie de La Haye pour la gouvernance locale),active,80,tha,Netherlands (the),"Academic, Training and Research"
IT-CF-80017510225,,active,22,sosvdb_italia,Italy,National NGO
KE-NCB-218-051-9263-33,Association des jeunes femmes chrétiennes du Kenya,active,22,ywcakenya,Kenya,National NGO
SS-RRC-342,Association des jeunes femmes chrétiennes du Soudan (YWCA SS),active,22,ywcass,South Sudan,National NGO
NL-KVK-74983393,IDH Investment Management B.V.,active,70,idh_im,Netherlands (the),Private Sector
UG-RSB-229709,Mango Tree Property Management LTD,active,70,mangotree,Uganda,Private Sector
NL-KVK-41039028,"Stichting Leprazending Nederland – The Leprosy Mission, Pays-Bas",active,60,leprazending-tlm-nl,Netherlands (the),Foundation
XI-IATI-SPR,,active,23,spr,Congo (the Democratic Republic of the),Regional NGO
SS-RRC-465,Assistance Mission for Africa,active,22,ama-south-sudan,South Sudan,National NGO
UG-NGO-3580,,active,21,amwa,Uganda,International NGO
JO-CCD-200178924,,active,21,ktk,Jordan,International NGO
ID-KHH-AHU-0013363.AH.01.04,,active,22,pekka_21,Indonesia,National NGO
NG-CAC-IT-NO96562,Olamma Cares Foundation,active,22,olammacares,Nigeria,National NGO
SS-RRC-405,Eve Organization for Women Development (Organisation Eve pour le développement des femmes),active,22,eveowd,South Sudan,National NGO
DE-CR-RA000220-HRB7745,Forschungsinstitut zur Zukunft der Arbeit GmbH (IZA),active,80,iza,Germany,"Academic, Training and Research"
CA_ON-ONT-1783682,,active,21,genderatwork,Canada,International NGO
NL-KVK-74799525,Legal Action Worldwide,active,21,law,Netherlands (the),International NGO
ZA-NPO-189357,,active,22,sisonke,South Africa,National NGO
UG-204CBO-JJA02202000348,,active,23,jidu2021,Uganda,Regional NGO
GB-COH-RC000721,London Business School,active,80,lbs,United Kingdom of Great Britain and Northern Ireland (the),"Academic, Training and Research"
IN-MHA-083930147,,withdrawn,80,kemhrc,India,"Academic, Training and Research"
XI-GRID-grid.10347.31,,active,80,rmc_um,Malaysia,"Academic, Training and Research"
XI-GRID-grid.11142.37,,active,80,upm,Malaysia,"Academic, Training and Research"
PS-MOI-QR-1420-C,,active,22,ywca,"Palestine, State of",National NGO
EG-MOSS-3959350,,active,22,imc-2021,Egypt,National NGO
US-EIN-13-3615533,,active,80,educomm,United States of America (the),"Academic, Training and Research"
BD-ROC-C-107131,Light Castle Partners,active,70,lcp,Bangladesh,Private Sector
US-EIN-522042014,GoodWeave International,active,21,goodweave_intl,United States of America (the),International NGO
TH-TIN-0993000190092,Coalition asiatique pour les droits au logement,active,23,achr,Thailand,Regional NGO
GB-COH-OC359103,,active,70,bcg,United Kingdom of Great Britain and Northern Ireland (the),Private Sector
JO-CCD-58307,,active,70,7iberdotcom,Jordan,Private Sector
KE-NCB-WDCBO542010192,Women Challenged to Challenge,active,22,wctc,Kenya,National NGO
UG-NGO-S59143785,,active,22,nuwodu,Uganda,National NGO
ET-CSA-1128,,active,22,ewla,Ethiopia,National NGO
et-CSA-0444,,active,22,ewdna2025,Ethiopia,National NGO
NL-KVK-83517626,,active,70,investinternational,Netherlands (the),Private Sector
NL-KVK-77583442,,active,10,ti_nl,Netherlands (the),Government
XM-OCHA-4438,,active,80,icddrb,Bangladesh,"Academic, Training and Research"
GB-COH-10959095,,active,80,thefaradayinstitution,United Kingdom of Great Britain and Northern Ireland (the),"Academic, Training and Research"
HK-CR-2288921,,active,70,elevatelimited,Hong Kong,Private Sector
NL-KVK-80547745,,active,60,traide_foundation,Netherlands (the),Foundation
MZ-NUIT-700089584,,active,22,cesc,Mozambique,National NGO
US-EIN-04-3309296,,active,22,pilpg,United States of America (the),National NGO
MY-SSM-1162174T,,active,21,musawah,Malaysia,International NGO
ZA-NPO-213-268,,active,22,sanpud,South Africa,National NGO
US-EIN-74-2244146,,active,21,rmi,United States of America (the),International NGO
GH-RGD-CG200980721,,active,21,isdao,Ghana,International NGO
IN-MHA-094421114,,active,80,itforchange,India,"Academic, Training and Research"
XM-DAC-46012,,active,40,idbinvest,United States of America (the),Multilateral
TZ-NNCB-INGOR2000123,,active,21,apn,"Tanzania, the United Republic of",International NGO
PA-PRP-5789,,active,60,fundacionavina,Panama,Foundation
BR-CNPJ-26990192000114,,active,21,wwfbr,Brazil,International NGO
UG-NGO-3690,,withdrawn,21,rv-ww2,Uganda,International NGO
GH-DSW-7992,,active,22,assn,Ghana,National NGO
XM-DAC-46025,,active,40,isdb,Saudi Arabia,Multilateral
ID-DJP-018321174017000,,active,21,wwf_id,Indonesia,International NGO
TN-RNE-1540791FPN000,,active,21,wwfna,Tunisia,International NGO
PH-SEC-CN200340507,,active,23,samdhana_institute,Philippines (the),Regional NGO
PK-NTN-1433899-8,,active,22,pill,Pakistan,National NGO
ZM-PCR-10102712014,,active,21,wwfzambia,Zambia,International NGO
KE-KRA-P051326872M,,active,22,sdi-k,Kenya,National NGO
ID-DJP-023047012526000,,active,22,bwi,Indonesia,National NGO
GB-CHC-1102909,,active,21,climate-group,United Kingdom of Great Britain and Northern Ireland (the),International NGO
BR-CNPJ-09294138-0001-15,,active,70,agroicone,Brazil,Private Sector
GH-DSW-1334,,active,23,wanep,Ghana,Regional NGO
NG-CAC-11660,,active,22,crerd_ng,Nigeria,National NGO
KE-NCB-OP2180511619410357,,active,22,wwf-kenya,Kenya,National NGO
PH-SEC-CN200324943,,active,23,ntfp-ep,Philippines (the),Regional NGO
CO-RUE-8300033586,,active,23,gaia,Colombia,Regional NGO
BF-MATD-2407,,active,22,spong-burkina,Burkina Faso,National NGO
GH-RGD-CG159432015,,active,22,gnbcc,Ghana,National NGO
LR-MFDPNGO-0961,,active,23,sdi,Liberia,Regional NGO
MY-SSM-199601006465,,active,21,iwrawasiapacific,Malaysia,International NGO
US-EIN-83-3732786,,active,21,agwa,United States of America (the),International NGO
IN-MHA-1070-99-2000,,active,22,cividep,India,National NGO
KE-NCB-218051200602584403,,active,22,ad,Kenya,National NGO
BJ-IFU-6201500233008,,active,22,pascib_benin,Benin,National NGO
ML-MAT-028-MAT-DNIC-DAG,,active,22,seco-ong-mali,Mali,National NGO
XI-GRID-grid4157124,,active,80,iop-rmu,Pakistan,"Academic, Training and Research"
XM-DAC-46021,,active,40,boadiita,Togo,Multilateral
YE-MSAL-288-2013,,active,22,ywbod,Yemen,National NGO
SG-ACRA-201507403G,,active,23,growasia,Singapore,Regional NGO
US-EIN-20-3074517,,active,21,trustafrica,United States of America (the),International NGO
PK-SEC-0108318,,active,22,tfp,Pakistan,National NGO
ZA-CIP-2021-421804-08,,active,21,sdi-int,South Africa,International NGO
BD-ROC-C-104266,,active,70,redorange,Bangladesh,Private Sector
ZA-NPO-155-669,,active,23,pai155669,South Africa,Regional NGO
ET-CSA-1424,,active,22,corha,Ethiopia,National NGO
KE-RCO-155081,,active,21,fsdafrica,Kenya,International NGO
BI-NIF-4001055070,,active,22,j2022,Burundi,National NGO
AF-MOE-611,,active,22,tlo,Afghanistan,National NGO
PY-RUC-80025907-6,,active,21,wwf-py,Paraguay,International NGO
TN-RNE-1027578P,,active,22,cemi,Tunisia,National NGO
SN-NINEA-21516110A0,,active,22,gorin,Netherlands (the),National NGO
NL-KVK-54749484,,active,21,fc-f,Netherlands (the),International NGO
PS-MOI-RA279C,,active,22,pwwsd_2022,"Palestine, State of",National NGO
LB-MOI-30-ED,,active,22,skf,Lebanon,National NGO
TH-MOI-KhorThor2882,,active,23,ilgaasia,Thailand,Regional NGO
BI-NIF-4000450306,,active,22,bltp,Burundi,National NGO
FI-PRO3087706-5,,active,70,riverrecycle,Finland,Private Sector
LB-MOI-3567,,active,22,crtda,Lebanon,National NGO
JO-MSD-19700011100010,,active,22,awo2022,Jordan,National NGO
MM-MHA-0295,,active,22,gen,Netherlands (the),National NGO
CO-RUE-830053223,,active,22,limpal-colombia,Colombia,National NGO
GB-GOV-11,,active,10,cbu_hmrc,United Kingdom of Great Britain and Northern Ireland (the),Government
MY-SSM-256530H,,active,23,my-ssm,Malaysia,Regional NGO
RW-RGB-020-17,,active,22,profemmes,Rwanda,National NGO
CO-RUES-800121811,,active,22,codacop,Colombia,National NGO
DK-CVR-42047007,,active,80,icars,Denmark,"Academic, Training and Research"
SS-RRC-140,,active,21,avsi-ssd,South Sudan,International NGO
DK-CVR-25825012,,active,21,sosdk,Denmark,International NGO
US-EIN-81-2108637,,active,21,dalbergcatalyst,United States of America (the),International NGO
BJ-IFU-6201810257535,,active,22,abms,Benin,National NGO
BF-MATD-N00000408001,,active,22,sosjd6,Burkina Faso,National NGO
US-EIN-061805406,,active,21,hc2022,United States of America (the),International NGO
CH-FDJP-CHE10092705,,active,21,wilpf_22,Switzerland,International NGO
ID-DJP-030079198015000,,active,22,pattiro,Indonesia,National NGO
NL-KVK-41226182,,active,22,hfhnl,Netherlands (the),National NGO
US-GOV-11,,active,10,state,United States of America (the),Government
US-GOV-32,,active,10,epa,United States of America (the),Government
US-GOV-16,,active,10,doc,United States of America (the),Government
PL-KRS-0000233247,,active,60,cpf,Poland,Foundation
XI-ROR-01hxy9878,,active,80,rcsi,Ireland,"Academic, Training and Research"
SE-ON-802015-1281,,active,23,ccb,Sweden,Regional NGO
SE-ON-875002-7271,,active,22,efk,Sweden,National NGO
US-GOV-12,,active,10,ustda,United States of America (the),Government
US-GOV-2,,active,10,usda,United States of America (the),Government
US-GOV-10,,active,10,peace,United States of America (the),Government
US-GOV-21,,active,10,iaf,United States of America (the),Government
US-GOV-26,,active,10,dot,United States of America (the),Government
US-GOV-14,,active,10,hhs,United States of America (the),Government
US-GOV-15,,active,10,doj,United States of America (the),Government
IN-MCA-U74999MH2015PTC264094,,active,70,ddsolar,India,Private Sector
US-GOV-9,,active,10,doi,United States of America (the),Government
US-GOV-7,,active,10,dod,United States of America (the),Government
US-GOV-20,,active,10,doe,United States of America (the),Government
US-GOV-19,,active,10,dhs,United States of America (the),Government
XM-OCHA-HP3664,,active,22,jrf_2022,Jordan,National NGO
US-EIN-83-2847769,,active,70,60db,United States of America (the),Private Sector
ci-moi-474-mis-dgat-dag-sdva,,withdrawn,22,csci_benkadi,Côte D'Ivoire,National NGO
SS-RRC-652,,active,22,siha-southsudan,South Sudan,National NGO
ID-KHH-01060014412,,active,22,tifa_foundation,Indonesia,National NGO
061660068,,active,21,ipa_,United States of America (the),International NGO
TZ-NNCB-00NGO-R2-00056,,active,22,wajibu,"Tanzania, the United Republic of",National NGO
NP-SWC-19781,,active,22,infnepal,Nepal,National NGO
NL-KVK-40539494,,active,21,mdmnl,Netherlands (the),International NGO
US-EIN-84-3344516,,active,21,aceliafrica,United States of America (the),International NGO
NL-KVK-76050475,,active,21,gca,Netherlands (the),International NGO
GB-CHC-1187721,,active,21,uws,United Kingdom of Great Britain and Northern Ireland (the),International NGO
ID-KHH-0018020.AH.01.07,,active,22,hrwg_indonesia,Indonesia,National NGO
CO-CCB-0008863,,active,22,opepa,Colombia,National NGO
CH-FDJP-110.162.567,,active,60,finddiagnostics,Switzerland,Foundation
GB-COH-02742969,,active,80,grl,United Kingdom of Great Britain and Northern Ireland (the),"Academic, Training and Research"
PS-MOI-QR177HR,,active,22,miftah,"Palestine, State of",National NGO
KH-INGO-20201231,,active,21,aac,Cambodia,International NGO
GH-DSW-4004,,active,23,mfwa,Ghana,Regional NGO
IL-RA-580675486,,active,22,t2p,Israel,National NGO
XM-DAC-47062,,active,21,iita_2022,Nigeria,International NGO
JO-COA-0301-57112,,active,40,inwrdam,Jordan,Multilateral
KH-INGO,,withdrawn,21,aac,Cambodia,International NGO
CO-RUE-8600286699,,active,70,fedesarrollo,Colombia,Private Sector
NL-KVK-24428291,,active,70,aw,Netherlands (the),Private Sector
NL-KVK-58076573,,active,70,auxfinintl,Netherlands (the),Private Sector
GB-UKPRN-10007783,,active,80,uoa,United Kingdom of Great Britain and Northern Ireland (the),"Academic, Training and Research"
US-EIN-23-6393344,,active,21,worldrelief,United States of America (the),International NGO
GH-RGD-CG056382017,,active,23,globalshea,Ghana,Regional NGO
CO-CCB-01952534,,active,70,grupoe3,Colombia,Private Sector
CO-RUE-901337512,,active,22,iclei,Colombia,National NGO
GB-SC-SC015263,,active,80,strathclyde,United Kingdom of Great Britain and Northern Ireland (the),"Academic, Training and Research"
CH-FDJP-CHE-109-991-002,,active,60,basel_institute,Switzerland,Foundation
BJ-IFU-6202112757059,,active,22,igd_benin,Benin,National NGO
LB-MOI-37-AD,,active,22,rabi3,Lebanon,National NGO
BJ-IFU-6201001214905,,active,22,abpf,Benin,National NGO
GB-COH-RC000653,,active,80,uoex,United Kingdom of Great Britain and Northern Ireland (the),"Academic, Training and Research"
AE-DMCC-23550,,active,70,arkgroupdmcc1,United Arab Emirates (the),Private Sector
US-EIN-52-1497470,,active,21,c_i_f,United States of America (the),International NGO
GB-CHC-1112404,,active,21,rtp_uk,United Kingdom of Great Britain and Northern Ireland (the),International NGO
GB-COH-01250443,,active,70,niras_uk,United Kingdom of Great Britain and Northern Ireland (the),Private Sector
MZ-NUIT-700061787,,active,30,grp,Mozambique,Public Private Partnership
GB-COH-RC000659,,active,80,leics,United Kingdom of Great Britain and Northern Ireland (the),"Academic, Training and Research"
SE-ON-802010-4850,,active,21,solidarity_afghanistan,Sweden,International NGO
BD-NAB-3183,,active,,chrf_bd,Bangladesh,
ET-MFA-150317,,active,23,et-adf-0317,Ethiopia,Regional NGO
GB-CHC-1162997,,active,21,pci,United Kingdom of Great Britain and Northern Ireland (the),International NGO
NL-KVK-41199142,,active,60,rabofoundation,Netherlands (the),Foundation
BI-NIF-4000039331,,active,22,twz1,Burundi,National NGO
KE-NCB-10488,,active,22,sp,Kenya,National NGO
NG-CAC-RC-1368639,,active,70,infracredit,Nigeria,Private Sector
GB-CHC-1050821,,active,22,tzuchiuk,United Kingdom of Great Britain and Northern Ireland (the),National NGO
LB-MOI-17312,,active,22,female,Lebanon,National NGO
NL-KVK-60351489,,active,70,frontclear_ftap,Netherlands (the),Private Sector
GB-COH-10781862,,active,70,svrg,United Kingdom of Great Britain and Northern Ireland (the),Private Sector
US-EIN-47-4606264,,active,70,hala_systems,United States of America (the),Private Sector
LB-MOI-2402520,,active,23,smex,Lebanon,Regional NGO
DE-CR-RA000355-HRB726528,,active,80,fosaa,Germany,"Academic, Training and Research"
UG-RSB-80020000583761,,active,70,ep,Uganda,Private Sector
DK-CVR-78920610,,active,21,fowdk,Denmark,International NGO
CH-FDJP-CHE455926653,,active,21,ilgaworld,Switzerland,International NGO
DE-CR-RA000299-HRB20002,,active,70,sce-gmbh,Germany,Private Sector
PE-SUNARP-03024345,,active,80,investigacion_cayetano,Peru,"Academic, Training and Research"
GB-COH-05712574,,active,70,pul,United Kingdom of Great Britain and Northern Ireland (the),Private Sector
US-EIN-45-4535664,,active,21,harvard_global,United States of America (the),International NGO
KE-NCB-218051200201502367,,active,22,lvct,Kenya,National NGO
XM-DAC-47149,,active,15,icmp,Netherlands (the),Other Public Sector
GB-UKPRN-10007786,,active,80,unibristol,United Kingdom of Great Britain and Northern Ireland (the),"Academic, Training and Research"
KE-KRA-P052188980R,,active,70,bfa_global,(No country assigned),Private Sector
KE-RCO-CF2015185025,,active,60,ga,Kenya,Foundation
AF-MOE-947,,active,22,947,Afghanistan,National NGO
CH-FDJP-CHE326267730,,active,21,trial,Switzerland,International NGO
AF-MOE-118,,active,21,sca_afghanistan,Afghanistan,International NGO
US-EIN-52-1527835,,active,21,ifes,United States of America (the),International NGO
GB-COH-46049,,withdrawn,21,testdave,United Kingdom,International NGO
KE-KRA-P052007235U,,active,70,imfact2022,Kenya,Private Sector
US-EIN-262048480,,active,21,ia,United States of America (the),International NGO
PH-SEC-CN201214699,,active,23,crcasia,(No country assigned),Regional NGO
NA-NAMRA-04413362,,active,23,arasaregional,Namibia,Regional NGO
SO-COA-107-0081-2023,,active,22,iffoundation12,Somalia,National NGO
US-EIN-26-0126537,,active,21,gi,United States of America (the),International NGO
KE-KRA-P051698850Z,,active,70,ddfkenya,Kenya,Private Sector
GB-COH-07177839,,active,70,bboxx,United Kingdom of Great Britain and Northern Ireland (the),Private Sector
SN-NINEA-50255162X2,,active,70,sn-ninea-50255162x2,Senegal,Private Sector
ID-DJP-032441156063000,,active,70,ptarupidn,Indonesia,Private Sector
GB-COH-12675400,,active,21,cir,United Kingdom of Great Britain and Northern Ireland (the),International NGO
BR-CNPJ-30619995-0001-34,,active,80,cit_brazil,Brazil,"Academic, Training and Research"
NG-CAC-RC-929657,,active,70,fmdqgroupplc_2013,Nigeria,Private Sector
GB-CHC-1146162,,active,21,rstmh,United Kingdom of Great Britain and Northern Ireland (the),International NGO
PK-NTN-9051408-4,,active,80,kmu,Pakistan,"Academic, Training and Research"
XM-DAC-46008,,active,40,caf,Venezuela (Bolivarian Republic of),Multilateral
BD-ROC-S-5933,,active,80,chpd_ulab,Bangladesh,"Academic, Training and Research"
NL-KVK-51837609,,active,70,upinion,Netherlands (the),Private Sector
NP-IRD-201252183,,active,80,bpkihs_dharan,Nepal,"Academic, Training and Research"
BO-NIT-351775028,,active,23,conexionla,Bolivia (Plurinational State of),Regional NGO
LK-DRC-GA635,,active,80,irdsrilanka-1997,Sri Lanka,"Academic, Training and Research"
NG-CAC-1075488,,active,70,nvd_12,Nigeria,Private Sector
KE-KRA-P051883897F,,active,70,adili_sh,Kenya,Private Sector
GB-CHC-1030884,,active,21,gb-chc-1030884,United Kingdom of Great Britain and Northern Ireland (the),International NGO
KE-KRA-P052141361L,,active,22,cap-a,Kenya,National NGO
CO-NIT-900442608,,active,22,justapaz,Colombia,National NGO
IN-MHA-147120028,,active,22,lwsit,India,National NGO
GB-COH-14937701,,active,21,gisf,United Kingdom of Great Britain and Northern Ireland (the),International NGO
GB-GOR-PB57,,active,10,mmo,United Kingdom of Great Britain and Northern Ireland (the),Government
US-EIN-13-3615533,,active,22,rpa,United States of America (the),National NGO
CO-NIT-860013720,,active,80,puj,Colombia,"Academic, Training and Research"
SE-ON-802010-8315,,active,22,thp-se,Sweden,National NGO
QA-MOI-01005700,,active,90,qrcs,Qatar,Other
KE-NCB-OP.218-051-9841-1024,,active,22,idf-kenya,Kenya,National NGO
UG-NGO-INTP12912225NB,,active,21,goal-inspire,Uganda,International NGO
GB-UKPRN-10007794,,active,80,uofg,United Kingdom of Great Britain and Northern Ireland (the),"Academic, Training and Research"
AU-ABN-15211513464,,active,80,usyd,Australia,"Academic, Training and Research"
GB-GOR-PB508,,active,80,rbg_kew,United Kingdom of Great Britain and Northern Ireland (the),"Academic, Training and Research"
XI-DUNS-645826186,,active,80,stmu01,Pakistan,"Academic, Training and Research"
IN-MCA-U74900TN2013PTC093426,,active,70,bepl,India,Private Sector
NP-SWC-17977,,active,,iids,Nepal,
AU-ABN-56721584203,,active,80,deakin,Australia,"Academic, Training and Research"
UA-EDR-21691681,,active,22,la_strada_ukraine,Ukraine,National NGO
XI-LEI-529900SKOVW9DANRVO17,,active,60,legacy_landscapes_fund,Germany,Foundation
GH-RGD-CG034642016,,active,22,ukgcc,Ghana,National NGO
BE-BCE_KB0-0421408778,,active,22,ipis,Belgium,National NGO
XI-IATI-KHF_IFH,,active,22,khf_ifh,Jordan,National NGO
PS-TIN-888005972,,active,15,wsrc1,"Palestine, State of",Other Public Sector
NL-KVK-57504091,,active,60,stichting_cd,Netherlands (the),Foundation
GB-COH-05572704,,active,70,aceruk,United Kingdom of Great Britain and Northern Ireland (the),Private Sector
BR-CNPJ-62579164-0001-72,,active,80,_cebrap,Brazil,"Academic, Training and Research"
NL-KVK-34123218,,active,80,rabk,Netherlands (the),"Academic, Training and Research"
YE-MSAL-220,,active,22,bfdyemen,Yemen,National NGO
ZA-CIP-2011-003386-08,,active,80,cisl,South Africa,"Academic, Training and Research"
GB-GOV-25,,active,10,desnz,United Kingdom of Great Britain and Northern Ireland (the),Government
ZA-CIP-2002-007758-08,,active,21,icleiafrica,South Africa,International NGO
GB-COH-OC422288,,active,70,thc,United Kingdom of Great Britain and Northern Ireland (the),Private Sector
YE-CR-17952,,active,70,dr,Yemen,Private Sector
UA-EDR-36159679,,active,22,dixigroup,Ukraine,National NGO
TN-RNE-1526532C,,active,22,wwc_27068084,Tunisia,National NGO
NL-KVK-41150792,,active,,jp-nl,Netherlands (the),
UG-NGO-INDR45161196NB,,active,22,actade,Uganda,National NGO
GB-GOV-26,,active,10,dsit,United Kingdom of Great Britain and Northern Ireland (the),Government
PS-MOI-QR-0049-F,,active,21,welfare_taawon,"Palestine, State of",International NGO
MG-NIF-4003264720,,active,22,pjl,Madagascar,National NGO
YE-MSAL-19,,active,22,rymn,Yemen,National NGO
GB-COH-02412299,,active,21,stonewa11,United Kingdom of Great Britain and Northern Ireland (the),International NGO
HK-CR-2436455,,active,70,agsollimited,Hong Kong,Private Sector
FR-RCS-53119997400027,,active,21,premiere-urgence,France,International NGO
BD-ROC-C-150855,,active,70,yy_ventures,Bangladesh,Private Sector
BD-NAB-0841,,active,22,cnrs,Bangladesh,National NGO
GB-COH-12482833,,active,21,amplifychange,United Kingdom of Great Britain and Northern Ireland (the),International NGO
YE-MOPIC-0036,,active,21,partnersyemen,Yemen,International NGO
SZ-CIT-201710132021804,,active,22,wu,Eswatini,National NGO
BD-NAB-0004,,active,21,carebd,Bangladesh,International NGO
NG-CAC-69519,,active,22,cjid_ng,Nigeria,National NGO
BD-NAB-0577,,active,22,dsk,Bangladesh,National NGO
BD-NAB-1748,,active,22,fb_2023,Bangladesh,National NGO
NL-KVK-91420784,,active,21,wcaf,Netherlands (the),International NGO
YE-MSAL-32-M-2008,,active,22,semc-yemen,Yemen,National NGO
GB-GOR-EA53,,active,10,cefas,United Kingdom of Great Britain and Northern Ireland (the),Government
IN-MCA-U74900TG2007NPL055085,,active,80,tgi_india,India,"Academic, Training and Research"
GB-CHC-298375,,active,23,cls,United Kingdom of Great Britain and Northern Ireland (the),Regional NGO
IN-MHA-083780010,,active,22,sparc_iati,India,National NGO
NL-KVK-75373750,,active,21,ic-bs_24,Netherlands (the),International NGO
PK-NTN-2158581-4,,active,22,shirkatgah,Pakistan,National NGO
NL-KVK-81042582,,active,22,thenab,Netherlands (the),National NGO
GB-COH-4625800,,active,21,iseal,United Kingdom of Great Britain and Northern Ireland (the),International NGO
GB-CHC-1174610,,active,15,thinkequal,United Kingdom of Great Britain and Northern Ireland (the),Other Public Sector
KE-NCB-218051200301082704,,active,22,imlu,Kenya,National NGO
PS-TIN-562780742,,active,70,tap,"Palestine, State of",Private Sector
UG-RSB-80010000758365,,active,70,in,Uganda,Private Sector
XM-OCHA-HPC8773,,active,40,ecw,(No country assigned),Multilateral
US-EIN-46-3995547,,active,21,ibp,United States of America (the),International NGO
ID-KHH-AHU-0000401.AH.01.07,,active,22,safenet,Indonesia,National NGO
IT-CF-97050280581,,active,21,cispngo,Italy,International NGO
NG-CAC-6896199,,active,22,obodo_ng,Nigeria,National NGO
IN-MHA-083930308,,active,22,masumpune_87,India,National NGO
MW-NBM-NGO-L-13-059,,active,22,wolrec,Malawi,National NGO
GH-RGD-ET000570722,,active,21,idh-ghana,Ghana,International NGO
US-EIN-042241718,,active,21,edc,United States of America (the),International NGO
GB-COH-08100658,,active,70,via,United Kingdom of Great Britain and Northern Ireland (the),Private Sector
GB-COH-05380206,,active,15,jncc,United Kingdom of Great Britain and Northern Ireland (the),Other Public Sector
GB-COH-02525806,,active,70,acs_group,United Kingdom of Great Britain and Northern Ireland (the),Private Sector
UG-RSB-125289,,active,70,pcp-ug_125289,Uganda,Private Sector
US-EIN-47-2326975,,active,21,cadasta,(No country assigned),International NGO
BI-NIF-4001458845,,active,22,ajebudi_2024,Burundi,National NGO
CH-FDJP-CHE-390.672.238,,active,21,nf2022,Switzerland,International NGO
RW-RRA-121040504,,active,70,acv,Rwanda,Private Sector
ID-DJP-016993966411000,,active,80,ppim,Indonesia,"Academic, Training and Research"
CA-CC-020387-4,,active,21,ef,Canada,International NGO
GB-CHC-1174115,,active,22,ceobs,United Kingdom of Great Britain and Northern Ireland (the),National NGO
KE-RCO-PVT-2016-025726,,active,70,apolloagriculture,Kenya,Private Sector
JO-CCD-181612,,active,70,mset,Jordan,Private Sector
MU-CR-C191439,,active,70,blue,Mauritius,Private Sector
KE-RCO-BN-J9S5BMEB,,active,70,ecovega,Kenya,Private Sector
AU-ABN-94642321640,,active,23,cra,Australia,Regional NGO
SE-ON-802401-6134,,active,21,ktk_ho,Sweden,International NGO
CA-CRA_ACR-827142530RR0001,,active,21,rr_qfdi,Canada,International NGO
GB-CHC-1191805,,active,22,sidcn,United Kingdom of Great Britain and Northern Ireland (the),National NGO
GB-COH-14411359,,active,70,chemonics_uk,United Kingdom of Great Britain and Northern Ireland (the),Private Sector
NL-KVK-27364265,,active,80,nl_tud,(No country assigned),"Academic, Training and Research"
CH-FDJP-6602621019-7,,active,21,ffh,Switzerland,International NGO
SE-ON-8024010855,,active,21,concordswe,Sweden,International NGO
CO-RUE-90020089,,active,23,feadin,Colombia,Regional NGO
BF-MATD-1131,,active,22,240001090,Burkina Faso,National NGO
GB-COH-01630501,,active,70,mko,United Kingdom of Great Britain and Northern Ireland (the),Private Sector
EG-CR-42812,,active,70,outreach_egypt,Egypt,Private Sector
KE-KRA-P052193943Z,,active,22,theclimatenetwork,Kenya,National NGO
GB-COH-04481639,,active,70,alinea_uk,United Kingdom of Great Britain and Northern Ireland (the),Private Sector
BF-MATD-118884808RR0001,,active,22,bfrri,Burkina Faso,National NGO
GB-UKPRN-10007789,,active,80,uea_uk,United Kingdom of Great Britain and Northern Ireland (the),"Academic, Training and Research"
GB-UKPRN-10000824,,active,80,bournemouth_university,United Kingdom of Great Britain and Northern Ireland (the),"Academic, Training and Research"
BD-NAB-557,,active,21,thpdb,Bangladesh,International NGO
UG-NGO-INDR21712234NB,,active,22,ngoforum_01,Uganda,National NGO
ZA-NPO-IT7504-1992-PMB,,active,23,accord_2024,South Africa,Regional NGO
ZA-CIP-1997-015443-07,,active,70,whc,South Africa,Private Sector
GB-CHC-1186748,,active,21,nt_2024,United Kingdom of Great Britain and Northern Ireland (the),International NGO
GB-CHC-1159990,,active,22,ssap,United Kingdom of Great Britain and Northern Ireland (the),National NGO
GB-COH-09902551,,active,70,camco,United Kingdom of Great Britain and Northern Ireland (the),Private Sector
XM-DAC-962,,active,40,unctad,Switzerland,Multilateral
AR-CUIT-30-70806240-1,,active,21,iecs-2024,Argentina,International NGO
GB-HESA-0163,,active,80,warwickpub123,United Kingdom of Great Britain and Northern Ireland (the),"Academic, Training and Research"
GT-RPJ-21339045,,active,21,fafg,Guatemala,International NGO
XI-ROR-01wk3d929,,active,80,medicine_ub,Indonesia,"Academic, Training and Research"
GB-COH-OC423567,,active,70,gridworkspartners,United Kingdom of Great Britain and Northern Ireland (the),Private Sector
GB-GOV-27,,active,10,mhclg,United Kingdom of Great Britain and Northern Ireland (the),Government
PE-SUNARP-11582738,,active,80,cientifica-pe,Peru,"Academic, Training and Research"
PK-VSWA-2028-2002,,active,22,bveins,Pakistan,National NGO
AT-ZVR-482616437,,active,22,hope87,Austria,National NGO
GB-CHC-313392,,active,80,nfer,United Kingdom of Great Britain and Northern Ireland (the),"Academic, Training and Research"
KE-KRA-P051102229I,,active,40,tdb01,Kenya,Multilateral
GE-NAPR-367,,active,22,curatio,Georgia,National NGO
GB-COH-13697512,,active,70,2xglobal,United Kingdom of Great Britain and Northern Ireland (the),Private Sector
SS-RRC-294,,active,22,capad,South Sudan,National NGO
UA-EDR-24719411,,active,70,argus_kyiv,Ukraine,Private Sector
CA-CRA_ACR-892100884,,active,15,col,Canada,Other Public Sector
GB-CHC-210639,,active,22,rusi,United Kingdom of Great Britain and Northern Ireland (the),National NGO
XM-OCHA-HPC1888,,active,22,inforaas,Somalia,National NGO
XM-OCHA-HPC6052,,active,22,hirda,Somalia,National NGO
BE-BCE_KBO-0665.649.335,,active,21,seefarfoundation,Belgium,International NGO
XM-OCHA-HPC5902,,active,21,pac_som,Somalia,International NGO
XM-OCHA-HPC3382,,active,22,scc_2025,Somalia,National NGO
SO-COA-107-0079-2025,,active,22,kardo-somalia,Somalia,National NGO
XM-OCHA-HPC10477,,active,22,swvsom,Somalia,National NGO
GB-COH-08524506,,active,70,commonseas,United Kingdom of Great Britain and Northern Ireland (the),Private Sector
IN-MHA-5897,,active,22,tlmti,India,National NGO
GH-RGD-CG016822016,,active,22,cdd_admin,Ghana,National NGO
GB-COH-03591514,,active,21,tlm_io,United Kingdom of Great Britain and Northern Ireland (the),International NGO
CH-FDJP-CHE109810537,,active,60,fsd-switzerland_2025,Switzerland,Foundation
US-EIN-11-2724905,,active,21,icfj,United States of America (the),International NGO
BR-CNPJ-45358058000140,,active,80,ufscar_brasil,Brazil,"Academic, Training and Research"
ZA-NPO-012983,,active,22,sci2025,South Africa,National NGO
ZA-CIP-2007-012585-08,,active,21,rdh,South Africa,International NGO
US-EIN-53-0196603,,active,80,georgetown,United States of America (the),"Academic, Training and Research"
US-EIN-113816205,,active,21,independent_diplomat,United States of America (the),International NGO
GB-CHC-1159483,,active,21,start-network,United Kingdom of Great Britain and Northern Ireland (the),International NGO
GH-RGD-CG081931122,,active,60,ews-kt_gh,Ghana,Foundation
FR-RCS-42956525200054,,active,21,ri_france,France,International NGO
SO-COA-107-0290-2025,,active,22,hu,Somalia,National NGO
NG-CAC-8270899,,active,70,sgal,Nigeria,Private Sector
US-EIN-52-1398742,,active,21,cipe_1983,United States of America (the),International NGO
NL-KVK-32160247,,active,70,scopeinsight,Netherlands (the),Private Sector
US-EIN-521338892,,active,21,ndi,United States of America (the),International NGO
TZ-NNCB-00NGOR100261,,active,22,sawaka,"Tanzania, the United Republic of",National NGO
XI-ROR-0595gz585,,active,80,uog,Ethiopia,"Academic, Training and Research"
SE-ON-845000-0768,,active,21,im_sweden,Sweden,International NGO
KE-RSO-21805,,active,60,cpmhf,Kenya,Foundation
PK-VSWA-DO-SW-JCD-VA-259,,active,90,shifa,Pakistan,Other
SE-ON-802473-4892,,active,22,ibp_swe,Sweden,National NGO
RW-RRA-102234096,,active,70,afrwanda,Rwanda,Private Sector
UG-RSB-80010004091376,,active,70,dwb_africa,Uganda,Private Sector
XI-DUNS-499432771,,active,80,nhrc,Ghana,"Academic, Training and Research"
US-SAM-VJ8RGVMEPAT7,,active,22,new_digital_trade_coalition,United States of America (the),National NGO
US-EIN-770155782,,active,21,globalfundforwomen,United States of America (the),International NGO
MW-NBM-20125698,,active,21,mlw,Malawi,International NGO
XM-DAC-46027,,active,40,fonplata,Bolivia (Plurinational State of),Multilateral
BF-MATD-N4217,,active,22,abbef,Burkina Faso,National NGO
XI-ROR-04pznsd21,,active,70,auob,Lebanon,Private Sector
XI-IATI-CLAD,,active,40,clad,Venezuela (Bolivarian Republic of),Multilateral
GB-CHC-1180966,,active,22,mtuk,United Kingdom of Great Britain and Northern Ireland (the),National NGO
GB-COH-05327824,,active,21,tjn,United Kingdom of Great Britain and Northern Ireland (the),International NGO
ZA-CIP-2022-449689-08,,active,70,energycouncilsa,South Africa,Private Sector
FR-INSEE-93282389100019,,active,21,piermarc,France,International NGO
ET-CSA-1560,,active,22,eocdicac,Ethiopia,National NGO
KE-RCO-CPR-2014-161876,,active,22,mwa_kenya,Kenya,National NGO
NL-KVK-86795341,,active,60,clim-eat,Netherlands (the),Foundation
SL-NRA-1136607-8,,active,22,igchr_sierraleone,Sierra Leone,National NGO
SL-OARG-2420280,,active,22,codohsapa,Sierra Leone,National NGO
GB-COH-08195029,,active,70,finance_earth,United Kingdom of Great Britain and Northern Ireland (the),Private Sector
US-EIN-52-1780162,,active,21,ef-2025,United States of America (the),International NGO
US-EIN-35-2725269,,active,21,sfa_foundation,(No country assigned),International NGO
UG-NGO-INDP51781129NB,,active,23,rac-001,Uganda,Regional NGO
UA-EDR-42661077,,active,22,imtd_int_11,Ukraine,National NGO
TR-VKN-4940457659,,active,22,kamer,(No country assigned),National NGO
LB-MOI-1589,,active,90,nabad,Lebanon,Other
SE-ON-802435-6613,,active,21,sto,Sweden,International NGO
RS-APR-17742523,,active,90,iucn-ecaro,Serbia,Other
XI-ROR-05eer8g02,,active,80,ju,Ethiopia,"Academic, Training and Research"
ZA-NPO-209-239,,active,22,c2c,South Africa,National NGO
SE-ON-252002-6564,,active,,pmu,Sweden,
US-EIN-47-5677755,,active,21,ist,United States of America (the),International NGO
SE-ON-802478-1141,,active,60,rainbow_fund,Sweden,Foundation
BW-TIN-C00040009106,,active,80,university-of-botswana,Botswana,"Academic, Training and Research"
SE-ON-8020028133,,active,,rfsuip,Sweden,
CO-NIT-830101557,,active,22,comisionjyp,Colombia,National NGO
SE-ON-202100-3062,,active,80,stockholmuniversity,Sweden,"Academic, Training and Research"
SE-ON-846001-3413,,active,90,rfslmalmoe,Sweden,Other
BR-CNPJ-63762884000131,,active,22,kaninde,Brazil,National NGO
ID-DJP-013236401062000,,active,80,cephas,Indonesia,"Academic, Training and Research"
UG-RSB-80034880275658,,active,22,hanu,Uganda,National NGO
BE-BCE_KBO-0461977940,,active,22,fdhommes,Belgium,National NGO
XI-ROR-02phn5242,,active,80,uoc,Sri Lanka,"Academic, Training and Research"
UA-EDR-41210108,,active,22,ecoaction_ua,Ukraine,National NGO
CI-MOI-474-MIS-DGAT-SAG-SDVA,,active,22,csci_benkadi,Côte d'Ivoire,National NGO
FI-PRO-00990390-0,,active,90,nefco,Finland,Other
SE-ON-802011-9353,,active,22,rfsl_forbundet,Sweden,National NGO
KE-NCB-218051120898201,,active,22,huria,Kenya,National NGO
RS-PIB-105917159,,active,22,partners-serbia,Serbia,National NGO
LU-RCS-A39060,,active,21,ipmc-humanitaire,Luxembourg,International NGO
ZA-CIP-2025-975529-07,,active,70,sadicointech,South Africa,Private Sector
KH-TIN- K009-100090427,,active,21,spir,Cambodia,International NGO
US-EIN-26-1401736,,active,21,last_mile_health,United States of America (the),International NGO
GB-CHC-1141471,,active,21,gndr,United Kingdom of Great Britain and Northern Ireland (the),International NGO
SN-NINEA-40684420VO,,active,22,ied,Senegal,National NGO
SE-ON-802016-9846,,active,,artikel2,Sweden,
UG-RSB-80020000148318,,active,22,sspp,Uganda,National NGO
DE-CR-RA000217-HRB109333,,active,21,icsc,Germany,International NGO
US-EIN-20-364204,,active,21,asylum_access,United States of America (the),International NGO
AU-ABN-13629885918,,active,80,cei,Australia,"Academic, Training and Research"
XI-ROR-03fkc8c64,,active,80,uwi,Jamaica,"Academic, Training and Research"
SE-ON-857206-6689,,active,21,airclim,Sweden,International NGO
NP-SWC-15652,,active,22,n_a,Nepal,National NGO
TZ-TRA-132-359-466,,active,80,akut,"Tanzania, the United Republic of","Academic, Training and Research"
SV-NIT-9498-180400-101-7,,active,22,nimd_sv,NETHERLAND ANTILLES,National NGO
NL-KVK-97917869,,active,70,gpp,Netherlands (the),Private Sector
ZA-COA-31470,,active,80,hsrc,South Africa,"Academic, Training and Research"
GT-NIT-7102259,,active,22,ceiba,Guatemala,National NGO
MD-IDNO-1022620011229,,active,22,hamd,Moldova (the Republic of),National NGO
UG-NGO-INDR4355781NB,,active,22,cedovip,Uganda,National NGO
SE-ON-894003-1266,,active,90,fsuf,Sweden,Other
SE-ON-855100-9882,,active,22,jordens_vanner,Sweden,National NGO
GB-COH-09297498,,active,70,mom_incubators,United Kingdom of Great Britain and Northern Ireland (the),Private Sector
SE-ON-802011-1582,,active,60,fryshuset,Sweden,Foundation
ET-CSA-7632,,active,22,haeth,Ethiopia,National NGO
TZ-NNCB-OONGO-00010200,,active,22,bufadeso,"Tanzania, the United Republic of",National NGO
SE-ON-802404-9150,,active,21,plan,Sweden,International NGO
US-EIN-27-0915757,,active,21,dial,United States of America (the),International NGO
KE-NCB-90769,,active,,atps,Kenya,
SE-ON-802497-7434,,active,22,iogt-ntomovement,Sweden,National NGO
SE-ON-802501-4732,,active,22,u2l,Sweden,National NGO
BR-CNPJ-05357888-0001-38,,active,,anac,Brazil,
SE-ON-802002-8711,,active,21,src,Sweden,International NGO
TZ-NNCB-00NGO0008925,,active,22,tabio,"Tanzania, the United Republic of",National NGO
LB-MOI-1103,,active,21,adyan,Lebanon,International NGO
SE-ON-252004-7131,,active,22,ucs,Sweden,National NGO
SE-ON-814000-8643,,active,,hihswe,Sweden,
BD-NAB-2837,,active,22,ark_foundation,Bangladesh,National NGO
SE-ON-802002-4280,,active,22,ssnc,Sweden,National NGO
NL-KVK-27286042,,active,21,icm,Netherlands (the),International NGO
GH-TIN-V0004162595,,active,,noguchi,Ghana,
SE-ON-886500-3910,,active,23,abfhalsingland,Sweden,Regional NGO
NG-TIN-18941011-0001,,active,10,ncdc,Nigeria,Government
GB-SC-007983,,active,80,rbge,United Kingdom of Great Britain and Northern Ireland (the),"Academic, Training and Research"
MW-NBM-NGOI12005,,active,,ageafrica,Malawi,
SE-ON-802013-3420,,active,22,bris,Sweden,National NGO
SE-ON-802402-9376,,active,22,myright,Sweden,National NGO
SE-ON-802536-7759,,active,,beredskapslyftet,Sweden,
ZM-PCR-120190005001,,active,22,bloggerszm,Zambia,National NGO
AF-MOE-956,,active,22,aoad,Afghanistan,National NGO
ZA-CIP-1999-012979-08,,active,22,isandla,South Africa,National NGO
KE-KRA-P051637065Q,,active,21,hrok_kwtrp,Kenya,International NGO
DE-CR-RA000217-HRB196905,,active,23,syrian_archive,Germany,Regional NGO
IN-MCA-ACH-1007,,active,70,chip-llp,India,Private Sector
BO-NIT-1020347026,,active,22,sos_bolivia,Bolivia (Plurinational State of),National NGO
SE-ON-802400-5046,,active,22,framtidsjorden,Sweden,National NGO
SE-ON-802014-4294,,active,,utou,Sweden,
AM-SRALE-222.160.00137,,active,80,aua_fund,Armenia,"Academic, Training and Research"
SE-ON-802465-2987,,active,22,kou,Sweden,National NGO
CA-CRA_ACR-833634678RR0001,,active,,acf_canada,Canada,
BI-NIF-4001484502,,active,,asovb,Burundi,
ZM-RNGO-1010019,,active,22,childline_zambia,Zambia,National NGO
SE-ON-802521-8119,,active,24,phi,Sweden,Partner Country based NGO
XM-DAC-41317,,active,,gcf,Korea (the Republic of),
CH-FDJP-CHE-100788251,,active,21,scgv,Switzerland,International NGO
NG-CAC-IT181526,,active,24,cac,Nigeria,Partner Country based NGO
SE-ON-802004-5681,,active,22,lag,Sweden,National NGO
ZA-CIPC-2004-030488-08,,active,60,nbf2025x,South Africa,Foundation
SE-ON-802014-0763,,active,60,sei,Sweden,Foundation
CO-NIT-830008886,,active,70,rnm,Colombia,Private Sector
GB-COH-00559784,,active,80,pirbright_institute,United Kingdom of Great Britain and Northern Ireland (the),"Academic, Training and Research"
UA-EDR-38621206,,active,22,r2p,Ukraine,National NGO
UA-COA-44916875,,active,22,vs,Ukraine,National NGO
SE-ON-802002-3209,,active,22,smc,Sweden,National NGO
SE-ON-802481-2953,,active,60,irc_sweden,Sweden,Foundation
GB-COH-08239074,,active,70,vfw,United Kingdom of Great Britain and Northern Ireland (the),Private Sector
UG-NGO-INDR1251581NB,,active,22,gkfu,Uganda,National NGO
AM-SRALE-222.160.1285221,,active,60,ddf,Armenia,Foundation
SE-ON-802011-1442,,active,21,crd,Sweden,International NGO
CH-FDJP-CHE305100662,,active,60,p4p,Switzerland,Foundation
BD-ROC-C-107131-13,,active,73,shestem,Bangladesh,Private Sector in Third Country
SE-ON-802400-7620,,active,21,forumciv_sweden,Sweden,International NGO
SE-ON-802004-7737,,active,22,fb,Sweden,National NGO
TZ-TRA-106-620-059,,active,22,maperece,"Tanzania, the United Republic of",National NGO
US-EIN-20-0097189,,active,60,mozilla-foundation,United States of America (the),Foundation
TZ-NNCB-INGO-R1-00149,,active,21,gc_tanzania,"Tanzania, the United Republic of",International NGO
MZ-MOJ-105040119,,active,22,ham,Mozambique,National NGO
BA-JIB-4402093280003,,active,22,nova_generacija,Bosnia and Herzegovina,National NGO
XM-DAC-46007,,active,40,bcie,Honduras,Multilateral
SE-ON-802003-3083,,active,22,svalornala,Sweden,National NGO
CA_AB-ABT-555,,active,80,test-stellar,Colombia,"Academic, Training and Research"
SE-ON-845000-4240,,active,22,sib,Sweden,National NGO
LS-HEI-HEI-CRL-20252CNT-3132004,,active,80,leboha,Lesotho,"Academic, Training and Research"
TJ-TIN-020025789,,active,,le,Tajikistan,
XI-ROR-01znkr924,,active,80,mu,Thailand,"Academic, Training and Research"
MU-CR-C08077130,,active,22,miod,Mauritius,National NGO
KE-NCB-NGO-RQUL6GR,,active,23,ve,Kenya,Regional NGO
SE-ON-802405-7815,,active,22,sosbarnbyar,Sweden,National NGO
IN-MHA-010260407,,active,22,nctindia,India,National NGO
AU-ABN-23068075525,,active,22,tia,Australia,National NGO
US-EIN-99-2897200,,active,21,p2h,United States of America (the),International NGO
XM-DAC-47105,,active,40,cfc,(No country assigned),Multilateral
US-EIN-13-4164140,,active,,ifrsfoundation,United States of America (the),
SE-ON-202100-0555,,active,15,socialstyrelsen,Sweden,Other Public Sector
PK-SEC-0254720,,active,22,faid,Pakistan,National NGO
UG-NGO-INDR172356745NB,,active,22,smcsf,Uganda,National NGO
BR-CNPJ-32121994-0001-90,,active,24,ieps,Brazil,Partner Country based NGO
UA-EDR-42631173,,active,22,uda,Ukraine,National NGO
SE-ON-802428-9103,,active,22,bukobahjalpen,Sweden,National NGO
XI-WIKIDATA-2024,,active,70,young_innovation_production_test,Nepal,Private Sector
SE-ON-802452-8500,,active,22,rf,Sweden,National NGO
MZ-MOJ-100110148,,active,22,ja,Mozambique,National NGO
SE-ON-802009-9258,,active,22,pgs,Sweden,National NGO
SE-ON-802016-0654,,active,21,sfhr,Sweden,International NGO
PE-RUC-20610511954,,active,22,recambio,Peru,National NGO
SE-ON-802457-8950,,active,,asov,Sweden,
SE-ON-817602-2302,,active,60,life_peace_institute,Sweden,Foundation
GB-SC-SC048523,,active,21,kidsor,United Kingdom of Great Britain and Northern Ireland (the),International NGO
EC-RUC-1791733924001,,active,22,altropico,Ecuador,National NGO
CH-FDJP-CHE259180555,,active,70,rift_partners,Switzerland,Private Sector
GB-GOV-28,,active,15,mhra,United Kingdom of Great Britain and Northern Ireland (the),Other Public Sector
MX-RFC-UAQ510111MQ9,,active,80,uaq,Mexico,"Academic, Training and Research"
CO-NIT-901269139,,active,22,fundacion_oxfam_colombia,Colombia,National NGO
KE-KRA-P051915774Y,,active,90,arin,Kenya,Other
CH-FDJP-CHE365512867,,active,21,ncdalliance,Switzerland,International NGO
XI-ROR-0405n5e57,,active,10,nimhans,India,Government
SE-ON-802416-0262,,active,22,fredenshus,Sweden,National NGO
SE-ON-802539-4035,,active,21,adra-sweden,Sweden,International NGO
SE-ON-252002-6135,,active,90,cos,Sweden,Other
SE-ON-802402-6521,,active,21,cwb-sweden,Sweden,International NGO
GB-UKPRN-10001282,,active,80,northumbriauni,United Kingdom of Great Britain and Northern Ireland (the),"Academic, Training and Research"
SE-ON-202100-5984,,active,10,mcf,Sweden,Government
XI-ROR-03GH19D6,,active,80,unza,Zambia,"Academic, Training and Research"
MW-RG-11429,,active,21,pih,Malawi,International NGO
CR-RPJ-3-002-248583,,active,22,coecoceiba,Costa Rica,National NGO
TZ-NNCB-00NGO-R-4900,,active,,okia-tz,"Tanzania, the United Republic of",
FR-RCS-83162039800030,,active,21,alima,France,International NGO
FR-RCS-92460256800025,,active,40,ifpim,France,Multilateral
SE-ON-802013-1333,,active,22,opc,Sweden,National NGO
IN-MHA-094421947,,active,23,iphbengaluru,India,Regional NGO
SE-ON-826000-8696,,active,22,swefor_,Sweden,National NGO
SE-ON-857205-8694,,active,,ps,Sweden,
TH-TIN-0105553024381,,active,70,rapid-asia,Thailand,Private Sector
SE-ON-802426-1664,,active,60,fsd,Sweden,Foundation
BE-BCE_KBO-0711.985.839,,active,21,wcs_eu_aisbl,Belgium,International NGO
KG-OKPO-22766033,,active,90,el-too,Kyrgyzstan,Other
SE-ON-802494-7882,,active,,lyktansweden,Sweden,
ZW-PVO-039-05,,active,22,abdo,Zimbabwe,National NGO
NG-TIN-01535622-0001,,active,10,fmcabk2025,Nigeria,Government
KE-NCB-21805199941329,,active,22,creawkenya_2025,Kenya,National NGO
IN-PAN-AAETN9841L,,active,22,nsgoindia,India,National NGO
NL-KVK-78318424,,active,70,zim,Netherlands (the),Private Sector
SE-ON-802489-3680,,active,21,cto,Sweden,International NGO
SE-ON-802426-0807,,active,60,wcpf,Sweden,Foundation
PH-SEC-AN96001837,,active,22,wwfph,Philippines (the),National NGO
KE-KRA-P000598593S,,active,80,akuk,Kenya,"Academic, Training and Research"
LB-MOI-249647,,active,22,amel-1979,Lebanon,National NGO
GH-TIN-V0004994299,,active,,kccr,Ghana,
SL-OARG-1069356-4,,active,80,slurc,Sierra Leone,"Academic, Training and Research"
GB-CHC-1193984,,active,60,vodafonefoundation,United Kingdom of Great Britain and Northern Ireland (the),Foundation
GB-UKPRN-10007800,,active,80,uwestscot,United Kingdom of Great Britain and Northern Ireland (the),"Academic, Training and Research"
SE-ON-846003-9020,,active,,barnfonden,Sweden,
ID-DJP-730720232711000,,active,22,bnf,Indonesia,National NGO
SE-ON-802001-6047,,active,22,ikff,Sweden,National NGO
SE-ON-802402-5143,,active,22,fairtrade_sweden,Sweden,National NGO
SE-ON-802490-6953,,active,21,acting4change,Sweden,International NGO
UA-EDR-34183275,,active,22,sos_cv_ua,Ukraine,National NGO
XI-ROR-026A3NK20,,active,,sbisr,India,
NA-NAMRA-00562068,,active,80,unam_92,Namibia,"Academic, Training and Research"
US-EIN-84-4785944,,active,21,mightyearth,United States of America (the),International NGO
BJ-IFU-6201002029400,,active,22,cerrhud,Benin,National NGO
KG-OKPO-27730330,,active,22,isds,Kyrgyzstan,National NGO
EC-RUC-2191725959001,,active,22,udapt,Ecuador,National NGO
SE-ON-802467-0195,,active,,cag_sweden,Sweden,
TZ-BRLA-134614,,active,70,rsk-ea,"Tanzania, the United Republic of",Private Sector
UA-EDR-36121231,,active,22,networkrivne,Ukraine,National NGO
XI-GRID-grid.7123.7,,active,80,aau-chs,Ethiopia,"Academic, Training and Research"
ID-DJP-013745104071000,,active,60,ylbhi,Indonesia,Foundation
MM-MHA-0072-2022,,active,22,am,Myanmar,National NGO
XM-DAC-22-2,,active,10,luxaid,Luxembourg,Government
SE-ON-802012-8081,,active,21,vi-skogen,Sweden,International NGO
SE-ON-802546-9514,,active,21,sfli,Sweden,International NGO
SE-ON-802431-3044,,active,21,actionaid_sweden,Sweden,International NGO
SE-ON-802477-9269,,active,60,ose,Sweden,Foundation
IN-MHA-271820001,,active,23,sngt,India,Regional NGO
TZ-NNCB-4196,,active,22,hat,"Tanzania, the United Republic of",National NGO
SE-ON-802426-1268,,active,21,wateraidsweden,Sweden,International NGO
ET-ERCA-0056106666,,withdrawn,23,et-adf-0317,Ethiopia,Regional NGO
GB-1-201879-115,"Wheeler Institute for Business and Development, London Business School",withdrawn,80,wheeler,United Kingdom,"Academic, Training and Research"
