code,name,status,codeforiati:hq-country-or-region,codeforiati:registry-identifier,codeforiati:organisation-type-code,codeforiati:organisation-type
AU-5,Departamento de Negócios Estrangeiros e Comércio – Austrália,active,Australia,ausgov,10,Government
44000,Banco Mundial,active,(No country assigned),worldbank,40,Multilateral
US-EIN-941655673,Fundação William and Flora Hewlett,active,United States of America (the),hewlett-foundation,60,Foundation
41AAA,Gabinete das Nações Unidas de Serviços para Projetos (UNOPS),active,(No country assigned),unops,40,Multilateral
GB-CHC-1038860,Frontline AIDS,active,United Kingdom of Great Britain and Northern Ireland (the),f-aids,21,International NGO
XI-IATI-EC_INTPA,Comissão Europeia – Parcerias Internacionais,active,(No country assigned),ec-intpa,15,Other Public Sector
XI-IATI-EC_DEVCO,Comissão Europeia – Cooperação Internacional e Desenvolvimento,withdrawn,(No country assigned),ec-devco,15,Other Public Sector
SE-0,"Suécia, através da Agência Sueca de Cooperação para o Desenvolvimento Internacional (SIDA)",active,Sweden,sida,10,Government
CA-CRA-89980-1815-RR0001,Engenheiros sem Fronteiras Canadá,active,Canada,ewb_canada,21,International NGO
XM-DAC-41114,Programa das Nações Unidas para o Desenvolvimento (PNUD),active,(No country assigned),undp,40,Multilateral
GB-CHC-1075920,Indigo Trust,active,United Kingdom of Great Britain and Northern Ireland (the),indtrust,60,Foundation
GB-CHC-202918,Oxfam GB,active,United Kingdom of Great Britain and Northern Ireland (the),oxfamgb,21,International NGO
FI-3,Ministério dos Negócios Estrangeiros – Finlândia,active,Finland,finland_mfa,10,Government
IE-CHY-6663,Self Help Africa,active,Ireland,self-help-africa,21,International NGO
47045,"Fundo Global de Luta contra a AIDS, a Tuberculose e a Malária",active,Switzerland,theglobalfund,40,Multilateral
XM-DAC-46004,Banco Asiático de Desenvolvimento,active,(No country assigned),asdb,40,Multilateral
46004,Banco Asiático de Desenvolvimento,withdrawn,(No country assigned),asdb,40,Multilateral
GB-COH-07676886,Publish What You Fund,active,United Kingdom of Great Britain and Northern Ireland (the),pwyf,21,International NGO
NO-BRC-977538319,Conselho Norueguês para os Refugiados,active,Norway,nrc,21,International NGO
NL-KVK-41213450,SPARK,active,Netherlands (the),spark,21,International NGO
XM-DAC-3-1,"Ministério dos Negócios Estrangeiros, Danida – Dinamarca",active,Denmark,danida,10,Government
GB-CHC-285776,Catholic Agency For Overseas Development (CAFOD),active,United Kingdom of Great Britain and Northern Ireland (the),cafod,21,International NGO
47122,"Gavi, a Aliança das Vacinas",active,Switzerland,gavi,30,Public Private Partnership
US-EIN-300108263,GlobalGiving.org,active,United States of America (the),globalgiving,21,International NGO
GB-CHC-1029161,Camfed International,active,United Kingdom of Great Britain and Northern Ireland (the),camfed,21,International NGO
GB-CHC-291691,All We Can (anteriormente Methodist Relief and Development Fund),active,United Kingdom of Great Britain and Northern Ireland (the),allwecan,21,International NGO
GB-CHC-1074937,ADRA-UK,active,United Kingdom of Great Britain and Northern Ireland (the),adrauk,21,International NGO
GB-CHC-1017255,Homeless International,active,United Kingdom of Great Britain and Northern Ireland (the),hi,21,International NGO
GB-COH-4905100,Resource Extraction Monitoring,active,United Kingdom of Great Britain and Northern Ireland (the),rem,21,International NGO
NP-CRO-45995/063/064,Young Innovations Pvt. Ltd,active,Nepal,yipl,70,Private Sector
GB-CHC-327421,Article 19,active,United Kingdom of Great Britain and Northern Ireland (the),art19,21,International NGO
GB-CHC-328434,ChildHope UK,active,United Kingdom of Great Britain and Northern Ireland (the),childhopeuk,21,International NGO
GB-CHC-1092236,Concern Worldwide UK,active,United Kingdom of Great Britain and Northern Ireland (the),concernuk,21,International NGO
GB-COH-4075590,LEAD International,active,United Kingdom of Great Britain and Northern Ireland (the),lead_international,21,International NGO
XM-DAC-21033,Secretariado da Transparência Internacional,active,Germany,transparency-international,21,International NGO
GB-CHC-1141028,AfriKids,active,United Kingdom of Great Britain and Northern Ireland (the),afrikids,21,International NGO
GB-CHC-1089879,EveryChild,active,United Kingdom of Great Britain and Northern Ireland (the),evc,21,International NGO
GB-CHC-1126727,MapAction,active,United Kingdom of Great Britain and Northern Ireland (the),mapaction,21,International NGO
GB-CHC-254781,The International Children's Trust,active,United Kingdom of Great Britain and Northern Ireland (the),theict,21,International NGO
GB-COH-NI21482,Trocaire (Irlanda do Norte),active,United Kingdom of Great Britain and Northern Ireland (the),troc,21,International NGO
GB-CHC-1001698,Interact Worldwide,active,United Kingdom of Great Britain and Northern Ireland (the),iww_publish,21,International NGO
GB-CHC-1837621,Health Poverty Action,active,United Kingdom of Great Britain and Northern Ireland (the),hpa,21,International NGO
GB-CHC-313139,Africa Educational Trust,active,United Kingdom of Great Britain and Northern Ireland (the),aet,21,International NGO
GB-CHC-800672,Living Earth Foundation,active,United Kingdom of Great Britain and Northern Ireland (the),livingearth12,21,International NGO
GB-COH-0277068,Fauna & Flora International,active,United Kingdom of Great Britain and Northern Ireland (the),ffi_publisher,21,International NGO
GB-CHC-1020488,Children in Crisis,active,United Kingdom of Great Britain and Northern Ireland (the),cic,21,International NGO
GB-CHC-1090745,ICA:UK,active,United Kingdom of Great Britain and Northern Ireland (the),icauk,22,National NGO
GB-CHC-298316,Build Africa,active,United Kingdom of Great Britain and Northern Ireland (the),buildafrica,21,International NGO
GB-CHC-265464,Tearfund,active,United Kingdom of Great Britain and Northern Ireland (the),tearfund,21,International NGO
GB-CHC-208724,War on Want,active,United Kingdom of Great Britain and Northern Ireland (the),waronwant,21,International NGO
GB-COH-06587734,InterClimate Network,active,United Kingdom of Great Britain and Northern Ireland (the),icn,21,International NGO
GB-COH-2082273,World Association for Christian Communication (Reino Unido),active,United Kingdom of Great Britain and Northern Ireland (the),wacc-uk,21,International NGO
GB-CHC-1064413,African Initiatives,active,United Kingdom of Great Britain and Northern Ireland (the),ai_1064413,21,International NGO
GB-COH-05322719,Opportunity International UK,active,United Kingdom of Great Britain and Northern Ireland (the),opportunity-international-uk,21,International NGO
GB-SC-SC030289,Mercy Corps Europa,active,United Kingdom of Great Britain and Northern Ireland (the),mce,21,International NGO
GB-COH-1100897,Fundação Aga Khan (Reino Unido),active,United Kingdom of Great Britain and Northern Ireland (the),akfuk73,21,International NGO
GB-CHC-1001349,Samaritan's Purse UK,active,United Kingdom of Great Britain and Northern Ireland (the),spuk,21,International NGO
GB-CHC-327461,Karuna Trust,active,United Kingdom of Great Britain and Northern Ireland (the),karuna,21,International NGO
GB-COH-4887855,HealthProm,active,United Kingdom of Great Britain and Northern Ireland (the),hp_12,21,International NGO
GB-CHC-207076,Royal Society for the Protection of Birds,active,United Kingdom of Great Britain and Northern Ireland (the),rspb_,21,International NGO
GB-CHC-299717,Send a Cow,active,United Kingdom of Great Britain and Northern Ireland (the),sendacow,21,International NGO
GB-CHC-1069208,Trust for Africa's Orphans,active,United Kingdom of Great Britain and Northern Ireland (the),tao-03473165,21,International NGO
GB-CHC-283302,Agency for Cooperation and Research in Development (ACORD),active,United Kingdom of Great Britain and Northern Ireland (the),acord,21,International NGO
GB-CHC-1068839,Bond,active,United Kingdom of Great Britain and Northern Ireland (the),bond,22,National NGO
GB-CHC-291824,Twin,active,United Kingdom of Great Britain and Northern Ireland (the),twin-iati,21,International NGO
GB-CHC-1059996,Power International,active,United Kingdom of Great Britain and Northern Ireland (the),power,21,International NGO
GB-CHC-1102028,Canon Collins Trust,active,United Kingdom of Great Britain and Northern Ireland (the),canoncollinstrust,21,International NGO
GB-COH-5419428,Water & Sanitation for the Urban Poor (WSUP),active,United Kingdom of Great Britain and Northern Ireland (the),wsup,30,Public Private Partnership
GB-COH-03877777,CDC Group plc,active,United Kingdom of Great Britain and Northern Ireland (the),bii,15,Other Public Sector
GB-CHC-328206,Womankind Worldwide,active,United Kingdom of Great Britain and Northern Ireland (the),womankindworld,21,International NGO
GB-CHC-281681,"Friends of the Earth England, Wales and Northern Ireland",active,United Kingdom of Great Britain and Northern Ireland (the),foe_ewni,22,National NGO
GB-CHC-272465,United Purpose,active,United Kingdom of Great Britain and Northern Ireland (the),cu,21,International NGO
GB-CHC-1125948,PONT,active,United Kingdom of Great Britain and Northern Ireland (the),pont,21,International NGO
GB-CHC-1138287,Rainforest Foundation UK,active,United Kingdom of Great Britain and Northern Ireland (the),rfuk,21,International NGO
41120,ONU Habitat,active,(No country assigned),unhabitat,40,Multilateral
GB-COH-04154075,Penal Reform International,active,United Kingdom of Great Britain and Northern Ireland (the),pri,21,International NGO
GB-CHC-288701,WaterAid,active,United Kingdom of Great Britain and Northern Ireland (the),wateraid,21,International NGO
GB-CHC-291167,Jeevika Trust,active,United Kingdom of Great Britain and Northern Ireland (the),jeevika_trust,21,International NGO
GB-CHC-313757,Voluntary Service Overseas (VSO),active,United Kingdom of Great Britain and Northern Ireland (the),vso,21,International NGO
GB-COH-1364201,Plan International UK,active,United Kingdom of Great Britain and Northern Ireland (the),plan_uk,21,International NGO
XM-DAC-21032,,active,United States of America (the),psi,21,International NGO
21032,Population Service International,withdrawn,United States,psi,21,International NGO
GB-COH-213890,Save the Children UK,active,United Kingdom of Great Britain and Northern Ireland (the),scuk,21,International NGO
NL-KVK-41198677,Hivos,active,Netherlands (the),stichting_hivos,21,International NGO
ZA-NPO-061-870,Southern African Catholic Bishops' Conference Aids Office,active,South Africa,sacbc,23,Regional NGO
CH-FDJP-CHE-110347351,The Global Alliance for Improved Nutrition,active,Switzerland,gain,21,International NGO
30001,The Global Alliance for Improved Nutrition,withdrawn,Switzerland,,21,International NGO
GB-CHC-1127206,StreetInvest,active,United Kingdom of Great Britain and Northern Ireland (the),si,21,International NGO
GB-CHC-1055436,Conciliation Resources,active,United Kingdom of Great Britain and Northern Ireland (the),cr,21,International NGO
GB-CHC-1115482,BRAC UK,active,United Kingdom of Great Britain and Northern Ireland (the),bracuk,21,International NGO
ZA-NPO-036-515,,active,South Africa,gl,23,Regional NGO
ZA-CIP-2001-005850-08,,withdrawn,South Africa,gl,23,Regional NGO
ZA-CIPC-2001/005850/08,Gender Links,withdrawn,South Africa,gl,23,Regional NGO
GB-CHC-218186,Leonard Cheshire Disability,active,United Kingdom of Great Britain and Northern Ireland (the),lcd_admin,21,International NGO
GB-COH-3008440,Forests Monitor,active,United Kingdom of Great Britain and Northern Ireland (the),fm,21,International NGO
GB-COH-2100867,SOS Sahel International UK,active,United Kingdom of Great Britain and Northern Ireland (the),sossaheluk,21,International NGO
GB-CHC-1065705,Survivors Fund (SURF),active,United Kingdom of Great Britain and Northern Ireland (the),surf,21,International NGO
GB-CHC-1122924,Developments In Literacy Trust UK,active,United Kingdom of Great Britain and Northern Ireland (the),diltuk,21,International NGO
GB-CHC-292506,CARE International UK,active,United Kingdom of Great Britain and Northern Ireland (the),ciuk,21,International NGO
GB-CHC-328158,Islamic Relief Worldwide,active,United Kingdom of Great Britain and Northern Ireland (the),irw,21,International NGO
GB-CHC-229476,Federação Internacional de Planeamento Familiar,active,United Kingdom of Great Britain and Northern Ireland (the),ippf,21,International NGO
GB-CHC-326568,Charity Projects Ltd (Comic Relief),active,United Kingdom of Great Britain and Northern Ireland (the),cprojects,60,Foundation
XM-DAC-41111,Fundo das Nações Unidas para o Desenvolvimento de Capital,active,United States of America (the),uncdf,40,Multilateral
NL-CCI-20081098,BRAC International,withdrawn,Netherlands,bracintl,21,International NGO
GB-CHC-1098106,Relief International UK,active,United Kingdom of Great Britain and Northern Ireland (the),ri-uk,21,International NGO
GB-CHC-1071886,TB Alert,active,United Kingdom of Great Britain and Northern Ireland (the),tbalert,21,International NGO
XM-DAC-41146,ONU Mulheres,active,(No country assigned),unw,40,Multilateral
TZ-BRE-63966,Twaweza,active,"Tanzania, the United Republic of",twaweza,23,Regional NGO
GB-CHC-1104287,MicroLoan Foundation,active,United Kingdom of Great Britain and Northern Ireland (the),mlf,21,International NGO
GB-CHC-1152010,Child-to-Child,active,United Kingdom of Great Britain and Northern Ireland (the),ctc,21,International NGO
GB-CHC-1105851,Christian Aid,active,United Kingdom of Great Britain and Northern Ireland (the),caid,21,International NGO
GB-CHC-1139083,Grow Movement,active,United Kingdom of Great Britain and Northern Ireland (the),growmovement_admin,80,"Academic, Training and Research"
GB-CHC-1079358,Motivation,active,United Kingdom of Great Britain and Northern Ireland (the),motivation,21,International NGO
US-EIN-27-5026293,Disability Rights Fund,active,United States of America (the),drf,21,International NGO
US-USAGOV,Estados Unidos da América,withdrawn,United States,unitedstates,10,Government
GB-CHC-1081247,WWF-UK,active,United Kingdom of Great Britain and Northern Ireland (the),wwf-uk,21,International NGO
GB-COH-1102208,MSI Reproductive Choices,active,United Kingdom of Great Britain and Northern Ireland (the),msi,21,International NGO
GB-CHC-207544,Sightsavers,active,United Kingdom of Great Britain and Northern Ireland (the),ss-org,21,International NGO
GB-COH-03788027,Triple Line,active,United Kingdom of Great Britain and Northern Ireland (the),tripleline_crownagents,70,Private Sector
GB-CHC-1058991,Railway Children,active,United Kingdom of Great Britain and Northern Ireland (the),rc,21,International NGO
GB-CHC-1140123,Vision for a Nation Foundation,active,United Kingdom of Great Britain and Northern Ireland (the),vfan,21,International NGO
21-PK-WWF,Fundo Mundial para a Natureza – Paquistão,active,Pakistan,wwfpakistan,21,International NGO
NL-KVK-27264198,ActionAid International,active,Netherlands (the),aai,21,International NGO
XI-IATI-IADB,Banco Interamericano de Desenvolvimento,active,(No country assigned),iadb,40,Multilateral
GB-CHC-327519,Zimbabwe Educational Trust,active,United Kingdom of Great Britain and Northern Ireland (the),zet,21,International NGO
GB-COH-871954,Practical Action,active,United Kingdom of Great Britain and Northern Ireland (the),pa,21,International NGO
GB-CHC-1127488,Restless Development,active,United Kingdom of Great Britain and Northern Ireland (the),restless,21,International NGO
GB-COH-2153193,International Alert,active,United Kingdom of Great Britain and Northern Ireland (the),international-alert,21,International NGO
DE-1,Ministério da Cooperação e do Desenvolvimento Económicos – Alemanha,active,Germany,bmz,10,Government
GB-CHC-1099776,Malaria Consortium,active,United Kingdom of Great Britain and Northern Ireland (the),malariaconsortium,21,International NGO
GB-CHC-1078768,People In Aid,active,United Kingdom of Great Britain and Northern Ireland (the),peopleinaid,21,International NGO
47135,Fundos de Investimento Climático,active,(No country assigned),cif,40,Multilateral
IN-,MAMTA – Health Institute for Mother and Child,active,India,mamta_himc,22,National NGO
ciks,Centre for Indian Knowledge Systems,active,India,ciks,80,"Academic, Training and Research"
GB-CHC-1070684,Cord,active,United Kingdom of Great Britain and Northern Ireland (the),cord,23,Regional NGO
GB-GOV-6,Ministério do Interior – Reino Unido,active,United Kingdom of Great Britain and Northern Ireland (the),homeoffice,10,Government
US-EIN-13-2702768,Pact,active,United States of America (the),pact,21,International NGO
GB-CHC-1071659,War Child UK,active,United Kingdom of Great Britain and Northern Ireland (the),wcuk,21,International NGO
GB-CHC-1107403,GOAL,active,Ireland,goal,21,International NGO
GB-COH-3578127,Ethical Trading Initiative,active,United Kingdom of Great Britain and Northern Ireland (the),eti,21,International NGO
GPAF-IMP-031,Development Aid from People to People (DAPP) Malawi,active,Malawi,dapp,22,National NGO
XM-DAC-41122,Fundo das Nações Unidas para a Infância (UNICEF),active,(No country assigned),unicef,40,Multilateral
US-IRS-562339052,CDA Collaborative Learning Projects,active,United States of America (the),cda,21,International NGO
SL-NRA-1001562-8,"Medical Research Centre (MRC), Serra Leoa",active,Sierra Leone,mrc-sierra-leone,22,National NGO
GB-SC-SC035314,Scotland's International Development Alliance,active,United Kingdom of Great Britain and Northern Ireland (the),sinda,23,Regional NGO
XM-DAC-41140,Programa Alimentar Mundial (PAM) das Nações Unidas,active,Italy,wfp,40,Multilateral
BE-BCE_KBO-0462279234,ACODEV,active,Belgium,acodev,22,National NGO
IE-CHY-6410,Dóchas – Irish Association of Non Governmental Development Organisations,active,Ireland,dochas,22,National NGO
GB-COH-01926828,Farm Africa,active,United Kingdom of Great Britain and Northern Ireland (the),fa,21,International NGO
IN-AR-775,Pragya India,active,India,pragya,22,National NGO
GB-CHC-1109789,Y Care International,active,United Kingdom of Great Britain and Northern Ireland (the),ycare,21,International NGO
GB-CHC-1115109,Women for Women International (Reino Unido),active,United Kingdom of Great Britain and Northern Ireland (the),wfwiuk,21,International NGO
GB-CHC-274467,ActionAid UK,active,United Kingdom of Great Britain and Northern Ireland (the),aauk,21,International NGO
NG-CAC-5938,Association for Reproductive and Family Health,active,Nigeria,arfh,22,National NGO
XM-DAC-46002,Banco Africano de Desenvolvimento,active,(No country assigned),afdb,40,Multilateral
46002,Banco Africano de Desenvolvimento,withdrawn,(No country assigned),afdb,40,Multilateral
NL-KVK-27327087,Fundação Akvo,active,Netherlands (the),akvo,21,International NGO
GB-CHC-1043843,Saferworld,active,United Kingdom of Great Britain and Northern Ireland (the),saferworld,21,International NGO
XM-DAC-41119,,active,(No country assigned),unfpa,40,Multilateral
41119,Fundo das Nações Unidas para a População,withdrawn,(No country assigned),unfpa,40,Multilateral
NP-DAO-27-127/062/063,Freedom Forum,active,Nepal,ff,22,National NGO
GB-CHC-1045348,Afghanaid,withdrawn,United Kingdom,afghanaid,21,International NGO
NZ-1,Nova Zelândia – Ministério dos Negócios Estrangeiros e do Comércio – Programa de Ajuda da Nova Zelândia,active,New Zealand,mfat,10,Government
CA-3,Canadá - Global Affairs Canada/Affaires mondiales Canada,active,Canada,gac-amc,10,Government
XI-IATI-EC_FPI,Comissão Europeia – Serviço dos Instrumentos de Política Externa,active,(No country assigned),ec-fpi,15,Other Public Sector
XI-IATI-EC_NEAR,Comissão Europeia – Política de Vizinhança e Negociações de Alargamento,active,(No country assigned),ec-near,15,Other Public Sector
ES-DIR3-E04585801,Ministério dos Negócios Estrangeiros e da Cooperação – Espanha,active,Spain,maec,10,Government
GB-COH-1762840,HelpAge International,active,United Kingdom of Great Britain and Northern Ireland (the),helpage_international,21,International NGO
SACU,Send a Cow Uganda,active,Uganda,sacu,22,National NGO
XM-DAC-21-1,Departamento de Negócios Estrangeiros e Comércio – Irlanda,active,Ireland,irishaid,10,Government
GB-GOV-9,,active,United Kingdom of Great Britain and Northern Ireland (the),dwp,10,Government
GB-GOV-GB-9,,withdrawn,United Kingdom,dwp,10,Government
GB-9,Reino Unido – Departamento do Trabalho e das Pensões,withdrawn,United Kingdom,dwp,10,Government
GB-CHC-1120932,Network for Africa,active,United Kingdom of Great Britain and Northern Ireland (the),network4africa,21,International NGO
GB-CC-1098893,Blue Ventures Conservation,active,United Kingdom of Great Britain and Northern Ireland (the),blueventures,21,International NGO
GB-CHC-1114944,iPartner India,active,United Kingdom of Great Britain and Northern Ireland (the),ip-india,21,International NGO
GB-SC-SC037959,Link Community Development Scotland,active,United Kingdom of Great Britain and Northern Ireland (the),lcds,21,International NGO
GB-COH-07629751,Digital Campus,active,United Kingdom of Great Britain and Northern Ireland (the),dc,80,"Academic, Training and Research"
ZA-NPO-013484,Heifer International South Africa,active,South Africa,hsa,22,National NGO
XI-IATI-EC_ECHO,Comissão Europeia – Proteção Civil e Ajuda Humanitária,active,(No country assigned),ec-echo,15,Other Public Sector
TN-TIN-102123727,CUAMM Trustees,active,"Tanzania, the United Republic of",cuammtrustees,22,National NGO
GB-GOV-10,Reino Unido – Departamento da Saúde e dos Cuidados Sociais (DHSC),active,United Kingdom of Great Britain and Northern Ireland (the),dhsc,10,Government
GB-CHC-1120413,MICAIA,active,United Kingdom of Great Britain and Northern Ireland (the),mic-uk,21,International NGO
US-IRS-13-5661832,Plan International USA,active,United States of America (the),plan_usa,21,International NGO
GB-CHC-1096908,Afghanistan and Central Asian Association,active,United Kingdom of Great Britain and Northern Ireland (the),acaa,21,International NGO
GB-COH-RC000346,Reino Unido – Medical Research Council,active,United Kingdom of Great Britain and Northern Ireland (the),mrc,10,Government
KE-NGC-3372,I Choose Life Africa,active,Kenya,ke-ngc-3372,22,National NGO
GB-CHC-1065972,International Rescue Committee UK,active,United Kingdom of Great Britain and Northern Ireland (the),irc_uk,21,International NGO
GB-COH-06407873,HTSPE,active,United Kingdom of Great Britain and Northern Ireland (the),htspe,70,Private Sector
GB-CHC-1024903,Hospice Africa Ltd,active,United Kingdom of Great Britain and Northern Ireland (the),hauk,80,"Academic, Training and Research"
GB-CHC-326859,Able Child Africa,active,United Kingdom of Great Britain and Northern Ireland (the),ablechildafrica,21,International NGO
NP-SWC-13712,Global Action Nepal,active,Nepal,gan,22,National NGO
GB-COH-2732176,Adam Smith International,active,United Kingdom of Great Britain and Northern Ireland (the),asi,70,Private Sector
US-EIN-131837418,The Foundation Center,active,United States of America (the),foundation_center,21,International NGO
GB-COH-4884328,Integrity Action,active,United Kingdom of Great Britain and Northern Ireland (the),integrity_action,21,International NGO
CH-4,Suíça – Agência Suíça para o Desenvolvimento e a Cooperação (SDC),active,Switzerland,sdc_ch,10,Government
GB-CHC-1078803,Bees for Development Trust,active,United Kingdom of Great Britain and Northern Ireland (the),beesfordevelopment,21,International NGO
FR-SIRET-4028868160030,ACTED,active,France,acted,21,International NGO
XM-DAC-7,Ministério dos Negócios Estrangeiros – Países Baixos,active,Netherlands (the),minbuza_nl,10,Government
GB-CHC-289036,Emmanuel International UK,active,United Kingdom of Great Britain and Northern Ireland (the),eiuk,21,International NGO
GB-CHC-291333,Feed the Minds,active,United Kingdom of Great Britain and Northern Ireland (the),ftm-291333,21,International NGO
NP-DAO-27-689/063/064,NGO Federation of Nepal,active,Nepal,nfn,22,National NGO
GB-COH-03259922,Crown Agents Limited,active,United Kingdom of Great Britain and Northern Ireland (the),cal,70,Private Sector
GB-COH-04589451,ARK (Absolute Return for Kids),active,United Kingdom of Great Britain and Northern Ireland (the),ark,21,International NGO
GB-CHC-290836,APT Action on Poverty,active,United Kingdom of Great Britain and Northern Ireland (the),apt,21,International NGO
KE-NGCB-149,SOS Children's Villages Kenya,active,Kenya,soscvkenya,21,International NGO
GB-CHC-1083008,MAG,active,United Kingdom of Great Britain and Northern Ireland (the),mag,21,International NGO
GB-CHC-1098752,Target TB,active,United Kingdom of Great Britain and Northern Ireland (the),targettb,21,International NGO
XM-DAC-41127,Escritório das Nações Unidas para a Coordenação de Assuntos Humanitários (OCHA),active,Switzerland,unocha,40,Multilateral
GB-COH-1858644,DAI Europe,active,United Kingdom of Great Britain and Northern Ireland (the),dai-e,70,Private Sector
GB-CHC-1087997,Stars Foundation,active,United Kingdom of Great Britain and Northern Ireland (the),starsfoundation,60,Foundation
NP-SWC-19336,,active,Nepal,phase-nepal,22,National NGO
NP-DAO-531/062/063,PHASE Nepal,withdrawn,Nepal,phase-nepal,22,National NGO
FR-6,Ministério da Europa e dos Negócios Estrangeiros – França,active,France,france,10,Government
XI-IATI-035026724,Hilfswerk Austria Zimbabwe,active,Zimbabwe,hwa-zm,21,International NGO
IE-CHY-15037,Plan Ireland Charitable Assistance Limited,active,Ireland,plan_ireland,21,International NGO
FR-3,Agence Française de Développement,active,France,afd,15,Other Public Sector
GB-CHC-209131,British Council,active,United Kingdom of Great Britain and Northern Ireland (the),britishcouncil,15,Other Public Sector
GB-CHC-1128536,Street Child,active,United Kingdom of Great Britain and Northern Ireland (the),street_child,21,International NGO
GB-CHC-1081695,Vision Aid Overseas,active,United Kingdom of Great Britain and Northern Ireland (the),vao,21,International NGO
GB-COH-03580586-GEC,Girls’ Education Challenge – Fund Manager PwC,active,United Kingdom of Great Britain and Northern Ireland (the),gecfundmanagerpwc,70,Private Sector
GB-COH-07669775,GEMS Education Solutions,active,Ghana,mgcubed,70,Private Sector
US-EIN-54-0536100,ChildFund International,active,United States of America (the),childfund,21,International NGO
NP-DAO-DANG-18-046/47,Backward Society Education (BASE),active,Nepal,base_22,22,National NGO
GB-CHC-1104458,Theatre for a Change UK,active,United Kingdom of Great Britain and Northern Ireland (the),tfac,21,International NGO
GB-CHC-1093861,International Medical Corps UK,active,United Kingdom of Great Britain and Northern Ireland (the),imc_uk,21,International NGO
GB-COH-7557881,Social Impact Lab CIC,active,United Kingdom of Great Britain and Northern Ireland (the),simlab,21,International NGO
KE-RCO-270901,Education Development Trust,withdrawn,Kenya,edt_kenya,21,International NGO
GB-CHC-213251,Lepra,active,United Kingdom of Great Britain and Northern Ireland (the),lepra,21,International NGO
NL-KVK-51018586,,withdrawn,Netherlands,zimmzimm,70,Private Sector
JO-CCD-50544,Arab Reporters for Investigative Journalism,active,Jordan,arij,80,"Academic, Training and Research"
NL-KVK-41188664,ICS,active,Netherlands (the),ics,21,International NGO
DAC-1601,Fundação Bill & Melinda Gates,active,United States of America (the),bmgf,60,Foundation
NP-SWC-00589,Shtrii Shakti,active,Nepal,shtrii_shakti,22,National NGO
GB-CHC-1085096,Women and Children First (Reino Unido),active,United Kingdom of Great Britain and Northern Ireland (the),wcf,21,International NGO
MW-NBM-00139,Theatre for a Change Malawi,active,Malawi,tfacmalawi,22,National NGO
NL-KVK-41166983,Center for International Legal Cooperation (CILC),active,Netherlands (the),cilc,60,Foundation
GB-CHC-1135156,TREE AID,active,United Kingdom of Great Britain and Northern Ireland (the),treea,21,International NGO
CA-CRA_ARC-119304848,World University Service of Canada,active,Canada,wusc,21,International NGO
GB-CHC-1154085,Exeter Ethiopia Link,active,United Kingdom of Great Britain and Northern Ireland (the),eel,21,International NGO
TZ-BRLA-36057,KPMG East Africa,active,"Tanzania, the United Republic of",kpmgea,70,Private Sector
GB-CHC-1053389,Viva,active,United Kingdom of Great Britain and Northern Ireland (the),viva,21,International NGO
XM-DAC-47111,Adaptation Fund,active,United States of America (the),af,40,Multilateral
47111,Adaptation Fund,withdrawn,United States,af,40,Multilateral
DK-CVR-33985339,Trianglen,active,Denmark,trianglen,22,National NGO
GB-CHC-1094478,Excellent Development,active,United Kingdom of Great Britain and Northern Ireland (the),excellent,21,International NGO
GB-CHC-1047501,Action Against Hunger UK,active,United Kingdom of Great Britain and Northern Ireland (the),acf,21,International NGO
CA-4,Ministério das Finanças do Canadá,active,Canada,finance_canada,10,Government
GB-CHC-1105489,Sabre Education Limited,active,United Kingdom of Great Britain and Northern Ireland (the),sct,21,International NGO
DE-AG-VR7795,Fairtrade Labelling Organizations International e.V.,active,Germany,fairtrade_international,21,International NGO
NL-KVK-41210098,Both ENDS,active,Netherlands (the),bothends,22,National NGO
NL-KVK-20093733,Heifer Nederland,active,Netherlands (the),heifernederland,22,National NGO
GB-CHC-1112699,Teach A Man To Fish,active,United Kingdom of Great Britain and Northern Ireland (the),tamtf,21,International NGO
NL-KVK-34141098,Fairfood International,active,Netherlands (the),fairfood,22,National NGO
NL-KVK-41201806,Transnational Institute,active,Netherlands (the),tni,60,Foundation
GB-CHC-261488,Amref Health Africa – Reino Unido,active,United Kingdom of Great Britain and Northern Ireland (the),amrefha,21,International NGO
XI-IATI-CHSA,Association CHS Alliance,active,Switzerland,chs_alliance,21,International NGO
NL-KVK-40535338,Friends of the Earth International,active,Netherlands (the),foei,21,International NGO
PK-MSW-633-1965,Rahnuma-Family Planning Association of Pakistan,active,Pakistan,rfpap,22,National NGO
GB-CHC-1147083,Rojiroti UK,active,United Kingdom of Great Britain and Northern Ireland (the),rojiroti,21,International NGO
GB-CHC-1125512,Lively Minds,active,United Kingdom of Great Britain and Northern Ireland (the),livelyminds,21,International NGO
NL-KVK-27108436,Oxfam Novib,active,Netherlands (the),onl,21,International NGO
GB-COH-877338,Institute of Development Studies,active,United Kingdom of Great Britain and Northern Ireland (the),ids,80,"Academic, Training and Research"
GB-SC-SC032327,EMMS International,active,United Kingdom of Great Britain and Northern Ireland (the),emms,21,International NGO
US-EIN-522043740,"Discovery Learning Alliance, Inc.",active,United States of America (the),dla,21,International NGO
GB-CHC-1128267-8,HelpAge International UK,active,United Kingdom of Great Britain and Northern Ireland (the),ageintl,22,National NGO
GB-CHC-293734,Christian Engineers in Development,active,United Kingdom of Great Britain and Northern Ireland (the),ced,21,International NGO
GB-GOV-7,"Reino Unido – Ministério do Ambiente, da Alimentação e dos Assuntos Rurais",active,United Kingdom of Great Britain and Northern Ireland (the),defra_transparency,10,Government
BE-BCE_KBO-0447404580,Avocats Sans Frontières,active,Belgium,asf,22,National NGO
US-501c3-522318905,AidData,active,United States of America (the),aiddata,80,"Academic, Training and Research"
XM-DAC-701-8,Agência de Cooperação Internacional do Japão (JICA),active,Japan,jica,40,Multilateral
GB-SC-037597,CIFAL Scotland,active,United Kingdom of Great Britain and Northern Ireland (the),cifal,80,"Academic, Training and Research"
GH-RGD-CG220182018,,active,Ghana,star_ghanafoundation,60,Foundation
US-EIN-84-1166148,Water for People,active,United States of America (the),w4p,21,International NGO
NL-KVK-27248417,Aqua for All,active,Netherlands (the),aqua4all,60,Foundation
GB-CHC-1112734,PHASE Worldwide,active,United Kingdom of Great Britain and Northern Ireland (the),phase_worldwide,21,International NGO
KE-NGC-9381,Across,active,Kenya,across,21,International NGO
GB-CHC-295224,Muslim Aid,active,United Kingdom of Great Britain and Northern Ireland (the),muslimaid,21,International NGO
GB-CHC-250456,Find Your Feet,active,United Kingdom of Great Britain and Northern Ireland (the),fyf,21,International NGO
XM-DAC-47501,Parceria Global para a Educação,active,United States of America (the),gpe,40,Multilateral
GB-CHC-1086159,One to One Children's Fund,active,United Kingdom of Great Britain and Northern Ireland (the),onetoonecf,21,International NGO
IN-ITA-1886,Micro Insurance Academy,active,India,mia_india,80,"Academic, Training and Research"
GB-CHC-1121273,FRANK Water,active,United Kingdom of Great Britain and Northern Ireland (the),frankwater,21,International NGO
GB-COH-3799145,Coffey International Development,active,United Kingdom of Great Britain and Northern Ireland (the),coffey,70,Private Sector
GB-COH-04276635,act4africa,active,United Kingdom of Great Britain and Northern Ireland (the),act4africa,21,International NGO
NL-KVK-41022454,Stichting Red een Kind,active,Netherlands (the),redeenkind,21,International NGO
GB-CHC-1096479,ShelterBox,active,United Kingdom of Great Britain and Northern Ireland (the),shelterbox,21,International NGO
GB-CHC-1108464,Bees Abroad UK,active,United Kingdom of Great Britain and Northern Ireland (the),bauk,21,International NGO
US-EIN-13-5563422,Catholic Relief Services,active,United States of America (the),crs,21,International NGO
XM-DAC-41108,Fundo Internacional de Desenvolvimento Agrícola (FIDA),active,(No country assigned),ifad,40,Multilateral
GB-CHC-1001813,The HALO Trust,active,United Kingdom of Great Britain and Northern Ireland (the),halo,21,International NGO
NL-KVK-56484038,ICCO Cooperation,active,Netherlands (the),icco-cooperation,21,International NGO
GB-CHC-1077889,Pump Aid,active,United Kingdom of Great Britain and Northern Ireland (the),pumpaid,21,International NGO
GB-CHC-328273,Food for the Hungry UK,active,United Kingdom of Great Britain and Northern Ireland (the),fh,21,International NGO
GB-CHC-1126550,PEAS (Promoting Equality in African Schools),active,United Kingdom of Great Britain and Northern Ireland (the),peas,21,International NGO
UA-EDR-37199602,Escola de Economia e Gestão de Kiev,active,Ukraine,kse,80,"Academic, Training and Research"
GB-CHC-270901,,active,United Kingdom of Great Britain and Northern Ireland (the),eddevtrust,21,International NGO
GB-CHC-1122799,Retrak,active,United Kingdom of Great Britain and Northern Ireland (the),retrak,21,International NGO
XM-DAC-30010,UNITAID,active,Switzerland,utd,40,Multilateral
GB-SC-044007,Bioclimate Research and Development,active,United Kingdom of Great Britain and Northern Ireland (the),bioclimate,21,International NGO
GB-CHC-220949,Cruz Vermelha Britânica,active,United Kingdom of Great Britain and Northern Ireland (the),gb-chc-220949,21,International NGO
NL-KVK-32108345,CHOICE for Youth and Sexuality,active,Netherlands (the),cfyas,21,International NGO
NL-KVK-27378529,Agência Empresarial dos Países Baixos,active,Netherlands (the),rvo,10,Government
NL-KVK-41180500,SeeYou Foundation,active,Netherlands (the),syf,21,International NGO
XM-DAC-47086,Private Infrastructure Development Group,active,United Kingdom of Great Britain and Northern Ireland (the),pidg,40,Multilateral
GB-CHC-1079599,BasicNeeds,active,United Kingdom of Great Britain and Northern Ireland (the),basicneeds,21,International NGO
GB-CHC-1071660,Cecily's Fund,active,United Kingdom of Great Britain and Northern Ireland (the),cecily,21,International NGO
NL-KVK-41150298,Amref Flying Doctors,active,Netherlands (the),amrefnl,22,National NGO
XM-DAC-301-2,Canadá – Centro de Investigação para o Desenvolvimento Internacional,active,Canada,idrccrdi,15,Other Public Sector
GB-CHC-1000717,CODA International,active,United Kingdom of Great Britain and Northern Ireland (the),coda,21,International NGO
US-EIN-13-3287064,InterAction,active,United States of America (the),interaction,21,International NGO
ZA-ROC-1999/05072/08,Desmond Tutu HIV Foundation,active,South Africa,dthfxx12,80,"Academic, Training and Research"
GB-CHC-1143852,Hagar International UK,active,United Kingdom of Great Britain and Northern Ireland (the),hagar_uk,21,International NGO
GB-COH-353570,Water Witness International,active,United Kingdom of Great Britain and Northern Ireland (the),water-witness-international,21,International NGO
NL-KVK-34200988 (deprecated),Fundação RAIN (anteriormente),active,Netherlands (the),rainfoundation,21,International NGO
NL-KVK-34229026,Stichting Aflatoun International,active,Netherlands (the),aflatoun,21,International NGO
GB-GOV-8,Reino Unido – Ministério da Defesa,active,United Kingdom of Great Britain and Northern Ireland (the),ukmod,10,Government
ZA-NPO-025-359,mothers2mothers,active,South Africa,m2m_sa,21,International NGO
NL-KVK-34214586,partos,active,Netherlands (the),partos_nl,22,National NGO
XM-DAC-41304,"Organização das Nações Unidas para a Educação, a Ciência e a Cultura (UNESCO)",active,France,unesco,40,Multilateral
GB-CHC-1157009,Rainforest Foundation UK,active,United Kingdom of Great Britain and Northern Ireland (the),abaseen,21,International NGO
ML-NIF-086108989R,Association de Soutien au Développement des Activités de Population,active,Mali,asdap,22,National NGO
BD-NAB-0203,"Association for Prevention of Septic Abortion, Bangladesh (BAPSA)",active,Bangladesh,bapsa,22,National NGO
GB-CHC-1069182,International Service,active,United Kingdom of Great Britain and Northern Ireland (the),unais,21,International NGO
GB-COH-06133927,Avanti Communications Plc,active,United Kingdom of Great Britain and Northern Ireland (the),ava_admin,70,Private Sector
GH-DSW-258,Friends of the Earth – Gana,active,Ghana,foe-ghana,22,National NGO
XM-DAC-918-3,Banco Europeu de Investimento,active,(No country assigned),eib,40,Multilateral
GB-CHC-1084729,World Child Cancer UK,active,United Kingdom of Great Britain and Northern Ireland (the),wccuk,21,International NGO
MZ-MOJ-F2G1No4,Magariro,active,Mozambique,magariro,22,National NGO
XI-IATI-EBRD,Banco Europeu de Reconstrução e Desenvolvimento,active,(No country assigned),ebrd,40,Multilateral
GB-CHC-000391,The Open University,active,United Kingdom of Great Britain and Northern Ireland (the),open_university,80,"Academic, Training and Research"
GB-CHC-1038785,Mifumi UK,active,United Kingdom of Great Britain and Northern Ireland (the),mifumi_uk,21,International NGO
GB-CHC-1094272,Project Harar,active,United Kingdom of Great Britain and Northern Ireland (the),phe,21,International NGO
XM-DAC-77,Ministério dos Negócios Estrangeiros da Roménia,active,Romania,uasd,10,Government
XI-IATI-1001,The Coca-Cola Export Corporation,active,United States of America (the),tccec,70,Private Sector
GB-CHC-1125217,Welbodi Partnership,active,United Kingdom of Great Britain and Northern Ireland (the),welbodipartnership,80,"Academic, Training and Research"
FI-PRO-143138,Kepa ry,active,Finland,kepa,22,National NGO
KE-NCB-OP/218/051/915/65,Windle Trust Kenya,active,Kenya,wtk,22,National NGO
NL-KVK-41048542,Stichting Agriterra,active,Netherlands (the),agriterra,60,Foundation
UG-NGB-5914-7209,Cheshire Services Uganda,withdrawn,Uganda,csu,22,National NGO
GB-CHC-1150214,Carers Worldwide,active,United Kingdom of Great Britain and Northern Ireland (the),cww,21,International NGO
GB-CHC-1054369,KwaAfrica,active,United Kingdom of Great Britain and Northern Ireland (the),kwaafrica,21,International NGO
KE-NGC-663,Agência Adventista de Desenvolvimento e Recursos Assistenciais (ADRA Somalia),active,Somalia,adrasom,21,International NGO
MZ-MOJ-F30G1No89,ANDA,active,Mozambique,anda,22,National NGO
GB-CHC-1117528,Haiti Hospital Appeal,active,United Kingdom of Great Britain and Northern Ireland (the),hha,21,International NGO
NL-KVK-30285304,Stichting Humana,active,Netherlands (the),humana_houben,21,International NGO
GB-CHC-1148404,Internews Europe,active,United Kingdom of Great Britain and Northern Ireland (the),ieu,21,International NGO
NL-KVK-41217404,Fundação GPPAC,active,Netherlands (the),gppac,21,International NGO
GB-COH-NI011322,War on Want NI,active,United Kingdom of Great Britain and Northern Ireland (the),wowni,21,International NGO
GB-CHC-1123946,Youth Business International,active,United Kingdom of Great Britain and Northern Ireland (the),ybi,21,International NGO
GB-CHC-1049160,Anti-Slavery International,active,United Kingdom of Great Britain and Northern Ireland (the),asil,21,International NGO
XM-DAC-2-10,Cooperação Belga para o Desenvolvimento,active,Belgium,be-dgd,10,Government
GB-COH-1110949,Mott MacDonald Limited,active,United Kingdom of Great Britain and Northern Ireland (the),mml,70,Private Sector
US-EIN-941191246,The Asia Foundation,active,United States of America (the),taf,21,International NGO
GB-CHC-1129603,Cyan International,active,United Kingdom of Great Britain and Northern Ireland (the),cyan,21,International NGO
GB-SC-SC012302,Scottish Catholic International Aid Fund (SCIAF),active,United Kingdom of Great Britain and Northern Ireland (the),sciaf,21,International NGO
GB-CHC-1151615,Signal,active,United Kingdom of Great Britain and Northern Ireland (the),signal,21,International NGO
CH-FDJP-CHE109668357,Fundação Lemann,active,Switzerland,lemann,60,Foundation
UG-NGB-5914-9186,CRANE,active,Uganda,crane,22,National NGO
GB-CHC-1076235,BBC Media Action,active,United Kingdom of Great Britain and Northern Ireland (the),bbcmediaaction,21,International NGO
US-EIN-20-4451390,Natural Resource Governance Institute (NRGI),active,United States of America (the),nrgi,21,International NGO
SK-ZRSR-31784828,Fundação Pontis,active,Slovakia,pontis,60,Foundation
NO-BRC-971277882,NORAD – Agência Norueguesa para a Cooperação de Desenvolvimento,active,Norway,norad,10,Government
US-EIN-20-3690821,Rights and Resources Initaitive,active,United States of America (the),rri,21,International NGO
KE-RCO-C95110,,active,Kenya,kcdf,60,Foundation
US-EIN-81-3014704,Syria Justice and Accountability Centre (SJAC),active,United States of America (the),sjac,22,National NGO
XI-IATI-5914-1107,Fundação Stromme,active,Uganda,stromme_ug,22,National NGO
GB-CHC-1122299,interburns,active,United Kingdom of Great Britain and Northern Ireland (the),interburns,21,International NGO
GB-COH-06368740,Development Initiatives Poverty Research,active,United Kingdom of Great Britain and Northern Ireland (the),dipr,21,International NGO
GB-CHC-294329,Progressio (encerrada),active,United Kingdom of Great Britain and Northern Ireland (the),progressio,21,International NGO
US-EIN-52-1826242,,active,United States of America (the),tan,21,International NGO
CA-CRA_ACR-127202349,Instituto Internacional para o Desenvolvimento Sustentável,active,Canada,iisd,21,International NGO
GB-GOV-24,Office for National Statistics,active,United Kingdom of Great Britain and Northern Ireland (the),ons,10,Government
GB-CHC-285908,World Vision Reino Unido,active,United Kingdom of Great Britain and Northern Ireland (the),wvuk,21,International NGO
GB-COH-3031674,Traidcraft Exchange,active,United Kingdom of Great Britain and Northern Ireland (the),traidcraft,21,International NGO
DE-CR-RA000217-HRB157125B,Fundação Wayamo,active,Germany,wayamo,21,International NGO
GB-COH-294860,ADD International (Action on Disability and Development),active,United Kingdom of Great Britain and Northern Ireland (the),addinternational,21,International NGO
GB-CHC-1076497,Sense International,active,United Kingdom of Great Britain and Northern Ireland (the),sense_international,21,International NGO
GB-CHC-1142476,Friends of Kipkelion,active,Kenya,kipkelion,23,Regional NGO
GB-CHC-1050327,The Leprosy Mission England and Wales,active,United Kingdom of Great Britain and Northern Ireland (the),tlmew,21,International NGO
NL-KVK-41155934,,active,Netherlands (the),vso_nl,21,International NGO
GB-CHC-1089490,Hope and Homes for Children,active,United Kingdom of Great Britain and Northern Ireland (the),hhc,21,International NGO
GB-CHC-1156822,Welsh Centre for International Affairs,active,United Kingdom of Great Britain and Northern Ireland (the),wcia,22,National NGO
KE-NCB-OP218051200904966065,Pan African Climate Justice Alliance,active,Kenya,pacja,21,International NGO
GB-COH-11126312,Global Disability Innovation Hub,active,United Kingdom of Great Britain and Northern Ireland (the),gdihub,80,"Academic, Training and Research"
GB-COH-OC301540,KPMG LLP,active,United Kingdom of Great Britain and Northern Ireland (the),kpmgllp,70,Private Sector
GB-COH-05393391,,active,United Kingdom of Great Britain and Northern Ireland (the),galvmed,21,International NGO
GB-CH-05393391,,withdrawn,United Kingdom,galvmed,21,International NGO
UG-NGB-63360,Protecting Families Against HIV/AIDS,active,Uganda,prefa_1,22,National NGO
NL-KVK-27293385,"WO=MEN, Dutch Gender Platform",active,Netherlands (the),wo-men,22,National NGO
VN-MOST-A399,,active,Viet Nam,cdi_vn_2021,22,National NGO
IN-MCA-U74999DL2004NPL131340,Oxfam India,active,India,oxfamindia,22,National NGO
GB-SC-035056,International Primary Care Respiratory Group,active,United Kingdom of Great Britain and Northern Ireland (the),ipcrg,80,"Academic, Training and Research"
NL-KVK-41217595,Stichting ActionAId,active,Netherlands (the),aanl,21,International NGO
DK-CVR-88136411,Oxfam IBIS,active,Denmark,ibis_denmark,21,International NGO
NL-KVK-41160054,Cordaid,active,Netherlands (the),cordaid,21,International NGO
NP-SWC-27693,Aasaman Nepal,active,Nepal,aasaman,22,National NGO
MZ-MOJ-203D,Alfalit,active,Mozambique,alfalit,22,National NGO
NL-KVK-08215619-201210000,Kadaster International,active,Netherlands (the),kad,10,Government
NL-KVK-41077447,ECDPM,active,Netherlands (the),ecdpm,80,"Academic, Training and Research"
GB-CHC-1067406,Doctors of the World UK,active,United Kingdom of Great Britain and Northern Ireland (the),dotw_uk,21,International NGO
GB-CHC-1046001,Disability and Development Partners,active,United Kingdom of Great Britain and Northern Ireland (the),ddp,21,International NGO
PK-NTN-6110190392611,,active,Pakistan,aaip,80,"Academic, Training and Research"
GB-CHC-1113868,Hand in Hand International,active,United Kingdom of Great Britain and Northern Ireland (the),handinhand,21,International NGO
BD-NAB-1301,"Transparência Internacional, Bangladesh",active,Bangladesh,tib,21,International NGO
BE-BCE_KBO-0464019195,,active,Belgium,apopo,21,International NGO
NL-KVK-61172863,Stichting fondsbeheer DGGF lokaal MKB,active,Netherlands (the),dggf_financing_local_smes,60,Foundation
US-EIN-042347643,Abt Associates Inc,active,United States of America (the),abt,70,Private Sector
XM-DAC-84,Ministério dos Negócios Estrangeiros da Lituânia,active,Lithuania,lithuania_mfa,10,Government
IE-CHY-6998,Christian Aid Ireland,active,Ireland,caid_ireland,21,International NGO
NL-KVK-34308169,Free a Girl,active,Netherlands (the),freeagirl,60,Foundation
XI-IATI-1002,United Mission to Nepal,active,Nepal,umn,21,International NGO
GB-COH-1134415,MADE in Europe,active,United Kingdom of Great Britain and Northern Ireland (the),mie-1134415,21,International NGO
GB-CHC-214779,The Salvation Army International Development UK,active,United Kingdom of Great Britain and Northern Ireland (the),said-uk,21,International NGO
US-EIN-13-3287064NAM,InterAction's NGO Aid Map,withdrawn,United States,ia_nam,21,International NGO
GB-CHC-1145119,Varkey Foundation,active,Ghana,varkeyfoundation,21,International NGO
NL-KVK-34197379,dance4life,active,Netherlands (the),dance4life,21,International NGO
US-EIN-95-3202116,World Vision International,active,United States of America (the),wvi,21,International NGO
GB-CHC-1105277,Learning for Life,active,United Kingdom of Great Britain and Northern Ireland (the),learningforlife,21,International NGO
GB-CHC-1061352,Orbis Charitable Trust,active,United Kingdom of Great Britain and Northern Ireland (the),orbis_uk,21,International NGO
GB-GOV-21,Reino Unido – Governo da Escócia,active,United Kingdom of Great Britain and Northern Ireland (the),scottish_government,10,Government
GB-COH-2695347,Options Consultancy Services,active,United Kingdom of Great Britain and Northern Ireland (the),options,70,Private Sector
NL-KVK-41149287,Terre des Hommes Netherlands,active,Netherlands (the),tdh_nl,21,International NGO
GB-CHC-1110434,Wellfound,active,United Kingdom of Great Britain and Northern Ireland (the),wellfound,21,International NGO
NL-KVK-41149486,Stichting Vluchteling,active,Netherlands (the),st_vluchteling,21,International NGO
GB-CHC-1133342,Zing,active,United Kingdom of Great Britain and Northern Ireland (the),zing,60,Foundation
NL-KVK-41009723,ZOA,active,Netherlands (the),zoa,21,International NGO
NL-KVK-41223308,Stichting Onderzoek Multinationale Ondernemingen (SOMO),active,Netherlands (the),somo,80,"Academic, Training and Research"
NL-KVK-06702132,WYG International B.V.,active,United Kingdom of Great Britain and Northern Ireland (the),wygi,70,Private Sector
GB-COH-1869600,Itad,active,United Kingdom of Great Britain and Northern Ireland (the),itad,70,Private Sector
GB-COH-03122495,Oxford Policy Management,active,United Kingdom of Great Britain and Northern Ireland (the),opml,70,Private Sector
GB-COH-SC301345,Upper Quartile,active,United Kingdom of Great Britain and Northern Ireland (the),uq,70,Private Sector
NL-KVK-32037590,International Procurement Agency,active,Netherlands (the),ipa,70,Private Sector
GB-COH-02768268,Nathan Associates London Ltd.,active,United Kingdom of Great Britain and Northern Ireland (the),nathan,70,Private Sector
GB-COH-5155300,Alcis Holdings Limited,active,United Kingdom of Great Britain and Northern Ireland (the),alcis,70,Private Sector
mz-moj-64vq1,Ajuda de Desenvolvimento de Povo para Povo (ADPP),active,Mozambique,adpp,22,National NGO
GB-COH-2394229,Palladium International Ltd (Reino Unido),active,United Kingdom of Great Britain and Northern Ireland (the),palladium,70,Private Sector
FI-PRO-1498487-2,Plan International Finland,active,Finland,planinternationalfinland,21,International NGO
NL-KVK-41193594,Rutgers,active,Netherlands (the),rutgers,21,International NGO
GB-COH-00637978,Maxwell Stamp PLC,active,United Kingdom of Great Britain and Northern Ireland (the),mstamp,70,Private Sector
KE-NCB-218-051-9341-334,African Academy of Sciences,active,Kenya,aas,21,International NGO
GB-CHC-1101217,LAMB Health Care Foundation,active,United Kingdom of Great Britain and Northern Ireland (the),lhcf,22,National NGO
GB-COH-03580586,PwC,active,United Kingdom of Great Britain and Northern Ireland (the),pwc,70,Private Sector
GB-CHC-1048007,Link Community Development International,active,United Kingdom of Great Britain and Northern Ireland (the),lcdi_admin,21,International NGO
NG-CAC-RC481360,The Convention on Business Integrity,active,Nigeria,cbi-nigeria,21,International NGO
GB-COH-1574821,Landell Mills,active,United Kingdom of Great Britain and Northern Ireland (the),landell-mills,70,Private Sector
GB-COH-00986729,"Natural Resources Institute, Universidade de Greenwich.",active,United Kingdom of Great Britain and Northern Ireland (the),nri,80,"Academic, Training and Research"
NL-KVK-41215393,War Child Holland,active,Netherlands (the),warchildholland,21,International NGO
GB-COH-01245534,Atos IT Services Ltd,active,United Kingdom of Great Britain and Northern Ireland (the),atosuk,70,Private Sector
NL-KVK-41158230,CARE Nederland,active,Netherlands (the),carenederland,21,International NGO
GB-COH-03613839,IOD PARC,active,United Kingdom of Great Britain and Northern Ireland (the),iodparc,70,Private Sector
NL-KVK-41210820,Clean Clothes Campaign,active,Netherlands (the),ccc,21,International NGO
GB-COH-FC012665,McKinsey & Company,active,(No country assigned),mck,70,Private Sector
GB-COH-08327972,Aktis Strategy Ltd,active,United Kingdom of Great Britain and Northern Ireland (the),aktis,70,Private Sector
NL-KVK-41236410,Dorcas Aid International,active,Netherlands (the),dai,21,International NGO
US-GOV-18,,active,United States of America (the),millenniumchallenge,10,Government
US-18,Millennium Challenge Corporation,withdrawn,United States,millenniumchallenge,10,Government
NL-KVK-41202535,Mama Cash,active,Netherlands (the),mamac,60,Foundation
GB-COH-8835431,Simprints,active,United Kingdom of Great Britain and Northern Ireland (the),simprints,21,International NGO
GB-CHC-1158206,Water Works,active,United Kingdom of Great Britain and Northern Ireland (the),waterworks,21,International NGO
NL-KVK-30214009,PAX,active,Netherlands (the),pax,21,International NGO
NL-KVK-27284008,DECP,active,Netherlands (the),decp,22,National NGO
CO-CCB-00159397,Urgent Action Fund Latin America and the Caribbean,active,Colombia,uafla,23,Regional NGO
US-EIN-03-0419743,Urgent Action Fund for Women's Human Rights,active,United States of America (the),uaf,21,International NGO
NL-KVK-41177385,Tearfund Nederland,active,Netherlands (the),tear,21,International NGO
NL-KVK-41152786,SNV Netherlands Development Organisation,active,Netherlands (the),snv,21,International NGO
NL-KVK-41167934,Stichting Kinderpostzegels Nederland,active,Netherlands (the),skn,21,International NGO
US-EIN-522044704,Aeras,active,United States of America (the),aeras,21,International NGO
US-EIN-06-1597-668,Just Associates,active,United States of America (the),jass,21,International NGO
IN-MHA-083781496,,active,India,fhf,22,National NGO
US-EIN-521291786,Association for Women's Rights in Development (AWID),active,United States of America (the),awid,21,International NGO
NL-KVK-41179943,World Vision Países Baixos,active,Netherlands (the),wvnld,60,Foundation
NL-KVK-41201463,Save the Children Países Baixos,active,Netherlands (the),scnl,21,International NGO
NL-KVK-41151952,IRC,active,Netherlands (the),irc,21,International NGO
XM-OCHA-CERF,Fundo Central de Resposta de Emergência das Nações Unidas (CERF),active,United States of America (the),cerf,40,Multilateral
NL-KVK-34106722,AWEPA,active,Netherlands (the),awepa,21,International NGO
NL-KVK-40594571,Simavi,active,Netherlands (the),simavi,60,Foundation
NL-KVK-41118168,Stichting Woord en Daad,active,Netherlands (the),w-d,21,International NGO
NL-KVK-41198890,Plan International Países Baixos,active,Netherlands (the),plannlno,21,International NGO
XI-IATI-OFID,Fundo da OPEP para o Desenvolvimento Internacional (OFID),active,Austria,ofid,40,Multilateral
XI-IATI-CWSEC,Secretariado da Commonwealth,active,(No country assigned),commonwealthsecretariat,40,Multilateral
NL-KVK-41201644,Fundação Wemos,active,Netherlands (the),wemos,21,International NGO
US-EIN-26-1931968,Promundo-US,active,United States of America (the),pmo-us,21,International NGO
NL-KVK-33185213,Royal Tropical Institute,active,Netherlands (the),kit,21,International NGO
NL-KVK-41207580,Stichting Health Action International,active,Netherlands (the),hai,60,Foundation
NI-MIGOB-3602,Fondo Centroamericano de Mujeres,active,Nicaragua,fcam,60,Foundation
NL-KVK-34159275,UTZ,active,Netherlands (the),utz,21,International NGO
NL-KVK-41207989,Aidsfonds - Soa Aids Nederland,active,Netherlands (the),nl-kvk-41207989,21,International NGO
UG-RSB-73316,African Centre for Global Health and Social Transformation,active,Uganda,achest,21,International NGO
ZW-PVO-WO1789,Family Aids Caring Trust,active,Zimbabwe,fact,22,National NGO
GB-CHC-222655,Liverpool School of Tropical Medicine,active,United Kingdom of Great Britain and Northern Ireland (the),lstm,80,"Academic, Training and Research"
GB-COH-RC000710,,active,United Kingdom of Great Britain and Northern Ireland (the),queen_mary_london,80,"Academic, Training and Research"
KE-NCB-200201282375,Urgent Action Fund – Africa,active,Kenya,uaf-africa,23,Regional NGO
GB-CHC-1142516,ColaLife,active,United Kingdom of Great Britain and Northern Ireland (the),colalife,22,National NGO
XM-DAC-47059,Organização Internacional de Direito ao Desenvolvimento (IDLO),active,Italy,idlo,40,Multilateral
NL-KVK-41149831,Mensen met een Missie,active,Netherlands (the),mm1,22,National NGO
NL-KVK-30204842,Netherlands Food Partnership,active,Netherlands (the),nfp,60,Foundation
NL-KVK-41208813,Defence for Children International Netherlands – ECPAT Netherlands,active,Netherlands (the),dciecpatnl,22,National NGO
XM-DAC-41302,Organização Internacional do Trabalho (OIT),active,Switzerland,ilo,40,Multilateral
NL-KVK-27189542,Netherlands Institute for Multiparty Democracy (NIMD),active,Netherlands (the),nimd-hq,21,International NGO
NL-KVK-40530467,Milieudefensie,active,Netherlands (the),foenl,22,National NGO
US-EIN-47-4128047,Friends of Publish What You Fund,active,United States of America (the),friendsofpwyf,21,International NGO
BD-ROC-S-12313,,active,Bangladesh,bpcrs,80,"Academic, Training and Research"
NL-KVK-58183167,Fundação HE,active,Netherlands (the),hefoundation,60,Foundation
KE-NCB-93175,Amref Health Africa in Kenya,active,Kenya,amrefkenya,21,International NGO
NL-KVK-41150939,Solidaridad Europa,active,Netherlands (the),solidaridad-europe,21,International NGO
UG-RSB-29587,,active,Uganda,fidauganda,22,National NGO
US-EIN-31-1812979,CREA,active,India,creausa-org,21,International NGO
NL-KVK-52957535,Free Press Unlimited,active,Netherlands (the),free_press_unlimited,21,International NGO
NL-KVK-41172933,WASTE advisers on urban environment and development,active,Netherlands (the),waste,60,Foundation
FR-SIRET-77566669600015,SECOURS CATHOLIQUE – CARITAS FRANÇA,active,France,sccf,21,International NGO
GB-CHC-1062638,Disasters Emergency Committee,active,United Kingdom of Great Britain and Northern Ireland (the),dec-uk,22,National NGO
US-EIN-91-1179750,,active,United States of America (the),pbi_io,21,International NGO
NL-KVK-40409352,Cruz Vermelha Neerlandesa,active,Netherlands (the),nlrc,21,International NGO
XI-IATI-IKI,International Climate Initiative/BMU – Seceratriado da IKI,active,Germany,bmu_iki,10,Government
NL-KVK-51756811,Solidaridad,active,Netherlands (the),solidaridad,21,International NGO
NL-KVK-34111374,Fundação Fair Wear,active,Netherlands (the),fwf,21,International NGO
NL-KVK-40530953,Anistia Internacional Países Baixos,active,Netherlands (the),amnesty,21,International NGO
NL-KvK-41177601,Mondiaal FNV,active,Netherlands (the),mondiaalfnv,22,National NGO
NL-KVK-41177588,WNF Wereld Natuur Fonds,active,Netherlands (the),wnf,21,International NGO
AU-ACNC-19242959685,International Women's Development Agency,active,Australia,iwda,21,International NGO
NL-KVK-41180885,Comité Neerlandês da UICN,active,Netherlands (the),iucn_nl,21,International NGO
NL-KVK-41155305,Tropenbos International,active,Netherlands (the),tbi,21,International NGO
ZA-PBO-064-502,Sonke Gender Justice,active,South Africa,sjg,21,International NGO
NL-KVK-27267681,Centro do Clima da Cruz Vermelha e do Crescente Vermelho,active,Netherlands (the),climate_centre,21,International NGO
NL-KVK-9099028,Wetlands International,active,(No country assigned),wi,21,International NGO
PK-VSWA-511-2007,Acid Survivors Foundation,active,Pakistan,_admin,22,National NGO
NL-KVK-54436222,CNV Internationaal,active,Netherlands (the),nl-kvk-54436222-27541,22,National NGO
GB-COH-01846493,AECOM,active,United Kingdom of Great Britain and Northern Ireland (the),aecom,70,Private Sector
GB-CHC-1160256,,active,United Kingdom of Great Britain and Northern Ireland (the),read-foundation,21,International NGO
BE-BCE_KBO-0410057701,Institute of Tropical Medicine,active,Belgium,itm,15,Other Public Sector
ZW-ROD-2172,,active,Zimbabwe,galz,22,National NGO
BE-BCE_KBO-0264814354,Agência de desenvolvimento belga (Enabel),active,Belgium,enabel,10,Government
GB-CHC-287287,Centre for Economic Policy Research,active,United Kingdom of Great Britain and Northern Ireland (the),cepr,22,National NGO
NL-KVK-41197577,Aldeias de Crianças SOS – Países Baixos,active,Netherlands (the),sosnl,60,Foundation
NL-KVK-41211943,HealthNet TPO,active,Netherlands (the),healthnet,21,International NGO
GB-SC-SCO45223,marysmeals,active,United Kingdom of Great Britain and Northern Ireland (the),marysmeals,21,International NGO
AF-MOE-1212,Afghanistan Public Policy Research Organization (APPRO),active,Afghanistan,appro-af,80,"Academic, Training and Research"
GB-COH-04105827,MannionDaniels,active,United Kingdom of Great Britain and Northern Ireland (the),manniondaniels,70,Private Sector
BE-GTCF-630789842,APPRO – Europe,active,Belgium,appro-eu,80,"Academic, Training and Research"
NL-KVK-27195046,VNG International,active,Netherlands (the),vngi,15,Other Public Sector
KE-RCO-C1-61,Sede da Amref Health Africa,active,Kenya,amrefhq,21,International NGO
NL-KVK-09098104,Wageningen University & Research - Stichting Wageningen Research,active,Netherlands (the),wageningen_ur,80,"Academic, Training and Research"
NL-KVK-27078545,FMO,active,Netherlands (the),fmo,30,Public Private Partnership
GB-COH-03846881,Social Development Direct Limited,active,United Kingdom of Great Britain and Northern Ireland (the),sddirect,70,Private Sector
XI-IATI-CABI,CABI,active,(No country assigned),cabi,40,Multilateral
US-EIN-52-1764268,BSR,active,United States of America (the),bsr_admin,21,International NGO
GB-COH-07964746,,active,United Kingdom of Great Britain and Northern Ireland (the),satelliteapplicationscatapultltd,70,Private Sector
GB-COH-11080032,,active,United Kingdom of Great Britain and Northern Ireland (the),medaccess,70,Private Sector
NL-KVK-40530156,COC Nederland,active,Netherlands (the),cocnl_publisher,22,National NGO
NL-KVK-41078390,Centro Europeu de Jornalismo,active,Netherlands (the),ejc,22,National NGO
KR-GOV-010,República da Coreia,active,Korea (the Republic of),odakorea,10,Government
ET-MFA-0001989741,Amref Health Africa in Ethiopia,active,Ethiopia,amrefeth,21,International NGO
GB-COH-02651349,IMC WORLDWIDE,active,United Kingdom of Great Britain and Northern Ireland (the),imcw_admin,70,Private Sector
IN-MCA-U74140DL1998PLC097579,IPE Global Limited,active,India,ipeglobal,70,Private Sector
GB-CHC-209603,Royal National Lifeboat Institution (RNLI),active,United Kingdom of Great Britain and Northern Ireland (the),rnli_international,21,International NGO
GB-COH-05543952,Cardno Emerging Markets,active,United Kingdom of Great Britain and Northern Ireland (the),cardnoem,70,Private Sector
MW-NBM-R1527,Amref Health Africa in Malawi,active,Malawi,amrefmw,22,National NGO
XI-IATI-WAI,WASH Alliance International,active,Netherlands (the),wai,21,International NGO
GB-CHC-1148143,Stakeholder Democracy Network,active,United Kingdom of Great Britain and Northern Ireland (the),sdn,21,International NGO
GB-COH-04354941,Sound Seekers Limited,active,United Kingdom of Great Britain and Northern Ireland (the),soundseekers,21,International NGO
US-DOS-64562614,One Acre Fund,active,(No country assigned),oneacrefund,21,International NGO
MW-CNM-BCM-CF,Baylor College of Medicine Children's Foundation Malawi,active,Malawi,bcm-cf,22,National NGO
UG-NGB-5914-252,Amref Health Africa in Uganda,active,Uganda,amrefug,22,National NGO
GB-CHC-228248,Overseas Development Institute,active,United Kingdom of Great Britain and Northern Ireland (the),odi,80,"Academic, Training and Research"
NL-KVK-53521129,"IDH, the Sustainable Trade Initiative",active,Netherlands (the),idh,21,International NGO
MW-CNM-C076-1999,Youth Net and Counselling – YONECO,active,Malawi,yoneco1997,22,National NGO
XM-DAC-69-1,Ministério dos Assuntos Estrangeiros e Europeus da República Eslovaca,active,Slovakia,slovakaid,10,Government
US-EIN-20-1173866,Omidyar Network Fund Inc.,active,United States of America (the),omidyarnetwork,60,Foundation
CA-CRA_ACR-101182509,Cowater International Inc,active,Canada,cowater,70,Private Sector
ZA-NPO-057-611,,active,South Africa,nj_1,23,Regional NGO
FI-PRO-139407,Caritas Finlândia,active,Finland,caritasfin,22,National NGO
XM-DAC-903,Sociedade Financeira Internacional,active,United States of America (the),ifcwbg,40,Multilateral
US-EIN-550825466,IntraHealth International,active,United States of America (the),intrahealth,21,International NGO
NL-KVK-855689493,Stichting Mayday Rescue Foundation,active,Netherlands (the),maydayrescue,60,Foundation
GB-COH-08828458,International Network of People who Use Drugs (INPUD),active,United Kingdom of Great Britain and Northern Ireland (the),inpud_admin,21,International NGO
US-EIN-13-4128413,Global Alliance for TB Drug Development,active,United States of America (the),tb-a,80,"Academic, Training and Research"
NL-KVK-41146461,Stichting Deltares,active,Netherlands (the),deltares,,
NO-BRC-871033552,Norwegian People's Aid,active,Norway,npa,21,International NGO
GB-CHC-1145640,The Queen Elizabeth Diamond Jubilee Trust,active,United Kingdom of Great Britain and Northern Ireland (the),qedjt,60,Foundation
ZA-PBO-930040668,Orbis Africa,active,South Africa,orbis_africa,21,International NGO
XM-DAC-1409,Enhanced Integrated Framework,active,Switzerland,eif,40,Multilateral
IM-CR-024714B,openmindedly,active,Isle of Man,openmindedly,70,Private Sector
GB-COH-08333641,Delivery Associates Ltd,active,United Kingdom of Great Britain and Northern Ireland (the),delivery_associates,70,Private Sector
XM-DAC-41110,Secretariado do Programa Conjunto das Nações Unidas sobre HIV/AIDS (ONUSIDA),active,Switzerland,unaids,40,Multilateral
NL-KVK-41209946,Mainline,active,Netherlands (the),mainline,60,Foundation
GB-COH-SC100833,LTS International Limited,active,United Kingdom of Great Britain and Northern Ireland (the),lts,70,Private Sector
GB-CHC-1126281,Human Relief Foundation,active,United Kingdom of Great Britain and Northern Ireland (the),hrf,21,International NGO
US-EIN-262681792,International Initiative for Impact Evaluation,active,United States of America (the),3ie,21,International NGO
BE-BCE_KBO-0453975341,Search for Common Ground (SFCG),active,Belgium,sfcg,21,International NGO
BE-BCE_KBO-0453475391,Search for Common Ground (SFCG),withdrawn,Belgium,sfcg,21,International NGO
US-EIN-13-5660870,Comité Internacional de Socorro,active,United States of America (the),irc_inc,21,International NGO
NP-SWC-27288,Burns Violence Survivors – Nepal,active,Nepal,bvs-nepal,22,National NGO
US-EIN-13-3960591,,active,United States of America (the),social_accountability_international,21,International NGO
NL-KVK-56083459,Women Peacemakers Program,active,Netherlands (the),wpp,21,International NGO
GB-COH-01650169,Ecorys UK,active,United Kingdom of Great Britain and Northern Ireland (the),ecuk,70,Private Sector
US-EIN-471065461,The Global Forum on MSM & HIV (MSMGF),active,United States of America (the),msmgf,21,International NGO
US-EIN-56-1071085,Ipas,active,United States of America (the),ipas,21,International NGO
NG-CAC-495140,Women Environmental Programme,active,Nigeria,wep,22,National NGO
DK-CVR-36980214,DanChurchAid,active,Denmark,dca,21,International NGO
NL-KVK-41214768,Global Network of People Living with HIV (GNP+),active,Netherlands (the),gnpplus,21,International NGO
BO-NIT-1013209020,,active,Bolivia (Plurinational State of),wwf_bolivia,21,International NGO
GB-COH-08705643,,active,United Kingdom of Great Britain and Northern Ireland (the),ktn,15,Other Public Sector
GB-COH-SC349355,Global Network of Sex Work Projects (NSWP),active,United Kingdom of Great Britain and Northern Ireland (the),nswp,21,International NGO
NL-KVK-34219433,Fundação Max,active,Netherlands (the),max-foundation,60,Foundation
CH-FDJP-66029860165,INTERNATIONAL DISABILITY ALLIANCE,active,Switzerland,ida,21,International NGO
US-EIN-27-5026463,Disability Rights Advocacy Fund,active,United States of America (the),draf,21,International NGO
DK-CVR-29439915,Caritas Dinamarca,active,Denmark,caritas_denmark,22,National NGO
NL-KVK-66926262,Win Win Strategies,active,Netherlands (the),wws,21,International NGO
GB-COH-03054929,DAI Global Health,active,United Kingdom of Great Britain and Northern Ireland (the),healthpartners-international,70,Private Sector
GB-COH-OC305127,BDO LLP,active,United Kingdom of Great Britain and Northern Ireland (the),bdo,70,Private Sector
US-EIN-203908371,Fórum Económico Mundial,active,United States of America (the),worldeconomicforum,21,International NGO
BW-CIPA-CO20151011,International Treatment Preparedness Coalition (ITPC),active,Botswana,itpc,21,International NGO
TZ-BRLA-4368,Amref Health Africa in Tanzania,active,"Tanzania, the United Republic of",amreftz,21,International NGO
US-EIN-52-1238773,Women's Environment & Development Organization,active,United States of America (the),wedo,21,International NGO
GB-COH-NI630024,Siren Associates,active,United Kingdom of Great Britain and Northern Ireland (the),siren,70,Private Sector
GB-COH-8159144,Construction Sector Transparency Initiative (CoST),active,(No country assigned),cost_uk,21,International NGO
NL-KVK-32022621,,active,Netherlands (the),rnw_org,21,International NGO
BE-BCE_KBO-0550758080,Instituto Europeu para a Paz,active,Belgium,eip,15,Other Public Sector
NL-KVK-33226495,Atradius Dutch State Business,active,Netherlands (the),adsb,70,Private Sector
ZA-NPO-029-864,CIVICUS World Alliance for Citizen Participation,active,South Africa,civicus,21,International NGO
NG-CAC-IT-23286,Centre For Citizens With Disabilities,active,Nigeria,ccdnigeria,22,National NGO
XI-IATI-UNPF,UN Pooled Funds,active,(No country assigned),unpf,40,Multilateral
CH-FDJP-66006990023,ACT Alliance,active,Switzerland,act_alliance,21,International NGO
NL-KVK-30258482,,active,Netherlands (the),kerk_in_actie,21,International NGO
XM-DAC-47064,International Network for Bamboo and Rattan (INBAR),active,(No country assigned),inbar,40,Multilateral
NL-KVK-27251823,Support Trust for Africa Development (STAD),active,Netherlands (the),stad,21,International NGO
XM-DAC-5-52,,active,Germany,giz,15,Other Public Sector
XM-DAC-236,Ministério da Economia e das Finanças do Benim,active,Benin,mefbenin,10,Government
DK-CVR-44623528,COWI,active,Denmark,cowi,15,Other Public Sector
NL-KVK-34148682,AFEW International,active,Netherlands (the),afewinternational,21,International NGO
XM-DAC-30011,União Internacional para a Conservação da Natureza e dos Seus Recursos,active,Switzerland,iucn,15,Other Public Sector
BJ-IFU-3200700033415,Société Nationale des Eaux du Bénin (SONEB),active,Benin,soneb-benin,15,Other Public Sector
LB-MOI-18291,Arab foundation for freedoms and equality,active,Lebanon,afemena,23,Regional NGO
US-GOV-1,Agência dos Estados Unidos para o Desenvolvimento Internacional (USAID),active,United States of America (the),usaid,10,Government
GB-COH-07321996,Integrity Research and Consultancy Ltd,active,United Kingdom of Great Britain and Northern Ireland (the),integrity,70,Private Sector
CH-FDJP-109458452,DCAF – Geneva Centre for Security Sector Governance,active,Switzerland,dcaf,60,Foundation
US-EIN-943287156,Association for Progressive Communication,active,United States of America (the),apc,21,International NGO
KE-RCO-201036685,UHAI EASHRI,active,Kenya,uhai-eashri,60,Foundation
CZ-ICO-25755277,People in Need,active,Czechia,pin,21,International NGO
ZA-NPO-060766,,active,South Africa,cal_2000-pu,21,International NGO
BE-BCE_KBO-0427736148,Trias,active,Belgium,trias,22,National NGO
IE-CHY-20009601,Trocaire,active,Ireland,trocaire,21,International NGO
GB-CHC-1171353,Global Innovation Fund,active,United Kingdom of Great Britain and Northern Ireland (the),gif,21,International NGO
GB-COH-04161656,ICF Consulting Services Ltd,active,United Kingdom of Great Britain and Northern Ireland (the),icf,70,Private Sector
BJ-IFU-6201408024805,Associação Nacional de Comunas do Benim (ANCB),active,Benin,ancb_benin,22,National NGO
US-EIN-13-2890727,Guttmacher Institute,active,United States of America (the),guttmacher,21,International NGO
XM-DAC-41301,Organização das Nações Unidas para a Alimentação e a Agricultura (FAO),active,Italy,fao,40,Multilateral
CH-FDJP-106064950,Medair,active,Switzerland,medair,21,International NGO
NL-KVK-27302841,Giro555 (Stichting Samenwerkende Hulporganisaties),active,Netherlands (the),giro555,21,International NGO
GB-COH-RC000053,,active,United Kingdom of Great Britain and Northern Ireland (the),thebritishacademy,80,"Academic, Training and Research"
XM-DAC-928,Organização Mundial da Saúde,active,Switzerland,who,40,Multilateral
GB-CHC-1154230,Girls Not Brides: The Global Partnership to End Child Marriage,active,United Kingdom of Great Britain and Northern Ireland (the),girlsnotbrides,21,International NGO
NL-KVK-41152832,Stichting Nederlands Instituut voor Internationale Betrekkingen 'Clingendael',active,Netherlands (the),clingendael,80,"Academic, Training and Research"
IN-MCA-U74900MH2015PTC310042,,withdrawn,India,intellecap,70,Private Sector
NL-KVK-41160229,PUM Netherlands,active,Netherlands (the),pumnl,21,International NGO
NL-KVK-41153698,World Federalist Movement - Institute for Global Policy,active,Netherlands (the),wfm-igp,21,International NGO
GB-CHC-1091105,Meningitis Research Foundation,active,United Kingdom of Great Britain and Northern Ireland (the),mrf,21,International NGO
PH-SEC-FN200806591,Women's Global Network on Reproductive Rights,active,Philippines (the),wgnrr_iati,21,International NGO
US-EIN-27-3755556,IDEO.org,active,United States of America (the),ideo_org,21,International NGO
ET-CSA-0081,,active,Ethiopia,swda,22,National NGO
CH-FDJP-66004229946,Fórum Económico Mundial – Genebra,active,Switzerland,weforum_geneva,21,International NGO
BE-BCE_KBO-0410644946,Caritas International (Bélgica),active,Belgium,cibe,22,National NGO
CH-FDJP-CHE105834763,Helvetas Swiss Intercooperation,active,Switzerland,hsi,21,International NGO
NL-KVK-30195730,MVO Nederland,active,Netherlands (the),mvo_nederland,15,Other Public Sector
ML-NIF-400100027H,DNH Mali (Direção Nacional de Hidráulica do Mali),active,Mali,pca-gire,10,Government
US-EIN-13-1624114,Near East Foundation (NEF USA),active,United States of America (the),nef_usa,21,International NGO
US-EIN-58-1454716,The Carter Center,active,United States of America (the),carter-center,21,International NGO
NL-KVK-41169161,International Child Development Initiatives,withdrawn,Netherlands,icdi,21,International NGO
NL-KVK-27290536,HiiL innovating Justice,active,Netherlands (the),hiil_mfa,60,Foundation
PS-MOI-RA-22220-A,Union of Agricultural Work Committees,active,"Palestine, State of",uawc,22,National NGO
NL-KVK-53815211,Stichting VU Amsterdam - Amsterdam Centre for World Food Studies,active,Netherlands (the),acwfs_vu,80,"Academic, Training and Research"
ET-MOT-020/4/007,Ethiopian Horticulture Producer Exporters Association (EHPEA),active,Ethiopia,ehpea,22,National NGO
NL-KVK-41197411,Instituto Internacional de Documentação Fiscal (IBFD),active,Netherlands (the),ibfd,80,"Academic, Training and Research"
NL-KVK-67143555,United Work,active,Netherlands (the),united_work,22,National NGO
NL-KVK-27102631,Comité Nacional dos Países Baixos do UNICEF,active,Netherlands (the),unicefnl,22,National NGO
XM-DAC-6-4,AICS - Agenzia Italiana per la Cooperazione allo Sviluppo/Agência Italiana para a Cooperação e o Desenvolvimento,active,Italy,aics,10,Government
US-EIN-26-4129153,Climate Policy Initiative,active,United States of America (the),cpi,80,"Academic, Training and Research"
LR-MPEA-NGO-AC-0298,YMCA of Liberia,active,Liberia,libymca,22,National NGO
KE-RCO-CPR-2009-5689,,active,Kenya,tma,23,Regional NGO
KE-RCO-CPR/2009/5689,TradeMark East Africa,withdrawn,Kenya,tmea,23,Regional NGO
TR-MOI-27-018-163,Local Development and Small Projects Support,active,Türkiye,ldsps,22,National NGO
BE-BCE_KBO-0418766123,Vlaamse Interuniversitaire Raad voor Universitaire Ontwikkelingssamenwerking (VLIR-UOS),active,Belgium,vlir-uos,80,"Academic, Training and Research"
ET-CSA-0009,,active,Ethiopia,dec_ethiopia,22,National NGO
AR-CENOC-16969-A,Fundación Fondo Mujeres del Sur,active,Argentina,fms,60,Foundation
US-EIN-58-2368165,Fundação das Nações Unidas,active,United States of America (the),unf,22,National NGO
XM-DAC-47058,International IDEA,active,Sweden,idea,40,Multilateral
NL-KVK-41146484,IHE Delft Institute for Water Education,active,Netherlands (the),ihedelft,80,"Academic, Training and Research"
US-EIN-13-2626135,TechnoServe,active,United States of America (the),tns,21,International NGO
MZ-NUIT-700098168,Administração de Infra-Estruturas de Águas e Saneamento,active,Mozambique,aias,10,Government
XM-DAC-46009,Banco de Desenvolvimento do Caribe (BDC),active,Barbados,caribank,40,Multilateral
US-EIN-463668128,Comissão para as Mulheres Refugiadas,active,United States of America (the),w_r_c,21,International NGO
MZ-NUIT-50039061,Agência de Desenvolvimento do Vale do Zambeze,active,Mozambique,agencia_do_zambeze,10,Government
US-EIN-56-2460366,Conflict Dynamics International,active,United States of America (the),cdi,21,International NGO
GB-COH-RC000658,Universidade de Leeds,active,United Kingdom of Great Britain and Northern Ireland (the),leedsuni,80,"Academic, Training and Research"
MW-MRA-20125995,Mulanje Mission Hospital,active,Malawi,mmh,22,National NGO
NL-KVK-73728489,,active,Netherlands (the),inso,21,International NGO
GB-CHC-1140276,International NGO Safety Organisation,withdrawn,United Kingdom,inso,21,International NGO
XM-DAC-41116,Programa das Nações Unidas para o Meio Ambiente (PNUA),active,(No country assigned),un-environment,40,Multilateral
MW-RG-2977,Palliative Care Support Trust,active,Malawi,pcst,22,National NGO
GB-CHC-802353,Ethiopiaid Reino Unido,active,United Kingdom of Great Britain and Northern Ireland (the),ethiopiaiduk,21,International NGO
NL-KVK-70292361,Access to Seeds Foundation,active,Netherlands (the),atsf,21,International NGO
BE-BCE_KBO-0408643875,Oxfam Solidarité-Solidariteit,active,Belgium,oxsol,22,National NGO
US-EIN-33-1112770,CLASP,active,United States of America (the),clasp,21,International NGO
NL-KVK-58279199,The Access to Nutrition Foundation,active,Netherlands (the),atnf,21,International NGO
GB-CHC-1106349,International Network for Advancing Science and Policy,active,United Kingdom of Great Britain and Northern Ireland (the),inasp,21,International NGO
BD-NAB-1102,Population Services and Training Centre (PSTC),active,Bangladesh,pstc_1102,22,National NGO
JO-CCD-200138796,Horizons for Green Development,active,Jordan,horizons,22,National NGO
GB-CHC-1082565,Handicap International UK,active,United Kingdom of Great Britain and Northern Ireland (the),hiuk,80,"Academic, Training and Research"
ET-CSA-0638,Send a Cow Ethiopia,active,Ethiopia,sacethiopia,22,National NGO
RS-APR-17062603,Caritas Sérvia,active,(No country assigned),caritas_serbia,22,National NGO
NL-KVK-41185216,Netherlands Commission for Environmental Assessment,active,Netherlands (the),ncea,60,Foundation
US-EIN-23-7069110,Oxfam America,active,United States of America (the),oxfamus,21,International NGO
KE-NCB-218/051/15179/10159,Kesho Kenya,active,Kenya,kesho_kenya,22,National NGO
KE-NCB-OP21805193101154,Ananda Marga Universal Relief Team (AMURT) Africa,active,Kenya,amurt_kenya,22,National NGO
KE-NCB-KENCBOP218051200802235390,Pastoralist Girls Initiative,active,Kenya,pgi_kenya,22,National NGO
LB-MOI-26_AD,Fundação Berytech,active,Lebanon,berytech,60,Foundation
NL-KVK-64680029,,active,Netherlands (the),wfaf,60,Foundation
NL-KVK-41150085,Nuffic,active,Netherlands (the),nuffic20171017,80,"Academic, Training and Research"
BJ-IFU-6201200599008,ONG ALCRER,active,Benin,alcrer-1,22,National NGO
SE-ON-802017-3517,Diakonia Sweden,active,Sweden,diakonia-sweden,21,International NGO
BJ-IFU-6201101048400,Social Watch Benin,active,Benin,swb_1,22,National NGO
GB-GOV-13,"Department for Business, Energy and Industrial Strategy (BEIS) – Reino Unido",active,United Kingdom of Great Britain and Northern Ireland (the),beis,10,Government
US-EIN-13-1687001,"The Population Council, Inc.",active,United States of America (the),populationcouncil,80,"Academic, Training and Research"
SN-NINEA-621108990A0,Panos Institute West Africa (PIWA),active,Senegal,ipao,21,International NGO
NL-KVK-41159889,Prince Claus Fund,active,Netherlands (the),pcf,21,International NGO
US-EIN-11-3803281,African Center for Economic Transformation (ACET),active,United States of America (the),acet,23,Regional NGO
GB-COH-09288843,The Power of Nutrition,active,United Kingdom of Great Britain and Northern Ireland (the),the_power_of_nutrition,60,Foundation
DK-CVR-20699310,Conselho Dinamarquês para os Refugiados,active,Denmark,drc,21,International NGO
GB-CHC-1051681,Charitable Trust – Secção do Reino Unido da Amnistia Internacional,active,United Kingdom of Great Britain and Northern Ireland (the),aiuk,21,International NGO
GB-EDU-133784,Universidade de Birmingham,active,United Kingdom of Great Britain and Northern Ireland (the),universityofbirmingham,80,"Academic, Training and Research"
MZ-NUIT-600000381,Fundo de Investimento e Património do Abastecimento de Água (FIPAG),active,Mozambique,fipag,15,Other Public Sector
ZW-PVO-15/2003,CARE International in Zimbabwe,active,Zimbabwe,ciz,21,International NGO
US-EIN-521257057,Instituto de Recursos Mundiais,active,United States of America (the),wri,21,International NGO
KE-RSO-14210,United Disabled Persons of Kenya,withdrawn,Kenya,udpk,22,National NGO
BE-BCE_KBO-0435563751,Memisa,active,Belgium,memisa,80,"Academic, Training and Research"
ZW-PVO-26/79,World Vision Zimbabwe,active,Zimbabwe,wvz-gec,21,International NGO
NL-KVK-34271281,World Waternet,active,Netherlands (the),worldwaternet,21,International NGO
NL-KVK-24316726,Ecorys Nederland B.V.,active,Netherlands (the),ecorysnl,70,Private Sector
XM-DAC-47136,Global Green Growth Institute (GGGI),active,(No country assigned),gggi,40,Multilateral
BE-BCE_KBO-0448755949,Collectif Stratégies Alimentaires,active,Belgium,csa,22,National NGO
NL-KVK-34370207,Universidade de Amesterdã,active,Netherlands (the),uva_org,80,"Academic, Training and Research"
NL-KVK-41201198,The Hunger Project Netherlands,active,Netherlands (the),thp_org,21,International NGO
BE-BCE_KBO-0451857573,VVSG – Vereniging van Vlaamse Steden en Gemeenten,active,Belgium,vvsg,15,Other Public Sector
BE-BCE_KBO-0425410524,SOS FAIM – SOS HUNGER,active,Belgium,sosfaim,22,National NGO
ET-CSA-0486,Wolayita Development Association,active,Ethiopia,woda_0486,80,"Academic, Training and Research"
BE-BCE_KBO-0423616717,VVOB Education for Development,active,Belgium,vvob,15,Other Public Sector
BE-BCE_KBO-0423588904,Autre Terre asbl,active,Belgium,a-t,80,"Academic, Training and Research"
BE-BCE_KBO-0449400604,Ngo-federatie (Vlaamse federatie van ngo's voor ontwikkelingssamenwerking),active,Belgium,ngo-federatie,22,National NGO
CA-CRA_ACR-872374426,War Child Canada,active,Canada,wcc,21,International NGO
KE-NCB-218/051/93132/90,Federation of Women Lawyers Kenya,active,Kenya,fida,22,National NGO
IN-MCA-U74140WB1983PTC036093,PricewaterhouseCoopers Private Limited India,active,India,pwcplindia,70,Private Sector
ET-CSA-1063,Orbis Ethiopia,active,Ethiopia,orbis_ethiopia,22,National NGO
BE-BCE_KBO-0461076236,Centre Tricontinental – CETRI,active,Belgium,ct-admin,22,National NGO
BE-BCE_KBO-0418015461,Entraide et Fraternité,active,Belgium,ef_,22,National NGO
GB-CHC-1076822,Save the Children International,active,United Kingdom of Great Britain and Northern Ireland (the),sci,21,International NGO
BE-BCE_KBO-0422717486,Louvain Coopération,active,Belgium,lc,22,National NGO
BE-BCE_KBO-0451516390,Brulocalis,active,Belgium,brulocalis,15,Other Public Sector
BE-BCE_KBO-0421207751,Centre National de Coopération au Développement (CNCD-11.11.11),active,Belgium,cncd,22,National NGO
BE-BCE_KBO-0418282311,Viva Salud,active,Belgium,g3w-m3m_admin,22,National NGO
BE-BCE_KBO-0416486821,Oxfam-Magasins du monde (omdm),active,Belgium,omdm,22,National NGO
BE-BCE_KBO-0451461655,Union des Villes et Communes de Wallonie (UVCW),active,Belgium,uvcw,15,Other Public Sector
XM-OCHA-CBPF,OCHA Country Based Pooled Funds,active,(No country assigned),unocha-cbpf,40,Multilateral
BE-BCE_KBO-0424198222,Association for Cultural Technical and Educational Cooperation (ACTEC),active,Belgium,actec,22,National NGO
BE-BCE_KBO-0408908151,Iles de Paix,active,Belgium,idp,22,National NGO
NP-SWC-1844,Center for Research on Environment Health and Population Activities (CREHPA),active,Nepal,crehpa,22,National NGO
US-EIN-237297651,Orbis International,active,United States of America (the),orbis_international,21,International NGO
BE-BCE_KBO-0474198059,Africalia,active,Belgium,africalia,15,Other Public Sector
BE-BCE_KBO-0419872616,Tearfund VZW (TFBE),active,Belgium,tfb_admin1,22,National NGO
BE-BCE_KBO-0413986102,Wereldsolidariteit-Solidarité Mondiale (WSM),active,Belgium,wsm,22,National NGO
NG-CAC-692943,Academy for Health Development (AHEAD),active,Nigeria,ahead,80,"Academic, Training and Research"
BE-BCE_KBO-0461634084,Rode Kruis-Vlaanderen Internationaal vzw,active,Belgium,rkiv,22,National NGO
BE-BCE_KBO-0410661673,SCI Projets Internationaux ASBL – Service Civil International branche belge,active,Belgium,scibelgium,22,National NGO
BE-BCE_KBO-0432552989,Fonds voor Ontwikkelingssamenwerking – Socialistische Solidariteit VZW,active,Belgium,fos,22,National NGO
BE-BCE_KBO-0445412518,Institute for International Workers Education,active,Belgium,iiwe,22,National NGO
AF-MOE-138,Fundação Aga Khan – Afeganistão,active,Afghanistan,akf_afghanistan,60,Foundation
BE-BCE_KBO-0415627875,ULB-Coopération,active,Belgium,ulbcoop,22,National NGO
DK-CVR-37295728,NIRAS A/S,active,Denmark,niras,70,Private Sector
NL-KVK-62066064,GOGLA – Global Off-Grid Lighting Association,active,Netherlands (the),gogla,70,Private Sector
US-EIN-06-1608361,African Population and Health Research Center,active,United States of America (the),aphrc,23,Regional NGO
BE-BCE_KBO-0409451054,Enfance Tiers Monde Kinderen Derde Wereld,active,Belgium,etmkdw,22,National NGO
ZW-ROD-MA988/87,Women's Action Group,active,Zimbabwe,wag-1983,22,National NGO
BE-BCE_KBO-0408628435,SOS Kinderdorpen België / SOS Villages d'Enfants Belgique,active,Belgium,svdbskb_admin,21,International NGO
ET-CSA-1233,EngenderHealth Ethiopia,active,Ethiopia,engenderhealth_eth,21,International NGO
US-EIN-52-2145827,Chemonics International Inc.,active,United States of America (the),chemonics,70,Private Sector
BE-BCE_KBO-0441988715,Fairtrade Bélgica,active,Belgium,fairtrade_be,22,National NGO
LB-MOI-497,ABAAD – Resource Center for Gender Equality,active,Lebanon,arcfge,22,National NGO
ZM-PCR-10104052014,,active,Zambia,pphpz,21,International NGO
BE-BCE_KBO-0462132150,Croix-Rouge de Belgique Communauté francophone - Activités internationales ASBL,active,Belgium,crb-ai_admin,22,National NGO
BE-BCE_KBO-0431955945,Sensorial Handicap Cooperation,active,Belgium,shc,80,"Academic, Training and Research"
BE-BCE_KBO-0415880570,Association pour la Promotion de l'Education et de la Formation à l'Etranger,active,Belgium,apefe,15,Other Public Sector
BE-BCE_KBO-0433439550,Défi Belgique Afrique,active,Belgium,dba,22,National NGO
BE-BCE_KBO-0463455904,Chaîne de l'Espoir Belgique / Keten van Hoop België / Chain of Hope Belgium,active,Belgium,cdeb-kvhb_admin,22,National NGO
BE-BCE_KBO-0432235661,Handicap International Belgique,active,Belgium,hib,22,National NGO
BE-BCE_KBO-0415426155,Miel Maya Honing asbl,active,Belgium,mmha,22,National NGO
NL-KVK-34185938,Access to Medicine Foundation,active,Netherlands (the),atmf,60,Foundation
BE-BCE_KBO-0442168263,VETERINAIRES SANS FRONTIERES / DIERENARTSEN ZONDER GRENZEN - BÉLGICA,active,Belgium,vsfbelgium,22,National NGO
BE-BCE_KBO-0419189557,Rotary Clubs For Development,active,Belgium,rc4d,22,National NGO
BE-BCE_KBO-0454555163,RCN Justice & Démocratie,active,Belgium,rcn,22,National NGO
BE-BCE_KBO-0460162753,Medecins du Monde Belgique / Dokters van de Wereld Belgïe,active,Belgium,medecins,22,National NGO
BE-BCE_KBO-0413119733,VIA Don Bosco,active,Belgium,via-db,22,National NGO
BE-BCE_KBO-0408022778,Djapo,active,Belgium,djapo,22,National NGO
BE-BCE_KBO-0420656336,Rikolto in Belgium,active,Belgium,rikolto_belgium,22,National NGO
BE-BCE_KBO-0407562029,Comité Nacional da Bélgica do UNICEF,active,Belgium,ub,22,National NGO
BE-BCE_KBO-0662878501,Rikolto,active,Belgium,rikolto,60,Foundation
BE-BCE_KBO-0418088113,Broederlijk Delen,active,Belgium,bd,22,National NGO
BE-BCE_KBO-0417299047,Protos,active,Belgium,protos,22,National NGO
BE-BCE_KBO-0479866027,Studio Globo,active,Belgium,sg,80,"Academic, Training and Research"
BE-BCE_KBO-0478060441,Beweging voor Internationale Solidariteit / Mouvement pour la Solidarité Internationale,active,Belgium,bismsi,22,National NGO
BE-BCE_KBO-0479222461,BOS+ tropen,active,Belgium,bos_plus_tropen,22,National NGO
BE-BCE_KBO-0432622077,FIAN Belgium,active,Belgium,fian-belgium,22,National NGO
BE-BCE_KBO-0463729878,Benelux Afro Center,active,Belgium,bac,22,National NGO
BE-BCE_KBO-0432624255,Solsoc,active,Belgium,solsoc,22,National NGO
BE-BCE_KBO-0408095925,Auto-Développement Afrique (ADA),active,Belgium,ada,22,National NGO
CO-RUE-860013779-5,,active,Colombia,profamilia,70,Private Sector
BE-BCE_KBO-0416934803,Forum Universitaire pour la Coopération Internationale au Développement – FUCID ASBL,active,Belgium,fucid,22,National NGO
BE-BCE_KBO-0418399305,COMMISSION JUSTICE ET PAIX ASBL (cjp),active,Belgium,cjp,22,National NGO
BE-BCE_KBO-0408656248,Fundo Mundial para a Natureza – Bélgica (WWF-BE),active,Belgium,wwf-be,22,National NGO
BE-BCE_KBO-0472089102,GEOMOUN ASBL,active,Belgium,geomoun,22,National NGO
BE-BCE_KBO-0408256667,Congodorpen vzw,active,Belgium,congodorpen,22,National NGO
GB-COH-04644326,Agulhas Applied Knowledge,active,United Kingdom of Great Britain and Northern Ireland (the),aak,70,Private Sector
BE-BCE_KBO-0409597544,FONCABA ASBL KBA VZW,active,Belgium,foncaba,22,National NGO
BE-BCE_KBO-0432503697,Eclosio,active,Belgium,eclosio,22,National NGO
BE-BCE_KBO-0420790948,Universitair Centrum voor Ontwikkelingssamenwerking,active,Belgium,ucos,22,National NGO
XM-DAC-7-PPR-4000005312,,active,Indonesia,ybawahid,60,Foundation
CO-RUE-900.683.942-8,,active,Colombia,rpm,30,Public Private Partnership
BE-BCE_KBO-0421210424,Koepel van de Vlaamse Noord-Zuidbeweging 11.11.11 VZW,active,Belgium,111111_publisher,22,National NGO
BE-BCE_KBO-0415365777,Oxfam Wereldwinkels,active,Belgium,oww,22,National NGO
JO-MSD-2013011100066,Queen Rania Foundation for Education and Development,active,Jordan,qrfed,22,National NGO
KE-NCB-218-051-93197-173,,active,Kenya,fawe-rs,23,Regional NGO
KE-NCB-218.051.93197.173,,withdrawn,Kenya,fawe-rs,23,Regional NGO
NL-KVK-09119363,Fundação PRACTICA,active,Netherlands (the),practica,60,Foundation
JO-COA-1701-HPC,,active,Jordan,hpc,15,Other Public Sector
US-EIN-22-3087809,IREX (International Research and Exchange Board),active,United States of America (the),irex,21,International NGO
XM-DAC-47066,Organização Internacional para as Migrações (OIM),active,Switzerland,iom,40,Multilateral
BE-BCE_KBO-0416867297,KIYO,active,Belgium,kiyo,21,International NGO
US-EIN-900634376,C40 Cities Climate Leadership Group,active,United States of America (the),c40cities,80,"Academic, Training and Research"
GB-CHC-1135700,British & Irish Agencies Afghanistan Group,active,United Kingdom of Great Britain and Northern Ireland (the),baag,21,International NGO
BE-BCE_KBO-0546740696,Académie de recherche et d'enseignement supérieur,active,Belgium,ares,80,"Academic, Training and Research"
BE-BCE_KBO-0474912493,Dynamo International asbl,active,Belgium,dynamo_international,22,National NGO
BE-BCE_KBO-0445741823,Quinoa,active,Belgium,quinoa,22,National NGO
BE-BCE_KBO-0443262185,Echos Communication,active,Belgium,ec,22,National NGO
BE-BCE_KBO-0448723978,Médecins Sans Vacances,active,Belgium,msv,22,National NGO
BE-BCE_KBO-0446340550,Comité pour l'abolition des dettes illégitimes,active,Belgium,cadtm,22,National NGO
BE-BCE_KBO-0415499795,ITECO – Centre de formation pour le développement,active,Belgium,iteco,22,National NGO
NL-KVK-40478591,Real Associação Neerlandesa de Futebol,active,Netherlands (the),knvb,15,Other Public Sector
ES-CIF-G81164105,Action Against Hunger Spain,active,Spain,acfspain,21,International NGO
BE-BCE_KBO-0406694670,Damiaanactie / Action Damien,active,Belgium,damien-foundation,22,National NGO
RW-RGB-101-RGB-NGO-2014,UWEZO Youth Empowerment,active,Rwanda,uwezo_youth_empowerment,22,National NGO
NL-KVK-41208024,Stichting Aidenvironment,active,Netherlands (the),aidenvironment,60,Foundation
BE-BCE_KBO-0425420917,Plan International Bélgica,active,Belgium,pib,22,National NGO
NL-KVK-32102434,Fundação RUAF,active,Netherlands (the),ruaf,60,Foundation
US-EIN-030358029,Population Media Center,active,United States of America (the),pmc,21,International NGO
BE-BCE_KBO-0430826290,Le Monde selon les femmes asbl,active,Belgium,mondefemmes,22,National NGO
BE-BCE_KBO-0417549465,Coopération par l'Education et la Culture,active,Belgium,cec,22,National NGO
DK-CVR-25191501,Danmission,active,Denmark,danmission,22,National NGO
IN-MHA-337680017,Network For Enterprise Enhancement and Development Support,active,India,needs,22,National NGO
CO-RUE-860049972,Fundación Oriéntame,active,Colombia,orientame,22,National NGO
CH-FDJP-CHE102197003,Federação Internacional dos Contabilistas,active,Switzerland,ifac,21,International NGO
US-EIN-27-1414646,Clinton Health Access Initiative,active,United States of America (the),chai,21,International NGO
US-EIN-13-3327220,Action Against Hunger USA,active,United States of America (the),aahusa,21,International NGO
GB-COH-07157505,ODI Global Advisory Ltd,active,United Kingdom of Great Britain and Northern Ireland (the),odi_sales_ltd,80,"Academic, Training and Research"
UG-NGB-5914-129,AVSI FOUNDATION IN UGANDA,active,Uganda,avsi_uganda,21,International NGO
GH-DSW-2046,African Women's Development Financiamento,active,Ghana,awdf,23,Regional NGO
DE-CR-BonnVR8726,IFOAM – Organics International,active,Germany,ifoam,21,International NGO
GB-COH-05126149,The MENTOR Initiative,active,United Kingdom of Great Britain and Northern Ireland (the),the_mentor_initiative,21,International NGO
EG-CR-117508,,active,Egypt,nroot,70,Private Sector
BD-NAB-0271,Bangladesh Nari Progati Sangha,active,Bangladesh,bnps,22,National NGO
GB-CHC-1112842,"Transparência Internacional, Reino Unido",active,United Kingdom of Great Britain and Northern Ireland (the),ti-uk,21,International NGO
GB-CHC-1119168,Energy 4 Impact,active,United Kingdom of Great Britain and Northern Ireland (the),e4i,21,International NGO
US-EIN-75-3130860,Center for Civilians in Conflict,active,United States of America (the),civic_admin,21,International NGO
GB-COH-RC000672,,active,United Kingdom of Great Britain and Northern Ireland (the),uos,80,"Academic, Training and Research"
GB-CHC-1047653,Raleigh International,active,United Kingdom of Great Britain and Northern Ireland (the),raleigh_int,21,International NGO
BE-BCE_KBO-0410757386,Solidagro,active,Belgium,solidagro_admin,80,"Academic, Training and Research"
NL-KVK-41199723,NLR,active,Netherlands (the),nlr,21,International NGO
TZ-TRA-101-091-759,Economic and Social Research Foundation (ESRF),active,"Tanzania, the United Republic of",esrf,80,"Academic, Training and Research"
NL-KVK-24365461,Right to Play Netherlands Foundation,active,Netherlands (the),rtp,21,International NGO
NL-KVK-08134161,VEI (Vitens-Evides International),active,Netherlands (the),vei_nl,70,Private Sector
XM-DAC-21018,Federação Internacional da Cruz Vermelha e do Crescente Vermelho (IFRC),active,Switzerland,ifrcrcs,21,International NGO
UG-NGB-10890,Bucks Community NGO,active,Uganda,bucksfarm,22,National NGO
XM-DAC-43000,Fundo Monetário Internacional,active,United States of America (the),imf,40,Multilateral
GB-CHC-314137,Association of Commonwealth Universities,active,United Kingdom of Great Britain and Northern Ireland (the),acu,80,"Academic, Training and Research"
NL-KVK-56185154,"NpM, Platform for Inclusive Finance",active,Netherlands (the),npm,22,National NGO
GB-CHC-1113101,Tropical Health and Education Trust,active,United Kingdom of Great Britain and Northern Ireland (the),tropicalhealth,21,International NGO
US-EIN-52-0595110,Universidade Johns Hopkins,active,United States of America (the),gi-jhu,80,"Academic, Training and Research"
NL-KVK-56821743,MDF Global,active,Netherlands (the),mdf,60,Foundation
CH-FDJP-CHE100871337,Conselho Internacional de Organizações Voluntárias,active,Switzerland,icva,21,International NGO
US-EIN-521750875,Iraq Foundation,active,United States of America (the),iraq_foundation,21,International NGO
ES-CIF-G-8236803,Oxfam Intermón,active,Spain,oxfamintermon,21,International NGO
XM-DAC-41123,Organização das Nações Unidas para o Desenvolvimento Industrial (UNIDO),active,(No country assigned),unido,40,Multilateral
GH-DSW-4711,Savana Signatures,active,Ghana,savsign-org,22,National NGO
GB-COH-00041424,,active,(No country assigned),ul,30,Public Private Partnership
BD-NAB-0682,Development Organisation of the Rural Poor,active,Bangladesh,dorp-org,22,National NGO
BE-BCE_KBO-0453072647,Institut de Formation Syndical International - Internationaal Syndicaal Vormingsinstituut,active,Belgium,ifsi_isvi,22,National NGO
MW-CNM-C057/1998,the center for victimized women and children,active,Malawi,cavwoc,22,National NGO
NL-KVK-65306198,equileap,active,Netherlands (the),equileap,21,International NGO
UG-NGB-1826,Family Life Education Program,active,Uganda,flepuganda,22,National NGO
GB-COH-RC000631,University College London,active,United Kingdom of Great Britain and Northern Ireland (the),ucl,80,"Academic, Training and Research"
TZ-TRA-101-304-795,Chama cha Uzazi na Malezi Bora Tanzania (UMATI),active,"Tanzania, the United Republic of",umati,22,National NGO
KE-NCB-218/051/96110/823,Centre for the Study of Adolescence,active,Kenya,csa-kenya,80,"Academic, Training and Research"
US-GOV-17,,active,United States of America (the),dol,10,Government
GB-CHC-1114727,Joshua Orphan and Community Care,active,(No country assigned),jocc_uk,21,International NGO
BE-BCE_KBO-0460240749,Light For The World Belgium,active,Belgium,lftw-be,22,National NGO
JO-CCD-2826,World Vision Síria,withdrawn,Syrian Arab Republic,wvsyria,21,International NGO
IN-MHA-231650063,Voluntary Health Association of India,active,(No country assigned),vhai-org,80,"Academic, Training and Research"
DK-CVR-20074035,ADRA Dinamarca,active,Denmark,adra-dk,22,National NGO
KE-RCO-78260,ADS-Nyanza,active,Kenya,ads-nyanza,15,Other Public Sector
HK-CR-1494242,Solidaridad Sul e Sudeste da Ásia,active,India,solidaridad-ssea,21,International NGO
GH-DSW-5574,Solidaridad África Ocidental,active,Ghana,solidaridad-waf,21,International NGO
XI-IATI-FIABEL,Fiabel,active,Belgium,fiabel,22,National NGO
KE-NCB-218/051/9384/74,CARE SOMALIA,active,Kenya,csom1,22,National NGO
GB-COH-07627789,D. Capital Partners,active,United Kingdom of Great Britain and Northern Ireland (the),dcapitalpartners,30,Public Private Partnership
JO-MSD-2009011100178,The Princess Alia Foundation,active,Jordan,paf_2018,60,Foundation
GB-CHC-1157722,Irise International,active,United Kingdom of Great Britain and Northern Ireland (the),irise_int,21,International NGO
TZ-TRA-102316134,"Iringa Development of Youth, Disabled and Children Care",active,"Tanzania, the United Republic of",idydc,22,National NGO
TZ-TRA-116315386,Babawatoto Centre For Children and Youth,active,"Tanzania, the United Republic of",bawacecy-tz,22,National NGO
TZ-TRA-110-664-087,Railway Children Africa,active,"Tanzania, the United Republic of",rc2africa,22,National NGO
US-GOV-6,,active,United States of America (the),treasury,10,Government
US-EIN-14-1945286,"The Global Development Incubator, Inc",active,United States of America (the),gdi,21,International NGO
TZ-TRA-121406209,CHEKA SANA TANZANIA,active,"Tanzania, the United Republic of",cst,22,National NGO
GB-COH-06735120,Worldwide Hospice Palliative Care Alliance,active,United Kingdom of Great Britain and Northern Ireland (the),whpca,21,International NGO
GB-COH-RC000797,Universidade de Manchester,active,United Kingdom of Great Britain and Northern Ireland (the),uom,80,"Academic, Training and Research"
IT-CF-97091470589,INTERSOS Onlus,active,Italy,intersos_main,21,International NGO
GB-GOV-14,Department for Education – Reino Unido,active,United Kingdom of Great Britain and Northern Ireland (the),dfe,10,Government
US-EIN-27-1661997,GiveDirectly,active,United States of America (the),givedirectly,21,International NGO
MM-MHA-1/Local/0047,Karuna Mission Social Solidarity - KMSS,active,Myanmar,kmss,22,National NGO
CA-CRA_ACR-817387277,Fundação Mastercard,active,Canada,mastercard-foundation,60,Foundation
BD-NAB-002,BRAC,active,Bangladesh,brac_admin2,21,International NGO
GB-CHC-223106,Royal College of General Practitioners (RCGP),active,United Kingdom of Great Britain and Northern Ireland (the),rcgp-international,22,National NGO
US-EIN-042312909,Brigham and Women's Hospital,active,United States of America (the),bwh,80,"Academic, Training and Research"
US-EIN-237413005,FHI360,active,United States of America (the),fhi360,21,International NGO
XM-DAC-47056,World Agroforestry Centre,active,Kenya,icraf_,80,"Academic, Training and Research"
GB-COH-10633588,Abt Britain Limited,active,United Kingdom of Great Britain and Northern Ireland (the),abtbritain,70,Private Sector
GB-CHC-213280,Royal College of Obstetricians & Gynaecologists,active,United Kingdom of Great Britain and Northern Ireland (the),rcog_resilience_in_obstetric_skills,80,"Academic, Training and Research"
GB-COH-02188452,,active,United Kingdom of Great Britain and Northern Ireland (the),iied,80,"Academic, Training and Research"
KE-KRA-P051311853T,Northern Rangelands Trust,active,Kenya,nrt-kenya,22,National NGO
GB-CHC-1047608,Alliance of Religions and Conservation,active,United Kingdom of Great Britain and Northern Ireland (the),alliance_of_religions_and_conservation,21,International NGO
BD-NAB-051,YWCA of Bangladesh,active,Bangladesh,ywcabd,22,National NGO
PS-MOI-QR-209-HR,,active,"Palestine, State of",wclac,22,National NGO
XI-IATI-MIF,Fundo Multilateral de Investimento,active,United States of America (the),fomin,40,Multilateral
IE-CHY-20009090,Concern Worldwide UK,active,Ireland,concern_worldwide,21,International NGO
XM-OCHA-FTS18563,"Social Fund for Development, Iémen",active,Yemen,sfd-yemen,15,Other Public Sector
US-EIN-63-0676451,International Fertilizer Development Center,active,United States of America (the),ifdc-us,21,International NGO
LB-MOI-14739,,active,Lebanon,marsa_welead,23,Regional NGO
US-EIN-134166228,Acumen,active,United States of America (the),acumen,21,International NGO
GB-CHC-1046579,Consortium for Street Children,active,United Kingdom of Great Britain and Northern Ireland (the),csc,21,International NGO
IN-MHA-147110006,CINI,active,India,cini_jhk,22,National NGO
SE-ON-802007-2446,Afrikagrupperna Sweden,active,Sweden,afrikagrupperna,21,International NGO
XI-IATI-OCHASDC,Gabinete das Nações Unidas para a Coordenação dos Assuntos Humanitários (contribuições especialmente designadas),active,United States of America (the),unocha-sdc,40,Multilateral
GH-DSW-4834,NORSAAC,active,Ghana,norsaac,22,National NGO
GB-COH-04930461,Concordis International,active,United Kingdom of Great Britain and Northern Ireland (the),concordis,21,International NGO
CR-RPJ-3-006-125548,Fundacion Acceso,active,Costa Rica,fundacion-acceso,23,Regional NGO
US-GOV-23,,active,United States of America (the),ftc,10,Government
US-GOV-TBD,,withdrawn,United States,ftc,10,Government
US-EIN-91-1157127,PATH,active,United States of America (the),_path_,21,International NGO
DE-CR-VR32914,Water Integrity Network Association,active,Germany,win,21,International NGO
IL-RA-580166452,Musalaha Ministry of Reconciliation,active,Israel,mmr_admin2,80,"Academic, Training and Research"
AF-MOE-22,CARE International Afeganistão,active,Afghanistan,ciafg,21,International NGO
GB-COH-02622374,Energy Saving Trust,active,United Kingdom of Great Britain and Northern Ireland (the),energy_saving_trust,15,Other Public Sector
PK-SEC-0080655,DKT (Paquistão),active,Pakistan,dkt,70,Private Sector
XI-GRID-grid.442465.5,Universidade de Mzumbe,active,"Tanzania, the United Republic of",m_u,80,"Academic, Training and Research"
US-EIN-32-0060251,AIDSPAN,active,United States of America (the),aidspan,21,International NGO
KE-KRA-P051119468K,Kisumu Medical and Education Trust,active,Kenya,kmet,22,National NGO
XM-DAC-45001,International Trade Centre (ITC),active,Switzerland,itc,21,International NGO
AU-ACNC-18055208636,Oxfam Australia,active,Australia,oau,21,International NGO
FR-RCS-389515180,Solidarites International,active,France,solidarites-international,21,International NGO
US-EIN-23-1352010,American Friends Service Committee,active,United States of America (the),afsc,80,"Academic, Training and Research"
XI-GRID-grid.52681.38,Universidade BRAC,active,Bangladesh,bu,80,"Academic, Training and Research"
US-GOV-22,,active,United States of America (the),dfc,10,Government
KE-RCO-84486,"Transparência Internacional, Quénia",active,Kenya,ti_kenya,22,National NGO
GB-CHC-1151219,DeafKidz International,active,United Kingdom of Great Britain and Northern Ireland (the),dki1151219,21,International NGO
LB-MOI-853,AVT-L Association of Victims of Terrorism Lebanon,active,Lebanon,avt-l,22,National NGO
IQ-NGO-1Z2634,"Rehabilitation, Education and Community Health (REACH)",active,Iraq,reach-iraq,22,National NGO
XM-DAC-41121,Alto Comissariado das Nações Unidas para os Refugiados (ACNUR),active,Switzerland,unhcr,40,Multilateral
US-EIN-58-1593137,,active,United States of America (the),dkti,21,International NGO
XM-DAC-701-2,Ministério dos Negócios Estrangeiros do Japão,active,Japan,mofa-jpn,10,Government
XI-IATI-AGR,AgResults Initiative,active,(No country assigned),agresults,40,Multilateral
BJ-IFU-4201710116446,"Institut National de l'Eau, Benin",active,Benin,ine_benin,80,"Academic, Training and Research"
BJ-IFU-4201710182326,Agence Nationale d'Approvisionnement en Eau Potable en Milieu Rural du Benin,active,Benin,anaepmr_benin,10,Government
GB-COH-02517018,,active,United Kingdom of Great Britain and Northern Ireland (the),uuk,22,National NGO
NL-KVK-70292388,Index Initiative Foundation,active,Netherlands (the),iif,60,Foundation
US-EIN-13-5562308,Universidade de Nova Iorque,active,United States of America (the),nyu,80,"Academic, Training and Research"
BJ-IFU-4201710012551,Comuna de Dangbo – Benim,active,Benin,dangbo,15,Other Public Sector
BJ-IFU-6201810251129,Comuna de Adjarra – Benim,active,Benin,adjarra,15,Other Public Sector
BJ-IFU-6201000068802,Comuna de Parakou – Benim,active,Benin,parakou,15,Other Public Sector
BJ-IFU-5200081145006,Comuna de Toffo – Benim,active,Benin,toffo,15,Other Public Sector
BJ-IFU-6200901945503,Comuna de Toviklin – Benim,active,Benin,toviklin,15,Other Public Sector
BJ-IFU-6201101182902,Comuna de Kpomassè – Benim,active,Benin,kpomasse,15,Other Public Sector
BJ-IFU-6200801257400,Comuna de Zè – Benim,active,Benin,ze,15,Other Public Sector
BJ-IFU-6201501755307,Comuna de Allada – Benim,active,Benin,allada,15,Other Public Sector
BJ-IFU-6201001076902,Comuna de Aplahoué – Benim,active,Benin,aplahoue,15,Other Public Sector
BJ-IFU-6200901944805,Comuna de Lalo – Benim,active,Benin,lalo,15,Other Public Sector
GH-RGD-CG109732014,,active,Ghana,twnafrica,23,Regional NGO
BJ-IFU-6200901851300,Comuna de Kétou – Benim,active,Benin,ketou,15,Other Public Sector
BJ-IFU-5200801335602,Comuna de Adjohoun – Benim,active,Benin,adjohoun,15,Other Public Sector
BJ-IFU-6200901944008,Comuna de Adja-Ouere – Benim,active,Benin,adja-ouere,15,Other Public Sector
BJ-IFU-6201200579608,Comuna de Pobè – Benim,active,Benin,pobe,15,Other Public Sector
BJ-IFU-6200901944209,Comuna de Bopa – Benim,active,Benin,bopa,15,Other Public Sector
BJ-IFU-6201001843703,Comuna de Akpro-Missérété – Benim,active,Benin,akpro-misserete,15,Other Public Sector
BJ-IFU-6201000370801,Comuna de Comè – Benim,active,Benin,come,15,Other Public Sector
BJ-IFU-6201300688700,Comuna de Avrankou – Benim,active,Benin,avrankou,15,Other Public Sector
BJ-IFU-6201100143407,Comuna de Ifangni – Benim,active,Benin,ifangni,15,Other Public Sector
SE-ON-802004-1524,We Effect,active,Sweden,weeffect,21,International NGO
BJ-IFU-6201100034408,Comuna de Klouékanmè – Benim,active,Benin,klouekanme,15,Other Public Sector
KE-KRA-P051502549C,National Coalition of Human Rights Defenders – Quénia,active,Kenya,nchrdk,22,National NGO
ZA-NPO-006-981,Instituto de Estudos de Segurança,active,South Africa,issafrica,21,International NGO
NP-SWC-10136,Nepal Disabled Human Rights Center,active,Nepal,dhrc_nepal,22,National NGO
IN-MCA-AAE-8458,Deloitte Touche Tohmatsu India LLP,active,India,dttillp,70,Private Sector
UG-NGO-1406,DefendDefenders,active,Uganda,defenddefenders,80,"Academic, Training and Research"
KE-NCB-2180511703310709,Send a Cow Kenya,active,Kenya,sac_kenya,22,National NGO
NL-KVK-70048436,Global Rights Compliance,active,Netherlands (the),grc2018,60,Foundation
US-EIN-11-3580024,Centro Internacional de Justiça Transitória,active,United States of America (the),ictj,21,International NGO
DK-CVR-19348407,CISU,active,Denmark,cisu,22,National NGO
UG-NGB-0498,Fundação Mukisa,active,Uganda,mukisa_foundation,22,National NGO
NL-KVK-27367015,Organização de Investigação Científica dos Países Baixos (NWO),active,Netherlands (the),nwo,10,Government
US-EIN-13-3377893,Rainforest Alliance,active,United States of America (the),rainforest-alliance,21,International NGO
GB-CHC-1127366,British Asian Trust,active,United Kingdom of Great Britain and Northern Ireland (the),b_a_t,21,International NGO
RW-RGB-002-RGB-NGO-2017,EDUCATION DEVELOPMENT TRUST - RUANDA,withdrawn,Rwanda,edt_rwanda,21,International NGO
GB-CHC-1058162,Christian Blind Mission (UK) Ltd.,active,United Kingdom of Great Britain and Northern Ireland (the),cbm,21,International NGO
US-EIN-53-0242652,,active,United States of America (the),the_nature_conservancy,21,International NGO
GB-COH-RC000664,Universidade de Nottingham,active,United Kingdom of Great Britain and Northern Ireland (the),uni_of_nottingham,80,"Academic, Training and Research"
LK-DRC-GA139,Women's Fund Asia,active,Sri Lanka,wf-asia,23,Regional NGO
HK-CR-2091642,Seefar,active,Hong Kong,seefar,70,Private Sector
SO-MPND-L43135002018MJ,,active,Somalia,nagaad,22,National NGO
GB-CHC-1118528,Child.org,active,(No country assigned),child-dot_org,21,International NGO
XI-IATI-DGF,Democratic Governance Facility,active,Uganda,dgf,15,Other Public Sector
NP-SWC-8220,Aapasi Sahayog Kendra Syangja Nepal (ASK Nepal),active,Nepal,ask,22,National NGO
NE-DGI-5355,Timidria,active,Niger (the),timidria,22,National NGO
DK-CVR-12006004,Center for Church-Based Development,active,Denmark,cku,21,International NGO
XI-GRID-grid.9829.a,Kwame Nkrumah University of Science and Technology,active,Ghana,knust,80,"Academic, Training and Research"
DK-CVR-63407216,Save the Children DK,active,Denmark,redbarnet,21,International NGO
GB-CHC-1089110,Global Canopy,active,United Kingdom of Great Britain and Northern Ireland (the),globalcanopy,21,International NGO
NL-KVK-60633468,Water Finance Facility,active,Netherlands (the),wff,70,Private Sector
GB-COH-10333897,Pegasys Limited,active,United Kingdom of Great Britain and Northern Ireland (the),pegasys-eu,70,Private Sector
XM-DAC-21016,Comité Internacional da Cruz Vermelha (ICRC),active,Switzerland,icrc,40,Multilateral
DK-CVR-40781218,Fundo Mundial para a Natureza – Dinamarca,active,Denmark,wwfdk,60,Foundation
DE-CR-RA000220-VR3810,Welthungerhilfe,active,Germany,whh,21,International NGO
MZ-NUIT-500004037,Direcção Provincial de Saúde de Nampula,active,Mozambique,dps-nampula,10,Government
KE-KRA-P051097200R,International Centre of Insect Physiology and Ecology (ICIPE),active,Kenya,icipe,80,"Academic, Training and Research"
DK-CVR-12921047,CARE Danmark Fonden for Frivillig Ulandsbistand,active,Denmark,12921047,22,National NGO
NL-KVK-27368929,Universiteit Leiden,active,Netherlands (the),universiteit_leiden,80,"Academic, Training and Research"
NL-KVK-72849770,Stichting Beheer Subsidiegelden DRA,active,Netherlands (the),stichting-subsidiegelden-dra,21,International NGO
KE-RCO-C110031,Farm Concern International,active,Kenya,fci,23,Regional NGO
ET-CSA-0976,Dawuro Development Association,active,Ethiopia,dawuro_da,80,"Academic, Training and Research"
DK-CVR-20453672,Agência Dinamarquesa de Desenvolvimento Sindical (Ulandssekretariatet),active,Denmark,loftf,21,International NGO
DK-CVR-18243717,ActionAid Denmark (Mellemfolkeligt Samvirke),active,Denmark,aadk,21,International NGO
US-EIN-84-1648607,Educate!,active,United States of America (the),educate,21,International NGO
CH-FDJP-CHE232974628,Responsible Mining Foundation,active,Switzerland,rmf,60,Foundation
ID-KHH-0000871,,active,Indonesia,ja_ppmn,22,National NGO
DK-CVR-14723692,Mission Øst,active,Denmark,missioneast,21,International NGO
GB-COH-RC000297,King's College London,active,United Kingdom of Great Britain and Northern Ireland (the),kingscollegelondon,80,"Academic, Training and Research"
DK-CVR-16077593,Confederation of Danish Industry,active,Denmark,di,70,Private Sector
NL-KVK-50130536,Universidade de Twente,active,Netherlands (the),utwente,80,"Academic, Training and Research"
DK-CVR-31378028,,active,Denmark,3fi,22,National NGO
DK-CVR-13078513,DUF – The Danish Youth Council,active,Denmark,duf,22,National NGO
GB-COH-07291220,50 Eight Limited,active,United Kingdom of Great Britain and Northern Ireland (the),fifty_eight,70,Private Sector
DK-CVR-58185728,Associação Dinamarquesa de Planeamento Familiar,active,Denmark,dfpa,22,National NGO
RW-RGB-61-RGB-NGO-2017,ActionAid Rwanda,active,Rwanda,aar,22,National NGO
DK-CVR-35429867,Global Focus,active,Denmark,globaltfokus,22,National NGO
CH-FDJP-CHE109506789,Centro Internacional de Genebra para a Desminagem Humanitária,active,Switzerland,gichd,60,Foundation
DK-CVR-14766383,Disabled People's Organisations Denmark,active,Denmark,dpod,22,National NGO
GB-UKPRN-10007774,Universidade de Oxford,active,United Kingdom of Great Britain and Northern Ireland (the),oxford,80,"Academic, Training and Research"
GB-CHC-1077216,Compassion UK,active,United Kingdom of Great Britain and Northern Ireland (the),comp_uk,21,International NGO
GB-CHC-1016676,INTRAC,active,United Kingdom of Great Britain and Northern Ireland (the),intrac,21,International NGO
US-EIN-26-3933134,Special Hope Network,active,United States of America (the),shn,21,International NGO
GB-COH-08212556,PositiveNegatives,active,United Kingdom of Great Britain and Northern Ireland (the),posneg,15,Other Public Sector
NL-KVK-64763064,Data4Development,active,Netherlands (the),d4d,70,Private Sector
GB-CHC-1161729,Hope for Children,active,United Kingdom of Great Britain and Northern Ireland (the),hfc,21,International NGO
SE-ON-802005-9823,WWF Suécia,active,Sweden,wwf-se,21,International NGO
US-EIN-91-1148123,Mercy Corps Global,active,United States of America (the),mcg,21,International NGO
GB-CHC-1108718,African Revival,active,United Kingdom of Great Britain and Northern Ireland (the),africanrevival,21,International NGO
NL-KVK-30276595,Koninklijk Nederlands Meteorologisch Instituut,active,Netherlands (the),knmi,10,Government
PK-SEC-0105957,Sehat Kahani (Community Innovation Hub),active,Pakistan,sehatkahanicih,70,Private Sector
NL-KVK-70333564,Mercy Corps Países Baixos,active,Netherlands (the),mcn,21,International NGO
PE-SUNARP-12623829,International Indigenous Women Forum,active,Peru,fimi_iiwf_2019,60,Foundation
XI-IATI-ACATBA,Association Centrafricaine de Traduction de la Bible et Alphabetisation,active,Central African Republic (the),acatba,22,National NGO
XI-GRID-grid.13001.33,Universidade do Zimbabwe,active,Zimbabwe,1-uz,80,"Academic, Training and Research"
CH-FDJP-CHE109994012,Interpeace,active,Switzerland,interpeace,21,International NGO
DK-CVR-20700211,Cruz Vermelha Dinamarquesa,active,Denmark,danishrc,22,National NGO
MW-NBM-NGO/L/18/024,Palliative Care Association of Malawi,active,Malawi,pacam,22,National NGO
MW-MRA-20123139,NKHOMA MISSION HOSPITAL,active,Malawi,nmhiati,22,National NGO
MW-MRA-20120896,David Gordon Memorial Hospital,active,Malawi,dgmh,80,"Academic, Training and Research"
DE-CR-RA000243-HRB5459,,active,Germany,particip,70,Private Sector
ML-NIF-082208943A,Groupe Pivot Santé Population,active,Mali,gpsp-org,80,"Academic, Training and Research"
MZ-NUIT-700179850,Plataforma Moçambicana da Água (PLAMA),active,Mozambique,plama,22,National NGO
NL-KVK-27310568,,active,Netherlands (the),arq_intl,60,Foundation
UG-RSB-80010003259159/105066,SolarNow Services (U) Ltd,active,Uganda,solarnowsofa,70,Private Sector
GB-CHC-1145721,Zambia Orphans Aid UK,active,United Kingdom of Great Britain and Northern Ireland (the),zoa_uk,21,International NGO
dk-cvr-26487013,International Media Support,active,Denmark,ims,21,International NGO
US-EIN-22-2852248,Village Enterprise,active,United States of America (the),villageenterprise,21,International NGO
IT-RI-97241280151,We World - GVC Onlus,active,Italy,ww-gvc,21,International NGO
GB-CHC-1143797,Syria Relief,active,United Kingdom of Great Britain and Northern Ireland (the),sr,22,National NGO
TR-MOI-27-019-074,Emissa,active,Türkiye,emissa,22,National NGO
US-EIN-52-1818273,International Center for Not-for-Profit Law,active,United States of America (the),icnl_org,21,International NGO
FI-PRO-1993025-9,Instituto Florestal Europeu,active,Finland,efi,80,"Academic, Training and Research"
US-EIN-13-3622707,WSP USA Solutions Inc.,active,United States of America (the),lbg,70,Private Sector
CA-CRA_ACR-805837713,OpenNorth,active,Canada,opennorth,21,International NGO
DK-CVR-20356731,PlanBørnefonden,active,Denmark,plb,21,International NGO
NL-KVK-32092131,Fundação Edukans,active,Netherlands (the),edukans_foundation,21,International NGO
GB-CHC-1027201,Institute for War & Peace Reporting,active,United Kingdom of Great Britain and Northern Ireland (the),iwpr,21,International NGO
GB-CHC-1150993,Near East Foundation UK (NEF UK),active,United Kingdom of Great Britain and Northern Ireland (the),nef-uk,21,International NGO
FR-INSEE-32101874900127,Medecins du Monde France,active,France,mdm-fr,21,International NGO
NG-CAC-54522,Centre for Legal Research and Development,active,Nigeria,clerd-prpi,22,National NGO
GB-CHC-1140288,The Fred Hollows Foundation (Reino Unido),active,United Kingdom of Great Britain and Northern Ireland (the),fhfuk,21,International NGO
NL-KVK-34176587,Radio La Benevolencija,active,Netherlands (the),rlb,21,International NGO
NL-KVK-41081480,Stichting Liliane Fonds,active,Netherlands (the),slf,22,National NGO
XI-IATI-LPI,Living Peace Institute,active,Congo (the Democratic Republic of the),lpi,22,National NGO
US-EIN-30-0739799,Heartland Alliance International,active,United States of America (the),ha-i,21,International NGO
JE-FSC-NPO_1108,Irrawaddy Policy Exchange,active,United Kingdom of Great Britain and Northern Ireland (the),ipe,80,"Academic, Training and Research"
KE-NCB-OP/218/051/924/84,ACTIONAID INTERNATIONAL KENYA,active,Kenya,aaik,21,International NGO
US-EIN-45-5015494,Instiglio,active,United States of America (the),instiglio,21,International NGO
NG-CAC-73022,Niger Delta Stakeholders Initiative for Community Development and Empowerment,active,Nigeria,ndsicde,22,National NGO
XM-DAC-5-7,Ministério Federal dos Negócios Estrangeiros – Alemanha,active,Germany,fo_germany,10,Government
US-EIN-27-4933181,IDinsight,active,United States of America (the),idinsight,21,International NGO
XM-DAC-61-2,Ministério dos Negócios Estrangeiros – Eslovénia,active,Slovenia,si-mfa,10,Government
US-EIN-47-3594688,Global Fund to End Modern Slavery,active,United States of America (the),gfems,22,National NGO
US-EIN-45-2796201,"Namati, Inc",active,United States of America (the),namati_inc,21,International NGO
GB-COH-893249298,,active,(No country assigned),wrgb,80,"Academic, Training and Research"
XI-IATI-NSO,Netherlands Space Office,active,Netherlands (the),nso,80,"Academic, Training and Research"
US-EIN-22-3900800,VisionFund International,active,United States of America (the),vfi,21,International NGO
CA-CRA_ACR-118846575,Center for International Studies and Cooperation,active,Canada,ceci,21,International NGO
GB-COH-07026479,AgDevCo,active,United Kingdom of Great Britain and Northern Ireland (the),agdevco,70,Private Sector
XM-DAC-47008,World Vegetable Center,active,Taiwan (Province of China),worldveg,21,International NGO
GB-CHC-1178168,CDAC Network,active,United Kingdom of Great Britain and Northern Ireland (the),cdacnetwork,21,International NGO
GH-DSW-1103,Regional Advisory Information and Network Systems,active,Ghana,rains,22,National NGO
KE-KRA-P051713416W,AFELT,active,Kenya,afelt,80,"Academic, Training and Research"
DE-CR-RA000217-HRB121747B,Democracy Reporting International gGmbH,active,Germany,dri,21,International NGO
BJ-IFU-5201000673108,CARE BENIN/TOGO,active,Benin,carebenintogo,21,International NGO
GB-COH-02693163,Westminster Foundation for Democracy,active,United Kingdom of Great Britain and Northern Ireland (the),wfd,15,Other Public Sector
UG-RSB-80010000253134/25060,Uganda Martyrs University,active,Uganda,umu,80,"Academic, Training and Research"
XI-GRID-grid.442626.0,Universidade de Gulu,active,Uganda,guluuni,80,"Academic, Training and Research"
XI-GRID-grid.442459.a,"Universidade de Dodoma (UDOM), Tanzânia",active,"Tanzania, the United Republic of",udom,80,"Academic, Training and Research"
KE-KRA-P051542095J,LIWA Programme Trust,active,Kenya,liwa-admin,80,"Academic, Training and Research"
GH-DSW-2000,Northern Network for Education Development,active,Ghana,nned,22,National NGO
US-EIN-45-4613016,Accountability Lab,active,United States of America (the),alab,22,National NGO
XI-GRID-grid.419346.d,International Food Policy Research Institute.,active,United States of America (the),ifpri,21,International NGO
GH-RGD-99389,Opportunity International Savings and Loans Ltd,active,Ghana,oisl_gh,70,Private Sector
NG-CAC-1260478,Fundação Silsab,active,Nigeria,silsab1-_,22,National NGO
XI-BRIDGE-6385676864,Secretariado do GEF,active,United States of America (the),gef,40,Multilateral
KE-NCB-21805120080955572,Ashoka East Africa,active,Kenya,ashoka,21,International NGO
GB-CHC-206658,World Horse Welfare,active,United Kingdom of Great Britain and Northern Ireland (the),whw2019,21,International NGO
US-EIN-522112460,IMA World Health,active,United States of America (the),us-imawh,21,International NGO
FR-RCS-78049888700022,Centre International de Développement et de Recherche,active,France,cidr,21,International NGO
GB-COH-RC000749,Zoological Society of London,active,United Kingdom of Great Britain and Northern Ireland (the),zsl,21,International NGO
XM-DAC-47080,OCDE,active,France,oecd,40,Multilateral
ZA-NPO-048-364,SouthSouthNorth,active,South Africa,ssn,21,International NGO
CH-FDJP-258577051,Humanitarian Quality Assurance Initiative,active,Switzerland,hqai,21,International NGO
GB-GOV-2,HM Treasury,active,United Kingdom of Great Britain and Northern Ireland (the),hmtfitb,10,Government
NO-BRC-917687811,Coalition for Epidemic Preparedness Innovations,active,Norway,cepi,21,International NGO
GB-GOV-15,Department for International Trade,active,United Kingdom of Great Britain and Northern Ireland (the),dit,10,Government
GB-NIC-101412,Children in Crossfire,active,United Kingdom of Great Britain and Northern Ireland (the),cicni,21,International NGO
XM-OCHA-HPC3664,Jordan River Foundation,active,Jordan,jrf,22,National NGO
XM-OCHA-HPC6770,King Salman Humanitarian Aid and Relief Centre,active,Saudi Arabia,ksrelief291,10,Government
MZ-MOJ-100717344,IMD Moçambique,active,Mozambique,imdmozambique,22,National NGO
GB-CHC-1081769,Transform Africa,active,United Kingdom of Great Britain and Northern Ireland (the),transafrica19,21,International NGO
CH-FDJP-CHE107828868,,active,Switzerland,swisscontact,21,International NGO
CH-FDJP-CHE109947366,Fundação Hirondelle,active,Switzerland,fh_ch,21,International NGO
GB-CHC-1147298,One Young World,active,United Kingdom of Great Britain and Northern Ireland (the),oyw,22,National NGO
GB-EDU-133903,London School of Hygiene and Tropical Medicine,active,United Kingdom of Great Britain and Northern Ireland (the),lshtm,80,"Academic, Training and Research"
GB-GOV-12,"Department for Digital, Culture, Media and Sport – Reino Unido",active,United Kingdom of Great Britain and Northern Ireland (the),dcms,10,Government
GB-CHC-1117377,Village Water Ltd,active,United Kingdom of Great Britain and Northern Ireland (the),villagewater,21,International NGO
FR-RCS-31899089200065,Action Contre la Faim,active,France,acf-fr,21,International NGO
US-EIN-27-3440108,,active,United States of America (the),vera-solutions,70,Private Sector
CA-CRA_ACR-107848319,Action Canada for Sexual Health and Rights,active,Canada,acfshr,21,International NGO
NP-IRD-302274734,CARE Nepal,active,Nepal,cnepal,21,International NGO
US-EIN-13-1804349,World Education Inc.,active,United States of America (the),wei,80,"Academic, Training and Research"
PK-VSWA-32-2004,Fundação Tameer-e-Khalaq,active,Pakistan,tkf1234,22,National NGO
NP-IRD-302113730,"Agência Adventista de Desenvolvimento e Recursos Assistenciais, Nepal",active,Nepal,adra_nepal,21,International NGO
IT-CF-95008730160,Cesvi,active,Italy,cesvi,21,International NGO
GB-CHC-282305,Minority Rights Group,active,United Kingdom of Great Britain and Northern Ireland (the),mrg,21,International NGO
XM-DAC-7-PPR-4000002894,,active,Mozambique,iwrm,10,Government
PE-SUNARP-11744379,Centro de Promocion y Defensa de los Derechos Sexuales y Reproductivos,active,Peru,promsex,23,Regional NGO
XM-OCHA-HPC8568,CARE International Switzerland in Sudan,active,Sudan (the),cis,21,International NGO
UG-RSB-80020001996190,,active,Uganda,lpa,70,Private Sector
RW-RGB-77-RGB-NGO-2013,Health Development Initiative,active,Rwanda,hdi,22,National NGO
KE-RCO-105217,Kenya Private Sector Alliance,active,Kenya,kepsa,70,Private Sector
KE-KRA-P051098561L,KITUO CHA SHERIA,active,Kenya,kituo,22,National NGO
FR-RCS-83764263600018,Syrian Center for Media and Freedom of Expression,active,France,scm,22,National NGO
SS-RRC-004,Nonviolent Peaceforce South Sudan,active,South Sudan,npss,21,International NGO
NL-KVK-31047672,Twynstra Gudde,active,Netherlands (the),twynstragudde,70,Private Sector
ID-KHH-AHU17AH0107,Institute for Policy Research and Advocacy (ELSAM),active,Indonesia,elsam,22,National NGO
GB-COH-00070527,,active,United Kingdom of Great Britain and Northern Ireland (the),lse,80,"Academic, Training and Research"
GB-GOV-52,"Conflict, Stability and Security Fund",active,United Kingdom of Great Britain and Northern Ireland (the),cssf,10,Government
GB-GOV-50,Cross-Government Prosperity Fund,active,United Kingdom of Great Britain and Northern Ireland (the),prosperityfund,10,Government
GB-CHC-1174874,Royal Commonwealth Ex-Services League,active,United Kingdom of Great Britain and Northern Ireland (the),rcel,21,International NGO
CH-FDJP-CHE110141200,Drugs for Neglected Diseases initiative,active,Switzerland,dndi_transparency,80,"Academic, Training and Research"
RW-RRA-103197639,Greater Virunga Transboundary Collaboration,active,Rwanda,gvtc,10,Government
NP-SWC-37725,South Asian Women Development Forum,active,(No country assigned),sawdf-admin,80,"Academic, Training and Research"
NP-SWC-46024,Accelerator Nepal,active,Nepal,acceleratornepal,22,National NGO
CA-CRA_ACR-869974816,Nutrition International,active,Canada,nutritionintl,21,International NGO
CH-FDJP-CHE-105181636,Centre for Humanitarian Dialogue (HD Centre),active,Switzerland,hdcentre,60,Foundation
US-EIN-13-3870223,International Aids Vaccine Initiative (IAVI),active,United States of America (the),iavi,21,International NGO
KE-RCO-CPR/2011/63463,Partnership for African Social & Governance Research (PASGR),active,Kenya,pasgr,80,"Academic, Training and Research"
NL-KVK-09181221,Resilience,active,Netherlands (the),resilience,80,"Academic, Training and Research"
NL-KVK-41145371,Maastricht School of Management,active,Netherlands (the),msm-ipd,60,Foundation
BF-MATD-RNRD00045-4000004688,,active,Burkina Faso,cdc_ohg,22,National NGO
GB-COH-06274284,Carbon Trust Advisory Ltd,active,United Kingdom of Great Britain and Northern Ireland (the),carbontrustadvisory,70,Private Sector
IN-MHA-231660927,,active,India,phfi,22,National NGO
GB-COH-07171834,,active,United Kingdom of Great Britain and Northern Ireland (the),taginternational,70,Private Sector
GB-UKPRN-10007801,,active,United Kingdom of Great Britain and Northern Ireland (the),uop,80,"Academic, Training and Research"
NA-NAMRA-04822224,,active,Namibia,pv,21,International NGO
ZA-CIP-2005-028883-23,Okapi Consulting,active,South Africa,okapiconsulting,21,International NGO
NL-KVK-34234456,Health Insurance Fund,active,Netherlands (the),hif,21,International NGO
GB-COH-OC350651,Montrose International LLP,active,(No country assigned),montrose_llp,80,"Academic, Training and Research"
GB-CHC-1013587,Chance for Childhood,active,United Kingdom of Great Britain and Northern Ireland (the),chanceforchildhood,21,International NGO
GB-COH-7207947,PRI Association,active,United Kingdom of Great Britain and Northern Ireland (the),pri_icf,80,"Academic, Training and Research"
NO-BRC-980997278,INTOSAI Development Initiative,active,Norway,idi,21,International NGO
JO-MSD-2011101100001,Jordan Open Source Association,active,Jordan,josa,22,National NGO
US-EIN-53-0196584,,active,United States of America (the),gwu_gwi,80,"Academic, Training and Research"
NL-KVK-30238214,Impunity Watch,active,Netherlands (the),iw_admin,21,International NGO
NG-CAC-83813,Neem Foundation,active,Nigeria,neem,22,National NGO
US-EIN-23-2220051,iDE,active,United States of America (the),ide,21,International NGO
FR-RCS-40885667200030,Triangle Génération Humanitaire,active,France,tgh,21,International NGO
AU-ABN-42097054165,Land Equity International,active,Australia,lei,70,Private Sector
GB-COH-RC000655,,active,United Kingdom of Great Britain and Northern Ireland (the),keele-university,80,"Academic, Training and Research"
US-EIN-20-8530747,Results for Development,active,United States of America (the),r4d,21,International NGO
XM-DAC-50-21,,active,Spain,aecid,10,Government
ES-DIR3-EA0035768,Agência Espanhola de Cooperação Internacional para o Desenvolvimento (AECID),withdrawn,Spain,aecid,10,Government
GH-DSW-3064,ActionAid Ghana,active,Ghana,aag,22,National NGO
NG-CAC-19258,Centre for Environment Human Rights and Development,active,Nigeria,cehrd1,21,International NGO
NL-KVK-53744993,World Benchmarking Alliance Foundation,active,Netherlands (the),wba,60,Foundation
XI-IATI-3435,,active,Sudan (the),sosss_admin,22,National NGO
CO-CCB-S0052181,transforma,active,Colombia,transforma,22,National NGO
YE-MSAL-80/295,Yamaan Foundation for Health and Social Development,active,Yemen,yffhsd,22,National NGO
GB-COH-02863827,ClientEarth,active,United Kingdom of Great Britain and Northern Ireland (the),clientearth-1,21,International NGO
CH-FDJP-CHE106823242,Fondation Terre des hommes – Aide à l'enfance dans le monde,active,Switzerland,tdh_foundation,21,International NGO
GB-SC-015096,Universidade de Dundee,active,United Kingdom of Great Britain and Northern Ireland (the),uodcepmlp,80,"Academic, Training and Research"
ZW-ROD-MA0000405/2015,Young Africa International HUB,active,Zimbabwe,yai-hub,21,International NGO
XM-DAC-47021,International Potato Center,active,Peru,cip,40,Multilateral
ET-CSA-3994,Triggerise Ethiopia,active,Ethiopia,trig,21,International NGO
BD-NAB-0210,ActionAid Bangladesh,active,Bangladesh,aab,21,International NGO
US-EIN-45-2779314,Shift Project Ltd.,active,United States of America (the),shiftproject,21,International NGO
KE-KRA-P051155108P,Kenya National Commission on Human Rights,active,Kenya,knchr,10,Government
GB-CHC-290767,World Jewish Relief,active,United Kingdom of Great Britain and Northern Ireland (the),wjr_001,21,International NGO
ET-CSA-0062,DKT Ethiopia,active,Ethiopia,dkt_ethiopia,21,International NGO
NL-KVK-40407706,Unie van Waterschappen,active,Netherlands (the),uvw,15,Other Public Sector
GB-COH-03147724,Mercy Ships UK Limited,active,United Kingdom of Great Britain and Northern Ireland (the),msuk,21,International NGO
US-EIN-94-3045180,Rainforest Action Network,active,United States of America (the),ran,21,International NGO
XI-GRID-grid.9783.5,Universidade de Kinshasa,active,Congo (the Democratic Republic of the),dspd_unikin,80,"Academic, Training and Research"
GB-CHC-1106156,kidasha,active,United Kingdom of Great Britain and Northern Ireland (the),kidasha,21,International NGO
DE-CR-RA000209-VR1207,World Vision Alemanha,active,Germany,wv_de,21,International NGO
ET-CSA-0784,World Vision Etiópia,active,Ethiopia,wv_et_activities,21,International NGO
IT-CF-00677540288,Doctors with Africa CUAMM,active,Italy,cuamm,21,International NGO
AT-UID-U74408937,Ground Truth Solutions,active,Austria,ground-truth-solutions,21,International NGO
XI-BRIDGE-3665722432,Fórum Africano de Administração Fiscal,active,South Africa,ataf,21,International NGO
GB-CHC-1123241,Peace Direct,active,(No country assigned),peacedirect,21,International NGO
XI-GRID-grid.8193.3,Universidade de Dar es Salaam,active,"Tanzania, the United Republic of",udsm-cbs,80,"Academic, Training and Research"
XM-DAC-30009,Small Arms Survey,active,Switzerland,sas_sana,80,"Academic, Training and Research"
ET-CSA-0475,Family Guidance Association of Ethiopia,active,Ethiopia,fgae_ethiopia,22,National NGO
XM-DAC-576,Ministério dos Negócios Estrangeiros – Emirados Árabes Unidos (EAU),active,United Arab Emirates (the),mofaic_uae,10,Government
KE-NCB-2180511304359047,Population Services Quénia,active,Kenya,pskenya_19,22,National NGO
KE-NCB-2180511403539790,Faith to Action Network,active,Kenya,f2a,21,International NGO
UG-NGO-3329,Auschwitz Institute for the Prevention of Genocide and Mass Atrocities,active,Uganda,aipr,80,"Academic, Training and Research"
KE-NCB-218051200501953650,Healthright International – Quénia,active,Kenya,hri,22,National NGO
CN-SAIC-9111010506489375XP,Carbon Trust (Beijing) Consulting Limited,active,China,ctbeijing,70,Private Sector
GB-COH-OC364842,,active,United Kingdom of Great Britain and Northern Ireland (the),mcs_new,70,Private Sector
LB-MOI-6491,Restart Center,active,Lebanon,restartcenter,22,National NGO
GB-CHC-297716,Business in the Community,active,United Kingdom of Great Britain and Northern Ireland (the),bitc,21,International NGO
GB-CHC-1141552,Balloon Ventures Foundation,active,United Kingdom of Great Britain and Northern Ireland (the),bvf,21,International NGO
ZA-CIP-2007-0308903-08,African Parks Network,active,South Africa,african_parks,21,International NGO
GB-COH-06581421,The Institute for Strategic Dialogue,active,United Kingdom of Great Britain and Northern Ireland (the),isdglobal,80,"Academic, Training and Research"
ML-NIF-055000335T,Near East Foundation Mali (NEF Mali),active,Mali,nef_mali,21,International NGO
NL-KVK-41186799,Women Engage for a Common Future,active,Netherlands (the),wecf,21,International NGO
US-EIN-52-5170039,International Crisis Group,active,Belgium,crisisgroup,21,International NGO
FR-RCS-49962201700014,Bibliothèques Sans Frontières,active,France,bsf1,21,International NGO
SE-ON-802425-8702,Stockholm International Water Institute,active,Sweden,siwi,21,International NGO
GH-RGD-CG077262013,Nature and Development Foundation,active,Ghana,ndf_fgm,22,National NGO
BD-NAB-2004,"Centre for Injury Prevention and Research, Bangladesh (CIPRB)",active,Bangladesh,ciprb,22,National NGO
XI-IATI-RUF,,active,Netherlands (the),ruf,60,Foundation
XM-DAC-40-3,,active,Greece,greece_mfa,10,Government
XI-BRIDGE-1812689272,The Mailman School of Public Health,active,United States of America (the),mailman_school_of_public_health,80,"Academic, Training and Research"
US-EIN-04-2103547,Universidade de Boston,active,United States of America (the),bu-carbx-admin,80,"Academic, Training and Research"
LB-MOI-110,Fundação Rene Moawad,active,Lebanon,rmf-lb,22,National NGO
GB-CHC-1173827,Accountable Now,active,United Kingdom of Great Britain and Northern Ireland (the),accountablenow,21,International NGO
NL-KVK-30157019,Larive International,active,Netherlands (the),larive,70,Private Sector
NG-CAC-57289,Environmental Centre for Oil Spills and Gas Flaring (NACGOND),active,Nigeria,nacgond-,22,National NGO
US-GOV-13,,active,United States of America (the),usadf,10,Government
US-GOV-13-ADF,,withdrawn,United States,usadf,10,Government
FR-RCS-519655997,Handicap International Federation,active,France,hi_fed,21,International NGO
US-EIN-82-3941326,Luminate Foundation Inc.,active,United States of America (the),luminate,60,Foundation
US-EIN-98-0513530,Alliance for a Green Revolution for Africa,active,United States of America (the),agra,21,International NGO
GB-COH-08567792,Behavioural Insights Team,active,United Kingdom of Great Britain and Northern Ireland (the),bit,70,Private Sector
NP-SWC-24,Nepal Netra Jyoti Sangh,active,Nepal,nnjs_nepal,22,National NGO
KE-KRA-P051161193S,Trust for Indigenous Culture and Health,active,Kenya,ticah,21,International NGO
CO-RUE-830140714-1,Brujula Comunicaciones Estrategicas SAS,active,Colombia,brujula,70,Private Sector
XI-GRID-grid.11194.3c,Makerere University School of Public Health,active,Uganda,maksph,80,"Academic, Training and Research"
UG-NGB-12317,Reach A Hand Uganda,active,Uganda,rahuug,22,National NGO
GB-COH-08567552,UN Global Compact Local Network UK,active,United Kingdom of Great Britain and Northern Ireland (the),ungc-uk,40,Multilateral
NL-KVK-815165924,STC International,active,Netherlands (the),stc-international,80,"Academic, Training and Research"
NP-SWC-17775,The Leprosy Mission Nepal,active,Nepal,tlmnepal,22,National NGO
LB-MOI-25465,Fiftyfifty,active,Lebanon,fiftyfifty-lb,22,National NGO
GB-CHC-1172875,East African Playgrounds,active,United Kingdom of Great Britain and Northern Ireland (the),eap,21,International NGO
XM-DAC-41130,Agência das Nações Unidas para Auxílio aos Refugiados da Palestina no Próximo Oriente (UNRWA),active,(No country assigned),unrwa,40,Multilateral
BD-NAB-0918,Centre for Policy Dialogue,active,Bangladesh,cpd,22,National NGO
KE-KRA-P000634725S,African Women's Development and Communication Network,active,Kenya,femnet,23,Regional NGO
UG-NGO-2292,,active,Uganda,wipc,21,International NGO
US-EIN-37-1552838,Fundação GSMA,active,United States of America (the),gsma_foundation,60,Foundation
CH-FDJP-CHE296622304,The Global Initiative Against Transnational Organized Crime,active,Switzerland,gi-toc,15,Other Public Sector
BE-BCE_KBO-0434417468,CODEART ASBL,active,Belgium,codeart,22,National NGO
LB-MOI-1-100,Al Majmoua,active,Lebanon,al_majmoua,22,National NGO
XI-IATI-ESFD,Economic and Social Fund for Development,active,Lebanon,esfd,10,Government
XI-IATI-DKTDRC,,active,Congo (the Democratic Republic of the),dkt_drc,22,National NGO
JO-CCD-200104681,Leaders of Tomorrow,active,Jordan,sqf,70,Private Sector
AE-HFZA-1526,Altai Consulting,active,United Arab Emirates (the),altai,70,Private Sector
CA-CRA_ACR-811793611,Grand Challenges Canada,active,Canada,hgc,22,National NGO
NP-CRO-83836,,withdrawn,(No country assigned),7272,15,Other Public Sector
YE-MSAL-473-2001,Family Counseling and Development Foundation,active,Yemen,fcdf,22,National NGO
ET-CSA-1327,,active,Ethiopia,jfa-pfe,22,National NGO
CH-FDJP-CHE331930936,Global Antibiotic Research and Development Partnership,active,Switzerland,gardp,30,Public Private Partnership
US-EIN-47-5049026,International Youth Alliance for Family Planning,active,United States of America (the),iyafp,21,International NGO
UG-NGB-1277,Forum for Women in Democracy,active,Uganda,fowode,22,National NGO
RW-RGB-114-RGB-RGO-2013,The Legal Aid Forum,active,Rwanda,laf,22,National NGO
AE-ADCD-64747,,withdrawn,(No country assigned),72728,21,International NGO
NL-KVK-30114696,Palladium Europe,active,Netherlands (the),palladium_eur,70,Private Sector
NL-KVK-50744984,BoP Innovation Center,active,Netherlands (the),bopinc,60,Foundation
CO-RUE-900619925-0,,active,Colombia,awaketravel,70,Private Sector
YE-MSAL-18-2013,Mwatana for Human Rights,active,Yemen,mwatana,22,National NGO
GB-CHC-1122330,CDP Worldwide,active,United Kingdom of Great Britain and Northern Ireland (the),cdp,21,International NGO
GB-COH-RC000541,,active,United Kingdom of Great Britain and Northern Ireland (the),soas,80,"Academic, Training and Research"
NL-KVK-41169658,Stichting Fern,active,Netherlands (the),stichtingfern,21,International NGO
GB-CHC-1154413,,active,(No country assigned),cbi,21,International NGO
FI-PRO-0998454-4,Finn Church Aid (Kirkon Ulkomaanapu sr),active,Finland,fca,21,International NGO
GB-COH-06069322,Development Media International,active,United Kingdom of Great Britain and Northern Ireland (the),dmi_admin,21,International NGO
US-EIN-47-3511012,"SDSN Association, Inc.",active,United States of America (the),sdsna,21,International NGO
BE-BCEKB0-0537407021,,active,Belgium,wapa,22,National NGO
XI-GRID-grid.7247.6,Universidade dos Andes,active,Colombia,uand_2020,80,"Academic, Training and Research"
NL-KVK-74064800,Programming Their Future,active,Netherlands (the),p-t-f-,80,"Academic, Training and Research"
US-EIN-13-1740011,Wildlife Conservation Society,active,United States of America (the),wcs,21,International NGO
NL-KVK-27186453,Netherlands Water Partnership,active,Netherlands (the),nwp,60,Foundation
GB-COH-02962250,Commonwealth Local Government Forum,active,United Kingdom of Great Britain and Northern Ireland (the),clgf_data,21,International NGO
NL-KVK-64460789,Coöperatief Climate Fund Managers U.A.,active,Netherlands (the),cfm,70,Private Sector
CH-FDJP-CHE251665168,Fundação Earthworm,active,Switzerland,ewf,21,International NGO
GB-CHC-1082139,Fundação Thomson Reuters,active,United Kingdom of Great Britain and Northern Ireland (the),trf,60,Foundation
GB-LAE-LND,City of London Corporation,active,United Kingdom of Great Britain and Northern Ireland (the),col-greenfinance,15,Other Public Sector
GB-CHC-1160263,WasteAid UK,active,United Kingdom of Great Britain and Northern Ireland (the),wasteaid,21,International NGO
GB-COH-RC000660,Universidade de Liverpool,active,United Kingdom of Great Britain and Northern Ireland (the),uol,80,"Academic, Training and Research"
MU-CR-C134274,Shortlist Professionals Limited,active,Mauritius,shortlistogti,70,Private Sector
GB-CHC-1187935,International Campaign Women´s Right to Safe Abortion,active,United Kingdom of Great Britain and Northern Ireland (the),icwrsa,22,National NGO
GB-CHC-208223,Royal Institute of International Affairs,active,United Kingdom of Great Britain and Northern Ireland (the),riia,80,"Academic, Training and Research"
DE-CR-RA000220-VR9971,CARPO – Center for Applied Research in Partnership with the Orient,active,Germany,carpo,21,International NGO
GB-CHC-1150964,inHive,active,United Kingdom of Great Britain and Northern Ireland (the),inhive,21,International NGO
BE-BCE-KBO-0461977940,,withdrawn,Belgium,fdhommes,22,National NGO
GB-COH-11116719,,active,United Kingdom of Great Britain and Northern Ireland (the),brink_innovation,70,Private Sector
GB-CHC-1079752,RedR UK,active,United Kingdom of Great Britain and Northern Ireland (the),redruk,21,International NGO
XI-IATI-WBTF,Fundos Fiduciários do Banco Mundial,active,United States of America (the),wbtf,40,Multilateral
GB-COH-11373728,Cowater UK Limited,active,United Kingdom of Great Britain and Northern Ireland (the),cowateruk,70,Private Sector
ZA-CIP-M2005001486,Sexual Reproductive Health and Rights Africa Trust,active,South Africa,srhr_africa_trust,23,Regional NGO
US-EIN-61-1725201,"Field Ready, EUA",active,United States of America (the),field_ready,21,International NGO
GB-UKPRN-10007141,Universidade de Central Lancashire,active,United Kingdom of Great Britain and Northern Ireland (the),uclan,80,"Academic, Training and Research"
ML-NIF-084106436R,Conseil et Appui pour l'Education à la Base Mali,active,Mali,caeb_mali,22,National NGO
XM-OCHA-7482,World Vision República Centro-Africana.,active,Central African Republic (the),wv_cf,21,International NGO
GB-COH-07840888,MedicineAfrica Ltd.,active,United Kingdom of Great Britain and Northern Ireland (the),medafrica,80,"Academic, Training and Research"
CA_ON-ONT-1597880,CANADEM,active,Canada,canadem,21,International NGO
ET-CSA-1351,Ethiopian Public Health Association,active,Ethiopia,epha,15,Other Public Sector
NL-KVK-68758766,CAPABUILD,active,Netherlands (the),capabui,21,International NGO
NL-KVK-72908114,The AGRI3 Fund,active,Netherlands (the),agri3_fund,30,Public Private Partnership
NL-KVK-729081140000,The AGRI3 Fund,withdrawn,Netherlands,,30,Public Private Partnership
YE-MSAL-49-M-2019,Sana'a Center for Strategic Studies,active,Yemen,scss,22,National NGO
XI-IATI-BBDN,Bangladesh Business and Disability Network,active,Bangladesh,bbdn,22,National NGO
GB-UKPRN-10007164,"University of the West of England, Bristol",active,United Kingdom of Great Britain and Northern Ireland (the),uwe,80,"Academic, Training and Research"
MX-RFC-ICM160118IZ1,Iniciativa Climatica de Mexico,active,Mexico,icm_mx,22,National NGO
XM-DAC-7-PPR-4000002938,Global Water Partnership,active,Sweden,gwp,21,International NGO
JO-CCD-200006694,"Entiqal for Training ""Partners for Good""",active,Jordan,pfg,22,National NGO
XI-IATI-WVDRC,World Vision República Democrática do Congo,active,Congo (the Democratic Republic of the),wv_cd,21,International NGO
ID-KHH-5018112631240040,NLR Indonesia,active,Indonesia,nlr_indonesia,22,National NGO
GB-CHC-1076722,TRAFFIC International,active,United Kingdom of Great Britain and Northern Ireland (the),traffic,21,International NGO
US-EIN-81-2339233,Youth Development Labs Inc,active,United States of America (the),ylabs,21,International NGO
AM-SRALE-222.160.00823,Eurasia Partnership Foundation,active,Armenia,epf,60,Foundation
US-EIN-83-3580499,,active,United States of America (the),orraa_inc,21,International NGO
GB-CHC-1177110,Elrha,active,United Kingdom of Great Britain and Northern Ireland (the),elrha,21,International NGO
GB-CHC-206504,Instituto Internacional de Estudos Estratégicos,active,United Kingdom of Great Britain and Northern Ireland (the),iiss,80,"Academic, Training and Research"
XI-GRID-grid.8652.9,,active,Ghana,ugorid,80,"Academic, Training and Research"
NL-KVK-30114598,Rabo Partnerships,active,Netherlands (the),rabo_partnerships,70,Private Sector
IE-CHY-20041069,Ethiopiaid Irlanda,active,Ireland,ethiopiaidireland,21,International NGO
GB-GOV-1,"Foreign, Commonwealth and Development Office – Reino Unido",active,United Kingdom of Great Britain and Northern Ireland (the),fcdo,10,Government
XM-OCHA-HPC9829,IMPACT Initiatives,active,Switzerland,impact_initiatives,21,International NGO
US-EIN-82-0644678,Synergía – Initiatives for Human Rights,active,United States of America (the),synergiaihr,21,International NGO
GB-COH-11594545,McKinsey Development Partners,active,United Kingdom of Great Britain and Northern Ireland (the),mdp,70,Private Sector
XI-GRID-grid.7836.a,Universidade da Cidade do Cabo,active,South Africa,uct,80,"Academic, Training and Research"
XI-IATI-KHF,Fundação Rei Hussein,active,Jordan,khf,22,National NGO
GB-COH-04465125,"Imperial College of Science, Technology and Medicine",active,United Kingdom of Great Britain and Northern Ireland (the),imperial,80,"Academic, Training and Research"
GB-CHC-1158838,The Freedom Fund,active,United Kingdom of Great Britain and Northern Ireland (the),tff,21,International NGO
CA-CRA_ACR-119075091,Oxfam – Quebec,active,Canada,oqc,21,International NGO
GB-CHC-1175658,Global Steering Group for Impact Investment,active,United Kingdom of Great Britain and Northern Ireland (the),gsg,21,International NGO
ID-KHH-6014052331100057,Kemitraan Bagi Pembaruan Tata Pemerintahan,active,Indonesia,kemitraan,22,National NGO
MX-RFC-SLP1412039F3,Soluciones en Legislación y Política Ambiental AC,active,Mexico,polea,22,National NGO
GB-CHC-1166956,UK-Med,active,United Kingdom of Great Britain and Northern Ireland (the),uk-med,21,International NGO
JO-CCD-45293,Sowt podcasting and training L.L.C,active,Jordan,sowt,70,Private Sector
BD-NAB-2686,Bangladesh Youth Leadership Center,active,Bangladesh,bylc,22,National NGO
US-EIN-27-3166994,Global Impact Investing Network,active,United States of America (the),giin,22,National NGO
MX-RFC-IIN920701G55,IDOM INGENIERIA,active,Mexico,idom_mx,70,Private Sector
ID-DJP-312529852906000,Asia Justice and Rights,active,Indonesia,ajar,23,Regional NGO
CH-FDJP-CHE105829963,Solidar Suisse,active,Switzerland,solidarsuisse,21,International NGO
GB-UKPRN-10007790,Universidade de Edimburgo,active,United Kingdom of Great Britain and Northern Ireland (the),uoe,80,"Academic, Training and Research"
KE-KRA-P051335339D,African Institute For Development Policy,active,Kenya,afidep,21,International NGO
JO-CCD-200167994,,active,Jordan,lifed_admin,21,International NGO
NL-KVK-27363950,Sociaal-Economische Raad,active,Netherlands (the),ser,15,Other Public Sector
KE-KRA-P051172537S,,active,Kenya,fsdk,15,Other Public Sector
GB-COH-10516061,Cobra Collective CIC,active,United Kingdom of Great Britain and Northern Ireland (the),cobracollective,21,International NGO
GB-GOR-OT1175,Northern Ireland Cooperation Overseas Ltd,active,United Kingdom of Great Britain and Northern Ireland (the),nico,15,Other Public Sector
AT-ZVR-315688676,,active,Austria,lftw-int,21,International NGO
XI-GRID-grid.473464.6,Water & Land Resource Center – Universidade de Adis Abeba,active,Ethiopia,wlrc_aau,80,"Academic, Training and Research"
NG-CAC-30547,Paradigm Initiative,active,Nigeria,paradigm,21,International NGO
JO-MSD-200159274,JoWomenomics,active,Jordan,jowomenomics,22,National NGO
NL-KVK-09108013,Advance Consulting,active,Netherlands (the),ac1999,70,Private Sector
XI-GRID-grid.11835.3e,Universidade de Sheffield,active,United Kingdom of Great Britain and Northern Ireland (the),tuos,80,"Academic, Training and Research"
XM-DAC-47015,CGIAR,active,France,cgiar,80,"Academic, Training and Research"
UG-RSB-197310,Financial Sector Deepening Uganda,active,Uganda,fsduganda,22,National NGO
NL-KVK-41192276,Stichting Wilde Ganzen/ IKON,active,Netherlands (the),nl_wg,22,National NGO
ZM-PCR-12015013762,Prospero Limited,active,Zambia,prospero,22,National NGO
GB-COH-RC000679,Universidade de York,active,United Kingdom of Great Britain and Northern Ireland (the),uoy,80,"Academic, Training and Research"
ZA-NPO-081-788,,active,South Africa,sustainable_livelihoods_foundation,21,International NGO
XM-DAC-41149,Gabinete das Nações Unidas para a Coordenação do Desenvolvimento,active,United States of America (the),undco,15,Other Public Sector
GB-COH-02871809,Global Witness,active,United Kingdom of Great Britain and Northern Ireland (the),globalwitness,21,International NGO
GB-CHC-1175791,Global Anaesthesia Development Partnerships,active,United Kingdom of Great Britain and Northern Ireland (the),gadp,80,"Academic, Training and Research"
US-EIN-042103594,Abdul Latif Jameel Poverty Action Lab at MIT,active,United States of America (the),jpal,80,"Academic, Training and Research"
MW-RG-1011251,Wala Ltd,active,Malawi,walaltd,70,Private Sector
US-EIN-83-1236759,,active,United States of America (the),neopenda,70,Private Sector
US-EIN-53-0235320,Pathfinder International,active,United States of America (the),pathfinder1,21,International NGO
BI-NIF-4000742330,AUXFIN Burundi,active,Burundi,auxfinbi,70,Private Sector
MZ-MOJ100094525,Fundação Micaia,active,Mozambique,micfound,22,National NGO
MY-SSM-1172311D,Forever Sabah,active,Malaysia,fs,22,National NGO
UA-EDR-9795443,Centre for Economic Strategy – Ucrânia,active,Ukraine,ces-ua,22,National NGO
FR-INSEE-31827645800037,"Association de solidarité internationale, Agriculteurs français et développement international (Afdi) France",active,France,afdi-fr,15,Other Public Sector
GB-CHC-1017336,Elton John AIDS Foundation,active,United Kingdom of Great Britain and Northern Ireland (the),ejaf,60,Foundation
CA_AB-ABT-203435797,Alinea International Ltd.,active,Canada,alineainternational_2020,70,Private Sector
GB-CHC-1188731,Sustainable Hospitality Alliance,active,United Kingdom of Great Britain and Northern Ireland (the),sha,21,International NGO
BR-CNPJ-14.563.354/0001-50,Instituto BVRio,active,Brazil,bvrio,21,International NGO
NL-KVK-861193660,OurLoop Stitchting,active,Netherlands (the),loop,60,Foundation
GB-CHC-1137523,The Proforest Initiative UK,active,United Kingdom of Great Britain and Northern Ireland (the),pi-uk,80,"Academic, Training and Research"
US-EIN-13-1623838,EngenderHealth,active,United States of America (the),ehorg,,
US-EIN-843236198,Corus International,active,United States of America (the),corus,21,International NGO
US-EIN-52-2135531,Forest Trends Association,active,United States of America (the),forest-trends,21,International NGO
GB-CHC-1074857,Church of England – The Archbishops' Council,active,United Kingdom of Great Britain and Northern Ireland (the),coe-abc,80,"Academic, Training and Research"
GB-COH-02515034,Timber Trade Federation Ltd.,active,United Kingdom of Great Britain and Northern Ireland (the),ttf,70,Private Sector
US-EIN-38-2846307,Mercy-USA for Aid and Development,active,United States of America (the),mercy-usa,21,International NGO
US-EIN-13-4052259,Media Development Investment Fund,active,United States of America (the),mdif,21,International NGO
KE-RCO-PLC-MYSMV2,,active,Kenya,eabx,70,Private Sector
GB-CHC-1144091,,active,United Kingdom of Great Britain and Northern Ireland (the),nesta,15,Other Public Sector
GB-NIC-073343,Global Fund for Community Foundations,active,United Kingdom of Great Britain and Northern Ireland (the),gfcf,60,Foundation
GB-CHC-1123384,Foundation for Social Improvement,active,United Kingdom of Great Britain and Northern Ireland (the),the_fsi,80,"Academic, Training and Research"
ES-NIF-G02766913,Fields Data,withdrawn,Spain,fd-es,21,International NGO
ES-NIF-G79408852,Medicos del Mundo,active,Spain,mdm_spain,21,International NGO
BE-BCE_KBO-0464147473,Laïcité et Humanisme en Afrique Centrale (LHAC),active,Belgium,lhac,22,National NGO
KE-RCO-CPR-2010-28036,Open Capital Advisors,active,Kenya,oca,70,Private Sector
GB-COH-RC000652,,active,United Kingdom of Great Britain and Northern Ireland (the),university_of_essex,80,"Academic, Training and Research"
GE-RS-406061513,,active,Georgia,cpd_2021,22,National NGO
US-EIN-30-0805768,,active,United States of America (the),tffus,21,International NGO
ZA-NPO-053-456,,active,South Africa,cegaa,22,National NGO
KE-NCB-OP-218-051-9994-1329,,active,Kenya,creawkenya,22,National NGO
NP-CRO-1158-065-066,Kathmandu Medical College Public Limited,active,Nepal,kmc,80,"Academic, Training and Research"
ZA-CIT-9415005603,Universidade de Stellenbosch,active,South Africa,su-impala,80,"Academic, Training and Research"
GB-COH-RC000668,,active,United Kingdom of Great Britain and Northern Ireland (the),soton,80,"Academic, Training and Research"
NG-CAC-37051,,active,Nigeria,dsfn,22,National NGO
GB-CHC-1173320,South West International Development Network,active,United Kingdom of Great Britain and Northern Ireland (the),swidn,23,Regional NGO
GB-HESA-10004113,Universidade de Loughborough,active,United Kingdom of Great Britain and Northern Ireland (the),lboro,80,"Academic, Training and Research"
CA-CC-13474046,,active,Canada,transparently_lebanese,22,National NGO
CH-FDJP-106756410,,active,Switzerland,world_ywca,21,International NGO
CH-660-0294975-4,World Young Women's Christian Association,withdrawn,Switzerland,world_ywca,21,International NGO
NP-IRD-301131441,,active,Nepal,aain,21,International NGO
SN-NINEA-004487121,,active,Senegal,awa_sn,21,International NGO
KE-NCB-218051981161116,Equality Now,active,Kenya,e_n,21,International NGO
UG-NGO-1317,,active,Uganda,siharegional,23,Regional NGO
GH-RGD-CG001532017,PPAG,active,Ghana,ppag_123,22,National NGO
NL-KVK-69759103,,active,Netherlands (the),laterite_bv,70,Private Sector
XM-OCHA-585,,active,Austria,icmpd,40,Multilateral
NL-KVK-27293917,The Hague Academy for Local Governance,active,Netherlands (the),tha,80,"Academic, Training and Research"
IT-CF-80017510225,,active,Italy,sosvdb_italia,22,National NGO
KE-NCB-218-051-9263-33,Young Women's Christian Association of Kenya,active,Kenya,ywcakenya,22,National NGO
SS-RRC-342,Young Women Christian Association of South Sudan (YWCA SS),active,South Sudan,ywcass,22,National NGO
NL-KVK-74983393,IDH Investment Management B.V.,active,Netherlands (the),idh_im,70,Private Sector
UG-RSB-229709,Mango Tree Property Management LTD,active,Uganda,mangotree,70,Private Sector
NL-KVK-41039028,Stichting Leprazending Nederland – The Leprosy Mission Netherlands,active,Netherlands (the),leprazending-tlm-nl,60,Foundation
XI-IATI-SPR,,active,Congo (the Democratic Republic of the),spr,23,Regional NGO
SS-RRC-465,Assistance Mission for Africa,active,South Sudan,ama-south-sudan,22,National NGO
UG-NGO-3580,,active,Uganda,amwa,21,International NGO
JO-CCD-200178924,,active,Jordan,ktk,21,International NGO
ID-KHH-AHU-0013363.AH.01.04,,active,Indonesia,pekka_21,22,National NGO
NG-CAC-IT-NO96562,Olamma Cares Foundation,active,Nigeria,olammacares,22,National NGO
SS-RRC-405,Eve Organization for Women Development,active,South Sudan,eveowd,22,National NGO
DE-CR-RA000220-HRB7745,Forschungsinstitut zur Zukunft der Arbeit GmbH (IZA),active,Germany,iza,80,"Academic, Training and Research"
CA_ON-ONT-1783682,,active,Canada,genderatwork,21,International NGO
NL-KVK-74799525,Legal Action Worldwide,active,Netherlands (the),law,21,International NGO
ZA-NPO-189357,,active,South Africa,sisonke,22,National NGO
UG-204CBO-JJA02202000348,,active,Uganda,jidu2021,23,Regional NGO
GB-COH-RC000721,London Business School,active,United Kingdom of Great Britain and Northern Ireland (the),lbs,80,"Academic, Training and Research"
IN-MHA-083930147,,withdrawn,India,kemhrc,80,"Academic, Training and Research"
XI-GRID-grid.10347.31,,active,Malaysia,rmc_um,80,"Academic, Training and Research"
XI-GRID-grid.11142.37,,active,Malaysia,upm,80,"Academic, Training and Research"
PS-MOI-QR-1420-C,,active,"Palestine, State of",ywca,22,National NGO
EG-MOSS-3959350,,active,Egypt,imc-2021,22,National NGO
US-EIN-13-3615533,,active,United States of America (the),educomm,80,"Academic, Training and Research"
BD-ROC-C-107131,Light Castle Partners,active,Bangladesh,lcp,70,Private Sector
US-EIN-522042014,GoodWeave International,active,United States of America (the),goodweave_intl,21,International NGO
TH-TIN-0993000190092,Asian Coalition for Housing Rights,active,Thailand,achr,23,Regional NGO
GB-COH-OC359103,,active,United Kingdom of Great Britain and Northern Ireland (the),bcg,70,Private Sector
JO-CCD-58307,,active,Jordan,7iberdotcom,70,Private Sector
KE-NCB-WDCBO542010192,Women Challenged to Challenge,active,Kenya,wctc,22,National NGO
UG-NGO-S59143785,,active,Uganda,nuwodu,22,National NGO
ET-CSA-1128,,active,Ethiopia,ewla,22,National NGO
et-CSA-0444,,active,Ethiopia,ewdna2025,22,National NGO
NL-KVK-83517626,,active,Netherlands (the),investinternational,70,Private Sector
NL-KVK-77583442,,active,Netherlands (the),ti_nl,10,Government
XM-OCHA-4438,,active,Bangladesh,icddrb,80,"Academic, Training and Research"
GB-COH-10959095,,active,United Kingdom of Great Britain and Northern Ireland (the),thefaradayinstitution,80,"Academic, Training and Research"
HK-CR-2288921,,active,Hong Kong,elevatelimited,70,Private Sector
NL-KVK-80547745,,active,Netherlands (the),traide_foundation,60,Foundation
MZ-NUIT-700089584,,active,Mozambique,cesc,22,National NGO
US-EIN-04-3309296,,active,United States of America (the),pilpg,22,National NGO
MY-SSM-1162174T,,active,Malaysia,musawah,21,International NGO
ZA-NPO-213-268,,active,South Africa,sanpud,22,National NGO
US-EIN-74-2244146,,active,United States of America (the),rmi,21,International NGO
GH-RGD-CG200980721,,active,Ghana,isdao,21,International NGO
IN-MHA-094421114,,active,India,itforchange,80,"Academic, Training and Research"
XM-DAC-46012,,active,United States of America (the),idbinvest,40,Multilateral
TZ-NNCB-INGOR2000123,,active,"Tanzania, the United Republic of",apn,21,International NGO
PA-PRP-5789,,active,Panama,fundacionavina,60,Foundation
BR-CNPJ-26990192000114,,active,Brazil,wwfbr,21,International NGO
UG-NGO-3690,,withdrawn,Uganda,rv-ww2,21,International NGO
GH-DSW-7992,,active,Ghana,assn,22,National NGO
XM-DAC-46025,,active,Saudi Arabia,isdb,40,Multilateral
ID-DJP-018321174017000,,active,Indonesia,wwf_id,21,International NGO
TN-RNE-1540791FPN000,,active,Tunisia,wwfna,21,International NGO
PH-SEC-CN200340507,,active,Philippines (the),samdhana_institute,23,Regional NGO
PK-NTN-1433899-8,,active,Pakistan,pill,22,National NGO
ZM-PCR-10102712014,,active,Zambia,wwfzambia,21,International NGO
KE-KRA-P051326872M,,active,Kenya,sdi-k,22,National NGO
ID-DJP-023047012526000,,active,Indonesia,bwi,22,National NGO
GB-CHC-1102909,,active,United Kingdom of Great Britain and Northern Ireland (the),climate-group,21,International NGO
BR-CNPJ-09294138-0001-15,,active,Brazil,agroicone,70,Private Sector
GH-DSW-1334,,active,Ghana,wanep,23,Regional NGO
NG-CAC-11660,,active,Nigeria,crerd_ng,22,National NGO
KE-NCB-OP2180511619410357,,active,Kenya,wwf-kenya,22,National NGO
PH-SEC-CN200324943,,active,Philippines (the),ntfp-ep,23,Regional NGO
CO-RUE-8300033586,,active,Colombia,gaia,23,Regional NGO
BF-MATD-2407,,active,Burkina Faso,spong-burkina,22,National NGO
GH-RGD-CG159432015,,active,Ghana,gnbcc,22,National NGO
LR-MFDPNGO-0961,,active,Liberia,sdi,23,Regional NGO
MY-SSM-199601006465,,active,Malaysia,iwrawasiapacific,21,International NGO
US-EIN-83-3732786,,active,United States of America (the),agwa,21,International NGO
IN-MHA-1070-99-2000,,active,India,cividep,22,National NGO
KE-NCB-218051200602584403,,active,Kenya,ad,22,National NGO
BJ-IFU-6201500233008,,active,Benin,pascib_benin,22,National NGO
ML-MAT-028-MAT-DNIC-DAG,,active,Mali,seco-ong-mali,22,National NGO
XI-GRID-grid4157124,,active,Pakistan,iop-rmu,80,"Academic, Training and Research"
XM-DAC-46021,,active,Togo,boadiita,40,Multilateral
YE-MSAL-288-2013,,active,Yemen,ywbod,22,National NGO
SG-ACRA-201507403G,,active,Singapore,growasia,23,Regional NGO
US-EIN-20-3074517,,active,United States of America (the),trustafrica,21,International NGO
PK-SEC-0108318,,active,Pakistan,tfp,22,National NGO
ZA-CIP-2021-421804-08,,active,South Africa,sdi-int,21,International NGO
BD-ROC-C-104266,,active,Bangladesh,redorange,70,Private Sector
ZA-NPO-155-669,,active,South Africa,pai155669,23,Regional NGO
ET-CSA-1424,,active,Ethiopia,corha,22,National NGO
KE-RCO-155081,,active,Kenya,fsdafrica,21,International NGO
BI-NIF-4001055070,,active,Burundi,j2022,22,National NGO
AF-MOE-611,,active,Afghanistan,tlo,22,National NGO
PY-RUC-80025907-6,,active,Paraguay,wwf-py,21,International NGO
TN-RNE-1027578P,,active,Tunisia,cemi,22,National NGO
SN-NINEA-21516110A0,,active,Netherlands (the),gorin,22,National NGO
NL-KVK-54749484,,active,Netherlands (the),fc-f,21,International NGO
PS-MOI-RA279C,,active,"Palestine, State of",pwwsd_2022,22,National NGO
LB-MOI-30-ED,,active,Lebanon,skf,22,National NGO
TH-MOI-KhorThor2882,,active,Thailand,ilgaasia,23,Regional NGO
BI-NIF-4000450306,,active,Burundi,bltp,22,National NGO
FI-PRO3087706-5,,active,Finland,riverrecycle,70,Private Sector
LB-MOI-3567,,active,Lebanon,crtda,22,National NGO
JO-MSD-19700011100010,,active,Jordan,awo2022,22,National NGO
MM-MHA-0295,,active,Netherlands (the),gen,22,National NGO
CO-RUE-830053223,,active,Colombia,limpal-colombia,22,National NGO
GB-GOV-11,,active,United Kingdom of Great Britain and Northern Ireland (the),cbu_hmrc,10,Government
MY-SSM-256530H,,active,Malaysia,my-ssm,23,Regional NGO
RW-RGB-020-17,,active,Rwanda,profemmes,22,National NGO
CO-RUES-800121811,,active,Colombia,codacop,22,National NGO
DK-CVR-42047007,,active,Denmark,icars,80,"Academic, Training and Research"
SS-RRC-140,,active,South Sudan,avsi-ssd,21,International NGO
DK-CVR-25825012,,active,Denmark,sosdk,21,International NGO
US-EIN-81-2108637,,active,United States of America (the),dalbergcatalyst,21,International NGO
BJ-IFU-6201810257535,,active,Benin,abms,22,National NGO
BF-MATD-N00000408001,,active,Burkina Faso,sosjd6,22,National NGO
US-EIN-061805406,,active,United States of America (the),hc2022,21,International NGO
CH-FDJP-CHE10092705,,active,Switzerland,wilpf_22,21,International NGO
ID-DJP-030079198015000,,active,Indonesia,pattiro,22,National NGO
NL-KVK-41226182,,active,Netherlands (the),hfhnl,22,National NGO
US-GOV-11,,active,United States of America (the),state,10,Government
US-GOV-32,,active,United States of America (the),epa,10,Government
US-GOV-16,,active,United States of America (the),doc,10,Government
PL-KRS-0000233247,,active,Poland,cpf,60,Foundation
XI-ROR-01hxy9878,,active,Ireland,rcsi,80,"Academic, Training and Research"
SE-ON-802015-1281,,active,Sweden,ccb,23,Regional NGO
SE-ON-875002-7271,,active,Sweden,efk,22,National NGO
US-GOV-12,,active,United States of America (the),ustda,10,Government
US-GOV-2,,active,United States of America (the),usda,10,Government
US-GOV-10,,active,United States of America (the),peace,10,Government
US-GOV-21,,active,United States of America (the),iaf,10,Government
US-GOV-26,,active,United States of America (the),dot,10,Government
US-GOV-14,,active,United States of America (the),hhs,10,Government
US-GOV-15,,active,United States of America (the),doj,10,Government
IN-MCA-U74999MH2015PTC264094,,active,India,ddsolar,70,Private Sector
US-GOV-9,,active,United States of America (the),doi,10,Government
US-GOV-7,,active,United States of America (the),dod,10,Government
US-GOV-20,,active,United States of America (the),doe,10,Government
US-GOV-19,,active,United States of America (the),dhs,10,Government
XM-OCHA-HP3664,,active,Jordan,jrf_2022,22,National NGO
US-EIN-83-2847769,,active,United States of America (the),60db,70,Private Sector
ci-moi-474-mis-dgat-dag-sdva,,withdrawn,Côte D'Ivoire,csci_benkadi,22,National NGO
SS-RRC-652,,active,South Sudan,siha-southsudan,22,National NGO
ID-KHH-01060014412,,active,Indonesia,tifa_foundation,22,National NGO
061660068,,active,United States of America (the),ipa_,21,International NGO
TZ-NNCB-00NGO-R2-00056,,active,"Tanzania, the United Republic of",wajibu,22,National NGO
NP-SWC-19781,,active,Nepal,infnepal,22,National NGO
NL-KVK-40539494,,active,Netherlands (the),mdmnl,21,International NGO
US-EIN-84-3344516,,active,United States of America (the),aceliafrica,21,International NGO
NL-KVK-76050475,,active,Netherlands (the),gca,21,International NGO
GB-CHC-1187721,,active,United Kingdom of Great Britain and Northern Ireland (the),uws,21,International NGO
ID-KHH-0018020.AH.01.07,,active,Indonesia,hrwg_indonesia,22,National NGO
CO-CCB-0008863,,active,Colombia,opepa,22,National NGO
CH-FDJP-110.162.567,,active,Switzerland,finddiagnostics,60,Foundation
GB-COH-02742969,,active,United Kingdom of Great Britain and Northern Ireland (the),grl,80,"Academic, Training and Research"
PS-MOI-QR177HR,,active,"Palestine, State of",miftah,22,National NGO
KH-INGO-20201231,,active,Cambodia,aac,21,International NGO
GH-DSW-4004,,active,Ghana,mfwa,23,Regional NGO
IL-RA-580675486,,active,Israel,t2p,22,National NGO
XM-DAC-47062,,active,Nigeria,iita_2022,21,International NGO
JO-COA-0301-57112,,active,Jordan,inwrdam,40,Multilateral
KH-INGO,,withdrawn,Cambodia,aac,21,International NGO
CO-RUE-8600286699,,active,Colombia,fedesarrollo,70,Private Sector
NL-KVK-24428291,,active,Netherlands (the),aw,70,Private Sector
NL-KVK-58076573,,active,Netherlands (the),auxfinintl,70,Private Sector
GB-UKPRN-10007783,,active,United Kingdom of Great Britain and Northern Ireland (the),uoa,80,"Academic, Training and Research"
US-EIN-23-6393344,,active,United States of America (the),worldrelief,21,International NGO
GH-RGD-CG056382017,,active,Ghana,globalshea,23,Regional NGO
CO-CCB-01952534,,active,Colombia,grupoe3,70,Private Sector
CO-RUE-901337512,,active,Colombia,iclei,22,National NGO
GB-SC-SC015263,,active,United Kingdom of Great Britain and Northern Ireland (the),strathclyde,80,"Academic, Training and Research"
CH-FDJP-CHE-109-991-002,,active,Switzerland,basel_institute,60,Foundation
BJ-IFU-6202112757059,,active,Benin,igd_benin,22,National NGO
LB-MOI-37-AD,,active,Lebanon,rabi3,22,National NGO
BJ-IFU-6201001214905,,active,Benin,abpf,22,National NGO
GB-COH-RC000653,,active,United Kingdom of Great Britain and Northern Ireland (the),uoex,80,"Academic, Training and Research"
AE-DMCC-23550,,active,United Arab Emirates (the),arkgroupdmcc1,70,Private Sector
US-EIN-52-1497470,,active,United States of America (the),c_i_f,21,International NGO
GB-CHC-1112404,,active,United Kingdom of Great Britain and Northern Ireland (the),rtp_uk,21,International NGO
GB-COH-01250443,,active,United Kingdom of Great Britain and Northern Ireland (the),niras_uk,70,Private Sector
MZ-NUIT-700061787,,active,Mozambique,grp,30,Public Private Partnership
GB-COH-RC000659,,active,United Kingdom of Great Britain and Northern Ireland (the),leics,80,"Academic, Training and Research"
SE-ON-802010-4850,,active,Sweden,solidarity_afghanistan,21,International NGO
BD-NAB-3183,,active,Bangladesh,chrf_bd,,
ET-MFA-150317,,active,Ethiopia,et-adf-0317,23,Regional NGO
GB-CHC-1162997,,active,United Kingdom of Great Britain and Northern Ireland (the),pci,21,International NGO
NL-KVK-41199142,,active,Netherlands (the),rabofoundation,60,Foundation
BI-NIF-4000039331,,active,Burundi,twz1,22,National NGO
KE-NCB-10488,,active,Kenya,sp,22,National NGO
NG-CAC-RC-1368639,,active,Nigeria,infracredit,70,Private Sector
GB-CHC-1050821,,active,United Kingdom of Great Britain and Northern Ireland (the),tzuchiuk,22,National NGO
LB-MOI-17312,,active,Lebanon,female,22,National NGO
NL-KVK-60351489,,active,Netherlands (the),frontclear_ftap,70,Private Sector
GB-COH-10781862,,active,United Kingdom of Great Britain and Northern Ireland (the),svrg,70,Private Sector
US-EIN-47-4606264,,active,United States of America (the),hala_systems,70,Private Sector
LB-MOI-2402520,,active,Lebanon,smex,23,Regional NGO
DE-CR-RA000355-HRB726528,,active,Germany,fosaa,80,"Academic, Training and Research"
UG-RSB-80020000583761,,active,Uganda,ep,70,Private Sector
DK-CVR-78920610,,active,Denmark,fowdk,21,International NGO
CH-FDJP-CHE455926653,,active,Switzerland,ilgaworld,21,International NGO
DE-CR-RA000299-HRB20002,,active,Germany,sce-gmbh,70,Private Sector
PE-SUNARP-03024345,,active,Peru,investigacion_cayetano,80,"Academic, Training and Research"
GB-COH-05712574,,active,United Kingdom of Great Britain and Northern Ireland (the),pul,70,Private Sector
US-EIN-45-4535664,,active,United States of America (the),harvard_global,21,International NGO
KE-NCB-218051200201502367,,active,Kenya,lvct,22,National NGO
XM-DAC-47149,,active,Netherlands (the),icmp,15,Other Public Sector
GB-UKPRN-10007786,,active,United Kingdom of Great Britain and Northern Ireland (the),unibristol,80,"Academic, Training and Research"
KE-KRA-P052188980R,,active,(No country assigned),bfa_global,70,Private Sector
KE-RCO-CF2015185025,,active,Kenya,ga,60,Foundation
AF-MOE-947,,active,Afghanistan,947,22,National NGO
CH-FDJP-CHE326267730,,active,Switzerland,trial,21,International NGO
AF-MOE-118,,active,Afghanistan,sca_afghanistan,21,International NGO
US-EIN-52-1527835,,active,United States of America (the),ifes,21,International NGO
GB-COH-46049,,withdrawn,United Kingdom,testdave,21,International NGO
KE-KRA-P052007235U,,active,Kenya,imfact2022,70,Private Sector
US-EIN-262048480,,active,United States of America (the),ia,21,International NGO
PH-SEC-CN201214699,,active,(No country assigned),crcasia,23,Regional NGO
NA-NAMRA-04413362,,active,Namibia,arasaregional,23,Regional NGO
SO-COA-107-0081-2023,,active,Somalia,iffoundation12,22,National NGO
US-EIN-26-0126537,,active,United States of America (the),gi,21,International NGO
KE-KRA-P051698850Z,,active,Kenya,ddfkenya,70,Private Sector
GB-COH-07177839,,active,United Kingdom of Great Britain and Northern Ireland (the),bboxx,70,Private Sector
SN-NINEA-50255162X2,,active,Senegal,sn-ninea-50255162x2,70,Private Sector
ID-DJP-032441156063000,,active,Indonesia,ptarupidn,70,Private Sector
GB-COH-12675400,,active,United Kingdom of Great Britain and Northern Ireland (the),cir,21,International NGO
BR-CNPJ-30619995-0001-34,,active,Brazil,cit_brazil,80,"Academic, Training and Research"
NG-CAC-RC-929657,,active,Nigeria,fmdqgroupplc_2013,70,Private Sector
GB-CHC-1146162,,active,United Kingdom of Great Britain and Northern Ireland (the),rstmh,21,International NGO
PK-NTN-9051408-4,,active,Pakistan,kmu,80,"Academic, Training and Research"
XM-DAC-46008,,active,Venezuela (Bolivarian Republic of),caf,40,Multilateral
BD-ROC-S-5933,,active,Bangladesh,chpd_ulab,80,"Academic, Training and Research"
NL-KVK-51837609,,active,Netherlands (the),upinion,70,Private Sector
NP-IRD-201252183,,active,Nepal,bpkihs_dharan,80,"Academic, Training and Research"
BO-NIT-351775028,,active,Bolivia (Plurinational State of),conexionla,23,Regional NGO
LK-DRC-GA635,,active,Sri Lanka,irdsrilanka-1997,80,"Academic, Training and Research"
NG-CAC-1075488,,active,Nigeria,nvd_12,70,Private Sector
KE-KRA-P051883897F,,active,Kenya,adili_sh,70,Private Sector
GB-CHC-1030884,,active,United Kingdom of Great Britain and Northern Ireland (the),gb-chc-1030884,21,International NGO
KE-KRA-P052141361L,,active,Kenya,cap-a,22,National NGO
CO-NIT-900442608,,active,Colombia,justapaz,22,National NGO
IN-MHA-147120028,,active,India,lwsit,22,National NGO
GB-COH-14937701,,active,United Kingdom of Great Britain and Northern Ireland (the),gisf,21,International NGO
GB-GOR-PB57,,active,United Kingdom of Great Britain and Northern Ireland (the),mmo,10,Government
US-EIN-13-3615533,,active,United States of America (the),rpa,22,National NGO
CO-NIT-860013720,,active,Colombia,puj,80,"Academic, Training and Research"
SE-ON-802010-8315,,active,Sweden,thp-se,22,National NGO
QA-MOI-01005700,,active,Qatar,qrcs,90,Other
KE-NCB-OP.218-051-9841-1024,,active,Kenya,idf-kenya,22,National NGO
UG-NGO-INTP12912225NB,,active,Uganda,goal-inspire,21,International NGO
GB-UKPRN-10007794,,active,United Kingdom of Great Britain and Northern Ireland (the),uofg,80,"Academic, Training and Research"
AU-ABN-15211513464,,active,Australia,usyd,80,"Academic, Training and Research"
GB-GOR-PB508,,active,United Kingdom of Great Britain and Northern Ireland (the),rbg_kew,80,"Academic, Training and Research"
XI-DUNS-645826186,,active,Pakistan,stmu01,80,"Academic, Training and Research"
IN-MCA-U74900TN2013PTC093426,,active,India,bepl,70,Private Sector
NP-SWC-17977,,active,Nepal,iids,,
AU-ABN-56721584203,,active,Australia,deakin,80,"Academic, Training and Research"
UA-EDR-21691681,,active,Ukraine,la_strada_ukraine,22,National NGO
XI-LEI-529900SKOVW9DANRVO17,,active,Germany,legacy_landscapes_fund,60,Foundation
GH-RGD-CG034642016,,active,Ghana,ukgcc,22,National NGO
BE-BCE_KB0-0421408778,,active,Belgium,ipis,22,National NGO
XI-IATI-KHF_IFH,,active,Jordan,khf_ifh,22,National NGO
PS-TIN-888005972,,active,"Palestine, State of",wsrc1,15,Other Public Sector
NL-KVK-57504091,,active,Netherlands (the),stichting_cd,60,Foundation
GB-COH-05572704,,active,United Kingdom of Great Britain and Northern Ireland (the),aceruk,70,Private Sector
BR-CNPJ-62579164-0001-72,,active,Brazil,_cebrap,80,"Academic, Training and Research"
NL-KVK-34123218,,active,Netherlands (the),rabk,80,"Academic, Training and Research"
YE-MSAL-220,,active,Yemen,bfdyemen,22,National NGO
ZA-CIP-2011-003386-08,,active,South Africa,cisl,80,"Academic, Training and Research"
GB-GOV-25,,active,United Kingdom of Great Britain and Northern Ireland (the),desnz,10,Government
ZA-CIP-2002-007758-08,,active,South Africa,icleiafrica,21,International NGO
GB-COH-OC422288,,active,United Kingdom of Great Britain and Northern Ireland (the),thc,70,Private Sector
YE-CR-17952,,active,Yemen,dr,70,Private Sector
UA-EDR-36159679,,active,Ukraine,dixigroup,22,National NGO
TN-RNE-1526532C,,active,Tunisia,wwc_27068084,22,National NGO
NL-KVK-41150792,,active,Netherlands (the),jp-nl,,
UG-NGO-INDR45161196NB,,active,Uganda,actade,22,National NGO
GB-GOV-26,,active,United Kingdom of Great Britain and Northern Ireland (the),dsit,10,Government
PS-MOI-QR-0049-F,,active,"Palestine, State of",welfare_taawon,21,International NGO
MG-NIF-4003264720,,active,Madagascar,pjl,22,National NGO
YE-MSAL-19,,active,Yemen,rymn,22,National NGO
GB-COH-02412299,,active,United Kingdom of Great Britain and Northern Ireland (the),stonewa11,21,International NGO
HK-CR-2436455,,active,Hong Kong,agsollimited,70,Private Sector
FR-RCS-53119997400027,,active,France,premiere-urgence,21,International NGO
BD-ROC-C-150855,,active,Bangladesh,yy_ventures,70,Private Sector
BD-NAB-0841,,active,Bangladesh,cnrs,22,National NGO
GB-COH-12482833,,active,United Kingdom of Great Britain and Northern Ireland (the),amplifychange,21,International NGO
YE-MOPIC-0036,,active,Yemen,partnersyemen,21,International NGO
SZ-CIT-201710132021804,,active,Eswatini,wu,22,National NGO
BD-NAB-0004,,active,Bangladesh,carebd,21,International NGO
NG-CAC-69519,,active,Nigeria,cjid_ng,22,National NGO
BD-NAB-0577,,active,Bangladesh,dsk,22,National NGO
BD-NAB-1748,,active,Bangladesh,fb_2023,22,National NGO
NL-KVK-91420784,,active,Netherlands (the),wcaf,21,International NGO
YE-MSAL-32-M-2008,,active,Yemen,semc-yemen,22,National NGO
GB-GOR-EA53,,active,United Kingdom of Great Britain and Northern Ireland (the),cefas,10,Government
IN-MCA-U74900TG2007NPL055085,,active,India,tgi_india,80,"Academic, Training and Research"
GB-CHC-298375,,active,United Kingdom of Great Britain and Northern Ireland (the),cls,23,Regional NGO
IN-MHA-083780010,,active,India,sparc_iati,22,National NGO
NL-KVK-75373750,,active,Netherlands (the),ic-bs_24,21,International NGO
PK-NTN-2158581-4,,active,Pakistan,shirkatgah,22,National NGO
NL-KVK-81042582,,active,Netherlands (the),thenab,22,National NGO
GB-COH-4625800,,active,United Kingdom of Great Britain and Northern Ireland (the),iseal,21,International NGO
GB-CHC-1174610,,active,United Kingdom of Great Britain and Northern Ireland (the),thinkequal,15,Other Public Sector
KE-NCB-218051200301082704,,active,Kenya,imlu,22,National NGO
PS-TIN-562780742,,active,"Palestine, State of",tap,70,Private Sector
UG-RSB-80010000758365,,active,Uganda,in,70,Private Sector
XM-OCHA-HPC8773,,active,(No country assigned),ecw,40,Multilateral
US-EIN-46-3995547,,active,United States of America (the),ibp,21,International NGO
ID-KHH-AHU-0000401.AH.01.07,,active,Indonesia,safenet,22,National NGO
IT-CF-97050280581,,active,Italy,cispngo,21,International NGO
NG-CAC-6896199,,active,Nigeria,obodo_ng,22,National NGO
IN-MHA-083930308,,active,India,masumpune_87,22,National NGO
MW-NBM-NGO-L-13-059,,active,Malawi,wolrec,22,National NGO
GH-RGD-ET000570722,,active,Ghana,idh-ghana,21,International NGO
US-EIN-042241718,,active,United States of America (the),edc,21,International NGO
GB-COH-08100658,,active,United Kingdom of Great Britain and Northern Ireland (the),via,70,Private Sector
GB-COH-05380206,,active,United Kingdom of Great Britain and Northern Ireland (the),jncc,15,Other Public Sector
GB-COH-02525806,,active,United Kingdom of Great Britain and Northern Ireland (the),acs_group,70,Private Sector
UG-RSB-125289,,active,Uganda,pcp-ug_125289,70,Private Sector
US-EIN-47-2326975,,active,(No country assigned),cadasta,21,International NGO
BI-NIF-4001458845,,active,Burundi,ajebudi_2024,22,National NGO
CH-FDJP-CHE-390.672.238,,active,Switzerland,nf2022,21,International NGO
RW-RRA-121040504,,active,Rwanda,acv,70,Private Sector
ID-DJP-016993966411000,,active,Indonesia,ppim,80,"Academic, Training and Research"
CA-CC-020387-4,,active,Canada,ef,21,International NGO
GB-CHC-1174115,,active,United Kingdom of Great Britain and Northern Ireland (the),ceobs,22,National NGO
KE-RCO-PVT-2016-025726,,active,Kenya,apolloagriculture,70,Private Sector
JO-CCD-181612,,active,Jordan,mset,70,Private Sector
MU-CR-C191439,,active,Mauritius,blue,70,Private Sector
KE-RCO-BN-J9S5BMEB,,active,Kenya,ecovega,70,Private Sector
AU-ABN-94642321640,,active,Australia,cra,23,Regional NGO
SE-ON-802401-6134,,active,Sweden,ktk_ho,21,International NGO
CA-CRA_ACR-827142530RR0001,,active,Canada,rr_qfdi,21,International NGO
GB-CHC-1191805,,active,United Kingdom of Great Britain and Northern Ireland (the),sidcn,22,National NGO
GB-COH-14411359,,active,United Kingdom of Great Britain and Northern Ireland (the),chemonics_uk,70,Private Sector
NL-KVK-27364265,,active,(No country assigned),nl_tud,80,"Academic, Training and Research"
CH-FDJP-6602621019-7,,active,Switzerland,ffh,21,International NGO
SE-ON-8024010855,,active,Sweden,concordswe,21,International NGO
CO-RUE-90020089,,active,Colombia,feadin,23,Regional NGO
BF-MATD-1131,,active,Burkina Faso,240001090,22,National NGO
GB-COH-01630501,,active,United Kingdom of Great Britain and Northern Ireland (the),mko,70,Private Sector
EG-CR-42812,,active,Egypt,outreach_egypt,70,Private Sector
KE-KRA-P052193943Z,,active,Kenya,theclimatenetwork,22,National NGO
GB-COH-04481639,,active,United Kingdom of Great Britain and Northern Ireland (the),alinea_uk,70,Private Sector
BF-MATD-118884808RR0001,,active,Burkina Faso,bfrri,22,National NGO
GB-UKPRN-10007789,,active,United Kingdom of Great Britain and Northern Ireland (the),uea_uk,80,"Academic, Training and Research"
GB-UKPRN-10000824,,active,United Kingdom of Great Britain and Northern Ireland (the),bournemouth_university,80,"Academic, Training and Research"
BD-NAB-557,,active,Bangladesh,thpdb,21,International NGO
UG-NGO-INDR21712234NB,,active,Uganda,ngoforum_01,22,National NGO
ZA-NPO-IT7504-1992-PMB,,active,South Africa,accord_2024,23,Regional NGO
ZA-CIP-1997-015443-07,,active,South Africa,whc,70,Private Sector
GB-CHC-1186748,,active,United Kingdom of Great Britain and Northern Ireland (the),nt_2024,21,International NGO
GB-CHC-1159990,,active,United Kingdom of Great Britain and Northern Ireland (the),ssap,22,National NGO
GB-COH-09902551,,active,United Kingdom of Great Britain and Northern Ireland (the),camco,70,Private Sector
XM-DAC-962,,active,Switzerland,unctad,40,Multilateral
AR-CUIT-30-70806240-1,,active,Argentina,iecs-2024,21,International NGO
GB-HESA-0163,,active,United Kingdom of Great Britain and Northern Ireland (the),warwickpub123,80,"Academic, Training and Research"
GT-RPJ-21339045,,active,Guatemala,fafg,21,International NGO
XI-ROR-01wk3d929,,active,Indonesia,medicine_ub,80,"Academic, Training and Research"
GB-COH-OC423567,,active,United Kingdom of Great Britain and Northern Ireland (the),gridworkspartners,70,Private Sector
GB-GOV-27,,active,United Kingdom of Great Britain and Northern Ireland (the),mhclg,10,Government
PE-SUNARP-11582738,,active,Peru,cientifica-pe,80,"Academic, Training and Research"
PK-VSWA-2028-2002,,active,Pakistan,bveins,22,National NGO
AT-ZVR-482616437,,active,Austria,hope87,22,National NGO
GB-CHC-313392,,active,United Kingdom of Great Britain and Northern Ireland (the),nfer,80,"Academic, Training and Research"
KE-KRA-P051102229I,,active,Kenya,tdb01,40,Multilateral
GE-NAPR-367,,active,Georgia,curatio,22,National NGO
GB-COH-13697512,,active,United Kingdom of Great Britain and Northern Ireland (the),2xglobal,70,Private Sector
SS-RRC-294,,active,South Sudan,capad,22,National NGO
UA-EDR-24719411,,active,Ukraine,argus_kyiv,70,Private Sector
CA-CRA_ACR-892100884,,active,Canada,col,15,Other Public Sector
GB-CHC-210639,,active,United Kingdom of Great Britain and Northern Ireland (the),rusi,22,National NGO
XM-OCHA-HPC1888,,active,Somalia,inforaas,22,National NGO
XM-OCHA-HPC6052,,active,Somalia,hirda,22,National NGO
BE-BCE_KBO-0665.649.335,,active,Belgium,seefarfoundation,21,International NGO
XM-OCHA-HPC5902,,active,Somalia,pac_som,21,International NGO
XM-OCHA-HPC3382,,active,Somalia,scc_2025,22,National NGO
SO-COA-107-0079-2025,,active,Somalia,kardo-somalia,22,National NGO
XM-OCHA-HPC10477,,active,Somalia,swvsom,22,National NGO
GB-COH-08524506,,active,United Kingdom of Great Britain and Northern Ireland (the),commonseas,70,Private Sector
IN-MHA-5897,,active,India,tlmti,22,National NGO
GH-RGD-CG016822016,,active,Ghana,cdd_admin,22,National NGO
GB-COH-03591514,,active,United Kingdom of Great Britain and Northern Ireland (the),tlm_io,21,International NGO
CH-FDJP-CHE109810537,,active,Switzerland,fsd-switzerland_2025,60,Foundation
US-EIN-11-2724905,,active,United States of America (the),icfj,21,International NGO
BR-CNPJ-45358058000140,,active,Brazil,ufscar_brasil,80,"Academic, Training and Research"
ZA-NPO-012983,,active,South Africa,sci2025,22,National NGO
ZA-CIP-2007-012585-08,,active,South Africa,rdh,21,International NGO
US-EIN-53-0196603,,active,United States of America (the),georgetown,80,"Academic, Training and Research"
US-EIN-113816205,,active,United States of America (the),independent_diplomat,21,International NGO
GB-CHC-1159483,,active,United Kingdom of Great Britain and Northern Ireland (the),start-network,21,International NGO
GH-RGD-CG081931122,,active,Ghana,ews-kt_gh,60,Foundation
FR-RCS-42956525200054,,active,France,ri_france,21,International NGO
SO-COA-107-0290-2025,,active,Somalia,hu,22,National NGO
NG-CAC-8270899,,active,Nigeria,sgal,70,Private Sector
US-EIN-52-1398742,,active,United States of America (the),cipe_1983,21,International NGO
NL-KVK-32160247,,active,Netherlands (the),scopeinsight,70,Private Sector
US-EIN-521338892,,active,United States of America (the),ndi,21,International NGO
TZ-NNCB-00NGOR100261,,active,"Tanzania, the United Republic of",sawaka,22,National NGO
XI-ROR-0595gz585,,active,Ethiopia,uog,80,"Academic, Training and Research"
SE-ON-845000-0768,,active,Sweden,im_sweden,21,International NGO
KE-RSO-21805,,active,Kenya,cpmhf,60,Foundation
PK-VSWA-DO-SW-JCD-VA-259,,active,Pakistan,shifa,90,Other
SE-ON-802473-4892,,active,Sweden,ibp_swe,22,National NGO
RW-RRA-102234096,,active,Rwanda,afrwanda,70,Private Sector
UG-RSB-80010004091376,,active,Uganda,dwb_africa,70,Private Sector
XI-DUNS-499432771,,active,Ghana,nhrc,80,"Academic, Training and Research"
US-SAM-VJ8RGVMEPAT7,,active,United States of America (the),new_digital_trade_coalition,22,National NGO
US-EIN-770155782,,active,United States of America (the),globalfundforwomen,21,International NGO
MW-NBM-20125698,,active,Malawi,mlw,21,International NGO
XM-DAC-46027,,active,Bolivia (Plurinational State of),fonplata,40,Multilateral
BF-MATD-N4217,,active,Burkina Faso,abbef,22,National NGO
XI-ROR-04pznsd21,,active,Lebanon,auob,70,Private Sector
XI-IATI-CLAD,,active,Venezuela (Bolivarian Republic of),clad,40,Multilateral
GB-CHC-1180966,,active,United Kingdom of Great Britain and Northern Ireland (the),mtuk,22,National NGO
GB-COH-05327824,,active,United Kingdom of Great Britain and Northern Ireland (the),tjn,21,International NGO
ZA-CIP-2022-449689-08,,active,South Africa,energycouncilsa,70,Private Sector
FR-INSEE-93282389100019,,active,France,piermarc,21,International NGO
ET-CSA-1560,,active,Ethiopia,eocdicac,22,National NGO
KE-RCO-CPR-2014-161876,,active,Kenya,mwa_kenya,22,National NGO
NL-KVK-86795341,,active,Netherlands (the),clim-eat,60,Foundation
SL-NRA-1136607-8,,active,Sierra Leone,igchr_sierraleone,22,National NGO
SL-OARG-2420280,,active,Sierra Leone,codohsapa,22,National NGO
GB-COH-08195029,,active,United Kingdom of Great Britain and Northern Ireland (the),finance_earth,70,Private Sector
US-EIN-52-1780162,,active,United States of America (the),ef-2025,21,International NGO
US-EIN-35-2725269,,active,(No country assigned),sfa_foundation,21,International NGO
UG-NGO-INDP51781129NB,,active,Uganda,rac-001,23,Regional NGO
UA-EDR-42661077,,active,Ukraine,imtd_int_11,22,National NGO
TR-VKN-4940457659,,active,(No country assigned),kamer,22,National NGO
LB-MOI-1589,,active,Lebanon,nabad,90,Other
SE-ON-802435-6613,,active,Sweden,sto,21,International NGO
RS-APR-17742523,,active,Serbia,iucn-ecaro,90,Other
XI-ROR-05eer8g02,,active,Ethiopia,ju,80,"Academic, Training and Research"
ZA-NPO-209-239,,active,South Africa,c2c,22,National NGO
SE-ON-252002-6564,,active,Sweden,pmu,,
US-EIN-47-5677755,,active,United States of America (the),ist,21,International NGO
SE-ON-802478-1141,,active,Sweden,rainbow_fund,60,Foundation
BW-TIN-C00040009106,,active,Botswana,university-of-botswana,80,"Academic, Training and Research"
SE-ON-8020028133,,active,Sweden,rfsuip,,
CO-NIT-830101557,,active,Colombia,comisionjyp,22,National NGO
SE-ON-202100-3062,,active,Sweden,stockholmuniversity,80,"Academic, Training and Research"
SE-ON-846001-3413,,active,Sweden,rfslmalmoe,90,Other
BR-CNPJ-63762884000131,,active,Brazil,kaninde,22,National NGO
ID-DJP-013236401062000,,active,Indonesia,cephas,80,"Academic, Training and Research"
UG-RSB-80034880275658,,active,Uganda,hanu,22,National NGO
BE-BCE_KBO-0461977940,,active,Belgium,fdhommes,22,National NGO
XI-ROR-02phn5242,,active,Sri Lanka,uoc,80,"Academic, Training and Research"
UA-EDR-41210108,,active,Ukraine,ecoaction_ua,22,National NGO
CI-MOI-474-MIS-DGAT-SAG-SDVA,,active,Côte d'Ivoire,csci_benkadi,22,National NGO
FI-PRO-00990390-0,,active,Finland,nefco,90,Other
SE-ON-802011-9353,,active,Sweden,rfsl_forbundet,22,National NGO
KE-NCB-218051120898201,,active,Kenya,huria,22,National NGO
RS-PIB-105917159,,active,Serbia,partners-serbia,22,National NGO
LU-RCS-A39060,,active,Luxembourg,ipmc-humanitaire,21,International NGO
ZA-CIP-2025-975529-07,,active,South Africa,sadicointech,70,Private Sector
KH-TIN- K009-100090427,,active,Cambodia,spir,21,International NGO
US-EIN-26-1401736,,active,United States of America (the),last_mile_health,21,International NGO
GB-CHC-1141471,,active,United Kingdom of Great Britain and Northern Ireland (the),gndr,21,International NGO
SN-NINEA-40684420VO,,active,Senegal,ied,22,National NGO
SE-ON-802016-9846,,active,Sweden,artikel2,,
UG-RSB-80020000148318,,active,Uganda,sspp,22,National NGO
DE-CR-RA000217-HRB109333,,active,Germany,icsc,21,International NGO
US-EIN-20-364204,,active,United States of America (the),asylum_access,21,International NGO
AU-ABN-13629885918,,active,Australia,cei,80,"Academic, Training and Research"
XI-ROR-03fkc8c64,,active,Jamaica,uwi,80,"Academic, Training and Research"
SE-ON-857206-6689,,active,Sweden,airclim,21,International NGO
NP-SWC-15652,,active,Nepal,n_a,22,National NGO
TZ-TRA-132-359-466,,active,"Tanzania, the United Republic of",akut,80,"Academic, Training and Research"
SV-NIT-9498-180400-101-7,,active,NETHERLAND ANTILLES,nimd_sv,22,National NGO
NL-KVK-97917869,,active,Netherlands (the),gpp,70,Private Sector
ZA-COA-31470,,active,South Africa,hsrc,80,"Academic, Training and Research"
GT-NIT-7102259,,active,Guatemala,ceiba,22,National NGO
MD-IDNO-1022620011229,,active,Moldova (the Republic of),hamd,22,National NGO
UG-NGO-INDR4355781NB,,active,Uganda,cedovip,22,National NGO
SE-ON-894003-1266,,active,Sweden,fsuf,90,Other
SE-ON-855100-9882,,active,Sweden,jordens_vanner,22,National NGO
GB-COH-09297498,,active,United Kingdom of Great Britain and Northern Ireland (the),mom_incubators,70,Private Sector
SE-ON-802011-1582,,active,Sweden,fryshuset,60,Foundation
ET-CSA-7632,,active,Ethiopia,haeth,22,National NGO
TZ-NNCB-OONGO-00010200,,active,"Tanzania, the United Republic of",bufadeso,22,National NGO
SE-ON-802404-9150,,active,Sweden,plan,21,International NGO
US-EIN-27-0915757,,active,United States of America (the),dial,21,International NGO
KE-NCB-90769,,active,Kenya,atps,,
SE-ON-802497-7434,,active,Sweden,iogt-ntomovement,22,National NGO
SE-ON-802501-4732,,active,Sweden,u2l,22,National NGO
BR-CNPJ-05357888-0001-38,,active,Brazil,anac,,
SE-ON-802002-8711,,active,Sweden,src,21,International NGO
TZ-NNCB-00NGO0008925,,active,"Tanzania, the United Republic of",tabio,22,National NGO
LB-MOI-1103,,active,Lebanon,adyan,21,International NGO
SE-ON-252004-7131,,active,Sweden,ucs,22,National NGO
SE-ON-814000-8643,,active,Sweden,hihswe,,
BD-NAB-2837,,active,Bangladesh,ark_foundation,22,National NGO
SE-ON-802002-4280,,active,Sweden,ssnc,22,National NGO
NL-KVK-27286042,,active,Netherlands (the),icm,21,International NGO
GH-TIN-V0004162595,,active,Ghana,noguchi,,
SE-ON-886500-3910,,active,Sweden,abfhalsingland,23,Regional NGO
NG-TIN-18941011-0001,,active,Nigeria,ncdc,10,Government
GB-SC-007983,,active,United Kingdom of Great Britain and Northern Ireland (the),rbge,80,"Academic, Training and Research"
MW-NBM-NGOI12005,,active,Malawi,ageafrica,,
SE-ON-802013-3420,,active,Sweden,bris,22,National NGO
SE-ON-802402-9376,,active,Sweden,myright,22,National NGO
SE-ON-802536-7759,,active,Sweden,beredskapslyftet,,
ZM-PCR-120190005001,,active,Zambia,bloggerszm,22,National NGO
AF-MOE-956,,active,Afghanistan,aoad,22,National NGO
ZA-CIP-1999-012979-08,,active,South Africa,isandla,22,National NGO
KE-KRA-P051637065Q,,active,Kenya,hrok_kwtrp,21,International NGO
DE-CR-RA000217-HRB196905,,active,Germany,syrian_archive,23,Regional NGO
IN-MCA-ACH-1007,,active,India,chip-llp,70,Private Sector
BO-NIT-1020347026,,active,Bolivia (Plurinational State of),sos_bolivia,22,National NGO
SE-ON-802400-5046,,active,Sweden,framtidsjorden,22,National NGO
SE-ON-802014-4294,,active,Sweden,utou,,
AM-SRALE-222.160.00137,,active,Armenia,aua_fund,80,"Academic, Training and Research"
SE-ON-802465-2987,,active,Sweden,kou,22,National NGO
CA-CRA_ACR-833634678RR0001,,active,Canada,acf_canada,,
BI-NIF-4001484502,,active,Burundi,asovb,,
ZM-RNGO-1010019,,active,Zambia,childline_zambia,22,National NGO
SE-ON-802521-8119,,active,Sweden,phi,24,Partner Country based NGO
XM-DAC-41317,,active,Korea (the Republic of),gcf,,
CH-FDJP-CHE-100788251,,active,Switzerland,scgv,21,International NGO
NG-CAC-IT181526,,active,Nigeria,cac,24,Partner Country based NGO
SE-ON-802004-5681,,active,Sweden,lag,22,National NGO
ZA-CIPC-2004-030488-08,,active,South Africa,nbf2025x,60,Foundation
SE-ON-802014-0763,,active,Sweden,sei,60,Foundation
CO-NIT-830008886,,active,Colombia,rnm,70,Private Sector
GB-COH-00559784,,active,United Kingdom of Great Britain and Northern Ireland (the),pirbright_institute,80,"Academic, Training and Research"
UA-EDR-38621206,,active,Ukraine,r2p,22,National NGO
UA-COA-44916875,,active,Ukraine,vs,22,National NGO
SE-ON-802002-3209,,active,Sweden,smc,22,National NGO
SE-ON-802481-2953,,active,Sweden,irc_sweden,60,Foundation
GB-COH-08239074,,active,United Kingdom of Great Britain and Northern Ireland (the),vfw,70,Private Sector
UG-NGO-INDR1251581NB,,active,Uganda,gkfu,22,National NGO
AM-SRALE-222.160.1285221,,active,Armenia,ddf,60,Foundation
SE-ON-802011-1442,,active,Sweden,crd,21,International NGO
CH-FDJP-CHE305100662,,active,Switzerland,p4p,60,Foundation
BD-ROC-C-107131-13,,active,Bangladesh,shestem,73,Private Sector in Third Country
SE-ON-802400-7620,,active,Sweden,forumciv_sweden,21,International NGO
SE-ON-802004-7737,,active,Sweden,fb,22,National NGO
TZ-TRA-106-620-059,,active,"Tanzania, the United Republic of",maperece,22,National NGO
US-EIN-20-0097189,,active,United States of America (the),mozilla-foundation,60,Foundation
TZ-NNCB-INGO-R1-00149,,active,"Tanzania, the United Republic of",gc_tanzania,21,International NGO
MZ-MOJ-105040119,,active,Mozambique,ham,22,National NGO
BA-JIB-4402093280003,,active,Bosnia and Herzegovina,nova_generacija,22,National NGO
XM-DAC-46007,,active,Honduras,bcie,40,Multilateral
SE-ON-802003-3083,,active,Sweden,svalornala,22,National NGO
CA_AB-ABT-555,,active,Colombia,test-stellar,80,"Academic, Training and Research"
SE-ON-845000-4240,,active,Sweden,sib,22,National NGO
LS-HEI-HEI-CRL-20252CNT-3132004,,active,Lesotho,leboha,80,"Academic, Training and Research"
TJ-TIN-020025789,,active,Tajikistan,le,,
XI-ROR-01znkr924,,active,Thailand,mu,80,"Academic, Training and Research"
MU-CR-C08077130,,active,Mauritius,miod,22,National NGO
KE-NCB-NGO-RQUL6GR,,active,Kenya,ve,23,Regional NGO
SE-ON-802405-7815,,active,Sweden,sosbarnbyar,22,National NGO
IN-MHA-010260407,,active,India,nctindia,22,National NGO
AU-ABN-23068075525,,active,Australia,tia,22,National NGO
US-EIN-99-2897200,,active,United States of America (the),p2h,21,International NGO
XM-DAC-47105,,active,(No country assigned),cfc,40,Multilateral
US-EIN-13-4164140,,active,United States of America (the),ifrsfoundation,,
SE-ON-202100-0555,,active,Sweden,socialstyrelsen,15,Other Public Sector
PK-SEC-0254720,,active,Pakistan,faid,22,National NGO
UG-NGO-INDR172356745NB,,active,Uganda,smcsf,22,National NGO
BR-CNPJ-32121994-0001-90,,active,Brazil,ieps,24,Partner Country based NGO
UA-EDR-42631173,,active,Ukraine,uda,22,National NGO
SE-ON-802428-9103,,active,Sweden,bukobahjalpen,22,National NGO
XI-WIKIDATA-2024,,active,Nepal,young_innovation_production_test,70,Private Sector
SE-ON-802452-8500,,active,Sweden,rf,22,National NGO
MZ-MOJ-100110148,,active,Mozambique,ja,22,National NGO
SE-ON-802009-9258,,active,Sweden,pgs,22,National NGO
SE-ON-802016-0654,,active,Sweden,sfhr,21,International NGO
PE-RUC-20610511954,,active,Peru,recambio,22,National NGO
SE-ON-802457-8950,,active,Sweden,asov,,
SE-ON-817602-2302,,active,Sweden,life_peace_institute,60,Foundation
GB-SC-SC048523,,active,United Kingdom of Great Britain and Northern Ireland (the),kidsor,21,International NGO
EC-RUC-1791733924001,,active,Ecuador,altropico,22,National NGO
CH-FDJP-CHE259180555,,active,Switzerland,rift_partners,70,Private Sector
TZ-NNCB-06NGO-00010000,,active,"Tanzania, the United Republic of",ewaki-2026,22,National NGO
GB-GOV-28,,active,United Kingdom of Great Britain and Northern Ireland (the),mhra,15,Other Public Sector
MX-RFC-UAQ510111MQ9,,active,Mexico,uaq,80,"Academic, Training and Research"
CO-NIT-901269139,,active,Colombia,fundacion_oxfam_colombia,22,National NGO
KE-KRA-P051915774Y,,active,Kenya,arin,90,Other
CH-FDJP-CHE365512867,,active,Switzerland,ncdalliance,21,International NGO
XI-ROR-0405n5e57,,active,India,nimhans,10,Government
SE-ON-802416-0262,,active,Sweden,fredenshus,22,National NGO
SE-ON-802539-4035,,active,Sweden,adra-sweden,21,International NGO
SE-ON-252002-6135,,active,Sweden,cos,90,Other
SE-ON-802402-6521,,active,Sweden,cwb-sweden,21,International NGO
GB-UKPRN-10001282,,active,United Kingdom of Great Britain and Northern Ireland (the),northumbriauni,80,"Academic, Training and Research"
SE-ON-202100-5984,,active,Sweden,mcf,10,Government
XI-ROR-03GH19D6,,active,Zambia,unza,80,"Academic, Training and Research"
MW-RG-11429,,active,Malawi,pih,21,International NGO
US-SAM-P8V7YEC1GN34,,active,Ghana,pangeaafrica,70,Private Sector
CR-RPJ-3-002-248583,,active,Costa Rica,coecoceiba,22,National NGO
TZ-NNCB-00NGO-R-4900,,active,"Tanzania, the United Republic of",okia-tz,,
FR-RCS-83162039800030,,active,France,alima,21,International NGO
FR-RCS-92460256800025,,active,France,ifpim,40,Multilateral
SE-ON-802013-1333,,active,Sweden,opc,22,National NGO
IN-MHA-094421947,,active,India,iphbengaluru,24,Partner Country based NGO
SE-ON-826000-8696,,active,Sweden,swefor_,22,National NGO
SE-ON-857205-8694,,active,Sweden,ps,,
TH-TIN-0105553024381,,active,Thailand,rapid-asia,70,Private Sector
PK-VSWA-2172-2003,,active,Pakistan,idea_pakistan,22,National NGO
SE-ON-802426-1664,,active,Sweden,fsd,60,Foundation
BE-BCE_KBO-0711.985.839,,active,Belgium,wcs_eu_aisbl,21,International NGO
KG-OKPO-22766033,,active,Kyrgyzstan,el-too,90,Other
SE-ON-802494-7882,,active,Sweden,lyktansweden,,
ZW-PVO-039-05,,active,Zimbabwe,abdo,22,National NGO
NG-TIN-01535622-0001,,active,Nigeria,fmcabk2025,10,Government
KE-NCB-21805199941329,,active,Kenya,creawkenya_2025,22,National NGO
IN-PAN-AAETN9841L,,active,India,nsgoindia,22,National NGO
NL-KVK-78318424,,active,Netherlands (the),zim,70,Private Sector
SE-ON-802489-3680,,active,Sweden,cto,21,International NGO
SE-ON-802426-0807,,active,Sweden,wcpf,60,Foundation
PH-SEC-AN96001837,,active,Philippines (the),wwfph,22,National NGO
KE-KRA-P000598593S,,active,Kenya,akuk,80,"Academic, Training and Research"
LB-MOI-249647,,active,Lebanon,amel-1979,22,National NGO
GH-TIN-V0004994299,,active,Ghana,kccr,,
SL-OARG-1069356-4,,active,Sierra Leone,slurc,80,"Academic, Training and Research"
GB-CHC-1193984,,active,United Kingdom of Great Britain and Northern Ireland (the),vodafonefoundation,60,Foundation
GB-UKPRN-10007800,,active,United Kingdom of Great Britain and Northern Ireland (the),uwestscot,80,"Academic, Training and Research"
SE-ON-846003-9020,,active,Sweden,barnfonden,,
ID-DJP-730720232711000,,active,Indonesia,bnf,22,National NGO
SE-ON-802001-6047,,active,Sweden,ikff,22,National NGO
SE-ON-802402-5143,,active,Sweden,fairtrade_sweden,22,National NGO
SE-ON-802490-6953,,active,Sweden,acting4change,21,International NGO
UA-EDR-34183275,,active,Ukraine,sos_cv_ua,22,National NGO
XI-ROR-026A3NK20,,active,India,sbisr,,
NA-NAMRA-00562068,,active,Namibia,unam_92,80,"Academic, Training and Research"
US-EIN-84-4785944,,active,United States of America (the),mightyearth,21,International NGO
BJ-IFU-6201002029400,,active,Benin,cerrhud,22,National NGO
KG-OKPO-27730330,,active,Kyrgyzstan,isds,22,National NGO
EC-RUC-2191725959001,,active,Ecuador,udapt,22,National NGO
SE-ON-802467-0195,,active,Sweden,cag_sweden,,
TZ-BRLA-134614,,active,"Tanzania, the United Republic of",rsk-ea,70,Private Sector
UA-EDR-36121231,,active,Ukraine,networkrivne,22,National NGO
XI-GRID-grid.7123.7,,active,Ethiopia,aau-chs,80,"Academic, Training and Research"
ID-DJP-013745104071000,,active,Indonesia,ylbhi,60,Foundation
MM-MHA-0072-2022,,active,Myanmar,am,22,National NGO
XM-DAC-22-2,,active,Luxembourg,luxaid,10,Government
SE-ON-802012-8081,,active,Sweden,vi-skogen,21,International NGO
SE-ON-802546-9514,,active,Sweden,sfli,21,International NGO
SE-ON-802431-3044,,active,Sweden,actionaid_sweden,21,International NGO
SE-ON-802477-9269,,active,Sweden,ose,60,Foundation
IN-MHA-271820001,,active,India,sngt,23,Regional NGO
TZ-NNCB-4196,,active,"Tanzania, the United Republic of",hat,22,National NGO
SE-ON-802426-1268,,active,Sweden,wateraidsweden,21,International NGO
ET-ERCA-0056106666,,withdrawn,Ethiopia,et-adf-0317,23,Regional NGO
GB-1-201879-115,"Wheeler Institute for Business and Development, London Business School",withdrawn,United Kingdom,wheeler,80,"Academic, Training and Research"
