code,name,status,codeforiati:organisation-type,codeforiati:organisation-type-code,codeforiati:registry-identifier,codeforiati:hq-country-or-region
AU-5,Australia: Ministerio de Asuntos Exteriores y Comercio,active,Government,10,ausgov,Australia
44000,El Banco Mundial,active,Multilateral,40,worldbank,(No country assigned)
US-EIN-941655673,Fundación William y Flora Hewlett,active,Foundation,60,hewlett-foundation,United States of America (the)
41AAA,Oficina de las Naciones Unidas de Servicios para Proyectos (UNOPS),active,Multilateral,40,unops,(No country assigned)
GB-CHC-1038860,Frontline AIDS,active,International NGO,21,f-aids,United Kingdom of Great Britain and Northern Ireland (the)
XI-IATI-EC_INTPA,Comisión Europea: Asociaciones Internacionales,active,Other Public Sector,15,ec-intpa,(No country assigned)
XI-IATI-EC_DEVCO,Comisión Europea: Cooperación Internacional y Desarrollo,withdrawn,Other Public Sector,15,ec-devco,(No country assigned)
SE-0,"Suecia, a través de la Agencia Sueca de Cooperación Internacional para el Desarrollo (ASDI)",active,Government,10,sida,Sweden
CA-CRA-89980-1815-RR0001,Engineers Without Borders Canada,active,International NGO,21,ewb_canada,Canada
XM-DAC-41114,Programa de las Naciones Unidas para el Desarrollo (PNUD),active,Multilateral,40,undp,(No country assigned)
GB-CHC-1075920,Indigo Trust,active,Foundation,60,indtrust,United Kingdom of Great Britain and Northern Ireland (the)
GB-CHC-202918,Oxfam GB,active,International NGO,21,oxfamgb,United Kingdom of Great Britain and Northern Ireland (the)
FI-3,Finlandia: Ministerio de Asuntos Exteriores,active,Government,10,finland_mfa,Finland
IE-CHY-6663,Self Help Africa,active,International NGO,21,self-help-africa,Ireland
47045,"Fondo Mundial de Lucha contra el Sida, la Tuberculosis y la Malaria",active,Multilateral,40,theglobalfund,Switzerland
XM-DAC-46004,Banco Asiático de Desarrollo,active,Multilateral,40,asdb,(No country assigned)
46004,Banco Asiático de Desarrollo,withdrawn,Multilateral,40,asdb,(No country assigned)
GB-COH-07676886,Publish What You Fund,active,International NGO,21,pwyf,United Kingdom of Great Britain and Northern Ireland (the)
NO-BRC-977538319,Consejo Noruego para los Refugiados,active,International NGO,21,nrc,Norway
NL-KVK-41213450,SPARK,active,International NGO,21,spark,Netherlands (the)
XM-DAC-3-1,"Dinamarca: Ministerio de Asuntos Exteriores, Agencia Danesa de Desarrollo Internacional (DANIDA)",active,Government,10,danida,Denmark
GB-CHC-285776,Fondo Católico para el Desarrollo de Ultramar (CAFOD),active,International NGO,21,cafod,United Kingdom of Great Britain and Northern Ireland (the)
47122,"Gavi, la Alianza para las Vacunas",active,Public Private Partnership,30,gavi,Switzerland
US-EIN-300108263,GlobalGiving.org,active,International NGO,21,globalgiving,United States of America (the)
GB-CHC-1029161,CAMFED International,active,International NGO,21,camfed,United Kingdom of Great Britain and Northern Ireland (the)
GB-CHC-291691,All We Can (antiguo Methodist Relief and Development Fund),active,International NGO,21,allwecan,United Kingdom of Great Britain and Northern Ireland (the)
GB-CHC-1074937,ADRA-UK,active,International NGO,21,adrauk,United Kingdom of Great Britain and Northern Ireland (the)
GB-CHC-1017255,Homeless International,active,International NGO,21,hi,United Kingdom of Great Britain and Northern Ireland (the)
GB-COH-4905100,Resource Extraction Monitoring,active,International NGO,21,rem,United Kingdom of Great Britain and Northern Ireland (the)
NP-CRO-45995/063/064,YoungInnovations Pvt. Ltd,active,Private Sector,70,yipl,Nepal
GB-CHC-327421,Article 19,active,International NGO,21,art19,United Kingdom of Great Britain and Northern Ireland (the)
GB-CHC-328434,ChildHope UK,active,International NGO,21,childhopeuk,United Kingdom of Great Britain and Northern Ireland (the)
GB-CHC-1092236,Concern Worldwide UK,active,International NGO,21,concernuk,United Kingdom of Great Britain and Northern Ireland (the)
GB-COH-4075590,LEAD International,active,International NGO,21,lead_international,United Kingdom of Great Britain and Northern Ireland (the)
XM-DAC-21033,Secretaría de Transparencia Internacional,active,International NGO,21,transparency-international,Germany
GB-CHC-1141028,AfriKids,active,International NGO,21,afrikids,United Kingdom of Great Britain and Northern Ireland (the)
GB-CHC-1089879,EveryChild,active,International NGO,21,evc,United Kingdom of Great Britain and Northern Ireland (the)
GB-CHC-1126727,MapAction,active,International NGO,21,mapaction,United Kingdom of Great Britain and Northern Ireland (the)
GB-CHC-254781,International Children's Trust,active,International NGO,21,theict,United Kingdom of Great Britain and Northern Ireland (the)
GB-COH-NI21482,Trocaire (Irlanda del Norte),active,International NGO,21,troc,United Kingdom of Great Britain and Northern Ireland (the)
GB-CHC-1001698,Interact Worldwide,active,International NGO,21,iww_publish,United Kingdom of Great Britain and Northern Ireland (the)
GB-CHC-1837621,Health Poverty Action,active,International NGO,21,hpa,United Kingdom of Great Britain and Northern Ireland (the)
GB-CHC-313139,Africa Educational Trust,active,International NGO,21,aet,United Kingdom of Great Britain and Northern Ireland (the)
GB-CHC-800672,Fundación Tierra Viva,active,International NGO,21,livingearth12,United Kingdom of Great Britain and Northern Ireland (the)
GB-COH-0277068,Fauna & Flora International,active,International NGO,21,ffi_publisher,United Kingdom of Great Britain and Northern Ireland (the)
GB-CHC-1020488,Children in Crisis,active,International NGO,21,cic,United Kingdom of Great Britain and Northern Ireland (the)
GB-CHC-1090745,ICA:UK,active,National NGO,22,icauk,United Kingdom of Great Britain and Northern Ireland (the)
GB-CHC-298316,Build Africa,active,International NGO,21,buildafrica,United Kingdom of Great Britain and Northern Ireland (the)
GB-CHC-265464,Tearfund,active,International NGO,21,tearfund,United Kingdom of Great Britain and Northern Ireland (the)
GB-CHC-208724,War on Want,active,International NGO,21,waronwant,United Kingdom of Great Britain and Northern Ireland (the)
GB-COH-06587734,InterClimate Network,active,International NGO,21,icn,United Kingdom of Great Britain and Northern Ireland (the)
GB-COH-2082273,Asociación Mundial para la Comunicación Cristiana (Reino Unido),active,International NGO,21,wacc-uk,United Kingdom of Great Britain and Northern Ireland (the)
GB-CHC-1064413,African Initiatives,active,International NGO,21,ai_1064413,United Kingdom of Great Britain and Northern Ireland (the)
GB-COH-05322719,Opportunity International UK,active,International NGO,21,opportunity-international-uk,United Kingdom of Great Britain and Northern Ireland (the)
GB-SC-SC030289,Mercy Corps Europe,active,International NGO,21,mce,United Kingdom of Great Britain and Northern Ireland (the)
GB-COH-1100897,Fundación Aga Khan (Reino Unido),active,International NGO,21,akfuk73,United Kingdom of Great Britain and Northern Ireland (the)
GB-CHC-1001349,Samaritan's Purse UK,active,International NGO,21,spuk,United Kingdom of Great Britain and Northern Ireland (the)
GB-CHC-327461,Karuna Trust,active,International NGO,21,karuna,United Kingdom of Great Britain and Northern Ireland (the)
GB-COH-4887855,HealthProm,active,International NGO,21,hp_12,United Kingdom of Great Britain and Northern Ireland (the)
GB-CHC-207076,Real Sociedad para la Protección de las Aves,active,International NGO,21,rspb_,United Kingdom of Great Britain and Northern Ireland (the)
GB-CHC-299717,Send a Cow,active,International NGO,21,sendacow,United Kingdom of Great Britain and Northern Ireland (the)
GB-CHC-1069208,Trust for Africa's Orphans,active,International NGO,21,tao-03473165,United Kingdom of Great Britain and Northern Ireland (the)
GB-CHC-283302,Agency for Cooperation and Research in Development (ACORD),active,International NGO,21,acord,United Kingdom of Great Britain and Northern Ireland (the)
GB-CHC-1068839,Bond,active,National NGO,22,bond,United Kingdom of Great Britain and Northern Ireland (the)
GB-CHC-291824,Twin,active,International NGO,21,twin-iati,United Kingdom of Great Britain and Northern Ireland (the)
GB-CHC-1059996,Power International,active,International NGO,21,power,United Kingdom of Great Britain and Northern Ireland (the)
GB-CHC-1102028,Canon Collins Trust,active,International NGO,21,canoncollinstrust,United Kingdom of Great Britain and Northern Ireland (the)
GB-COH-5419428,Water & Sanitation for the Urban Poor (WSUP),active,Public Private Partnership,30,wsup,United Kingdom of Great Britain and Northern Ireland (the)
GB-COH-03877777,CDC Group Plc.,active,Other Public Sector,15,bii,United Kingdom of Great Britain and Northern Ireland (the)
GB-CHC-328206,Womankind Worldwide,active,International NGO,21,womankindworld,United Kingdom of Great Britain and Northern Ireland (the)
GB-CHC-281681,"Amigos de la Tierra Inglaterra, Gales e Irlanda del Norte",active,National NGO,22,foe_ewni,United Kingdom of Great Britain and Northern Ireland (the)
GB-CHC-272465,United Purpose,active,International NGO,21,cu,United Kingdom of Great Britain and Northern Ireland (the)
GB-CHC-1125948,PONT,active,International NGO,21,pont,United Kingdom of Great Britain and Northern Ireland (the)
GB-CHC-1138287,Rainforest Foundation Reino Unido,active,International NGO,21,rfuk,United Kingdom of Great Britain and Northern Ireland (the)
41120,ONU-Hábitat,active,Multilateral,40,unhabitat,(No country assigned)
GB-COH-04154075,Penal Reform International,active,International NGO,21,pri,United Kingdom of Great Britain and Northern Ireland (the)
GB-CHC-288701,WaterAid,active,International NGO,21,wateraid,United Kingdom of Great Britain and Northern Ireland (the)
GB-CHC-291167,Jeevika Trust,active,International NGO,21,jeevika_trust,United Kingdom of Great Britain and Northern Ireland (the)
GB-CHC-313757,Voluntary Service Overseas,active,International NGO,21,vso,United Kingdom of Great Britain and Northern Ireland (the)
GB-COH-1364201,Plan International UK,active,International NGO,21,plan_uk,United Kingdom of Great Britain and Northern Ireland (the)
XM-DAC-21032,,active,International NGO,21,psi,United States of America (the)
21032,Population Service International,withdrawn,International NGO,21,psi,United States
GB-COH-213890,Save the Children Reino Unido,active,International NGO,21,scuk,United Kingdom of Great Britain and Northern Ireland (the)
NL-KVK-41198677,Hivos,active,International NGO,21,stichting_hivos,Netherlands (the)
ZA-NPO-061-870,Southern African Catholic Bishops' Conference AIDS Office,active,Regional NGO,23,sacbc,South Africa
CH-FDJP-CHE-110347351,Alianza Mundial para Mejorar la Nutrición,active,International NGO,21,gain,Switzerland
30001,Alianza Mundial para Mejorar la Nutrición,withdrawn,International NGO,21,,Switzerland
GB-CHC-1127206,StreetInvest,active,International NGO,21,si,United Kingdom of Great Britain and Northern Ireland (the)
GB-CHC-1055436,Conciliation Resources,active,International NGO,21,cr,United Kingdom of Great Britain and Northern Ireland (the)
GB-CHC-1115482,BRAC UK,active,International NGO,21,bracuk,United Kingdom of Great Britain and Northern Ireland (the)
ZA-NPO-036-515,,active,Regional NGO,23,gl,South Africa
ZA-CIP-2001-005850-08,,withdrawn,Regional NGO,23,gl,South Africa
ZA-CIPC-2001/005850/08,Gender Links,withdrawn,Regional NGO,23,gl,South Africa
GB-CHC-218186,Leonard Cheshire Disability,active,International NGO,21,lcd_admin,United Kingdom of Great Britain and Northern Ireland (the)
GB-COH-3008440,Forests Monitor,active,International NGO,21,fm,United Kingdom of Great Britain and Northern Ireland (the)
GB-COH-2100867,SOS Sahel International UK,active,International NGO,21,sossaheluk,United Kingdom of Great Britain and Northern Ireland (the)
GB-CHC-1065705,Survivors Fund (SURF),active,International NGO,21,surf,United Kingdom of Great Britain and Northern Ireland (the)
GB-CHC-1122924,Developments In Literacy Trust UK,active,International NGO,21,diltuk,United Kingdom of Great Britain and Northern Ireland (the)
GB-CHC-292506,CARE International UK,active,International NGO,21,ciuk,United Kingdom of Great Britain and Northern Ireland (the)
GB-CHC-328158,Islamic Relief Worldwide,active,International NGO,21,irw,United Kingdom of Great Britain and Northern Ireland (the)
GB-CHC-229476,Federación Internacional de Planificación de la Familia,active,International NGO,21,ippf,United Kingdom of Great Britain and Northern Ireland (the)
GB-CHC-326568,Charity Projects Ltd (Comic Relief),active,Foundation,60,cprojects,United Kingdom of Great Britain and Northern Ireland (the)
XM-DAC-41111,Fondo de las Naciones Unidas para el Desarrollo de la Capitalización,active,Multilateral,40,uncdf,United States of America (the)
NL-CCI-20081098,BRAC International,withdrawn,International NGO,21,bracintl,Netherlands
GB-CHC-1098106,Relief International UK,active,International NGO,21,ri-uk,United Kingdom of Great Britain and Northern Ireland (the)
GB-CHC-1071886,TB Alert,active,International NGO,21,tbalert,United Kingdom of Great Britain and Northern Ireland (the)
XM-DAC-41146,ONU Mujeres,active,Multilateral,40,unw,(No country assigned)
TZ-BRE-63966,Twaweza,active,Regional NGO,23,twaweza,"Tanzania, the United Republic of"
GB-CHC-1104287,MicroLoan Foundation,active,International NGO,21,mlf,United Kingdom of Great Britain and Northern Ireland (the)
GB-CHC-1152010,Child to Child,active,International NGO,21,ctc,United Kingdom of Great Britain and Northern Ireland (the)
GB-CHC-1105851,Christian Aid,active,International NGO,21,caid,United Kingdom of Great Britain and Northern Ireland (the)
GB-CHC-1139083,Grow Movement,active,"Academic, Training and Research",80,growmovement_admin,United Kingdom of Great Britain and Northern Ireland (the)
GB-CHC-1079358,Motivation,active,International NGO,21,motivation,United Kingdom of Great Britain and Northern Ireland (the)
US-EIN-27-5026293,Disability Rights Fund,active,International NGO,21,drf,United States of America (the)
US-USAGOV,Estados Unidos,withdrawn,Government,10,unitedstates,United States
GB-CHC-1081247,"WWF, Reino Unido",active,International NGO,21,wwf-uk,United Kingdom of Great Britain and Northern Ireland (the)
GB-COH-1102208,MSI Reproductive Choices,active,International NGO,21,msi,United Kingdom of Great Britain and Northern Ireland (the)
GB-CHC-207544,Sightsavers,active,International NGO,21,ss-org,United Kingdom of Great Britain and Northern Ireland (the)
GB-COH-03788027,Triple Line,active,Private Sector,70,tripleline_crownagents,United Kingdom of Great Britain and Northern Ireland (the)
GB-CHC-1058991,Railway Children,active,International NGO,21,rc,United Kingdom of Great Britain and Northern Ireland (the)
GB-CHC-1140123,Vision for a Nation Foundation,active,International NGO,21,vfan,United Kingdom of Great Britain and Northern Ireland (the)
21-PK-WWF,"Fondo Mundial para la Naturaleza, Pakistán",active,International NGO,21,wwfpakistan,Pakistan
NL-KVK-27264198,ActionAid International,active,International NGO,21,aai,Netherlands (the)
XI-IATI-IADB,Banco Interamericano de Desarrollo,active,Multilateral,40,iadb,(No country assigned)
GB-CHC-327519,Zimbabwe Educational Trust,active,International NGO,21,zet,United Kingdom of Great Britain and Northern Ireland (the)
GB-COH-871954,Practical Action,active,International NGO,21,pa,United Kingdom of Great Britain and Northern Ireland (the)
GB-CHC-1127488,Restless Development,active,International NGO,21,restless,United Kingdom of Great Britain and Northern Ireland (the)
GB-COH-2153193,International Alert,active,International NGO,21,international-alert,United Kingdom of Great Britain and Northern Ireland (the)
DE-1,Alemania: Ministerio Federal de Cooperación y Desarrollo Económicos,active,Government,10,bmz,Germany
GB-CHC-1099776,Malaria Consortium,active,International NGO,21,malariaconsortium,United Kingdom of Great Britain and Northern Ireland (the)
GB-CHC-1078768,People In Aid,active,International NGO,21,peopleinaid,United Kingdom of Great Britain and Northern Ireland (the)
47135,Fondos de Inversión en el Clima,active,Multilateral,40,cif,(No country assigned)
IN-,"MAMTA, Instituto de Salud Maternoinfantil",active,National NGO,22,mamta_himc,India
ciks,Centre for Indian Knowledge Systems,active,"Academic, Training and Research",80,ciks,India
GB-CHC-1070684,Cord,active,Regional NGO,23,cord,United Kingdom of Great Britain and Northern Ireland (the)
GB-GOV-6,Reino Unido: Ministerio del Interior,active,Government,10,homeoffice,United Kingdom of Great Britain and Northern Ireland (the)
US-EIN-13-2702768,Pact,active,International NGO,21,pact,United States of America (the)
GB-CHC-1071659,War Child UK,active,International NGO,21,wcuk,United Kingdom of Great Britain and Northern Ireland (the)
GB-CHC-1107403,GOAL,active,International NGO,21,goal,Ireland
GB-COH-3578127,Ethical Trading Initiative,active,International NGO,21,eti,United Kingdom of Great Britain and Northern Ireland (the)
GPAF-IMP-031,Development Aid from People to People (DAPP) Malawi,active,National NGO,22,dapp,Malawi
XM-DAC-41122,Fondo de las Naciones Unidas para la Infancia (UNICEF),active,Multilateral,40,unicef,(No country assigned)
US-IRS-562339052,CDA Collaborative Learning Projects,active,International NGO,21,cda,United States of America (the)
SL-NRA-1001562-8,"Medical Research Centre (MRC), Sierra Leona",active,National NGO,22,mrc-sierra-leone,Sierra Leone
GB-SC-SC035314,Scotland's International Development Alliance,active,Regional NGO,23,sinda,United Kingdom of Great Britain and Northern Ireland (the)
XM-DAC-41140,Programa Mundial de Alimentos de las Naciones Unidas (PMA),active,Multilateral,40,wfp,Italy
BE-BCE_KBO-0462279234,ACODEV,active,National NGO,22,acodev,Belgium
IE-CHY-6410,Dóchas - Irish Association of Non Governmental Development Organisations,active,National NGO,22,dochas,Ireland
GB-COH-01926828,Farm Africa,active,International NGO,21,fa,United Kingdom of Great Britain and Northern Ireland (the)
IN-AR-775,Pragya India,active,National NGO,22,pragya,India
GB-CHC-1109789,Y Care International,active,International NGO,21,ycare,United Kingdom of Great Britain and Northern Ireland (the)
GB-CHC-1115109,Women for Women International (Reino Unido),active,International NGO,21,wfwiuk,United Kingdom of Great Britain and Northern Ireland (the)
GB-CHC-274467,ActionAid UK,active,International NGO,21,aauk,United Kingdom of Great Britain and Northern Ireland (the)
NG-CAC-5938,Association for Reproductive and Family Health,active,National NGO,22,arfh,Nigeria
XM-DAC-46002,Banco Africano de Desarrollo,active,Multilateral,40,afdb,(No country assigned)
46002,Banco Africano de Desarrollo,withdrawn,Multilateral,40,afdb,(No country assigned)
NL-KVK-27327087,Fundación Akvo,active,International NGO,21,akvo,Netherlands (the)
GB-CHC-1043843,Saferworld,active,International NGO,21,saferworld,United Kingdom of Great Britain and Northern Ireland (the)
XM-DAC-41119,,active,Multilateral,40,unfpa,(No country assigned)
41119,Fondo de Población de las Naciones Unidas,withdrawn,Multilateral,40,unfpa,(No country assigned)
NP-DAO-27-127/062/063,Freedom Forum,active,National NGO,22,ff,Nepal
GB-CHC-1045348,Afghanaid,withdrawn,International NGO,21,afghanaid,United Kingdom
NZ-1,"Nueva Zelandia: Ministerio de Asuntos Exteriores y Comercio, Programa de Ayuda de Nueva Zelandia",active,Government,10,mfat,New Zealand
CA-3,Canadá: Ministerio de Asuntos Mundiales,active,Government,10,gac-amc,Canada
XI-IATI-EC_FPI,Comisión Europea: Servicio de Instrumentos de Política Exterior,active,Other Public Sector,15,ec-fpi,(No country assigned)
XI-IATI-EC_NEAR,Comisión Europea: Política de Vecindad y Negociaciones de Ampliación,active,Other Public Sector,15,ec-near,(No country assigned)
ES-DIR3-E04585801,"España: Ministerio de Asuntos Exteriores, Unión Europea y Cooperación",active,Government,10,maec,Spain
GB-COH-1762840,HelpAge International,active,International NGO,21,helpage_international,United Kingdom of Great Britain and Northern Ireland (the)
SACU,Send a Cow Uganda,active,National NGO,22,sacu,Uganda
XM-DAC-21-1,Irlanda: Ministerio de Asuntos Exteriores y Comercio,active,Government,10,irishaid,Ireland
GB-GOV-9,,active,Government,10,dwp,United Kingdom of Great Britain and Northern Ireland (the)
GB-GOV-GB-9,,withdrawn,Government,10,dwp,United Kingdom
GB-9,Reino Unido: Ministerio de Trabajo y Pensiones,withdrawn,Government,10,dwp,United Kingdom
GB-CHC-1120932,Network for Africa,active,International NGO,21,network4africa,United Kingdom of Great Britain and Northern Ireland (the)
GB-CC-1098893,Blue Ventures Conservation,active,International NGO,21,blueventures,United Kingdom of Great Britain and Northern Ireland (the)
GB-CHC-1114944,iPartner India,active,International NGO,21,ip-india,United Kingdom of Great Britain and Northern Ireland (the)
GB-SC-SC037959,Link Community Development Scotland,active,International NGO,21,lcds,United Kingdom of Great Britain and Northern Ireland (the)
GB-COH-07629751,Digital Campus,active,"Academic, Training and Research",80,dc,United Kingdom of Great Britain and Northern Ireland (the)
ZA-NPO-013484,Heifer International South Africa,active,National NGO,22,hsa,South Africa
XI-IATI-EC_ECHO,Comisión Europea: Ayuda Humanitaria y Protección Civil,active,Other Public Sector,15,ec-echo,(No country assigned)
TN-TIN-102123727,CUAMM Trustees,active,National NGO,22,cuammtrustees,"Tanzania, the United Republic of"
GB-GOV-10,Reino Unido: Ministerio de Sanidad y Servicios Sociales,active,Government,10,dhsc,United Kingdom of Great Britain and Northern Ireland (the)
GB-CHC-1120413,MICAIA,active,International NGO,21,mic-uk,United Kingdom of Great Britain and Northern Ireland (the)
US-IRS-13-5661832,Plan International USA,active,International NGO,21,plan_usa,United States of America (the)
GB-CHC-1096908,Afghanistan and Central Asian Association,active,International NGO,21,acaa,United Kingdom of Great Britain and Northern Ireland (the)
GB-COH-RC000346,Reino Unido: Consejo de Investigación Médica,active,Government,10,mrc,United Kingdom of Great Britain and Northern Ireland (the)
KE-NGC-3372,I Choose Life Africa,active,National NGO,22,ke-ngc-3372,Kenya
GB-CHC-1065972,International Rescue Committee UK,active,International NGO,21,irc_uk,United Kingdom of Great Britain and Northern Ireland (the)
GB-COH-06407873,HTSPE,active,Private Sector,70,htspe,United Kingdom of Great Britain and Northern Ireland (the)
GB-CHC-1024903,Hospice Africa Ltd,active,"Academic, Training and Research",80,hauk,United Kingdom of Great Britain and Northern Ireland (the)
GB-CHC-326859,Able Child Africa,active,International NGO,21,ablechildafrica,United Kingdom of Great Britain and Northern Ireland (the)
NP-SWC-13712,Global Action Nepal,active,National NGO,22,gan,Nepal
GB-COH-2732176,Adam Smith International,active,Private Sector,70,asi,United Kingdom of Great Britain and Northern Ireland (the)
US-EIN-131837418,The Foundation Center,active,International NGO,21,foundation_center,United States of America (the)
GB-COH-4884328,Integrity Action,active,International NGO,21,integrity_action,United Kingdom of Great Britain and Northern Ireland (the)
CH-4,Suiza: Agencia Suiza para el Desarrollo y la Cooperación (COSUDE),active,Government,10,sdc_ch,Switzerland
GB-CHC-1078803,Bees for Development Trust,active,International NGO,21,beesfordevelopment,United Kingdom of Great Britain and Northern Ireland (the)
FR-SIRET-4028868160030,ACTED,active,International NGO,21,acted,France
XM-DAC-7,Países Bajos: Ministerio de Asuntos Exteriores,active,Government,10,minbuza_nl,Netherlands (the)
GB-CHC-289036,Emmanuel International UK,active,International NGO,21,eiuk,United Kingdom of Great Britain and Northern Ireland (the)
GB-CHC-291333,Feed the Minds,active,International NGO,21,ftm-291333,United Kingdom of Great Britain and Northern Ireland (the)
NP-DAO-27-689/063/064,NGO Federation of Nepal,active,National NGO,22,nfn,Nepal
GB-COH-03259922,Crown Agents Limited,active,Private Sector,70,cal,United Kingdom of Great Britain and Northern Ireland (the)
GB-COH-04589451,Ark (Absolute Return for Kids),active,International NGO,21,ark,United Kingdom of Great Britain and Northern Ireland (the)
GB-CHC-290836,APT Action on Poverty,active,International NGO,21,apt,United Kingdom of Great Britain and Northern Ireland (the)
KE-NGCB-149,SOS Children's Villages Kenya,active,International NGO,21,soscvkenya,Kenya
GB-CHC-1083008,MAG,active,International NGO,21,mag,United Kingdom of Great Britain and Northern Ireland (the)
GB-CHC-1098752,Target TB,active,International NGO,21,targettb,United Kingdom of Great Britain and Northern Ireland (the)
XM-DAC-41127,Oficina de Coordinación de Asuntos Humanitarios de las Naciones Unidas (OCHA),active,Multilateral,40,unocha,Switzerland
GB-COH-1858644,DAI Europe,active,Private Sector,70,dai-e,United Kingdom of Great Britain and Northern Ireland (the)
GB-CHC-1087997,Stars Foundation,active,Foundation,60,starsfoundation,United Kingdom of Great Britain and Northern Ireland (the)
NP-SWC-19336,,active,National NGO,22,phase-nepal,Nepal
NP-DAO-531/062/063,PHASE Nepal,withdrawn,National NGO,22,phase-nepal,Nepal
FR-6,Francia: Ministerio de Asuntos Exteriores y Europa,active,Government,10,france,France
XI-IATI-035026724,Hilfswerk Austria Zimbabwe,active,International NGO,21,hwa-zm,Zimbabwe
IE-CHY-15037,Plan Ireland Charitable Assistance Limited,active,International NGO,21,plan_ireland,Ireland
FR-3,Agencia Francesa de Desarrollo,active,Other Public Sector,15,afd,France
GB-CHC-209131,British Council,active,Other Public Sector,15,britishcouncil,United Kingdom of Great Britain and Northern Ireland (the)
GB-CHC-1128536,Street Child,active,International NGO,21,street_child,United Kingdom of Great Britain and Northern Ireland (the)
GB-CHC-1081695,Vision Aid Overseas,active,International NGO,21,vao,United Kingdom of Great Britain and Northern Ireland (the)
GB-COH-03580586-GEC,Girls’ Education Challenge – Fund Manager PwC,active,Private Sector,70,gecfundmanagerpwc,United Kingdom of Great Britain and Northern Ireland (the)
GB-COH-07669775,GEMS Education Solutions,active,Private Sector,70,mgcubed,Ghana
US-EIN-54-0536100,ChildFund International,active,International NGO,21,childfund,United States of America (the)
NP-DAO-DANG-18-046/47,Backward Society Education (BASE),active,National NGO,22,base_22,Nepal
GB-CHC-1104458,Theatre for a Change UK,active,International NGO,21,tfac,United Kingdom of Great Britain and Northern Ireland (the)
GB-CHC-1093861,International Medical Corps UK,active,International NGO,21,imc_uk,United Kingdom of Great Britain and Northern Ireland (the)
GB-COH-7557881,Social Impact Lab CIC,active,International NGO,21,simlab,United Kingdom of Great Britain and Northern Ireland (the)
KE-RCO-270901,Education Development Trust,withdrawn,International NGO,21,edt_kenya,Kenya
GB-CHC-213251,Lepra,active,International NGO,21,lepra,United Kingdom of Great Britain and Northern Ireland (the)
NL-KVK-51018586,,withdrawn,Private Sector,70,zimmzimm,Netherlands
JO-CCD-50544,Reporteros Árabes para el Periodismo de Investigación,active,"Academic, Training and Research",80,arij,Jordan
NL-KVK-41188664,ICS,active,International NGO,21,ics,Netherlands (the)
DAC-1601,Fundación Bill y Melinda Gates,active,Foundation,60,bmgf,United States of America (the)
NP-SWC-00589,Shtrii Shakti,active,National NGO,22,shtrii_shakti,Nepal
GB-CHC-1085096,Women and Children First (UK),active,International NGO,21,wcf,United Kingdom of Great Britain and Northern Ireland (the)
MW-NBM-00139,Theatre for a Change Malawi,active,National NGO,22,tfacmalawi,Malawi
NL-KVK-41166983,Centro para la Cooperación Jurídica Internacional,active,Foundation,60,cilc,Netherlands (the)
GB-CHC-1135156,Tree Aid,active,International NGO,21,treea,United Kingdom of Great Britain and Northern Ireland (the)
CA-CRA_ARC-119304848,Servicio Universitario Mundial de Canadá,active,International NGO,21,wusc,Canada
GB-CHC-1154085,Exeter Ethiopia Link,active,International NGO,21,eel,United Kingdom of Great Britain and Northern Ireland (the)
TZ-BRLA-36057,KPMG East Africa,active,Private Sector,70,kpmgea,"Tanzania, the United Republic of"
GB-CHC-1053389,Viva,active,International NGO,21,viva,United Kingdom of Great Britain and Northern Ireland (the)
XM-DAC-47111,Fondo de Adaptación,active,Multilateral,40,af,United States of America (the)
47111,Fondo de Adaptación,withdrawn,Multilateral,40,af,United States
DK-CVR-33985339,Trianglen,active,National NGO,22,trianglen,Denmark
GB-CHC-1094478,Excellent Development,active,International NGO,21,excellent,United Kingdom of Great Britain and Northern Ireland (the)
GB-CHC-1047501,Acción contra el Hambre Reino Unido,active,International NGO,21,acf,United Kingdom of Great Britain and Northern Ireland (the)
CA-4,Canadá: Ministerio de Finanzas,active,Government,10,finance_canada,Canada
GB-CHC-1105489,Sabre Education Limited,active,International NGO,21,sct,United Kingdom of Great Britain and Northern Ireland (the)
DE-AG-VR7795,Fairtrade Labelling Organizations International e.V.,active,International NGO,21,fairtrade_international,Germany
NL-KVK-41210098,Both ENDS,active,National NGO,22,bothends,Netherlands (the)
NL-KVK-20093733,Heifer Nederland,active,National NGO,22,heifernederland,Netherlands (the)
GB-CHC-1112699,Teach A Man To Fish,active,International NGO,21,tamtf,United Kingdom of Great Britain and Northern Ireland (the)
NL-KVK-34141098,Fairfood International,active,National NGO,22,fairfood,Netherlands (the)
NL-KVK-41201806,Transnational Institute,active,Foundation,60,tni,Netherlands (the)
GB-CHC-261488,Amref Health Africa UK,active,International NGO,21,amrefha,United Kingdom of Great Britain and Northern Ireland (the)
XI-IATI-CHSA,Association CHS Alliance,active,International NGO,21,chs_alliance,Switzerland
NL-KVK-40535338,Amigos de la Tierra Internacional,active,International NGO,21,foei,Netherlands (the)
PK-MSW-633-1965,Rahnuma-Family Planning Assocation of Pakistan,active,National NGO,22,rfpap,Pakistan
GB-CHC-1147083,Rojiroti UK,active,International NGO,21,rojiroti,United Kingdom of Great Britain and Northern Ireland (the)
GB-CHC-1125512,Lively Minds,active,International NGO,21,livelyminds,United Kingdom of Great Britain and Northern Ireland (the)
NL-KVK-27108436,Oxfam Novib,active,International NGO,21,onl,Netherlands (the)
GB-COH-877338,Institute of Development Studies,active,"Academic, Training and Research",80,ids,United Kingdom of Great Britain and Northern Ireland (the)
GB-SC-SC032327,EMMS International,active,International NGO,21,emms,United Kingdom of Great Britain and Northern Ireland (the)
US-EIN-522043740,"Discovery Learning Alliance, Inc.",active,International NGO,21,dla,United States of America (the)
GB-CHC-1128267-8,HelpAge International UK,active,National NGO,22,ageintl,United Kingdom of Great Britain and Northern Ireland (the)
GB-CHC-293734,Christian Engineers in Development,active,International NGO,21,ced,United Kingdom of Great Britain and Northern Ireland (the)
GB-GOV-7,"Reino Unido: Ministerio de Medio Ambiente, Alimentación y Asuntos Rurales",active,Government,10,defra_transparency,United Kingdom of Great Britain and Northern Ireland (the)
BE-BCE_KBO-0447404580,Avocats Sans Frontières,active,National NGO,22,asf,Belgium
US-501c3-522318905,AidData,active,"Academic, Training and Research",80,aiddata,United States of America (the)
XM-DAC-701-8,Agencia de Cooperación Internacional del Japón (JICA),active,Multilateral,40,jica,Japan
GB-SC-037597,CIFAL Scotland,active,"Academic, Training and Research",80,cifal,United Kingdom of Great Britain and Northern Ireland (the)
GH-RGD-CG220182018,,active,Foundation,60,star_ghanafoundation,Ghana
US-EIN-84-1166148,Water for People,active,International NGO,21,w4p,United States of America (the)
NL-KVK-27248417,Aqua for All,active,Foundation,60,aqua4all,Netherlands (the)
GB-CHC-1112734,PHASE Worldwide,active,International NGO,21,phase_worldwide,United Kingdom of Great Britain and Northern Ireland (the)
KE-NGC-9381,Across,active,International NGO,21,across,Kenya
GB-CHC-295224,Muslim Aid,active,International NGO,21,muslimaid,United Kingdom of Great Britain and Northern Ireland (the)
GB-CHC-250456,Find Your Feet,active,International NGO,21,fyf,United Kingdom of Great Britain and Northern Ireland (the)
XM-DAC-47501,Alianza Mundial para la Educación,active,Multilateral,40,gpe,United States of America (the)
GB-CHC-1086159,One to One Children's Fund,active,International NGO,21,onetoonecf,United Kingdom of Great Britain and Northern Ireland (the)
IN-ITA-1886,Micro Insurance Academy,active,"Academic, Training and Research",80,mia_india,India
GB-CHC-1121273,FRANK Water,active,International NGO,21,frankwater,United Kingdom of Great Britain and Northern Ireland (the)
GB-COH-3799145,Coffey International Development,active,Private Sector,70,coffey,United Kingdom of Great Britain and Northern Ireland (the)
GB-COH-04276635,act4africa,active,International NGO,21,act4africa,United Kingdom of Great Britain and Northern Ireland (the)
NL-KVK-41022454,Stichting Red een Kind,active,International NGO,21,redeenkind,Netherlands (the)
GB-CHC-1096479,ShelterBox,active,International NGO,21,shelterbox,United Kingdom of Great Britain and Northern Ireland (the)
GB-CHC-1108464,Bees Abroad UK,active,International NGO,21,bauk,United Kingdom of Great Britain and Northern Ireland (the)
US-EIN-13-5563422,Servicios Católicos de Socorro,active,International NGO,21,crs,United States of America (the)
XM-DAC-41108,Fondo Internacional de Desarrollo Agrícola (FIDA),active,Multilateral,40,ifad,(No country assigned)
GB-CHC-1001813,The HALO Trust,active,International NGO,21,halo,United Kingdom of Great Britain and Northern Ireland (the)
NL-KVK-56484038,ICCO Cooperation,active,International NGO,21,icco-cooperation,Netherlands (the)
GB-CHC-1077889,Pump Aid,active,International NGO,21,pumpaid,United Kingdom of Great Britain and Northern Ireland (the)
GB-CHC-328273,Food for the Hungry UK,active,International NGO,21,fh,United Kingdom of Great Britain and Northern Ireland (the)
GB-CHC-1126550,PEAS (Promoting Equality in African Schools),active,International NGO,21,peas,United Kingdom of Great Britain and Northern Ireland (the)
UA-EDR-37199602,Kyiv School of Economics and Management,active,"Academic, Training and Research",80,kse,Ukraine
GB-CHC-270901,,active,International NGO,21,eddevtrust,United Kingdom of Great Britain and Northern Ireland (the)
GB-CHC-1122799,Retrak,active,International NGO,21,retrak,United Kingdom of Great Britain and Northern Ireland (the)
XM-DAC-30010,Unitaid,active,Multilateral,40,utd,Switzerland
GB-SC-044007,Bioclimate Research and Development,active,International NGO,21,bioclimate,United Kingdom of Great Britain and Northern Ireland (the)
GB-CHC-220949,Cruz Roja Británica,active,International NGO,21,gb-chc-220949,United Kingdom of Great Britain and Northern Ireland (the)
NL-KVK-32108345,CHOICE for Youth and Sexuality,active,International NGO,21,cfyas,Netherlands (the)
NL-KVK-27378529,Netherlands Enterprise Agency,active,Government,10,rvo,Netherlands (the)
NL-KVK-41180500,SeeYou Foundation,active,International NGO,21,syf,Netherlands (the)
XM-DAC-47086,Grupo de Desarrollo de Infraestructuras del Sector Privado,active,Multilateral,40,pidg,United Kingdom of Great Britain and Northern Ireland (the)
GB-CHC-1079599,BasicNeeds,active,International NGO,21,basicneeds,United Kingdom of Great Britain and Northern Ireland (the)
GB-CHC-1071660,Cecily's Fund,active,International NGO,21,cecily,United Kingdom of Great Britain and Northern Ireland (the)
NL-KVK-41150298,AMREF Flying Doctors,active,National NGO,22,amrefnl,Netherlands (the)
XM-DAC-301-2,Canadá: Centro de Investigaciones para el Desarrollo Internacional,active,Other Public Sector,15,idrccrdi,Canada
GB-CHC-1000717,CODA International,active,International NGO,21,coda,United Kingdom of Great Britain and Northern Ireland (the)
US-EIN-13-3287064,InterAction,active,International NGO,21,interaction,United States of America (the)
ZA-ROC-1999/05072/08,Desmond Tutu HIV Foundation,active,"Academic, Training and Research",80,dthfxx12,South Africa
GB-CHC-1143852,Hagar International UK,active,International NGO,21,hagar_uk,United Kingdom of Great Britain and Northern Ireland (the)
GB-COH-353570,Water Witness International,active,International NGO,21,water-witness-international,United Kingdom of Great Britain and Northern Ireland (the)
NL-KVK-34200988 (deprecated),RAIN Foundation (antigua),active,International NGO,21,rainfoundation,Netherlands (the)
NL-KVK-34229026,Stichting Aflatoun International,active,International NGO,21,aflatoun,Netherlands (the)
GB-GOV-8,Reino Unido: Ministerio de Defensa,active,Government,10,ukmod,United Kingdom of Great Britain and Northern Ireland (the)
ZA-NPO-025-359,mothers2mothers,active,International NGO,21,m2m_sa,South Africa
NL-KVK-34214586,Partos,active,National NGO,22,partos_nl,Netherlands (the)
XM-DAC-41304,"Organización de las Naciones Unidas para la Educación, la Ciencia y la Cultura (UNESCO)",active,Multilateral,40,unesco,France
GB-CHC-1157009,Abaseen Foundation UK,active,International NGO,21,abaseen,United Kingdom of Great Britain and Northern Ireland (the)
ML-NIF-086108989R,Association de Soutien au Développement des Activités de Population,active,National NGO,22,asdap,Mali
BD-NAB-0203,"Association for Prevention of Septic Abortion, Bangladesh (BAPSA)",active,National NGO,22,bapsa,Bangladesh
GB-CHC-1069182,International Service,active,International NGO,21,unais,United Kingdom of Great Britain and Northern Ireland (the)
GB-COH-06133927,Avanti Communications Plc,active,Private Sector,70,ava_admin,United Kingdom of Great Britain and Northern Ireland (the)
GH-DSW-258,Amigos de la Tierra Ghana,active,National NGO,22,foe-ghana,Ghana
XM-DAC-918-3,Banco Europeo de Inversiones,active,Multilateral,40,eib,(No country assigned)
GB-CHC-1084729,World Child Cancer UK,active,International NGO,21,wccuk,United Kingdom of Great Britain and Northern Ireland (the)
MZ-MOJ-F2G1No4,Magariro,active,National NGO,22,magariro,Mozambique
XI-IATI-EBRD,Banco Europeo de Reconstrucción y Desarrollo,active,Multilateral,40,ebrd,(No country assigned)
GB-CHC-000391,The Open University,active,"Academic, Training and Research",80,open_university,United Kingdom of Great Britain and Northern Ireland (the)
GB-CHC-1038785,Mifumi UK,active,International NGO,21,mifumi_uk,United Kingdom of Great Britain and Northern Ireland (the)
GB-CHC-1094272,Project Harar,active,International NGO,21,phe,United Kingdom of Great Britain and Northern Ireland (the)
XM-DAC-77,Rumania: Ministerio de Asuntos Exteriores,active,Government,10,uasd,Romania
XI-IATI-1001,The Coca-Cola Export Corporation,active,Private Sector,70,tccec,United States of America (the)
GB-CHC-1125217,Welbodi Partnership,active,"Academic, Training and Research",80,welbodipartnership,United Kingdom of Great Britain and Northern Ireland (the)
FI-PRO-143138,Kepa ry,active,National NGO,22,kepa,Finland
KE-NCB-OP/218/051/915/65,Windle Trust Kenya,active,National NGO,22,wtk,Kenya
NL-KVK-41048542,Stichting Agriterra,active,Foundation,60,agriterra,Netherlands (the)
UG-NGB-5914-7209,Cheshire Services Uganda,withdrawn,National NGO,22,csu,Uganda
GB-CHC-1150214,Carers Worldwide,active,International NGO,21,cww,United Kingdom of Great Britain and Northern Ireland (the)
GB-CHC-1054369,KwaAfrica,active,International NGO,21,kwaafrica,United Kingdom of Great Britain and Northern Ireland (the)
KE-NGC-663,Agencia Adventista de Desarrollo y Recursos Asistenciales (ADRA Somalia),active,International NGO,21,adrasom,Somalia
MZ-MOJ-F30G1No89,ANDA,active,National NGO,22,anda,Mozambique
GB-CHC-1117528,Haiti Hospital Appeal,active,International NGO,21,hha,United Kingdom of Great Britain and Northern Ireland (the)
NL-KVK-30285304,Stichting Humana,active,International NGO,21,humana_houben,Netherlands (the)
GB-CHC-1148404,Internews Europe,active,International NGO,21,ieu,United Kingdom of Great Britain and Northern Ireland (the)
NL-KVK-41217404,GPPAC Foundation,active,International NGO,21,gppac,Netherlands (the)
GB-COH-NI011322,War on Want NI,active,International NGO,21,wowni,United Kingdom of Great Britain and Northern Ireland (the)
GB-CHC-1123946,Youth Business International,active,International NGO,21,ybi,United Kingdom of Great Britain and Northern Ireland (the)
GB-CHC-1049160,Anti-Slavery International,active,International NGO,21,asil,United Kingdom of Great Britain and Northern Ireland (the)
XM-DAC-2-10,Belgian Development Cooperation,active,Government,10,be-dgd,Belgium
GB-COH-1110949,Mott MacDonald Limited,active,Private Sector,70,mml,United Kingdom of Great Britain and Northern Ireland (the)
US-EIN-941191246,The Asia Foundation,active,International NGO,21,taf,United States of America (the)
GB-CHC-1129603,Cyan International,active,International NGO,21,cyan,United Kingdom of Great Britain and Northern Ireland (the)
GB-SC-SC012302,Scottish Catholic International Aid Fund (SCIAF),active,International NGO,21,sciaf,United Kingdom of Great Britain and Northern Ireland (the)
GB-CHC-1151615,Signal,active,International NGO,21,signal,United Kingdom of Great Britain and Northern Ireland (the)
CH-FDJP-CHE109668357,Lemann Foundation,active,Foundation,60,lemann,Switzerland
UG-NGB-5914-9186,CRANE,active,National NGO,22,crane,Uganda
GB-CHC-1076235,BBC Media Action,active,International NGO,21,bbcmediaaction,United Kingdom of Great Britain and Northern Ireland (the)
US-EIN-20-4451390,Natural Resource Governance Institute (NRGI),active,International NGO,21,nrgi,United States of America (the)
SK-ZRSR-31784828,Pontis Foundation,active,Foundation,60,pontis,Slovakia
NO-BRC-971277882,"Norad, Organismo Noruego de Cooperación para el Desarrollo",active,Government,10,norad,Norway
US-EIN-20-3690821,Iniciativa para los Derechos y los Recursos,active,International NGO,21,rri,United States of America (the)
KE-RCO-C95110,,active,Foundation,60,kcdf,Kenya
US-EIN-81-3014704,Syria Justice and Accountability Centre (SJAC),active,National NGO,22,sjac,United States of America (the)
XI-IATI-5914-1107,Strømme Foundation,active,National NGO,22,stromme_ug,Uganda
GB-CHC-1122299,Interburns,active,International NGO,21,interburns,United Kingdom of Great Britain and Northern Ireland (the)
GB-COH-06368740,Development Initiatives Poverty Research,active,International NGO,21,dipr,United Kingdom of Great Britain and Northern Ireland (the)
GB-CHC-294329,Progressio (cerrado),active,International NGO,21,progressio,United Kingdom of Great Britain and Northern Ireland (the)
US-EIN-52-1826242,,active,International NGO,21,tan,United States of America (the)
CA-CRA_ACR-127202349,Instituto Internacional para el Desarrollo Sostenible,active,International NGO,21,iisd,Canada
GB-GOV-24,Office for National Statistics,active,Government,10,ons,United Kingdom of Great Britain and Northern Ireland (the)
GB-CHC-285908,World Vision UK,active,International NGO,21,wvuk,United Kingdom of Great Britain and Northern Ireland (the)
GB-COH-3031674,Traidcraft Exchange,active,International NGO,21,traidcraft,United Kingdom of Great Britain and Northern Ireland (the)
DE-CR-RA000217-HRB157125B,Wayamo Foundation,active,International NGO,21,wayamo,Germany
GB-COH-294860,ADD International (Action on Disability and Development),active,International NGO,21,addinternational,United Kingdom of Great Britain and Northern Ireland (the)
GB-CHC-1076497,Sense International,active,International NGO,21,sense_international,United Kingdom of Great Britain and Northern Ireland (the)
GB-CHC-1142476,Friends of Kipkelion,active,Regional NGO,23,kipkelion,Kenya
GB-CHC-1050327,The Leprosy Mission England and Wales,active,International NGO,21,tlmew,United Kingdom of Great Britain and Northern Ireland (the)
NL-KVK-41155934,,active,International NGO,21,vso_nl,Netherlands (the)
GB-CHC-1089490,Hope and Homes for Children,active,International NGO,21,hhc,United Kingdom of Great Britain and Northern Ireland (the)
GB-CHC-1156822,Welsh Centre for International Affairs,active,National NGO,22,wcia,United Kingdom of Great Britain and Northern Ireland (the)
KE-NCB-OP218051200904966065,Pan African Climate Justice Alliance,active,International NGO,21,pacja,Kenya
GB-COH-11126312,Global Disability Innovation Hub,active,"Academic, Training and Research",80,gdihub,United Kingdom of Great Britain and Northern Ireland (the)
GB-COH-OC301540,KPMG LLP,active,Private Sector,70,kpmgllp,United Kingdom of Great Britain and Northern Ireland (the)
GB-COH-05393391,,active,International NGO,21,galvmed,United Kingdom of Great Britain and Northern Ireland (the)
GB-CH-05393391,,withdrawn,International NGO,21,galvmed,United Kingdom
UG-NGB-63360,Protecting Families Against HIV/AIDS,active,National NGO,22,prefa_1,Uganda
NL-KVK-27293385,"WO=MEN, Dutch Gender Platform",active,National NGO,22,wo-men,Netherlands (the)
VN-MOST-A399,,active,National NGO,22,cdi_vn_2021,Viet Nam
IN-MCA-U74999DL2004NPL131340,Oxfam India,active,National NGO,22,oxfamindia,India
GB-SC-035056,International Primary Care Respiratory Group,active,"Academic, Training and Research",80,ipcrg,United Kingdom of Great Britain and Northern Ireland (the)
NL-KVK-41217595,Stichting ActionAId,active,International NGO,21,aanl,Netherlands (the)
DK-CVR-88136411,Oxfam IBIS,active,International NGO,21,ibis_denmark,Denmark
NL-KVK-41160054,Cordaid,active,International NGO,21,cordaid,Netherlands (the)
NP-SWC-27693,Aasaman Nepal,active,National NGO,22,aasaman,Nepal
MZ-MOJ-203D,Alfalit,active,National NGO,22,alfalit,Mozambique
NL-KVK-08215619-201210000,Kadaster International,active,Government,10,kad,Netherlands (the)
NL-KVK-41077447,Centro Europeo para la Administración de Políticas de Desarrollo,active,"Academic, Training and Research",80,ecdpm,Netherlands (the)
GB-CHC-1067406,Médicos del Mundo Reino Unido,active,International NGO,21,dotw_uk,United Kingdom of Great Britain and Northern Ireland (the)
GB-CHC-1046001,Disability and Development Partners,active,International NGO,21,ddp,United Kingdom of Great Britain and Northern Ireland (the)
PK-NTN-6110190392611,,active,"Academic, Training and Research",80,aaip,Pakistan
GB-CHC-1113868,Hand in Hand International,active,International NGO,21,handinhand,United Kingdom of Great Britain and Northern Ireland (the)
BD-NAB-1301,Transparencia Internacional Bangladesh,active,International NGO,21,tib,Bangladesh
BE-BCE_KBO-0464019195,,active,International NGO,21,apopo,Belgium
NL-KVK-61172863,Stichting fondsbeheer DGGF lokaal MKB,active,Foundation,60,dggf_financing_local_smes,Netherlands (the)
US-EIN-042347643,Abt Associates Inc,active,Private Sector,70,abt,United States of America (the)
XM-DAC-84,Lituania: Ministerio de Asuntos Exteriores,active,Government,10,lithuania_mfa,Lithuania
IE-CHY-6998,Christian Aid Irlanda,active,International NGO,21,caid_ireland,Ireland
NL-KVK-34308169,Free a Girl,active,Foundation,60,freeagirl,Netherlands (the)
XI-IATI-1002,United Mission to Nepal,active,International NGO,21,umn,Nepal
GB-COH-1134415,MADE in Europe,active,International NGO,21,mie-1134415,United Kingdom of Great Britain and Northern Ireland (the)
GB-CHC-214779,The Salvation Army International Development UK,active,International NGO,21,said-uk,United Kingdom of Great Britain and Northern Ireland (the)
US-EIN-13-3287064NAM,InterAction's NGO Aid Map,withdrawn,International NGO,21,ia_nam,United States
GB-CHC-1145119,Varkey Foundation,active,International NGO,21,varkeyfoundation,Ghana
NL-KVK-34197379,dance4life,active,International NGO,21,dance4life,Netherlands (the)
US-EIN-95-3202116,Visión Mundial Internacional,active,International NGO,21,wvi,United States of America (the)
GB-CHC-1105277,Learning for Life,active,International NGO,21,learningforlife,United Kingdom of Great Britain and Northern Ireland (the)
GB-CHC-1061352,Orbis Charitable Trust,active,International NGO,21,orbis_uk,United Kingdom of Great Britain and Northern Ireland (the)
GB-GOV-21,Reino Unido: Gobierno de Escocia,active,Government,10,scottish_government,United Kingdom of Great Britain and Northern Ireland (the)
GB-COH-2695347,Options Consultancy Services,active,Private Sector,70,options,United Kingdom of Great Britain and Northern Ireland (the)
NL-KVK-41149287,Terre des Hommes Netherlands,active,International NGO,21,tdh_nl,Netherlands (the)
GB-CHC-1110434,WellFound,active,International NGO,21,wellfound,United Kingdom of Great Britain and Northern Ireland (the)
NL-KVK-41149486,Stichting Vluchteling,active,International NGO,21,st_vluchteling,Netherlands (the)
GB-CHC-1133342,Zing,active,Foundation,60,zing,United Kingdom of Great Britain and Northern Ireland (the)
NL-KVK-41009723,ZOA,active,International NGO,21,zoa,Netherlands (the)
NL-KVK-41223308,Stichting Onderzoek Multinationale Ondernemingen (SOMO),active,"Academic, Training and Research",80,somo,Netherlands (the)
NL-KVK-06702132,WYG International B.V.,active,Private Sector,70,wygi,United Kingdom of Great Britain and Northern Ireland (the)
GB-COH-1869600,Itad,active,Private Sector,70,itad,United Kingdom of Great Britain and Northern Ireland (the)
GB-COH-03122495,Oxford Policy Management,active,Private Sector,70,opml,United Kingdom of Great Britain and Northern Ireland (the)
GB-COH-SC301345,Upper Quartile,active,Private Sector,70,uq,United Kingdom of Great Britain and Northern Ireland (the)
NL-KVK-32037590,International Procurement Agency,active,Private Sector,70,ipa,Netherlands (the)
GB-COH-02768268,Nathan Associates London Ltd.,active,Private Sector,70,nathan,United Kingdom of Great Britain and Northern Ireland (the)
GB-COH-5155300,Alcis Holdings Limited,active,Private Sector,70,alcis,United Kingdom of Great Britain and Northern Ireland (the)
mz-moj-64vq1,Ajuda de Desenvolvimento de Povo para Povo (ADPP),active,National NGO,22,adpp,Mozambique
GB-COH-2394229,Palladium International Ltd (Reino Unido),active,Private Sector,70,palladium,United Kingdom of Great Britain and Northern Ireland (the)
FI-PRO-1498487-2,Plan International Finland,active,International NGO,21,planinternationalfinland,Finland
NL-KVK-41193594,Rutgers,active,International NGO,21,rutgers,Netherlands (the)
GB-COH-00637978,Maxwell Stamp PLC,active,Private Sector,70,mstamp,United Kingdom of Great Britain and Northern Ireland (the)
KE-NCB-218-051-9341-334,Academia Africana de Ciencias,active,International NGO,21,aas,Kenya
GB-CHC-1101217,LAMB Health Care Foundation,active,National NGO,22,lhcf,United Kingdom of Great Britain and Northern Ireland (the)
GB-COH-03580586,PwC,active,Private Sector,70,pwc,United Kingdom of Great Britain and Northern Ireland (the)
GB-CHC-1048007,Link Community Development International,active,International NGO,21,lcdi_admin,United Kingdom of Great Britain and Northern Ireland (the)
NG-CAC-RC481360,The Convention on Business Integrity,active,International NGO,21,cbi-nigeria,Nigeria
GB-COH-1574821,Landell Mills,active,Private Sector,70,landell-mills,United Kingdom of Great Britain and Northern Ireland (the)
GB-COH-00986729,"Instituto de Recursos Naturales, Universidad de Greenwich",active,"Academic, Training and Research",80,nri,United Kingdom of Great Britain and Northern Ireland (the)
NL-KVK-41215393,War Child Holland,active,International NGO,21,warchildholland,Netherlands (the)
GB-COH-01245534,Atos IT Services Ltd,active,Private Sector,70,atosuk,United Kingdom of Great Britain and Northern Ireland (the)
NL-KVK-41158230,CARE Nederland,active,International NGO,21,carenederland,Netherlands (the)
GB-COH-03613839,IOD PARC,active,Private Sector,70,iodparc,United Kingdom of Great Britain and Northern Ireland (the)
NL-KVK-41210820,Campaña Ropa Limpia,active,International NGO,21,ccc,Netherlands (the)
GB-COH-FC012665,McKinsey & Company,active,Private Sector,70,mck,(No country assigned)
GB-COH-08327972,Aktis Strategy Ltd,active,Private Sector,70,aktis,United Kingdom of Great Britain and Northern Ireland (the)
NL-KVK-41236410,Dorcas Aid International,active,International NGO,21,dai,Netherlands (the)
US-GOV-18,,active,Government,10,millenniumchallenge,United States of America (the)
US-18,Millennium Challenge Corporation,withdrawn,Government,10,millenniumchallenge,United States
NL-KVK-41202535,Mama Cash,active,Foundation,60,mamac,Netherlands (the)
GB-COH-8835431,Simprints,active,International NGO,21,simprints,United Kingdom of Great Britain and Northern Ireland (the)
GB-CHC-1158206,Water Works,active,International NGO,21,waterworks,United Kingdom of Great Britain and Northern Ireland (the)
NL-KVK-30214009,PAX,active,International NGO,21,pax,Netherlands (the)
NL-KVK-27284008,DECP,active,National NGO,22,decp,Netherlands (the)
CO-CCB-00159397,Fondo de Acción Urgente para América Latina y el Caribe,active,Regional NGO,23,uafla,Colombia
US-EIN-03-0419743,Urgent Action Fund for Women's Human Rights,active,International NGO,21,uaf,United States of America (the)
NL-KVK-41177385,Tearfund Nederland,active,International NGO,21,tear,Netherlands (the)
NL-KVK-41152786,"SNV, Servicio Holandés de Cooperación al Desarrollo",active,International NGO,21,snv,Netherlands (the)
NL-KVK-41167934,Stichting Kinderpostzegels Nederland,active,International NGO,21,skn,Netherlands (the)
US-EIN-522044704,Aeras,active,International NGO,21,aeras,United States of America (the)
US-EIN-06-1597-668,Just Associates,active,International NGO,21,jass,United States of America (the)
IN-MHA-083781496,,active,National NGO,22,fhf,India
US-EIN-521291786,Asociación para los Derechos de las Mujeres y el Desarrollo (AWID),active,International NGO,21,awid,United States of America (the)
NL-KVK-41179943,World Vision Netherlands,active,Foundation,60,wvnld,Netherlands (the)
NL-KVK-41201463,Save the Children Netherlands,active,International NGO,21,scnl,Netherlands (the)
NL-KVK-41151952,IRC,active,International NGO,21,irc,Netherlands (the)
XM-OCHA-CERF,Fondo Central para la Acción en Casos de Emergencia l de las Naciones Unidas (CERF),active,Multilateral,40,cerf,United States of America (the)
NL-KVK-34106722,AWEPA,active,International NGO,21,awepa,Netherlands (the)
NL-KVK-40594571,Simavi,active,Foundation,60,simavi,Netherlands (the)
NL-KVK-41118168,Stichting Woord en Daad,active,International NGO,21,w-d,Netherlands (the)
NL-KVK-41198890,Plan International Netherlands,active,International NGO,21,plannlno,Netherlands (the)
XI-IATI-OFID,Fondo de la OPEP para el Desarrollo Internacional,active,Multilateral,40,ofid,Austria
XI-IATI-CWSEC,Secretaría del Commonwealth,active,Multilateral,40,commonwealthsecretariat,(No country assigned)
NL-KVK-41201644,Wemos Foundation,active,International NGO,21,wemos,Netherlands (the)
US-EIN-26-1931968,Promundo-US,active,International NGO,21,pmo-us,United States of America (the)
NL-KVK-33185213,Instituto Real Tropical,active,International NGO,21,kit,Netherlands (the)
NL-KVK-41207580,Stichting Health Action International,active,Foundation,60,hai,Netherlands (the)
NI-MIGOB-3602,Fondo Centroamericano de Mujeres,active,Foundation,60,fcam,Nicaragua
NL-KVK-34159275,UTZ,active,International NGO,21,utz,Netherlands (the)
NL-KVK-41207989,Aidsfonds - Soa Aids Nederland,active,International NGO,21,nl-kvk-41207989,Netherlands (the)
UG-RSB-73316,African Centre for Global Health and Social Transformation,active,International NGO,21,achest,Uganda
ZW-PVO-WO1789,Family Aids Caring Trust,active,National NGO,22,fact,Zimbabwe
GB-CHC-222655,Escuela de Medicina Tropical de Liverpool,active,"Academic, Training and Research",80,lstm,United Kingdom of Great Britain and Northern Ireland (the)
GB-COH-RC000710,,active,"Academic, Training and Research",80,queen_mary_london,United Kingdom of Great Britain and Northern Ireland (the)
KE-NCB-200201282375,Urgent Action Fund Africa,active,Regional NGO,23,uaf-africa,Kenya
GB-CHC-1142516,ColaLife,active,National NGO,22,colalife,United Kingdom of Great Britain and Northern Ireland (the)
XM-DAC-47059,Organización Internacional de Derecho para el Desarrollo (IDLO),active,Multilateral,40,idlo,Italy
NL-KVK-41149831,Mensen met een Missie,active,National NGO,22,mm1,Netherlands (the)
NL-KVK-30204842,Netherlands Food Partnership,active,Foundation,60,nfp,Netherlands (the)
NL-KVK-41208813,Defence for Children International Netherlands - ECPAT Netherlands,active,National NGO,22,dciecpatnl,Netherlands (the)
XM-DAC-41302,Organización Internacional del Trabajo (OIT),active,Multilateral,40,ilo,Switzerland
NL-KVK-27189542,Instituto Holandés para la Democracia Multipartidaria,active,International NGO,21,nimd-hq,Netherlands (the)
NL-KVK-40530467,Milieudefensie,active,National NGO,22,foenl,Netherlands (the)
US-EIN-47-4128047,Friends of Publish What You Fund,active,International NGO,21,friendsofpwyf,United States of America (the)
BD-ROC-S-12313,,active,"Academic, Training and Research",80,bpcrs,Bangladesh
NL-KVK-58183167,HE Foundation,active,Foundation,60,hefoundation,Netherlands (the)
KE-NCB-93175,Amref Health Africa Kenya,active,International NGO,21,amrefkenya,Kenya
NL-KVK-41150939,Solidaridad Europe,active,International NGO,21,solidaridad-europe,Netherlands (the)
UG-RSB-29587,,active,National NGO,22,fidauganda,Uganda
US-EIN-31-1812979,CREA,active,International NGO,21,creausa-org,India
NL-KVK-52957535,Free Press Unlimited,active,International NGO,21,free_press_unlimited,Netherlands (the)
NL-KVK-41172933,WASTE advisers on urban environment and development,active,Foundation,60,waste,Netherlands (the)
FR-SIRET-77566669600015,SECOURS CATHOLIQUE - CÁRITAS FRANCIA,active,International NGO,21,sccf,France
GB-CHC-1062638,Disasters Emergency Committee,active,National NGO,22,dec-uk,United Kingdom of Great Britain and Northern Ireland (the)
US-EIN-91-1179750,,active,International NGO,21,pbi_io,United States of America (the)
NL-KVK-40409352,Cruz Roja de los Países Bajos,active,International NGO,21,nlrc,Netherlands (the)
XI-IATI-IKI,Iniciativa Internacional para el Clima / BMU - IKI Secretariat,active,Government,10,bmu_iki,Germany
NL-KVK-51756811,Solidaridad,active,International NGO,21,solidaridad,Netherlands (the)
NL-KVK-34111374,Fair Wear Foundation,active,International NGO,21,fwf,Netherlands (the)
NL-KVK-40530953,Amnistía Internacional Países Bajos,active,International NGO,21,amnesty,Netherlands (the)
NL-KvK-41177601,Mondiaal FNV,active,National NGO,22,mondiaalfnv,Netherlands (the)
NL-KVK-41177588,WNF Wereld Natuur Fonds,active,International NGO,21,wnf,Netherlands (the)
AU-ACNC-19242959685,International Women's Development Agency,active,International NGO,21,iwda,Australia
NL-KVK-41180885,IUCN Nederlands Comité,active,International NGO,21,iucn_nl,Netherlands (the)
NL-KVK-41155305,Tropenbos International,active,International NGO,21,tbi,Netherlands (the)
ZA-PBO-064-502,Sonke Gender Justice,active,International NGO,21,sjg,South Africa
NL-KVK-27267681,Centro del Clima de la Cruz Roja y de la Media Luna Roja,active,International NGO,21,climate_centre,Netherlands (the)
NL-KVK-9099028,Wetlands International,active,International NGO,21,wi,(No country assigned)
PK-VSWA-511-2007,Acid Survivors Foundation,active,National NGO,22,_admin,Pakistan
NL-KVK-54436222,CNV Internationaal,active,National NGO,22,nl-kvk-54436222-27541,Netherlands (the)
GB-COH-01846493,AECOM,active,Private Sector,70,aecom,United Kingdom of Great Britain and Northern Ireland (the)
GB-CHC-1160256,,active,International NGO,21,read-foundation,United Kingdom of Great Britain and Northern Ireland (the)
BE-BCE_KBO-0410057701,Instituto de Medicina Tropical,active,Other Public Sector,15,itm,Belgium
ZW-ROD-2172,,active,National NGO,22,galz,Zimbabwe
BE-BCE_KBO-0264814354,Agencia Belga para el Desarrollo (Enabel),active,Government,10,enabel,Belgium
GB-CHC-287287,Centro para la Investigación en Política Económica,active,National NGO,22,cepr,United Kingdom of Great Britain and Northern Ireland (the)
NL-KVK-41197577,Aldeas Infantiles SOS Países Bajos,active,Foundation,60,sosnl,Netherlands (the)
NL-KVK-41211943,HealthNet TPO,active,International NGO,21,healthnet,Netherlands (the)
GB-SC-SCO45223,Mary's Meals,active,International NGO,21,marysmeals,United Kingdom of Great Britain and Northern Ireland (the)
AF-MOE-1212,Afghanistan Public Policy Research Organization (APPRO),active,"Academic, Training and Research",80,appro-af,Afghanistan
GB-COH-04105827,MannionDaniels,active,Private Sector,70,manniondaniels,United Kingdom of Great Britain and Northern Ireland (the)
BE-GTCF-630789842,APPRO-Europe,active,"Academic, Training and Research",80,appro-eu,Belgium
NL-KVK-27195046,VNG International,active,Other Public Sector,15,vngi,Netherlands (the)
KE-RCO-C1-61,Sede de Amref Health Africa,active,International NGO,21,amrefhq,Kenya
NL-KVK-09098104,"Universidad y Centro de Investigación de Wagenigen, Stichting Wageningen Research",active,"Academic, Training and Research",80,wageningen_ur,Netherlands (the)
NL-KVK-27078545,FMO,active,Public Private Partnership,30,fmo,Netherlands (the)
GB-COH-03846881,Social Development Direct Limited,active,Private Sector,70,sddirect,United Kingdom of Great Britain and Northern Ireland (the)
XI-IATI-CABI,CABI,active,Multilateral,40,cabi,(No country assigned)
US-EIN-52-1764268,BSR,active,International NGO,21,bsr_admin,United States of America (the)
GB-COH-07964746,,active,Private Sector,70,satelliteapplicationscatapultltd,United Kingdom of Great Britain and Northern Ireland (the)
GB-COH-11080032,,active,Private Sector,70,medaccess,United Kingdom of Great Britain and Northern Ireland (the)
NL-KVK-40530156,COC Nederland,active,National NGO,22,cocnl_publisher,Netherlands (the)
NL-KVK-41078390,European Journalism Centre,active,National NGO,22,ejc,Netherlands (the)
KR-GOV-010,República de Corea,active,Government,10,odakorea,Korea (the Republic of)
ET-MFA-0001989741,Amref Health Africa in Ethiopia,active,International NGO,21,amrefeth,Ethiopia
GB-COH-02651349,IMC WORLDWIDE,active,Private Sector,70,imcw_admin,United Kingdom of Great Britain and Northern Ireland (the)
IN-MCA-U74140DL1998PLC097579,IPE Global Limited,active,Private Sector,70,ipeglobal,India
GB-CHC-209603,Royal National Lifeboat Institution (RNLI),active,International NGO,21,rnli_international,United Kingdom of Great Britain and Northern Ireland (the)
GB-COH-05543952,Cardno Emerging Markets,active,Private Sector,70,cardnoem,United Kingdom of Great Britain and Northern Ireland (the)
MW-NBM-R1527,Amref Health Africa Malawi,active,National NGO,22,amrefmw,Malawi
XI-IATI-WAI,WASH Alliance International,active,International NGO,21,wai,Netherlands (the)
GB-CHC-1148143,Stakeholder Democracy Network,active,International NGO,21,sdn,United Kingdom of Great Britain and Northern Ireland (the)
GB-COH-04354941,Sound Seekers Limited,active,International NGO,21,soundseekers,United Kingdom of Great Britain and Northern Ireland (the)
US-DOS-64562614,One Acre Fund,active,International NGO,21,oneacrefund,(No country assigned)
MW-CNM-BCM-CF,Baylor College of Medicine Children's Foundation Malawi,active,National NGO,22,bcm-cf,Malawi
UG-NGB-5914-252,Amref Health Africa in Uganda,active,National NGO,22,amrefug,Uganda
GB-CHC-228248,Instituto de Desarrollo de Ultramar,active,"Academic, Training and Research",80,odi,United Kingdom of Great Britain and Northern Ireland (the)
NL-KVK-53521129,"IDH, The Sustainable Trade Initiative",active,International NGO,21,idh,Netherlands (the)
MW-CNM-C076-1999,Youth Net and Counselling - YONECO,active,National NGO,22,yoneco1997,Malawi
XM-DAC-69-1,Ministerio de Asuntos Exteriores y Europeos de la República Eslovaca,active,Government,10,slovakaid,Slovakia
US-EIN-20-1173866,Omidyar Network Fund Inc.,active,Foundation,60,omidyarnetwork,United States of America (the)
CA-CRA_ACR-101182509,Cowater International Inc,active,Private Sector,70,cowater,Canada
ZA-NPO-057-611,,active,Regional NGO,23,nj_1,South Africa
FI-PRO-139407,Cáritas Finlandia,active,National NGO,22,caritasfin,Finland
XM-DAC-903,Corporación Financiera Internacional,active,Multilateral,40,ifcwbg,United States of America (the)
US-EIN-550825466,IntraHealth International,active,International NGO,21,intrahealth,United States of America (the)
NL-KVK-855689493,Stichting Mayday Rescue Foundation,active,Foundation,60,maydayrescue,Netherlands (the)
GB-COH-08828458,International Network of People who Use Drugs (INPUD),active,International NGO,21,inpud_admin,United Kingdom of Great Britain and Northern Ireland (the)
US-EIN-13-4128413,Global Alliance for TB Drug Development,active,"Academic, Training and Research",80,tb-a,United States of America (the)
NL-KVK-41146461,Stichting Deltares,active,,,deltares,Netherlands (the)
NO-BRC-871033552,Norwegian People's Aid,active,International NGO,21,npa,Norway
GB-CHC-1145640,The Queen Elizabeth Diamond Jubilee Trust,active,Foundation,60,qedjt,United Kingdom of Great Britain and Northern Ireland (the)
ZA-PBO-930040668,Orbis Africa,active,International NGO,21,orbis_africa,South Africa
XM-DAC-1409,Enhanced Integrated Framework,active,Multilateral,40,eif,Switzerland
IM-CR-024714B,Openmindedly,active,Private Sector,70,openmindedly,Isle of Man
GB-COH-08333641,Delivery Associates Ltd,active,Private Sector,70,delivery_associates,United Kingdom of Great Britain and Northern Ireland (the)
XM-DAC-41110,Secretaría del Programa Conjunto de las Naciones Unidas sobre el VIH/Sida (ONUSIDA),active,Multilateral,40,unaids,Switzerland
NL-KVK-41209946,Mainline,active,Foundation,60,mainline,Netherlands (the)
GB-COH-SC100833,LTS International Limited,active,Private Sector,70,lts,United Kingdom of Great Britain and Northern Ireland (the)
GB-CHC-1126281,Human Relief Foundation,active,International NGO,21,hrf,United Kingdom of Great Britain and Northern Ireland (the)
US-EIN-262681792,International Initiative for Impact Evaluation,active,International NGO,21,3ie,United States of America (the)
BE-BCE_KBO-0453975341,Search for Common Ground (SFCG),active,International NGO,21,sfcg,Belgium
BE-BCE_KBO-0453475391,Search for Common Ground (SFCG),withdrawn,International NGO,21,sfcg,Belgium
US-EIN-13-5660870,International Rescue Committee,active,International NGO,21,irc_inc,United States of America (the)
NP-SWC-27288,Burns Violence Survivors Nepal,active,National NGO,22,bvs-nepal,Nepal
US-EIN-13-3960591,,active,International NGO,21,social_accountability_international,United States of America (the)
NL-KVK-56083459,Women Peacemakers Program,active,International NGO,21,wpp,Netherlands (the)
GB-COH-01650169,Ecorys Reino Unido,active,Private Sector,70,ecuk,United Kingdom of Great Britain and Northern Ireland (the)
US-EIN-471065461,The Global Forum on MSM & HIV (MSMGF),active,International NGO,21,msmgf,United States of America (the)
US-EIN-56-1071085,Ipas,active,International NGO,21,ipas,United States of America (the)
NG-CAC-495140,Women Environmental Programme,active,National NGO,22,wep,Nigeria
DK-CVR-36980214,DanChurchAid,active,International NGO,21,dca,Denmark
NL-KVK-41214768,Global Network of People Living with HIV (GNP+),active,International NGO,21,gnpplus,Netherlands (the)
BO-NIT-1013209020,,active,International NGO,21,wwf_bolivia,Bolivia (Plurinational State of)
GB-COH-08705643,,active,Other Public Sector,15,ktn,United Kingdom of Great Britain and Northern Ireland (the)
GB-COH-SC349355,Red Global de Proyectos de Trabajo Sexual (NSWP),active,International NGO,21,nswp,United Kingdom of Great Britain and Northern Ireland (the)
NL-KVK-34219433,Max Foundation,active,Foundation,60,max-foundation,Netherlands (the)
CH-FDJP-66029860165,Alianza Internacional de Discapacidad,active,International NGO,21,ida,Switzerland
US-EIN-27-5026463,Disability Rights Advocacy Fund,active,International NGO,21,draf,United States of America (the)
DK-CVR-29439915,Cáritas Dinamarca,active,National NGO,22,caritas_denmark,Denmark
NL-KVK-66926262,Win Win Strategies,active,International NGO,21,wws,Netherlands (the)
GB-COH-03054929,DAI Global Health,active,Private Sector,70,healthpartners-international,United Kingdom of Great Britain and Northern Ireland (the)
GB-COH-OC305127,BDO LLP,active,Private Sector,70,bdo,United Kingdom of Great Britain and Northern Ireland (the)
US-EIN-203908371,Foro Económico Mundial,active,International NGO,21,worldeconomicforum,United States of America (the)
BW-CIPA-CO20151011,Coalición Internacional de Preparación para el Tratamiento (ITPC),active,International NGO,21,itpc,Botswana
TZ-BRLA-4368,Amref Health Africa in Tanzania,active,International NGO,21,amreftz,"Tanzania, the United Republic of"
US-EIN-52-1238773,Women's Environment & Development Organization,active,International NGO,21,wedo,United States of America (the)
GB-COH-NI630024,Siren Associates,active,Private Sector,70,siren,United Kingdom of Great Britain and Northern Ireland (the)
GB-COH-8159144,Construction Sector Transparency Initiative (CoST),active,International NGO,21,cost_uk,(No country assigned)
NL-KVK-32022621,,active,International NGO,21,rnw_org,Netherlands (the)
BE-BCE_KBO-0550758080,Instituto Europeo de la Paz,active,Other Public Sector,15,eip,Belgium
NL-KVK-33226495,Atradius Dutch State Business,active,Private Sector,70,adsb,Netherlands (the)
ZA-NPO-029-864,"CIVICUS, Alianza Mundial para la Participación Ciudadana",active,International NGO,21,civicus,South Africa
NG-CAC-IT-23286,Centre For Citizens With Disabilities,active,National NGO,22,ccdnigeria,Nigeria
XI-IATI-UNPF,Fondos mancomunados de las Naciones Unidas,active,Multilateral,40,unpf,(No country assigned)
CH-FDJP-66006990023,ACT Alliance,active,International NGO,21,act_alliance,Switzerland
NL-KVK-30258482,,active,International NGO,21,kerk_in_actie,Netherlands (the)
XM-DAC-47064,Organización Internacional del Bambú y el Ratán (INBAR),active,Multilateral,40,inbar,(No country assigned)
NL-KVK-27251823,Support Trust for Africa Development (STAD),active,International NGO,21,stad,Netherlands (the)
XM-DAC-5-52,,active,Other Public Sector,15,giz,Germany
XM-DAC-236,Ministerio de Economía y Finanzas de Benin,active,Government,10,mefbenin,Benin
DK-CVR-44623528,COWI,active,Other Public Sector,15,cowi,Denmark
NL-KVK-34148682,AFEW International,active,International NGO,21,afewinternational,Netherlands (the)
XM-DAC-30011,Unión Internacional para la Conservación de la Naturaleza y de los Recursos Naturales,active,Other Public Sector,15,iucn,Switzerland
BJ-IFU-3200700033415,Société Nationale des Eaux du Bénin (SONEB),active,Other Public Sector,15,soneb-benin,Benin
LB-MOI-18291,Arab Foundation for Freedoms and Equality,active,Regional NGO,23,afemena,Lebanon
US-GOV-1,Agencia de los Estados Unidos para el Desarrollo Internacional (USAID),active,Government,10,usaid,United States of America (the)
GB-COH-07321996,Integrity Research and Consultancy Ltd,active,Private Sector,70,integrity,United Kingdom of Great Britain and Northern Ireland (the)
CH-FDJP-109458452,"DCAF, Centro de Ginebra para la Gobernanza del Sector de la Seguridad",active,Foundation,60,dcaf,Switzerland
US-EIN-943287156,Asociación para el Progreso de las Comunicaciones,active,International NGO,21,apc,United States of America (the)
KE-RCO-201036685,UHAI EASHRI,active,Foundation,60,uhai-eashri,Kenya
CZ-ICO-25755277,People in Need,active,International NGO,21,pin,Czechia
ZA-NPO-060766,,active,International NGO,21,cal_2000-pu,South Africa
BE-BCE_KBO-0427736148,Trias,active,National NGO,22,trias,Belgium
IE-CHY-20009601,Trócaire,active,International NGO,21,trocaire,Ireland
GB-CHC-1171353,Global Innovation Fund,active,International NGO,21,gif,United Kingdom of Great Britain and Northern Ireland (the)
GB-COH-04161656,ICF Consulting Services Ltd,active,Private Sector,70,icf,United Kingdom of Great Britain and Northern Ireland (the)
BJ-IFU-6201408024805,The National Association of Municipalities of Benin (ANCB),active,National NGO,22,ancb_benin,Benin
US-EIN-13-2890727,Guttmacher Institute,active,International NGO,21,guttmacher,United States of America (the)
XM-DAC-41301,Organización de las Naciones Unidas para la Alimentación y la Agricultura (FAO),active,Multilateral,40,fao,Italy
CH-FDJP-106064950,Medair,active,International NGO,21,medair,Switzerland
NL-KVK-27302841,Giro555 (Stichting Samenwerkende Hulporganisaties),active,International NGO,21,giro555,Netherlands (the)
GB-COH-RC000053,,active,"Academic, Training and Research",80,thebritishacademy,United Kingdom of Great Britain and Northern Ireland (the)
XM-DAC-928,Organización Mundial de la Salud,active,Multilateral,40,who,Switzerland
GB-CHC-1154230,Girls Not Brides: Alianza Global para Terminar con el Matrimonio Infantil,active,International NGO,21,girlsnotbrides,United Kingdom of Great Britain and Northern Ireland (the)
NL-KVK-41152832,Stichting Nederlands Instituut voor Internationale Betrekkingen 'Clingendael',active,"Academic, Training and Research",80,clingendael,Netherlands (the)
IN-MCA-U74900MH2015PTC310042,,withdrawn,Private Sector,70,intellecap,India
NL-KVK-41160229,PUM Netherlands,active,International NGO,21,pumnl,Netherlands (the)
NL-KVK-41153698,World Federalist Movement - Institute for Global Policy,active,International NGO,21,wfm-igp,Netherlands (the)
GB-CHC-1091105,Meningitis Research Foundation,active,International NGO,21,mrf,United Kingdom of Great Britain and Northern Ireland (the)
PH-SEC-FN200806591,Women's Global Network on Reproductive Rights,active,International NGO,21,wgnrr_iati,Philippines (the)
US-EIN-27-3755556,IDEO.org,active,International NGO,21,ideo_org,United States of America (the)
ET-CSA-0081,,active,National NGO,22,swda,Ethiopia
CH-FDJP-66004229946,Foro Económico Mundial de Ginebra,active,International NGO,21,weforum_geneva,Switzerland
BE-BCE_KBO-0410644946,Cáritas Internacional (Bélgica),active,National NGO,22,cibe,Belgium
CH-FDJP-CHE105834763,Helvetas Swiss Intercooperation,active,International NGO,21,hsi,Switzerland
NL-KVK-30195730,MVO Nederland,active,Other Public Sector,15,mvo_nederland,Netherlands (the)
ML-NIF-400100027H,DNH Mali (Direction Nationale de l’Hydraulique du Mali),active,Government,10,pca-gire,Mali
US-EIN-13-1624114,Near East Foundation (NEF USA),active,International NGO,21,nef_usa,United States of America (the)
US-EIN-58-1454716,The Carter Center,active,International NGO,21,carter-center,United States of America (the)
NL-KVK-41169161,International Child Development Initiatives,withdrawn,International NGO,21,icdi,Netherlands
NL-KVK-27290536,HiiL innovating Justice,active,Foundation,60,hiil_mfa,Netherlands (the)
PS-MOI-RA-22220-A,Unión de Comités de Trabajo Agrícola,active,National NGO,22,uawc,"Palestine, State of"
NL-KVK-53815211,Stichting VU Amsterdam - Amsterdam Centre for World Food Studies,active,"Academic, Training and Research",80,acwfs_vu,Netherlands (the)
ET-MOT-020/4/007,Ethiopian Horticulture Producer Exporters Association (EHPEA),active,National NGO,22,ehpea,Ethiopia
NL-KVK-41197411,International Bureau of Fiscal Documentation (IBFD),active,"Academic, Training and Research",80,ibfd,Netherlands (the)
NL-KVK-67143555,United Work,active,National NGO,22,united_work,Netherlands (the)
NL-KVK-27102631,Comité Nacional de UNICEF en los Países Bajos,active,National NGO,22,unicefnl,Netherlands (the)
XM-DAC-6-4,"AICS, Organismo Italiano de Cooperación para el Desarrollo",active,Government,10,aics,Italy
US-EIN-26-4129153,Climate Policy Initiative,active,"Academic, Training and Research",80,cpi,United States of America (the)
LR-MPEA-NGO-AC-0298,YMCA of Liberia,active,National NGO,22,libymca,Liberia
KE-RCO-CPR-2009-5689,,active,Regional NGO,23,tma,Kenya
KE-RCO-CPR/2009/5689,TradeMark East Africa,withdrawn,Regional NGO,23,tmea,Kenya
TR-MOI-27-018-163,Local Development and Small Projects Support,active,National NGO,22,ldsps,Türkiye
BE-BCE_KBO-0418766123,Vlaamse Interuniversitaire Raad voor Universitaire Ontwikkelingssamenwerking (VLIR-UOS),active,"Academic, Training and Research",80,vlir-uos,Belgium
ET-CSA-0009,,active,National NGO,22,dec_ethiopia,Ethiopia
AR-CENOC-16969-A,Fundación Fondo Mujeres del Sur,active,Foundation,60,fms,Argentina
US-EIN-58-2368165,United Nations Foundation,active,National NGO,22,unf,United States of America (the)
XM-DAC-47058,International IDEA,active,Multilateral,40,idea,Sweden
NL-KVK-41146484,"IHE Delft, Instituto para la Educación relativa al Agua",active,"Academic, Training and Research",80,ihedelft,Netherlands (the)
US-EIN-13-2626135,TechnoServe,active,International NGO,21,tns,United States of America (the)
MZ-NUIT-700098168,Administração de Infra-Estruturas de Águas e Saneamento,active,Government,10,aias,Mozambique
XM-DAC-46009,Banco de Desarrollo del Caribe (CDB),active,Multilateral,40,caribank,Barbados
US-EIN-463668128,Women's Refugee Commission,active,International NGO,21,w_r_c,United States of America (the)
MZ-NUIT-50039061,Agência de Desenvolvimento do Vale do Zambeze,active,Government,10,agencia_do_zambeze,Mozambique
US-EIN-56-2460366,Conflict Dynamics International,active,International NGO,21,cdi,United States of America (the)
GB-COH-RC000658,Universidad de Leeds,active,"Academic, Training and Research",80,leedsuni,United Kingdom of Great Britain and Northern Ireland (the)
MW-MRA-20125995,Mulanje Mission Hospital,active,National NGO,22,mmh,Malawi
NL-KVK-73728489,,active,International NGO,21,inso,Netherlands (the)
GB-CHC-1140276,International NGO Safety Organisation,withdrawn,International NGO,21,inso,United Kingdom
XM-DAC-41116,Programa de las Naciones Unidas para el Medio Ambiente (PNUMA),active,Multilateral,40,un-environment,(No country assigned)
MW-RG-2977,Palliative Care Support Trust,active,National NGO,22,pcst,Malawi
GB-CHC-802353,Ethiopiaid Reino Unido,active,International NGO,21,ethiopiaiduk,United Kingdom of Great Britain and Northern Ireland (the)
NL-KVK-70292361,Access to Seeds Foundation,active,International NGO,21,atsf,Netherlands (the)
BE-BCE_KBO-0408643875,Oxfam Solidarité-Solidariteit,active,National NGO,22,oxsol,Belgium
US-EIN-33-1112770,CLASP,active,International NGO,21,clasp,United States of America (the)
NL-KVK-58279199,The Access to Nutrition Foundation,active,International NGO,21,atnf,Netherlands (the)
GB-CHC-1106349,International Network for Advancing Science and Policy,active,International NGO,21,inasp,United Kingdom of Great Britain and Northern Ireland (the)
BD-NAB-1102,Population Services and Training Centre (PSTC),active,National NGO,22,pstc_1102,Bangladesh
JO-CCD-200138796,Horizons for Green Development,active,National NGO,22,horizons,Jordan
GB-CHC-1082565,Handicap International UK,active,"Academic, Training and Research",80,hiuk,United Kingdom of Great Britain and Northern Ireland (the)
ET-CSA-0638,Send a Cow Ethiopia,active,National NGO,22,sacethiopia,Ethiopia
RS-APR-17062603,Cáritas Serbia,active,National NGO,22,caritas_serbia,(No country assigned)
NL-KVK-41185216,Netherlands Commission for Environmental Assessment,active,Foundation,60,ncea,Netherlands (the)
US-EIN-23-7069110,Oxfam América,active,International NGO,21,oxfamus,United States of America (the)
KE-NCB-218/051/15179/10159,Kesho Kenya,active,National NGO,22,kesho_kenya,Kenya
KE-NCB-OP21805193101154,Ananda Marga Universal Relief Team (AMURT) Africa,active,National NGO,22,amurt_kenya,Kenya
KE-NCB-KENCBOP218051200802235390,Pastoralist Girls Initiative,active,National NGO,22,pgi_kenya,Kenya
LB-MOI-26_AD,Berytech Foundation,active,Foundation,60,berytech,Lebanon
NL-KVK-64680029,,active,Foundation,60,wfaf,Netherlands (the)
NL-KVK-41150085,Nuffic,active,"Academic, Training and Research",80,nuffic20171017,Netherlands (the)
BJ-IFU-6201200599008,ONG ALCRER,active,National NGO,22,alcrer-1,Benin
SE-ON-802017-3517,Diakonia Suecia,active,International NGO,21,diakonia-sweden,Sweden
BJ-IFU-6201101048400,Social Watch Benin,active,National NGO,22,swb_1,Benin
GB-GOV-13,"Reino Unido: Ministerio de Negocios, Energía y Estrategia Industrial",active,Government,10,beis,United Kingdom of Great Britain and Northern Ireland (the)
US-EIN-13-1687001,"The Population Council, Inc.",active,"Academic, Training and Research",80,populationcouncil,United States of America (the)
SN-NINEA-621108990A0,Panos Institute West Africa (PIWA),active,International NGO,21,ipao,Senegal
NL-KVK-41159889,Prince Claus Fund,active,International NGO,21,pcf,Netherlands (the)
US-EIN-11-3803281,African Center for Economic Transformation (ACET),active,Regional NGO,23,acet,United States of America (the)
GB-COH-09288843,The Power of Nutrition,active,Foundation,60,the_power_of_nutrition,United Kingdom of Great Britain and Northern Ireland (the)
DK-CVR-20699310,Consejo Danés para los Refugiados,active,International NGO,21,drc,Denmark
GB-CHC-1051681,Amnesty International UK Section Charitable Trust,active,International NGO,21,aiuk,United Kingdom of Great Britain and Northern Ireland (the)
GB-EDU-133784,Universidad de Birmingham,active,"Academic, Training and Research",80,universityofbirmingham,United Kingdom of Great Britain and Northern Ireland (the)
MZ-NUIT-600000381,Fundo de Investimento e Patrimonio do Abastecimento de Água (FIPAG),active,Other Public Sector,15,fipag,Mozambique
ZW-PVO-15/2003,CARE International Zimbabwe,active,International NGO,21,ciz,Zimbabwe
US-EIN-521257057,Instituto de Recursos Mundiales,active,International NGO,21,wri,United States of America (the)
KE-RSO-14210,United Disabled Persons of Kenya,withdrawn,National NGO,22,udpk,Kenya
BE-BCE_KBO-0435563751,Memisa,active,"Academic, Training and Research",80,memisa,Belgium
ZW-PVO-26/79,World Vision Zimbabwe,active,International NGO,21,wvz-gec,Zimbabwe
NL-KVK-34271281,World Waternet,active,International NGO,21,worldwaternet,Netherlands (the)
NL-KVK-24316726,Ecorys Nederland B.V.,active,Private Sector,70,ecorysnl,Netherlands (the)
XM-DAC-47136,Instituto Global para el Crecimiento Verde (GGGI),active,Multilateral,40,gggi,(No country assigned)
BE-BCE_KBO-0448755949,Collectif Stratégies Alimentaires,active,National NGO,22,csa,Belgium
NL-KVK-34370207,Universidad de Ámsterdam,active,"Academic, Training and Research",80,uva_org,Netherlands (the)
NL-KVK-41201198,The Hunger Project Netherlands,active,International NGO,21,thp_org,Netherlands (the)
BE-BCE_KBO-0451857573,VVSG (Vereniging van Vlaamse Steden en Gemeenten),active,Other Public Sector,15,vvsg,Belgium
BE-BCE_KBO-0425410524,SOS FAIM (SOS HUNGER),active,National NGO,22,sosfaim,Belgium
ET-CSA-0486,Wolayita Development Association,active,"Academic, Training and Research",80,woda_0486,Ethiopia
BE-BCE_KBO-0423616717,"VVOB, Education for Development",active,Other Public Sector,15,vvob,Belgium
BE-BCE_KBO-0423588904,Autre Terre asbl,active,"Academic, Training and Research",80,a-t,Belgium
BE-BCE_KBO-0449400604,Ngo-federatie (Vlaamse federatie van ngo's voor ontwikkelingssamenwerking),active,National NGO,22,ngo-federatie,Belgium
CA-CRA_ACR-872374426,War Child Canada,active,International NGO,21,wcc,Canada
KE-NCB-218/051/93132/90,Federation of Women Lawyers Kenya,active,National NGO,22,fida,Kenya
IN-MCA-U74140WB1983PTC036093,PricewaterhouseCoopers Private Limited India,active,Private Sector,70,pwcplindia,India
ET-CSA-1063,Orbis Ethiopia,active,National NGO,22,orbis_ethiopia,Ethiopia
BE-BCE_KBO-0461076236,Centro Tricontinental (CETRI),active,National NGO,22,ct-admin,Belgium
BE-BCE_KBO-0418015461,Entraide et Fraternité,active,National NGO,22,ef_,Belgium
GB-CHC-1076822,Save the Children International,active,International NGO,21,sci,United Kingdom of Great Britain and Northern Ireland (the)
BE-BCE_KBO-0422717486,Louvain Coopération,active,National NGO,22,lc,Belgium
BE-BCE_KBO-0451516390,Brulocalis,active,Other Public Sector,15,brulocalis,Belgium
BE-BCE_KBO-0421207751,Centre National de Coopération au Développement (CNCD-11.11.11),active,National NGO,22,cncd,Belgium
BE-BCE_KBO-0418282311,Viva Salud,active,National NGO,22,g3w-m3m_admin,Belgium
BE-BCE_KBO-0416486821,Oxfam-Magasins du monde (omdm),active,National NGO,22,omdm,Belgium
BE-BCE_KBO-0451461655,Union des Villes et Communes de Wallonie (UVCW),active,Other Public Sector,15,uvcw,Belgium
XM-OCHA-CBPF,Fondos mancomunados para países concretos de la OCHA,active,Multilateral,40,unocha-cbpf,(No country assigned)
BE-BCE_KBO-0424198222,"Association for Cultural, Technical and Educational Cooperation (ACTEC)",active,National NGO,22,actec,Belgium
BE-BCE_KBO-0408908151,Iles de Paix,active,National NGO,22,idp,Belgium
NP-SWC-1844,Center for Research on Environment Health and Population Activities (CREHPA),active,National NGO,22,crehpa,Nepal
US-EIN-237297651,Orbis International,active,International NGO,21,orbis_international,United States of America (the)
BE-BCE_KBO-0474198059,Africalia,active,Other Public Sector,15,africalia,Belgium
BE-BCE_KBO-0419872616,Tearfund VZW (TFBE),active,National NGO,22,tfb_admin1,Belgium
BE-BCE_KBO-0413986102,Wereldsolidariteit-Solidarité Mondiale (WSM),active,National NGO,22,wsm,Belgium
NG-CAC-692943,Academy for Health Development (AHEAD),active,"Academic, Training and Research",80,ahead,Nigeria
BE-BCE_KBO-0461634084,Rode Kruis-Vlaanderen Internationaal vzw,active,National NGO,22,rkiv,Belgium
BE-BCE_KBO-0410661673,"SCI-Projets Internationaux ASBL: Servicio Civil Internacional, rama belga",active,National NGO,22,scibelgium,Belgium
BE-BCE_KBO-0432552989,Fonds voor Ontwikkelingssamenwerking - Socialistische Solidariteit VZW,active,National NGO,22,fos,Belgium
BE-BCE_KBO-0445412518,Institute for International Workers Education,active,National NGO,22,iiwe,Belgium
AF-MOE-138,Aga Khan Foundation Afghanistan,active,Foundation,60,akf_afghanistan,Afghanistan
BE-BCE_KBO-0415627875,ULB-Coopération,active,National NGO,22,ulbcoop,Belgium
DK-CVR-37295728,NIRAS A/S,active,Private Sector,70,niras,Denmark
NL-KVK-62066064,GOGLA - Global Off-Grid Lighting Association,active,Private Sector,70,gogla,Netherlands (the)
US-EIN-06-1608361,African Population and Health Research Center,active,Regional NGO,23,aphrc,United States of America (the)
BE-BCE_KBO-0409451054,Enfance Tiers Monde Kinderen Derde Wereld,active,National NGO,22,etmkdw,Belgium
ZW-ROD-MA988/87,Women's Action Group,active,National NGO,22,wag-1983,Zimbabwe
BE-BCE_KBO-0408628435,SOS Kinderdorpen België / SOS Villages d'Enfants Belgique,active,International NGO,21,svdbskb_admin,Belgium
ET-CSA-1233,EngenderHealth Ethiopia,active,International NGO,21,engenderhealth_eth,Ethiopia
US-EIN-52-2145827,Cowater International Inc,active,Private Sector,70,chemonics,United States of America (the)
BE-BCE_KBO-0441988715,Fairtrade Belgium,active,National NGO,22,fairtrade_be,Belgium
LB-MOI-497,ABAAD - Resource Center for Gender Equality,active,National NGO,22,arcfge,Lebanon
ZM-PCR-10104052014,,active,International NGO,21,pphpz,Zambia
BE-BCE_KBO-0462132150,Croix-Rouge de Belgique Communauté francophone - Activités internationales ASBL,active,National NGO,22,crb-ai_admin,Belgium
BE-BCE_KBO-0431955945,Sensorial Handicap Cooperation,active,"Academic, Training and Research",80,shc,Belgium
BE-BCE_KBO-0415880570,Association pour la Promotion de l'Education et de la Formation à l'Etranger,active,Other Public Sector,15,apefe,Belgium
BE-BCE_KBO-0433439550,Défi Belgique Afrique,active,National NGO,22,dba,Belgium
BE-BCE_KBO-0463455904,Chaîne de l'Espoir Belgique / Keten van Hoop België / Chain of Hope Belgium,active,National NGO,22,cdeb-kvhb_admin,Belgium
BE-BCE_KBO-0432235661,Handicap International Belgium,active,National NGO,22,hib,Belgium
BE-BCE_KBO-0415426155,Miel Maya Honing asbl,active,National NGO,22,mmha,Belgium
NL-KVK-34185938,Access to Medicine Foundation,active,Foundation,60,atmf,Netherlands (the)
BE-BCE_KBO-0442168263,VETERINAIRES SANS FRONTIERES / DIERENARTSEN ZONDER GRENZEN - BELGIUM,active,National NGO,22,vsfbelgium,Belgium
BE-BCE_KBO-0419189557,Rotary Clubs For Development,active,National NGO,22,rc4d,Belgium
BE-BCE_KBO-0454555163,RCN Justice & Démocratie,active,National NGO,22,rcn,Belgium
BE-BCE_KBO-0460162753,Médecins du Monde Belgique - Dokters van de Wereld Belgïe,active,National NGO,22,medecins,Belgium
BE-BCE_KBO-0413119733,VIA Don Bosco,active,National NGO,22,via-db,Belgium
BE-BCE_KBO-0408022778,Djapo,active,National NGO,22,djapo,Belgium
BE-BCE_KBO-0420656336,Rikolto in Belgium,active,National NGO,22,rikolto_belgium,Belgium
BE-BCE_KBO-0407562029,Comité Nacional de UNICEF en Bélgica,active,National NGO,22,ub,Belgium
BE-BCE_KBO-0662878501,Rikolto,active,Foundation,60,rikolto,Belgium
BE-BCE_KBO-0418088113,Broederlijk Delen,active,National NGO,22,bd,Belgium
BE-BCE_KBO-0417299047,Protos,active,National NGO,22,protos,Belgium
BE-BCE_KBO-0479866027,Studio Globo,active,"Academic, Training and Research",80,sg,Belgium
BE-BCE_KBO-0478060441,Beweging voor Internationale Solidariteit - Mouvement pour la Solidarité Internationale,active,National NGO,22,bismsi,Belgium
BE-BCE_KBO-0479222461,BOS+ tropen,active,National NGO,22,bos_plus_tropen,Belgium
BE-BCE_KBO-0432622077,FIAN Bélgica,active,National NGO,22,fian-belgium,Belgium
BE-BCE_KBO-0463729878,Benelux Afro Center,active,National NGO,22,bac,Belgium
BE-BCE_KBO-0432624255,Solsoc,active,National NGO,22,solsoc,Belgium
BE-BCE_KBO-0408095925,Auto-Développement Afrique (ADA),active,National NGO,22,ada,Belgium
CO-RUE-860013779-5,,active,Private Sector,70,profamilia,Colombia
BE-BCE_KBO-0416934803,Forum Universitaire pour la Coopération Internationale au Développement -FUCID ASBL,active,National NGO,22,fucid,Belgium
BE-BCE_KBO-0418399305,COMMISSION JUSTICE ET PAIX ASBL (CJP),active,National NGO,22,cjp,Belgium
BE-BCE_KBO-0408656248,"Fondo Mundial para la Naturaleza, Bélgica (WWF-BE)",active,National NGO,22,wwf-be,Belgium
BE-BCE_KBO-0472089102,GEOMOUN ASBL,active,National NGO,22,geomoun,Belgium
BE-BCE_KBO-0408256667,Congodorpen vzw,active,National NGO,22,congodorpen,Belgium
GB-COH-04644326,Agulhas Applied Knowledge,active,Private Sector,70,aak,United Kingdom of Great Britain and Northern Ireland (the)
BE-BCE_KBO-0409597544,FONCABA ASBL KBA VZW,active,National NGO,22,foncaba,Belgium
BE-BCE_KBO-0432503697,Eclosio,active,National NGO,22,eclosio,Belgium
BE-BCE_KBO-0420790948,Universitair Centrum voor Ontwikkelingssamenwerking,active,National NGO,22,ucos,Belgium
XM-DAC-7-PPR-4000005312,,active,Foundation,60,ybawahid,Indonesia
CO-RUE-900.683.942-8,,active,Public Private Partnership,30,rpm,Colombia
BE-BCE_KBO-0421210424,Koepel van de Vlaamse Noord-Zuidbeweging 11.11.11 VZW,active,National NGO,22,111111_publisher,Belgium
BE-BCE_KBO-0415365777,Oxfam Wereldwinkels,active,National NGO,22,oww,Belgium
JO-MSD-2013011100066,Queen Rania Foundation for Education and Development,active,National NGO,22,qrfed,Jordan
KE-NCB-218-051-93197-173,,active,Regional NGO,23,fawe-rs,Kenya
KE-NCB-218.051.93197.173,,withdrawn,Regional NGO,23,fawe-rs,Kenya
NL-KVK-09119363,PRACTICA Foundation,active,Foundation,60,practica,Netherlands (the)
JO-COA-1701-HPC,,active,Other Public Sector,15,hpc,Jordan
US-EIN-22-3087809,IREX (International Research and Exchange Board),active,International NGO,21,irex,United States of America (the)
XM-DAC-47066,Organización Internacional para las Migraciones (OIM),active,Multilateral,40,iom,Switzerland
BE-BCE_KBO-0416867297,KIYO,active,International NGO,21,kiyo,Belgium
US-EIN-900634376,Grupo de Liderazgo Climático de Ciudades C40,active,"Academic, Training and Research",80,c40cities,United States of America (the)
GB-CHC-1135700,British & Irish Agencies Afghanistan Group,active,International NGO,21,baag,United Kingdom of Great Britain and Northern Ireland (the)
BE-BCE_KBO-0546740696,Académie de recherche et d'enseignement supérieur,active,"Academic, Training and Research",80,ares,Belgium
BE-BCE_KBO-0474912493,Dynamo International asbl,active,National NGO,22,dynamo_international,Belgium
BE-BCE_KBO-0445741823,Quinoa,active,National NGO,22,quinoa,Belgium
BE-BCE_KBO-0443262185,Echos Communication,active,National NGO,22,ec,Belgium
BE-BCE_KBO-0448723978,Médecins Sans Vacances,active,National NGO,22,msv,Belgium
BE-BCE_KBO-0446340550,Comité para la abolición de las deudas ilegítimas,active,National NGO,22,cadtm,Belgium
BE-BCE_KBO-0415499795,ITECO - Centre de formation pour le développement,active,National NGO,22,iteco,Belgium
NL-KVK-40478591,Real Asociación Neerlandesa de Fútbol,active,Other Public Sector,15,knvb,Netherlands (the)
ES-CIF-G81164105,ACCIÓN CONTRA EL HAMBRE ESPAÑA,active,International NGO,21,acfspain,Spain
BE-BCE_KBO-0406694670,Damiaanactie / Action Damien,active,National NGO,22,damien-foundation,Belgium
RW-RGB-101-RGB-NGO-2014,UWEZO Youth Empowerment,active,National NGO,22,uwezo_youth_empowerment,Rwanda
NL-KVK-41208024,Stichting Aidenvironment,active,Foundation,60,aidenvironment,Netherlands (the)
BE-BCE_KBO-0425420917,Plan International Belgium,active,National NGO,22,pib,Belgium
NL-KVK-32102434,RUAF Foundation,active,Foundation,60,ruaf,Netherlands (the)
US-EIN-030358029,Population Media Center,active,International NGO,21,pmc,United States of America (the)
BE-BCE_KBO-0430826290,Le Monde selon les femmes asbl,active,National NGO,22,mondefemmes,Belgium
BE-BCE_KBO-0417549465,Coopération par l'Education et la Culture,active,National NGO,22,cec,Belgium
DK-CVR-25191501,Danmission,active,National NGO,22,danmission,Denmark
IN-MHA-337680017,Network For Enterprise Enhancement and Development Support,active,National NGO,22,needs,India
CO-RUE-860049972,Fundación Oriéntame,active,National NGO,22,orientame,Colombia
CH-FDJP-CHE102197003,Federación Internacional de Contadores,active,International NGO,21,ifac,Switzerland
US-EIN-27-1414646,Clinton Health Access Initiative,active,International NGO,21,chai,United States of America (the)
US-EIN-13-3327220,Acción contra el Hambre Estados Unidos de América,active,International NGO,21,aahusa,United States of America (the)
GB-COH-07157505,ODI Global Advisory Ltd,active,"Academic, Training and Research",80,odi_sales_ltd,United Kingdom of Great Britain and Northern Ireland (the)
UG-NGB-5914-129,AVSI FOUNDATION IN UGANDA,active,International NGO,21,avsi_uganda,Uganda
GH-DSW-2046,African Women's Development Fund,active,Regional NGO,23,awdf,Ghana
DE-CR-BonnVR8726,IFOAM - Organics International,active,International NGO,21,ifoam,Germany
GB-COH-05126149,The MENTOR Initiative,active,International NGO,21,the_mentor_initiative,United Kingdom of Great Britain and Northern Ireland (the)
EG-CR-117508,,active,Private Sector,70,nroot,Egypt
BD-NAB-0271,Bangladesh Nari Progati Sangha,active,National NGO,22,bnps,Bangladesh
GB-CHC-1112842,Transparencia Internacional Reino Unido,active,International NGO,21,ti-uk,United Kingdom of Great Britain and Northern Ireland (the)
GB-CHC-1119168,Energy 4 Impact,active,International NGO,21,e4i,United Kingdom of Great Britain and Northern Ireland (the)
US-EIN-75-3130860,Center for Civilians in Conflict,active,International NGO,21,civic_admin,United States of America (the)
GB-COH-RC000672,,active,"Academic, Training and Research",80,uos,United Kingdom of Great Britain and Northern Ireland (the)
GB-CHC-1047653,Raleigh International,active,International NGO,21,raleigh_int,United Kingdom of Great Britain and Northern Ireland (the)
BE-BCE_KBO-0410757386,Solidagro,active,"Academic, Training and Research",80,solidagro_admin,Belgium
NL-KVK-41199723,NLR,active,International NGO,21,nlr,Netherlands (the)
TZ-TRA-101-091-759,Economic and Social Research Foundation (ESRF),active,"Academic, Training and Research",80,esrf,"Tanzania, the United Republic of"
NL-KVK-24365461,Right to Play Netherlands Foundation,active,International NGO,21,rtp,Netherlands (the)
NL-KVK-08134161,VEI (Vitens-Evides International),active,Private Sector,70,vei_nl,Netherlands (the)
XM-DAC-21018,Federación Internacional de Sociedades de la Cruz Roja y de la Media Luna Roja,active,International NGO,21,ifrcrcs,Switzerland
UG-NGB-10890,Bucks Community NGO,active,National NGO,22,bucksfarm,Uganda
XM-DAC-43000,Fondo Monetario Internacional,active,Multilateral,40,imf,United States of America (the)
GB-CHC-314137,Association of Commonwealth Universities,active,"Academic, Training and Research",80,acu,United Kingdom of Great Britain and Northern Ireland (the)
NL-KVK-56185154,"NpM, Platform for Inclusive Finance",active,National NGO,22,npm,Netherlands (the)
GB-CHC-1113101,Tropical Health and Education Trust,active,International NGO,21,tropicalhealth,United Kingdom of Great Britain and Northern Ireland (the)
US-EIN-52-0595110,Universidad Johns Hopkins,active,"Academic, Training and Research",80,gi-jhu,United States of America (the)
NL-KVK-56821743,MDF Global,active,Foundation,60,mdf,Netherlands (the)
CH-FDJP-CHE100871337,Consejo Internacional de Organizaciones Voluntarias,active,International NGO,21,icva,Switzerland
US-EIN-521750875,Iraq Foundation,active,International NGO,21,iraq_foundation,United States of America (the)
ES-CIF-G-8236803,Oxfam Intermón,active,International NGO,21,oxfamintermon,Spain
XM-DAC-41123,Organización de las Naciones Unidas para el Desarrollo Industrial (ONUDI),active,Multilateral,40,unido,(No country assigned)
GH-DSW-4711,Savana Signatures,active,National NGO,22,savsign-org,Ghana
GB-COH-00041424,,active,Public Private Partnership,30,ul,(No country assigned)
BD-NAB-0682,Development Organisation of the Rural Poor,active,National NGO,22,dorp-org,Bangladesh
BE-BCE_KBO-0453072647,Institut de Formation Syndical International - Internationaal Syndicaal Vormingsinstituut,active,National NGO,22,ifsi_isvi,Belgium
MW-CNM-C057/1998,The center for victimized women and children,active,National NGO,22,cavwoc,Malawi
NL-KVK-65306198,Equileap,active,International NGO,21,equileap,Netherlands (the)
UG-NGB-1826,Family Life Education Program,active,National NGO,22,flepuganda,Uganda
GB-COH-RC000631,Universidad College de Londres,active,"Academic, Training and Research",80,ucl,United Kingdom of Great Britain and Northern Ireland (the)
TZ-TRA-101-304-795,Chama cha Uzazi na Malezi Bora Tanzania (UMATI),active,National NGO,22,umati,"Tanzania, the United Republic of"
KE-NCB-218/051/96110/823,Centre for the Study of Adolescence,active,"Academic, Training and Research",80,csa-kenya,Kenya
US-GOV-17,,active,Government,10,dol,United States of America (the)
GB-CHC-1114727,Joshua Orphan and Community Care,active,International NGO,21,jocc_uk,(No country assigned)
BE-BCE_KBO-0460240749,Light For The World Belgium,active,National NGO,22,lftw-be,Belgium
JO-CCD-2826,World Vision Syria,withdrawn,International NGO,21,wvsyria,Syrian Arab Republic
IN-MHA-231650063,Voluntary Health Association of India,active,"Academic, Training and Research",80,vhai-org,(No country assigned)
DK-CVR-20074035,ADRA Denmark,active,National NGO,22,adra-dk,Denmark
KE-RCO-78260,ADS-Nyanza,active,Other Public Sector,15,ads-nyanza,Kenya
HK-CR-1494242,Solidaridad South & South-East Asia,active,International NGO,21,solidaridad-ssea,India
GH-DSW-5574,Solidaridad África West Africa,active,International NGO,21,solidaridad-waf,Ghana
XI-IATI-FIABEL,Fiabel,active,National NGO,22,fiabel,Belgium
KE-NCB-218/051/9384/74,CARE SOMALIA,active,National NGO,22,csom1,Kenya
GB-COH-07627789,D. Capital Partners,active,Public Private Partnership,30,dcapitalpartners,United Kingdom of Great Britain and Northern Ireland (the)
JO-MSD-2009011100178,The Princess Alia Foundation,active,Foundation,60,paf_2018,Jordan
GB-CHC-1157722,Irise International,active,International NGO,21,irise_int,United Kingdom of Great Britain and Northern Ireland (the)
TZ-TRA-102316134,"Iringa Development of Youth, Disabled and Children Care",active,National NGO,22,idydc,"Tanzania, the United Republic of"
TZ-TRA-116315386,Babawatoto Centre For Children and Youth,active,National NGO,22,bawacecy-tz,"Tanzania, the United Republic of"
TZ-TRA-110-664-087,Railway Children Africa,active,National NGO,22,rc2africa,"Tanzania, the United Republic of"
US-GOV-6,,active,Government,10,treasury,United States of America (the)
US-EIN-14-1945286,"The Global Development Incubator, Inc",active,International NGO,21,gdi,United States of America (the)
TZ-TRA-121406209,CHEKA SANA TANZANIA,active,National NGO,22,cst,"Tanzania, the United Republic of"
GB-COH-06735120,Worldwide Hospice Palliative Care Alliance,active,International NGO,21,whpca,United Kingdom of Great Britain and Northern Ireland (the)
GB-COH-RC000797,Universidad de Mánchester,active,"Academic, Training and Research",80,uom,United Kingdom of Great Britain and Northern Ireland (the)
IT-CF-97091470589,INTERSOS Onlus,active,International NGO,21,intersos_main,Italy
GB-GOV-14,Reino Unido: Ministerio de Educación,active,Government,10,dfe,United Kingdom of Great Britain and Northern Ireland (the)
US-EIN-27-1661997,GiveDirectly,active,International NGO,21,givedirectly,United States of America (the)
MM-MHA-1/Local/0047,Karuna Mission Social Solidarity - KMSS,active,National NGO,22,kmss,Myanmar
CA-CRA_ACR-817387277,Mastercard Foundation,active,Foundation,60,mastercard-foundation,Canada
BD-NAB-002,BRAC,active,International NGO,21,brac_admin2,Bangladesh
GB-CHC-223106,Royal College of General Practitioners (RCGP),active,National NGO,22,rcgp-international,United Kingdom of Great Britain and Northern Ireland (the)
US-EIN-042312909,Brigham and Women's Hospital,active,"Academic, Training and Research",80,bwh,United States of America (the)
US-EIN-237413005,FHI360,active,International NGO,21,fhi360,United States of America (the)
XM-DAC-47056,Centro Mundial de Agrosilvicultura,active,"Academic, Training and Research",80,icraf_,Kenya
GB-COH-10633588,Abt Britain Limited,active,Private Sector,70,abtbritain,United Kingdom of Great Britain and Northern Ireland (the)
GB-CHC-213280,Royal College of Obstetricians & Gynaecologists,active,"Academic, Training and Research",80,rcog_resilience_in_obstetric_skills,United Kingdom of Great Britain and Northern Ireland (the)
GB-COH-02188452,,active,"Academic, Training and Research",80,iied,United Kingdom of Great Britain and Northern Ireland (the)
KE-KRA-P051311853T,Northern Rangelands Trust,active,National NGO,22,nrt-kenya,Kenya
GB-CHC-1047608,Alliance of Religions and Conservation,active,International NGO,21,alliance_of_religions_and_conservation,United Kingdom of Great Britain and Northern Ireland (the)
BD-NAB-051,YWCA de Bangladesh,active,National NGO,22,ywcabd,Bangladesh
PS-MOI-QR-209-HR,,active,National NGO,22,wclac,"Palestine, State of"
XI-IATI-MIF,Fondo Multilateral de Inversiones,active,Multilateral,40,fomin,United States of America (the)
IE-CHY-20009090,Concern Worldwide,active,International NGO,21,concern_worldwide,Ireland
XM-OCHA-FTS18563,"Fondo Social para el Desarrollo, Yemen",active,Other Public Sector,15,sfd-yemen,Yemen
US-EIN-63-0676451,International Fertilizer Development Center,active,International NGO,21,ifdc-us,United States of America (the)
LB-MOI-14739,,active,Regional NGO,23,marsa_welead,Lebanon
US-EIN-134166228,Acumen,active,International NGO,21,acumen,United States of America (the)
GB-CHC-1046579,Consorcio para Niños de la Calle,active,International NGO,21,csc,United Kingdom of Great Britain and Northern Ireland (the)
IN-MHA-147110006,CINI,active,National NGO,22,cini_jhk,India
SE-ON-802007-2446,Afrikagrupperna Sweden,active,International NGO,21,afrikagrupperna,Sweden
XI-IATI-OCHASDC,Oficina de Coordinación de Asuntos Humanitarios de las Naciones Unidas (contribuciones especialmente designadas),active,Multilateral,40,unocha-sdc,United States of America (the)
GH-DSW-4834,NORSAAC,active,National NGO,22,norsaac,Ghana
GB-COH-04930461,Concordis International,active,International NGO,21,concordis,United Kingdom of Great Britain and Northern Ireland (the)
CR-RPJ-3-006-125548,Fundación Acceso,active,Regional NGO,23,fundacion-acceso,Costa Rica
US-GOV-23,,active,Government,10,ftc,United States of America (the)
US-GOV-TBD,,withdrawn,Government,10,ftc,United States
US-EIN-91-1157127,PATH,active,International NGO,21,_path_,United States of America (the)
DE-CR-VR32914,Red de Integridad del Agua,active,International NGO,21,win,Germany
IL-RA-580166452,Musalaha Ministry of Reconciliation,active,"Academic, Training and Research",80,mmr_admin2,Israel
AF-MOE-22,CARE International Afghanistan,active,International NGO,21,ciafg,Afghanistan
GB-COH-02622374,Energy Saving Trust,active,Other Public Sector,15,energy_saving_trust,United Kingdom of Great Britain and Northern Ireland (the)
PK-SEC-0080655,DKT Pakistan,active,Private Sector,70,dkt,Pakistan
XI-GRID-grid.442465.5,Universidad de Mzumbe,active,"Academic, Training and Research",80,m_u,"Tanzania, the United Republic of"
US-EIN-32-0060251,AIDSPAN,active,International NGO,21,aidspan,United States of America (the)
KE-KRA-P051119468K,Kisumu Medical and Education Trust,active,National NGO,22,kmet,Kenya
XM-DAC-45001,Centro de Comercio Internacional (ITC),active,International NGO,21,itc,Switzerland
AU-ACNC-18055208636,Oxfam Australia,active,International NGO,21,oau,Australia
FR-RCS-389515180,Solidarites International,active,International NGO,21,solidarites-international,France
US-EIN-23-1352010,American Friends Service Committee,active,"Academic, Training and Research",80,afsc,United States of America (the)
XI-GRID-grid.52681.38,Universidad de BRAC,active,"Academic, Training and Research",80,bu,Bangladesh
US-GOV-22,,active,Government,10,dfc,United States of America (the)
KE-RCO-84486,Transparencia Internacional Kenya,active,National NGO,22,ti_kenya,Kenya
GB-CHC-1151219,DeafKidz International,active,International NGO,21,dki1151219,United Kingdom of Great Britain and Northern Ireland (the)
LB-MOI-853,AVT-L Association of Victims of Terrorism Lebanon,active,National NGO,22,avt-l,Lebanon
IQ-NGO-1Z2634,"Rehabilitation, Education and Community Health (REACH)",active,National NGO,22,reach-iraq,Iraq
XM-DAC-41121,Oficina del Alto Comisionado de las Naciones Unidas para los Refugiados (ACNUR),active,Multilateral,40,unhcr,Switzerland
US-EIN-58-1593137,,active,International NGO,21,dkti,United States of America (the)
XM-DAC-701-2,Ministerio de Asuntos Exteriores del Japón,active,Government,10,mofa-jpn,Japan
XI-IATI-AGR,AgResults Initiative,active,Multilateral,40,agresults,(No country assigned)
BJ-IFU-4201710116446,"Institut National de l'Eau, Benin",active,"Academic, Training and Research",80,ine_benin,Benin
BJ-IFU-4201710182326,Agence Nationale d'Approvisionnement en Eau Potable en Milieu Rural de Benin,active,Government,10,anaepmr_benin,Benin
GB-COH-02517018,,active,National NGO,22,uuk,United Kingdom of Great Britain and Northern Ireland (the)
NL-KVK-70292388,Index Initiative Foundation,active,Foundation,60,iif,Netherlands (the)
US-EIN-13-5562308,Universidad de Nueva York,active,"Academic, Training and Research",80,nyu,United States of America (the)
BJ-IFU-4201710012551,"Comuna de Dangbo, Benin",active,Other Public Sector,15,dangbo,Benin
BJ-IFU-6201810251129,"Comuna de Adjarra, Benin",active,Other Public Sector,15,adjarra,Benin
BJ-IFU-6201000068802,"Comuna de Parakou, Benin",active,Other Public Sector,15,parakou,Benin
BJ-IFU-5200081145006,"Comuna de Toffo, Benin",active,Other Public Sector,15,toffo,Benin
BJ-IFU-6200901945503,"Comuna de Toviklin, Benin",active,Other Public Sector,15,toviklin,Benin
BJ-IFU-6201101182902,"Comuna de Kpomassè, Benin",active,Other Public Sector,15,kpomasse,Benin
BJ-IFU-6200801257400,"Comuna de Zè, Benin",active,Other Public Sector,15,ze,Benin
BJ-IFU-6201501755307,"Comuna de Allada, Benin",active,Other Public Sector,15,allada,Benin
BJ-IFU-6201001076902,"Comuna de Aplahoué, Benin",active,Other Public Sector,15,aplahoue,Benin
BJ-IFU-6200901944805,"Comuna de Lalo, Benin",active,Other Public Sector,15,lalo,Benin
GH-RGD-CG109732014,,active,Regional NGO,23,twnafrica,Ghana
BJ-IFU-6200901851300,"Comuna de Kétou, Benin",active,Other Public Sector,15,ketou,Benin
BJ-IFU-5200801335602,"Comuna de Adjohoun, Benin",active,Other Public Sector,15,adjohoun,Benin
BJ-IFU-6200901944008,"Comuna de Adja-Ouere, Benin",active,Other Public Sector,15,adja-ouere,Benin
BJ-IFU-6201200579608,"Comuna de Pobè, Benin",active,Other Public Sector,15,pobe,Benin
BJ-IFU-6200901944209,"Comuna de Bopa, Benin",active,Other Public Sector,15,bopa,Benin
BJ-IFU-6201001843703,"Comuna de Akpro-Missérété, Benin",active,Other Public Sector,15,akpro-misserete,Benin
BJ-IFU-6201000370801,"Comuna de Comè, Benin",active,Other Public Sector,15,come,Benin
BJ-IFU-6201300688700,"Comuna de Avrankou, Benin",active,Other Public Sector,15,avrankou,Benin
BJ-IFU-6201100143407,"Comuna de Ifangni, Benin",active,Other Public Sector,15,ifangni,Benin
SE-ON-802004-1524,We Effect,active,International NGO,21,weeffect,Sweden
BJ-IFU-6201100034408,"Comuna de Klouékanmè, Benin",active,Other Public Sector,15,klouekanme,Benin
KE-KRA-P051502549C,National Coalition of Human Rights Defenders (Kenya),active,National NGO,22,nchrdk,Kenya
ZA-NPO-006-981,Instituto de Estudios de Seguridad,active,International NGO,21,issafrica,South Africa
NP-SWC-10136,Nepal Disabled Human Rights Center,active,National NGO,22,dhrc_nepal,Nepal
IN-MCA-AAE-8458,Deloitte Touche Tohmatsu India LLP,active,Private Sector,70,dttillp,India
UG-NGO-1406,DefendDefenders,active,"Academic, Training and Research",80,defenddefenders,Uganda
KE-NCB-2180511703310709,Send a Cow Kenya,active,National NGO,22,sac_kenya,Kenya
NL-KVK-70048436,Global Rights Compliance,active,Foundation,60,grc2018,Netherlands (the)
US-EIN-11-3580024,Centro Internacional para la Justicia Transicional,active,International NGO,21,ictj,United States of America (the)
DK-CVR-19348407,CISU,active,National NGO,22,cisu,Denmark
UG-NGB-0498,Mukisa Foundation,active,National NGO,22,mukisa_foundation,Uganda
NL-KVK-27367015,Organización Neerlandesa para la Investigación Científica (NWO),active,Government,10,nwo,Netherlands (the)
US-EIN-13-3377893,Rainforest Alliance,active,International NGO,21,rainforest-alliance,United States of America (the)
GB-CHC-1127366,British Asian Trust,active,International NGO,21,b_a_t,United Kingdom of Great Britain and Northern Ireland (the)
RW-RGB-002-RGB-NGO-2017,EDUCATION DEVELOPMENT TRUST (RWANDA),withdrawn,International NGO,21,edt_rwanda,Rwanda
GB-CHC-1058162,Christian Blind Mission (UK) Ltd.,active,International NGO,21,cbm,United Kingdom of Great Britain and Northern Ireland (the)
US-EIN-53-0242652,,active,International NGO,21,the_nature_conservancy,United States of America (the)
GB-COH-RC000664,Universidad de Nottingham,active,"Academic, Training and Research",80,uni_of_nottingham,United Kingdom of Great Britain and Northern Ireland (the)
LK-DRC-GA139,Women's Fund Asia,active,Regional NGO,23,wf-asia,Sri Lanka
HK-CR-2091642,Seefar,active,Private Sector,70,seefar,Hong Kong
SO-MPND-L43135002018MJ,,active,National NGO,22,nagaad,Somalia
GB-CHC-1118528,Child.org,active,International NGO,21,child-dot_org,(No country assigned)
XI-IATI-DGF,Democratic Governance Facility,active,Other Public Sector,15,dgf,Uganda
NP-SWC-8220,Aapasi Sahayog Kendra Syangja Nepal (ASK Nepal),active,National NGO,22,ask,Nepal
NE-DGI-5355,Timidria,active,National NGO,22,timidria,Niger (the)
DK-CVR-12006004,Center for Church-Based Development,active,International NGO,21,cku,Denmark
XI-GRID-grid.9829.a,Universidad Kwame Nkrumah de Ciencia y Tecnología,active,"Academic, Training and Research",80,knust,Ghana
DK-CVR-63407216,Save the Children DK,active,International NGO,21,redbarnet,Denmark
GB-CHC-1089110,Global Canopy,active,International NGO,21,globalcanopy,United Kingdom of Great Britain and Northern Ireland (the)
NL-KVK-60633468,Water Finance Facility,active,Private Sector,70,wff,Netherlands (the)
GB-COH-10333897,Pegasys Limited,active,Private Sector,70,pegasys-eu,United Kingdom of Great Britain and Northern Ireland (the)
XM-DAC-21016,Comité Internacional de la Cruz Roja,active,Multilateral,40,icrc,Switzerland
DK-CVR-40781218,"Fondo Mundial para la Naturaleza, Dinamarca",active,Foundation,60,wwfdk,Denmark
DE-CR-RA000220-VR3810,Welthungerhilfe,active,International NGO,21,whh,Germany
MZ-NUIT-500004037,Direcção Provincial de Saúde de Nampula,active,Government,10,dps-nampula,Mozambique
KE-KRA-P051097200R,Centro Internacional de Fisiología y Ecología de los Insectos,active,"Academic, Training and Research",80,icipe,Kenya
DK-CVR-12921047,CARE Danmark Fonden for Frivillig Ulandsbistand,active,National NGO,22,12921047,Denmark
NL-KVK-27368929,Universidad de Leiden,active,"Academic, Training and Research",80,universiteit_leiden,Netherlands (the)
NL-KVK-72849770,Stichting Beheer Subsidiegelden DRA,active,International NGO,21,stichting-subsidiegelden-dra,Netherlands (the)
KE-RCO-C110031,Farm Concern International,active,Regional NGO,23,fci,Kenya
ET-CSA-0976,Dawuro Development Association,active,"Academic, Training and Research",80,dawuro_da,Ethiopia
DK-CVR-20453672,Danish Trade Union Development Agency (Ulandssekretariatet),active,International NGO,21,loftf,Denmark
DK-CVR-18243717,ActionAid Denmark (Mellemfolkeligt Samvirke),active,International NGO,21,aadk,Denmark
US-EIN-84-1648607,Educate!,active,International NGO,21,educate,United States of America (the)
CH-FDJP-CHE232974628,Responsible Mining Foundation,active,Foundation,60,rmf,Switzerland
ID-KHH-0000871,,active,National NGO,22,ja_ppmn,Indonesia
DK-CVR-14723692,Mission Øst,active,International NGO,21,missioneast,Denmark
GB-COH-RC000297,King's College de Londres,active,"Academic, Training and Research",80,kingscollegelondon,United Kingdom of Great Britain and Northern Ireland (the)
DK-CVR-16077593,Confederation of Danish Industry,active,Private Sector,70,di,Denmark
NL-KVK-50130536,Universidad de Twente,active,"Academic, Training and Research",80,utwente,Netherlands (the)
DK-CVR-31378028,,active,National NGO,22,3fi,Denmark
DK-CVR-13078513,DUF: The Danish Youth Council,active,National NGO,22,duf,Denmark
GB-COH-07291220,50 Eight Limited,active,Private Sector,70,fifty_eight,United Kingdom of Great Britain and Northern Ireland (the)
DK-CVR-58185728,Danish Family Planning Association,active,National NGO,22,dfpa,Denmark
RW-RGB-61-RGB-NGO-2017,ActionAid Rwanda,active,National NGO,22,aar,Rwanda
DK-CVR-35429867,Global Focus,active,National NGO,22,globaltfokus,Denmark
CH-FDJP-CHE109506789,Centro Internacional de Desminado Humanitario de Ginebra,active,Foundation,60,gichd,Switzerland
DK-CVR-14766383,Disabled People's Organisations Denmark,active,National NGO,22,dpod,Denmark
GB-UKPRN-10007774,Universidad de Oxford,active,"Academic, Training and Research",80,oxford,United Kingdom of Great Britain and Northern Ireland (the)
GB-CHC-1077216,Compassion UK,active,International NGO,21,comp_uk,United Kingdom of Great Britain and Northern Ireland (the)
GB-CHC-1016676,INTRAC,active,International NGO,21,intrac,United Kingdom of Great Britain and Northern Ireland (the)
US-EIN-26-3933134,Special Hope Network,active,International NGO,21,shn,United States of America (the)
GB-COH-08212556,PositiveNegatives,active,Other Public Sector,15,posneg,United Kingdom of Great Britain and Northern Ireland (the)
NL-KVK-64763064,Data4Development,active,Private Sector,70,d4d,Netherlands (the)
GB-CHC-1161729,Hope for Children,active,International NGO,21,hfc,United Kingdom of Great Britain and Northern Ireland (the)
SE-ON-802005-9823,"WWF, Suecia",active,International NGO,21,wwf-se,Sweden
US-EIN-91-1148123,Mercy Corps Global,active,International NGO,21,mcg,United States of America (the)
GB-CHC-1108718,African Revival,active,International NGO,21,africanrevival,United Kingdom of Great Britain and Northern Ireland (the)
NL-KVK-30276595,Koninklijk Nederlands Meteorologisch Instituut,active,Government,10,knmi,Netherlands (the)
PK-SEC-0105957,Sehat Kahani (Community Innovation Hub),active,Private Sector,70,sehatkahanicih,Pakistan
NL-KVK-70333564,Mercy Corps Netherlands,active,International NGO,21,mcn,Netherlands (the)
PE-SUNARP-12623829,Foro Internacional de Mujeres Indígenas,active,Foundation,60,fimi_iiwf_2019,Peru
XI-IATI-ACATBA,Association Centrafricaine de Traduction de la Bible et Alphabetisation,active,National NGO,22,acatba,Central African Republic (the)
XI-GRID-grid.13001.33,Universidad de Zimbabwe,active,"Academic, Training and Research",80,1-uz,Zimbabwe
CH-FDJP-CHE109994012,Interpeace,active,International NGO,21,interpeace,Switzerland
DK-CVR-20700211,Cruz Roja Danesa,active,National NGO,22,danishrc,Denmark
MW-NBM-NGO/L/18/024,Palliative Care Association of Malawi,active,National NGO,22,pacam,Malawi
MW-MRA-20123139,NKHOMA MISSION HOSPITAL,active,National NGO,22,nmhiati,Malawi
MW-MRA-20120896,David Gordon Memorial Hospital,active,"Academic, Training and Research",80,dgmh,Malawi
DE-CR-RA000243-HRB5459,,active,Private Sector,70,particip,Germany
ML-NIF-082208943A,Groupe Pivot Santé Population,active,"Academic, Training and Research",80,gpsp-org,Mali
MZ-NUIT-700179850,Plataforma Moçambicana da Água (PLAMA),active,National NGO,22,plama,Mozambique
NL-KVK-27310568,,active,Foundation,60,arq_intl,Netherlands (the)
UG-RSB-80010003259159/105066,SolarNow Services (U) Ltd,active,Private Sector,70,solarnowsofa,Uganda
GB-CHC-1145721,Zambia Orphans Aid UK,active,International NGO,21,zoa_uk,United Kingdom of Great Britain and Northern Ireland (the)
dk-cvr-26487013,International Media Support,active,International NGO,21,ims,Denmark
US-EIN-22-2852248,Village Enterprise,active,International NGO,21,villageenterprise,United States of America (the)
IT-RI-97241280151,We World - GVC Onlus,active,International NGO,21,ww-gvc,Italy
GB-CHC-1143797,Syria Relief,active,National NGO,22,sr,United Kingdom of Great Britain and Northern Ireland (the)
TR-MOI-27-019-074,Emissa,active,National NGO,22,emissa,Türkiye
US-EIN-52-1818273,International Center for Not-for-Profit Law,active,International NGO,21,icnl_org,United States of America (the)
FI-PRO-1993025-9,Instituto Forestal Europeo,active,"Academic, Training and Research",80,efi,Finland
US-EIN-13-3622707,WSP USA Solutions Inc.,active,Private Sector,70,lbg,United States of America (the)
CA-CRA_ACR-805837713,OpenNorth,active,International NGO,21,opennorth,Canada
DK-CVR-20356731,PlanBørnefonden,active,International NGO,21,plb,Denmark
NL-KVK-32092131,Edukans Foundation,active,International NGO,21,edukans_foundation,Netherlands (the)
GB-CHC-1027201,Institute for War & Peace Reporting,active,International NGO,21,iwpr,United Kingdom of Great Britain and Northern Ireland (the)
GB-CHC-1150993,Near East Foundation UK (NEF UK),active,International NGO,21,nef-uk,United Kingdom of Great Britain and Northern Ireland (the)
FR-INSEE-32101874900127,Médecins du Monde France,active,International NGO,21,mdm-fr,France
NG-CAC-54522,Centre for Legal Research and Development,active,National NGO,22,clerd-prpi,Nigeria
GB-CHC-1140288,The Fred Hollows Foundation (Reino Unido),active,International NGO,21,fhfuk,United Kingdom of Great Britain and Northern Ireland (the)
NL-KVK-34176587,Radio La Benevolencija,active,International NGO,21,rlb,Netherlands (the)
NL-KVK-41081480,Stichting Liliane Fonds,active,National NGO,22,slf,Netherlands (the)
XI-IATI-LPI,Living peace institute,active,National NGO,22,lpi,Congo (the Democratic Republic of the)
US-EIN-30-0739799,WASH Alliance International,active,International NGO,21,ha-i,United States of America (the)
JE-FSC-NPO_1108,Irrawaddy Policy Exchange,active,"Academic, Training and Research",80,ipe,United Kingdom of Great Britain and Northern Ireland (the)
KE-NCB-OP/218/051/924/84,ACTIONAID INTERNATIONAL KENYA,active,International NGO,21,aaik,Kenya
US-EIN-45-5015494,Instiglio,active,International NGO,21,instiglio,United States of America (the)
NG-CAC-73022,Niger Delta Stakeholders Initiative for Community Development and Empowerment,active,National NGO,22,ndsicde,Nigeria
XM-DAC-5-7,Alemania: Ministerio Federal de Asuntos Exteriores,active,Government,10,fo_germany,Germany
US-EIN-27-4933181,IDinsight,active,International NGO,21,idinsight,United States of America (the)
XM-DAC-61-2,Eslovenia: Ministerio de Asuntos Exteriores,active,Government,10,si-mfa,Slovenia
US-EIN-47-3594688,Fondo Mundial para Acabar con la Esclavitud Contemporánea,active,National NGO,22,gfems,United States of America (the)
US-EIN-45-2796201,"Namati, Inc",active,International NGO,21,namati_inc,United States of America (the)
GB-COH-893249298,,active,"Academic, Training and Research",80,wrgb,(No country assigned)
XI-IATI-NSO,Netherlands Space Office,active,"Academic, Training and Research",80,nso,Netherlands (the)
US-EIN-22-3900800,VisionFund International,active,International NGO,21,vfi,United States of America (the)
CA-CRA_ACR-118846575,Center for International Studies and Cooperation,active,International NGO,21,ceci,Canada
GB-COH-07026479,AgDevCo,active,Private Sector,70,agdevco,United Kingdom of Great Britain and Northern Ireland (the)
XM-DAC-47008,World Vegetable Center,active,International NGO,21,worldveg,Taiwan (Province of China)
GB-CHC-1178168,CDAC Network,active,International NGO,21,cdacnetwork,United Kingdom of Great Britain and Northern Ireland (the)
GH-DSW-1103,Regional Advisory Information and Network Systems,active,National NGO,22,rains,Ghana
KE-KRA-P051713416W,AFELT,active,"Academic, Training and Research",80,afelt,Kenya
DE-CR-RA000217-HRB121747B,Democracy Reporting International gGmbH,active,International NGO,21,dri,Germany
BJ-IFU-5201000673108,CARE BENIN/TOGO,active,International NGO,21,carebenintogo,Benin
GB-COH-02693163,Westminster Foundation for Democracy,active,Other Public Sector,15,wfd,United Kingdom of Great Britain and Northern Ireland (the)
UG-RSB-80010000253134/25060,Universidad de los Mártires de Uganda,active,"Academic, Training and Research",80,umu,Uganda
XI-GRID-grid.442626.0,Universidad de Gulu,active,"Academic, Training and Research",80,guluuni,Uganda
XI-GRID-grid.442459.a,"Universidad de Dodoma (UDOM), Tanzanía",active,"Academic, Training and Research",80,udom,"Tanzania, the United Republic of"
KE-KRA-P051542095J,LIWA programme trust,active,"Academic, Training and Research",80,liwa-admin,Kenya
GH-DSW-2000,Northern Network for Education Development,active,National NGO,22,nned,Ghana
US-EIN-45-4613016,Accountability Lab,active,National NGO,22,alab,United States of America (the)
XI-GRID-grid.419346.d,Instituto Internacional de Investigación sobre Políticas Alimentarias,active,International NGO,21,ifpri,United States of America (the)
GH-RGD-99389,Opportunity International Savings and Loans Ltd,active,Private Sector,70,oisl_gh,Ghana
NG-CAC-1260478,Silsab Foundation,active,National NGO,22,silsab1-_,Nigeria
XI-BRIDGE-6385676864,Secretaría del Fondo para el Medio Ambiente Mundial,active,Multilateral,40,gef,United States of America (the)
KE-NCB-21805120080955572,Ashoka East Africa,active,International NGO,21,ashoka,Kenya
GB-CHC-206658,World Horse Welfare,active,International NGO,21,whw2019,United Kingdom of Great Britain and Northern Ireland (the)
US-EIN-522112460,IMA World Health,active,International NGO,21,us-imawh,United States of America (the)
FR-RCS-78049888700022,Centre International de Développement et de Recherche,active,International NGO,21,cidr,France
GB-COH-RC000749,Zoological Society of London,active,International NGO,21,zsl,United Kingdom of Great Britain and Northern Ireland (the)
XM-DAC-47080,OCDE,active,Multilateral,40,oecd,France
ZA-NPO-048-364,SouthSouthNorth,active,International NGO,21,ssn,South Africa
CH-FDJP-258577051,Humanitarian Quality Assurance Initiative,active,International NGO,21,hqai,Switzerland
GB-GOV-2,Ministerio de Economía y Hacienda del Reino Unido,active,Government,10,hmtfitb,United Kingdom of Great Britain and Northern Ireland (the)
NO-BRC-917687811,Coalición para la Promoción de Innovaciones en pro de la Preparación ante Epidemias,active,International NGO,21,cepi,Norway
GB-GOV-15,Ministerio de Comercio Internacional del Reino Unido,active,Government,10,dit,United Kingdom of Great Britain and Northern Ireland (the)
GB-NIC-101412,Children in Crossfire,active,International NGO,21,cicni,United Kingdom of Great Britain and Northern Ireland (the)
XM-OCHA-HPC3664,Jordan River Foundation,active,National NGO,22,jrf,Jordan
XM-OCHA-HPC6770,Centro Rey Salman de Socorro y Acción Humanitaria,active,Government,10,ksrelief291,Saudi Arabia
MZ-MOJ-100717344,IMD Moçambique,active,National NGO,22,imdmozambique,Mozambique
GB-CHC-1081769,Transform Africa,active,International NGO,21,transafrica19,United Kingdom of Great Britain and Northern Ireland (the)
CH-FDJP-CHE107828868,,active,International NGO,21,swisscontact,Switzerland
CH-FDJP-CHE109947366,Fondation Hirondelle,active,International NGO,21,fh_ch,Switzerland
GB-CHC-1147298,One Young World,active,National NGO,22,oyw,United Kingdom of Great Britain and Northern Ireland (the)
GB-EDU-133903,Facultad de Higiene y Medicina Tropical de la Universidad de Londres,active,"Academic, Training and Research",80,lshtm,United Kingdom of Great Britain and Northern Ireland (the)
GB-GOV-12,"Reino Unido: Ministerio de Digital, Cultura, Medios y Deporte",active,Government,10,dcms,United Kingdom of Great Britain and Northern Ireland (the)
GB-CHC-1117377,Village Water Ltd,active,International NGO,21,villagewater,United Kingdom of Great Britain and Northern Ireland (the)
FR-RCS-31899089200065,Acción contra el Hambre,active,International NGO,21,acf-fr,France
US-EIN-27-3440108,,active,Private Sector,70,vera-solutions,United States of America (the)
CA-CRA_ACR-107848319,Action Canada for Sexual Health and Rights,active,International NGO,21,acfshr,Canada
NP-IRD-302274734,CARE Nepal,active,International NGO,21,cnepal,Nepal
US-EIN-13-1804349,World Education Inc.,active,"Academic, Training and Research",80,wei,United States of America (the)
PK-VSWA-32-2004,Tameer-e-Khalaq Foundation,active,National NGO,22,tkf1234,Pakistan
NP-IRD-302113730,"Agencia Adventista de Desarrollo y Recursos Asistenciales, Nepal",active,International NGO,21,adra_nepal,Nepal
IT-CF-95008730160,Cesvi,active,International NGO,21,cesvi,Italy
GB-CHC-282305,Minority Rights Group,active,International NGO,21,mrg,United Kingdom of Great Britain and Northern Ireland (the)
XM-DAC-7-PPR-4000002894,,active,Government,10,iwrm,Mozambique
PE-SUNARP-11744379,Centro de Promocion y Defensa de los Derechos Sexuales y Reproductivos,active,Regional NGO,23,promsex,Peru
XM-OCHA-HPC8568,CARE international foundation Switzerland in Sudan,active,International NGO,21,cis,Sudan (the)
UG-RSB-80020001996190,,active,Private Sector,70,lpa,Uganda
RW-RGB-77-RGB-NGO-2013,Health Development Initiative,active,National NGO,22,hdi,Rwanda
KE-RCO-105217,Kenya Private Sector Alliance,active,Private Sector,70,kepsa,Kenya
KE-KRA-P051098561L,KITUO CHA SHERIA,active,National NGO,22,kituo,Kenya
FR-RCS-83764263600018,Syrian Center for Media and Freedom of Expression,active,National NGO,22,scm,France
SS-RRC-004,Nonviolent Peaceforce South Sudan,active,International NGO,21,npss,South Sudan
NL-KVK-31047672,Twynstra Gudde,active,Private Sector,70,twynstragudde,Netherlands (the)
ID-KHH-AHU17AH0107,Institute for Policy Research and Advocacy (ELSAM),active,National NGO,22,elsam,Indonesia
GB-COH-00070527,,active,"Academic, Training and Research",80,lse,United Kingdom of Great Britain and Northern Ireland (the)
GB-GOV-52,"Conflict, Stability and Security Fund",active,Government,10,cssf,United Kingdom of Great Britain and Northern Ireland (the)
GB-GOV-50,Cross-Government Prosperity Fund,active,Government,10,prosperityfund,United Kingdom of Great Britain and Northern Ireland (the)
GB-CHC-1174874,Royal Commonwealth Ex-Services League,active,International NGO,21,rcel,United Kingdom of Great Britain and Northern Ireland (the)
CH-FDJP-CHE110141200,Iniciativa Medicamentos para enfermedades olvidadas,active,"Academic, Training and Research",80,dndi_transparency,Switzerland
RW-RRA-103197639,Greater Virunga Transboundary Collaboration,active,Government,10,gvtc,Rwanda
NP-SWC-37725,South Asian Women Development Forum,active,"Academic, Training and Research",80,sawdf-admin,(No country assigned)
NP-SWC-46024,Accelerator Nepal,active,National NGO,22,acceleratornepal,Nepal
CA-CRA_ACR-869974816,Nutrition International,active,International NGO,21,nutritionintl,Canada
CH-FDJP-CHE-105181636,Centro para el Diálogo Humanitario (Centro HD),active,Foundation,60,hdcentre,Switzerland
US-EIN-13-3870223,International AIDS Vaccine Initiative (IAVI),active,International NGO,21,iavi,United States of America (the)
KE-RCO-CPR/2011/63463,Partnership for African Social & Governance Research (PASGR),active,"Academic, Training and Research",80,pasgr,Kenya
NL-KVK-09181221,Resilience,active,"Academic, Training and Research",80,resilience,Netherlands (the)
NL-KVK-41145371,Escuela de Administración de Maastricht,active,Foundation,60,msm-ipd,Netherlands (the)
BF-MATD-RNRD00045-4000004688,,active,National NGO,22,cdc_ohg,Burkina Faso
GB-COH-06274284,Carbon Trust Advisory Ltd,active,Private Sector,70,carbontrustadvisory,United Kingdom of Great Britain and Northern Ireland (the)
IN-MHA-231660927,,active,National NGO,22,phfi,India
GB-COH-07171834,,active,Private Sector,70,taginternational,United Kingdom of Great Britain and Northern Ireland (the)
GB-UKPRN-10007801,,active,"Academic, Training and Research",80,uop,United Kingdom of Great Britain and Northern Ireland (the)
NA-NAMRA-04822224,,active,International NGO,21,pv,Namibia
ZA-CIP-2005-028883-23,Okapi Consulting,active,International NGO,21,okapiconsulting,South Africa
NL-KVK-34234456,Health Insurance Fund,active,International NGO,21,hif,Netherlands (the)
GB-COH-OC350651,Montrose International LLP,active,"Academic, Training and Research",80,montrose_llp,(No country assigned)
GB-CHC-1013587,Chance for Childhood,active,International NGO,21,chanceforchildhood,United Kingdom of Great Britain and Northern Ireland (the)
GB-COH-7207947,PRI Association,active,"Academic, Training and Research",80,pri_icf,United Kingdom of Great Britain and Northern Ireland (the)
NO-BRC-980997278,INTOSAI Development Initiative,active,International NGO,21,idi,Norway
JO-MSD-2011101100001,Jordan Open Source Association,active,National NGO,22,josa,Jordan
US-EIN-53-0196584,,active,"Academic, Training and Research",80,gwu_gwi,United States of America (the)
NL-KVK-30238214,Impunity Watch,active,International NGO,21,iw_admin,Netherlands (the)
NG-CAC-83813,Neem Foundation,active,National NGO,22,neem,Nigeria
US-EIN-23-2220051,iDE,active,International NGO,21,ide,United States of America (the)
FR-RCS-40885667200030,Triangle Génération Humanitaire,active,International NGO,21,tgh,France
AU-ABN-42097054165,Land Equity International,active,Private Sector,70,lei,Australia
GB-COH-RC000655,,active,"Academic, Training and Research",80,keele-university,United Kingdom of Great Britain and Northern Ireland (the)
US-EIN-20-8530747,Results for Development,active,International NGO,21,r4d,United States of America (the)
XM-DAC-50-21,,active,Government,10,aecid,Spain
ES-DIR3-EA0035768,Agencia Española de Cooperación Internacional para el Desarrollo (AECID),withdrawn,Government,10,aecid,Spain
GH-DSW-3064,ActionAid Ghana,active,National NGO,22,aag,Ghana
NG-CAC-19258,Centre for Environment Human Rights and Development,active,International NGO,21,cehrd1,Nigeria
NL-KVK-53744993,World Benchmarking Alliance Foundation,active,Foundation,60,wba,Netherlands (the)
XI-IATI-3435,,active,National NGO,22,sosss_admin,Sudan (the)
CO-CCB-S0052181,Transforma,active,National NGO,22,transforma,Colombia
YE-MSAL-80/295,Yamaan Foundation for Health and Social Development,active,National NGO,22,yffhsd,Yemen
GB-COH-02863827,ClientEarth,active,International NGO,21,clientearth-1,United Kingdom of Great Britain and Northern Ireland (the)
CH-FDJP-CHE106823242,Terre des hommes- Aide à l'enfance dans le monde- Fondation,active,International NGO,21,tdh_foundation,Switzerland
GB-SC-015096,Universidad de Dundee,active,"Academic, Training and Research",80,uodcepmlp,United Kingdom of Great Britain and Northern Ireland (the)
ZW-ROD-MA0000405/2015,Young Africa International HUB,active,International NGO,21,yai-hub,Zimbabwe
XM-DAC-47021,Centro Internacional de la Papa,active,Multilateral,40,cip,Peru
ET-CSA-3994,Triggerise Ethiopia,active,International NGO,21,trig,Ethiopia
BD-NAB-0210,ActionAid Bangladesh,active,International NGO,21,aab,Bangladesh
US-EIN-45-2779314,Shift Project Ltd.,active,International NGO,21,shiftproject,United States of America (the)
KE-KRA-P051155108P,Kenya National Commission on Human Rights,active,Government,10,knchr,Kenya
GB-CHC-290767,World Jewish Relief,active,International NGO,21,wjr_001,United Kingdom of Great Britain and Northern Ireland (the)
ET-CSA-0062,DKT Etiopía,active,International NGO,21,dkt_ethiopia,Ethiopia
NL-KVK-40407706,Unie van Waterschappen,active,Other Public Sector,15,uvw,Netherlands (the)
GB-COH-03147724,Mercy Ships UK Limited,active,International NGO,21,msuk,United Kingdom of Great Britain and Northern Ireland (the)
US-EIN-94-3045180,Rainforest Action Network,active,International NGO,21,ran,United States of America (the)
XI-GRID-grid.9783.5,Universidad de Kinshasa,active,"Academic, Training and Research",80,dspd_unikin,Congo (the Democratic Republic of the)
GB-CHC-1106156,Kidasha,active,International NGO,21,kidasha,United Kingdom of Great Britain and Northern Ireland (the)
DE-CR-RA000209-VR1207,World Vision Germany,active,International NGO,21,wv_de,Germany
ET-CSA-0784,World Vision Ethiopia,active,International NGO,21,wv_et_activities,Ethiopia
IT-CF-00677540288,Doctors with Africa CUAMM,active,International NGO,21,cuamm,Italy
AT-UID-U74408937,Ground Truth Solutions,active,International NGO,21,ground-truth-solutions,Austria
XI-BRIDGE-3665722432,Foro Africano de Administración Tributaria,active,International NGO,21,ataf,South Africa
GB-CHC-1123241,Peace Direct,active,International NGO,21,peacedirect,(No country assigned)
XI-GRID-grid.8193.3,Universidad de Dar es Salaam,active,"Academic, Training and Research",80,udsm-cbs,"Tanzania, the United Republic of"
XM-DAC-30009,Small Arms Survey,active,"Academic, Training and Research",80,sas_sana,Switzerland
ET-CSA-0475,Family Guidance Association of Ethiopia,active,National NGO,22,fgae_ethiopia,Ethiopia
XM-DAC-576,Emiratos Árabes Unidos: Ministerio de Asuntos Exteriores,active,Government,10,mofaic_uae,United Arab Emirates (the)
KE-NCB-2180511304359047,Population Services Kenya,active,National NGO,22,pskenya_19,Kenya
KE-NCB-2180511403539790,Faith to Action Network,active,International NGO,21,f2a,Kenya
UG-NGO-3329,Instituto Auschwitz para la Prevención del Genocidio y Atrocidades Masivas,active,"Academic, Training and Research",80,aipr,Uganda
KE-NCB-218051200501953650,HealthRight International Kenya,active,National NGO,22,hri,Kenya
CN-SAIC-9111010506489375XP,Carbon Trust (Beijing) Consulting Limited,active,Private Sector,70,ctbeijing,China
GB-COH-OC364842,,active,Private Sector,70,mcs_new,United Kingdom of Great Britain and Northern Ireland (the)
LB-MOI-6491,Restart Center,active,National NGO,22,restartcenter,Lebanon
GB-CHC-297716,Business in the Community,active,International NGO,21,bitc,United Kingdom of Great Britain and Northern Ireland (the)
GB-CHC-1141552,Balloon Ventures Foundation,active,International NGO,21,bvf,United Kingdom of Great Britain and Northern Ireland (the)
ZA-CIP-2007-0308903-08,African Parks Network,active,International NGO,21,african_parks,South Africa
GB-COH-06581421,Instituto para el Diálogo Estratégico,active,"Academic, Training and Research",80,isdglobal,United Kingdom of Great Britain and Northern Ireland (the)
ML-NIF-055000335T,Near East Foundation Malí (NEF Mali),active,International NGO,21,nef_mali,Mali
NL-KVK-41186799,Women Engage for a Common Future,active,International NGO,21,wecf,Netherlands (the)
US-EIN-52-5170039,International Crisis Group,active,International NGO,21,crisisgroup,Belgium
FR-RCS-49962201700014,Bibliotecas sin Fronteras,active,International NGO,21,bsf1,France
SE-ON-802425-8702,Instituto Internacional del Agua de Estocolmo,active,International NGO,21,siwi,Sweden
GH-RGD-CG077262013,Nature and Development Foundation,active,National NGO,22,ndf_fgm,Ghana
BD-NAB-2004,"Centre for Injury Prevention and Research, Bangladesh (CIPRB)",active,National NGO,22,ciprb,Bangladesh
XI-IATI-RUF,,active,Foundation,60,ruf,Netherlands (the)
XM-DAC-40-3,,active,Government,10,greece_mfa,Greece
XI-BRIDGE-1812689272,The Mailman School of Public Health,active,"Academic, Training and Research",80,mailman_school_of_public_health,United States of America (the)
US-EIN-04-2103547,Universidad de Boston,active,"Academic, Training and Research",80,bu-carbx-admin,United States of America (the)
LB-MOI-110,René Moawad Foundation,active,National NGO,22,rmf-lb,Lebanon
GB-CHC-1173827,Accountable Now,active,International NGO,21,accountablenow,United Kingdom of Great Britain and Northern Ireland (the)
NL-KVK-30157019,Larive International,active,Private Sector,70,larive,Netherlands (the)
NG-CAC-57289,Environmental Centre for Oil Spills and Gas Flaring (NACGOND),active,National NGO,22,nacgond-,Nigeria
US-GOV-13,,active,Government,10,usadf,United States of America (the)
US-GOV-13-ADF,,withdrawn,Government,10,usadf,United States
FR-RCS-519655997,Handicap International Federation,active,International NGO,21,hi_fed,France
US-EIN-82-3941326,Luminate Foundation Inc.,active,Foundation,60,luminate,United States of America (the)
US-EIN-98-0513530,Alianza para una Revolución Verde en África,active,International NGO,21,agra,United States of America (the)
GB-COH-08567792,Behavioural Insights Team,active,Private Sector,70,bit,United Kingdom of Great Britain and Northern Ireland (the)
NP-SWC-24,Nepal Netra Jyoti Sangh,active,National NGO,22,nnjs_nepal,Nepal
KE-KRA-P051161193S,Trust for Indigenous Culture and Health,active,International NGO,21,ticah,Kenya
CO-RUE-830140714-1,Brújula Comunicaciones Estratégicas SAS,active,Private Sector,70,brujula,Colombia
XI-GRID-grid.11194.3c,Escuela de Salud Pública de la Universidad de Makerere,active,"Academic, Training and Research",80,maksph,Uganda
UG-NGB-12317,Reach A Hand Uganda,active,National NGO,22,rahuug,Uganda
GB-COH-08567552,Red Local del Pacto Mundial de las Naciones Unidas (Reino Unido),active,Multilateral,40,ungc-uk,United Kingdom of Great Britain and Northern Ireland (the)
NL-KVK-815165924,STC International,active,"Academic, Training and Research",80,stc-international,Netherlands (the)
NP-SWC-17775,The Leprosy Mission Nepal,active,National NGO,22,tlmnepal,Nepal
LB-MOI-25465,Fiftyfifty,active,National NGO,22,fiftyfifty-lb,Lebanon
GB-CHC-1172875,East African Playgrounds,active,International NGO,21,eap,United Kingdom of Great Britain and Northern Ireland (the)
XM-DAC-41130,Organismo de Obras Públicas y Socorro de las Naciones Unidas para los Refugiados de Palestina en el Cercano Oriente (UNRWA),active,Multilateral,40,unrwa,(No country assigned)
BD-NAB-0918,Centro para el Diálogo sobre Políticas,active,National NGO,22,cpd,Bangladesh
KE-KRA-P000634725S,African Women's Development and Communication Network,active,Regional NGO,23,femnet,Kenya
UG-NGO-2292,,active,International NGO,21,wipc,Uganda
US-EIN-37-1552838,GSMA Foundation,active,Foundation,60,gsma_foundation,United States of America (the)
CH-FDJP-CHE296622304,Iniciativa Mundial contra la Delincuencia Organizada Transnacional,active,Other Public Sector,15,gi-toc,Switzerland
BE-BCE_KBO-0434417468,CODEART ASBL,active,National NGO,22,codeart,Belgium
LB-MOI-1-100,Al Majmoua,active,National NGO,22,al_majmoua,Lebanon
XI-IATI-ESFD,Economic and Social Fund for Development,active,Government,10,esfd,Lebanon
XI-IATI-DKTDRC,,active,National NGO,22,dkt_drc,Congo (the Democratic Republic of the)
JO-CCD-200104681,Leaders of Tomorrow,active,Private Sector,70,sqf,Jordan
AE-HFZA-1526,Altai Consulting,active,Private Sector,70,altai,United Arab Emirates (the)
CA-CRA_ACR-811793611,Grand Challenges Canada,active,National NGO,22,hgc,Canada
NP-CRO-83836,,withdrawn,Other Public Sector,15,7272,(No country assigned)
YE-MSAL-473-2001,Family Counseling and Development Foundation,active,National NGO,22,fcdf,Yemen
ET-CSA-1327,,active,National NGO,22,jfa-pfe,Ethiopia
CH-FDJP-CHE331930936,Global Antibiotic Research and Development Partnership,active,Public Private Partnership,30,gardp,Switzerland
US-EIN-47-5049026,International Youth Alliance for Family Planning,active,International NGO,21,iyafp,United States of America (the)
UG-NGB-1277,Forum for women in democracy,active,National NGO,22,fowode,Uganda
RW-RGB-114-RGB-RGO-2013,The Legal Aid Forum,active,National NGO,22,laf,Rwanda
AE-ADCD-64747,,withdrawn,International NGO,21,72728,(No country assigned)
NL-KVK-30114696,Palladium Europe,active,Private Sector,70,palladium_eur,Netherlands (the)
NL-KVK-50744984,BoP Innovation Center,active,Foundation,60,bopinc,Netherlands (the)
CO-RUE-900619925-0,,active,Private Sector,70,awaketravel,Colombia
YE-MSAL-18-2013,Mwatana for Human Rights,active,National NGO,22,mwatana,Yemen
GB-CHC-1122330,CDP Worldwide,active,International NGO,21,cdp,United Kingdom of Great Britain and Northern Ireland (the)
GB-COH-RC000541,,active,"Academic, Training and Research",80,soas,United Kingdom of Great Britain and Northern Ireland (the)
NL-KVK-41169658,Stichting Fern,active,International NGO,21,stichtingfern,Netherlands (the)
GB-CHC-1154413,,active,International NGO,21,cbi,(No country assigned)
FI-PRO-0998454-4,Finn Church Aid (Kirkon Ulkomaanapu sr),active,International NGO,21,fca,Finland
GB-COH-06069322,Development Media International,active,International NGO,21,dmi_admin,United Kingdom of Great Britain and Northern Ireland (the)
US-EIN-47-3511012,"SDSN Association, Inc.",active,International NGO,21,sdsna,United States of America (the)
BE-BCEKB0-0537407021,,active,National NGO,22,wapa,Belgium
XI-GRID-grid.7247.6,Universidad de los Andes,active,"Academic, Training and Research",80,uand_2020,Colombia
NL-KVK-74064800,Programming Their Future,active,"Academic, Training and Research",80,p-t-f-,Netherlands (the)
US-EIN-13-1740011,Wildlife Conservation Society,active,International NGO,21,wcs,United States of America (the)
NL-KVK-27186453,Netherlands Water Partnership,active,Foundation,60,nwp,Netherlands (the)
GB-COH-02962250,Foro de las Administraciones Locales del Commonwealth,active,International NGO,21,clgf_data,United Kingdom of Great Britain and Northern Ireland (the)
NL-KVK-64460789,Coöperatief Climate Fund Managers U.A.,active,Private Sector,70,cfm,Netherlands (the)
CH-FDJP-CHE251665168,Earthworm Foundation,active,International NGO,21,ewf,Switzerland
GB-CHC-1082139,Thomson Reuters Foundation,active,Foundation,60,trf,United Kingdom of Great Britain and Northern Ireland (the)
GB-LAE-LND,Ayuntamiento de la City de Londres,active,Other Public Sector,15,col-greenfinance,United Kingdom of Great Britain and Northern Ireland (the)
GB-CHC-1160263,WasteAid Reino Unido,active,International NGO,21,wasteaid,United Kingdom of Great Britain and Northern Ireland (the)
GB-COH-RC000660,Universidad de Liverpool,active,"Academic, Training and Research",80,uol,United Kingdom of Great Britain and Northern Ireland (the)
MU-CR-C134274,Shortlist Professionals Limited,active,Private Sector,70,shortlistogti,Mauritius
GB-CHC-1187935,International Campaign Women´s Right to Safe Abortion,active,National NGO,22,icwrsa,United Kingdom of Great Britain and Northern Ireland (the)
GB-CHC-208223,Instituto Real de Asuntos Internacionales,active,"Academic, Training and Research",80,riia,United Kingdom of Great Britain and Northern Ireland (the)
DE-CR-RA000220-VR9971,"CARPO, Center for Applied Research in Partnership with the Orient",active,International NGO,21,carpo,Germany
GB-CHC-1150964,inHive,active,International NGO,21,inhive,United Kingdom of Great Britain and Northern Ireland (the)
BE-BCE-KBO-0461977940,,withdrawn,National NGO,22,fdhommes,Belgium
GB-COH-11116719,,active,Private Sector,70,brink_innovation,United Kingdom of Great Britain and Northern Ireland (the)
GB-CHC-1079752,RedR UK,active,International NGO,21,redruk,United Kingdom of Great Britain and Northern Ireland (the)
XI-IATI-WBTF,Fondos fiduciarios del Banco Mundial,active,Multilateral,40,wbtf,United States of America (the)
GB-COH-11373728,Cowater UK Limited,active,Private Sector,70,cowateruk,United Kingdom of Great Britain and Northern Ireland (the)
ZA-CIP-M2005001486,Sexual Reproductive Health and Rights Africa Trust,active,Regional NGO,23,srhr_africa_trust,South Africa
US-EIN-61-1725201,"Field Ready, Estados Unidos",active,International NGO,21,field_ready,United States of America (the)
GB-UKPRN-10007141,Universidad de Lancashire Central,active,"Academic, Training and Research",80,uclan,United Kingdom of Great Britain and Northern Ireland (the)
ML-NIF-084106436R,Conseil et Appui pour l'Education à la Base Mali,active,National NGO,22,caeb_mali,Mali
XM-OCHA-7482,World Vision Central African Republic,active,International NGO,21,wv_cf,Central African Republic (the)
GB-COH-07840888,MedicineAfrica Ltd.,active,"Academic, Training and Research",80,medafrica,United Kingdom of Great Britain and Northern Ireland (the)
CA_ON-ONT-1597880,CANADEM,active,International NGO,21,canadem,Canada
ET-CSA-1351,Ethiopian Public Health Association,active,Other Public Sector,15,epha,Ethiopia
NL-KVK-68758766,CAPABUILD,active,International NGO,21,capabui,Netherlands (the)
NL-KVK-72908114,AGRI3 Fund,active,Public Private Partnership,30,agri3_fund,Netherlands (the)
NL-KVK-729081140000,AGRI3 Fund,withdrawn,Public Private Partnership,30,,Netherlands
YE-MSAL-49-M-2019,Centro de Estudios Estratégicos de Saná,active,National NGO,22,scss,Yemen
XI-IATI-BBDN,Bangladesh Business and Disability Network,active,National NGO,22,bbdn,Bangladesh
GB-UKPRN-10007164,"Universidad del Oeste de Inglaterra, Bristol",active,"Academic, Training and Research",80,uwe,United Kingdom of Great Britain and Northern Ireland (the)
MX-RFC-ICM160118IZ1,Iniciativa Climática de México,active,National NGO,22,icm_mx,Mexico
XM-DAC-7-PPR-4000002938,Global Water Partnership,active,International NGO,21,gwp,Sweden
JO-CCD-200006694,Entiqal for Training “Partners for Good”,active,National NGO,22,pfg,Jordan
XI-IATI-WVDRC,World Vision Democratic Republic of Congo,active,International NGO,21,wv_cd,Congo (the Democratic Republic of the)
ID-KHH-5018112631240040,NLR Indonesia,active,National NGO,22,nlr_indonesia,Indonesia
GB-CHC-1076722,TRAFFIC International,active,International NGO,21,traffic,United Kingdom of Great Britain and Northern Ireland (the)
US-EIN-81-2339233,Youth Development Labs Inc,active,International NGO,21,ylabs,United States of America (the)
AM-SRALE-222.160.00823,Eurasia Partnership Foundation,active,Foundation,60,epf,Armenia
US-EIN-83-3580499,,active,International NGO,21,orraa_inc,United States of America (the)
GB-CHC-1177110,Elrha,active,International NGO,21,elrha,United Kingdom of Great Britain and Northern Ireland (the)
GB-CHC-206504,Instituto Internacional de Estudios Estratégicos,active,"Academic, Training and Research",80,iiss,United Kingdom of Great Britain and Northern Ireland (the)
XI-GRID-grid.8652.9,,active,"Academic, Training and Research",80,ugorid,Ghana
NL-KVK-30114598,Rabo Partnerships,active,Private Sector,70,rabo_partnerships,Netherlands (the)
IE-CHY-20041069,Ethiopiaid Ireland,active,International NGO,21,ethiopiaidireland,Ireland
GB-GOV-1,"Reino Unido: Ministerio de Relaciones Exteriores, del Commonwealth y de Desarrollo",active,Government,10,fcdo,United Kingdom of Great Britain and Northern Ireland (the)
XM-OCHA-HPC9829,IMPACT Initiatives,active,International NGO,21,impact_initiatives,Switzerland
US-EIN-82-0644678,Synergía - Initiatives for Human Rights,active,International NGO,21,synergiaihr,United States of America (the)
GB-COH-11594545,McKinsey Development Partners,active,Private Sector,70,mdp,United Kingdom of Great Britain and Northern Ireland (the)
XI-GRID-grid.7836.a,Universidad de Ciudad del Cabo,active,"Academic, Training and Research",80,uct,South Africa
XI-IATI-KHF,King Hussein Foundation,active,National NGO,22,khf,Jordan
GB-COH-04465125,"Imperial College of Science, Technology and Medicine",active,"Academic, Training and Research",80,imperial,United Kingdom of Great Britain and Northern Ireland (the)
GB-CHC-1158838,The Freedom Fund,active,International NGO,21,tff,United Kingdom of Great Britain and Northern Ireland (the)
CA-CRA_ACR-119075091,Oxfam-Québec,active,International NGO,21,oqc,Canada
GB-CHC-1175658,The global steering group for impact investment,active,International NGO,21,gsg,United Kingdom of Great Britain and Northern Ireland (the)
ID-KHH-6014052331100057,Kemitraan Bagi Pembaruan Tata Pemerintahan,active,National NGO,22,kemitraan,Indonesia
MX-RFC-SLP1412039F3,Soluciones en Legislación y Política Ambiental AC,active,National NGO,22,polea,Mexico
GB-CHC-1166956,UK-Med,active,International NGO,21,uk-med,United Kingdom of Great Britain and Northern Ireland (the)
JO-CCD-45293,Sowt podcasting and training L.L.C,active,Private Sector,70,sowt,Jordan
BD-NAB-2686,Bangladesh Youth Leadership Center,active,National NGO,22,bylc,Bangladesh
US-EIN-27-3166994,Global Impact Investing Network,active,National NGO,22,giin,United States of America (the)
MX-RFC-IIN920701G55,IDOM INGENIERÍA,active,Private Sector,70,idom_mx,Mexico
ID-DJP-312529852906000,Asia Justice and Rights,active,Regional NGO,23,ajar,Indonesia
CH-FDJP-CHE105829963,Solidar Suisse,active,International NGO,21,solidarsuisse,Switzerland
GB-UKPRN-10007790,Universidad de Edimburgo,active,"Academic, Training and Research",80,uoe,United Kingdom of Great Britain and Northern Ireland (the)
KE-KRA-P051335339D,Instituto Africano de Políticas de Desarrollo,active,International NGO,21,afidep,Kenya
JO-CCD-200167994,,active,International NGO,21,lifed_admin,Jordan
NL-KVK-27363950,Sociaal-Economische Raad,active,Other Public Sector,15,ser,Netherlands (the)
KE-KRA-P051172537S,,active,Other Public Sector,15,fsdk,Kenya
GB-COH-10516061,Cobra Collective CIC,active,International NGO,21,cobracollective,United Kingdom of Great Britain and Northern Ireland (the)
GB-GOR-OT1175,Northern Ireland Cooperation Overseas Ltd,active,Other Public Sector,15,nico,United Kingdom of Great Britain and Northern Ireland (the)
AT-ZVR-315688676,,active,International NGO,21,lftw-int,Austria
XI-GRID-grid.473464.6,Centro de Recursos Hídricos y Terrestres de la Universidad de Adís Abeba,active,"Academic, Training and Research",80,wlrc_aau,Ethiopia
NG-CAC-30547,Paradigm Initiative,active,International NGO,21,paradigm,Nigeria
JO-MSD-200159274,JoWomenomics,active,National NGO,22,jowomenomics,Jordan
NL-KVK-09108013,Advance Consulting,active,Private Sector,70,ac1999,Netherlands (the)
XI-GRID-grid.11835.3e,Universidad de Sheffield,active,"Academic, Training and Research",80,tuos,United Kingdom of Great Britain and Northern Ireland (the)
XM-DAC-47015,CGIAR,active,"Academic, Training and Research",80,cgiar,France
UG-RSB-197310,Financial Sector Deepening Uganda,active,National NGO,22,fsduganda,Uganda
NL-KVK-41192276,Stichting Wilde Ganzen/ IKON,active,National NGO,22,nl_wg,Netherlands (the)
ZM-PCR-12015013762,Prospero Limited,active,National NGO,22,prospero,Zambia
GB-COH-RC000679,Universidad de York,active,"Academic, Training and Research",80,uoy,United Kingdom of Great Britain and Northern Ireland (the)
ZA-NPO-081-788,,active,International NGO,21,sustainable_livelihoods_foundation,South Africa
XM-DAC-41149,Oficina de Coordinación del Desarrollo de las Naciones Unidas,active,Other Public Sector,15,undco,United States of America (the)
GB-COH-02871809,Global Witness,active,International NGO,21,globalwitness,United Kingdom of Great Britain and Northern Ireland (the)
GB-CHC-1175791,Global Anaesthesia Development Partnerships,active,"Academic, Training and Research",80,gadp,United Kingdom of Great Britain and Northern Ireland (the)
US-EIN-042103594,Abdul Latif Jameel Poverty Action Lab at MIT,active,"Academic, Training and Research",80,jpal,United States of America (the)
MW-RG-1011251,Wala Ltd,active,Private Sector,70,walaltd,Malawi
US-EIN-83-1236759,,active,Private Sector,70,neopenda,United States of America (the)
US-EIN-53-0235320,Pathfinder International,active,International NGO,21,pathfinder1,United States of America (the)
BI-NIF-4000742330,AUXFIN Burundi,active,Private Sector,70,auxfinbi,Burundi
MZ-MOJ100094525,Micaia Foundation,active,National NGO,22,micfound,Mozambique
MY-SSM-1172311D,Forever Sabah,active,National NGO,22,fs,Malaysia
UA-EDR-9795443,Centre for Economic Strategy Ukraine,active,National NGO,22,ces-ua,Ukraine
FR-INSEE-31827645800037,"Association de solidarité internationale, Agriculteurs français et développement international (Afdi) France",active,Other Public Sector,15,afdi-fr,France
GB-CHC-1017336,Elton John AIDS Foundation,active,Foundation,60,ejaf,United Kingdom of Great Britain and Northern Ireland (the)
CA_AB-ABT-203435797,Alinea International Ltd.,active,Private Sector,70,alineainternational_2020,Canada
GB-CHC-1188731,Sustainable Hospitality Alliance,active,International NGO,21,sha,United Kingdom of Great Britain and Northern Ireland (the)
BR-CNPJ-14.563.354/0001-50,Instituto BVRio,active,International NGO,21,bvrio,Brazil
NL-KVK-861193660,OurLoop Stitchting,active,Foundation,60,loop,Netherlands (the)
GB-CHC-1137523,The Proforest Initiative UK,active,"Academic, Training and Research",80,pi-uk,United Kingdom of Great Britain and Northern Ireland (the)
US-EIN-13-1623838,EngenderHealth,active,,,ehorg,United States of America (the)
US-EIN-843236198,Corus International,active,International NGO,21,corus,United States of America (the)
US-EIN-52-2135531,Forest Trends Association,active,International NGO,21,forest-trends,United States of America (the)
GB-CHC-1074857,Consejo de Arzobispos de la Iglesia de Inglaterra,active,"Academic, Training and Research",80,coe-abc,United Kingdom of Great Britain and Northern Ireland (the)
GB-COH-02515034,Timber Trade Federation Ltd.,active,Private Sector,70,ttf,United Kingdom of Great Britain and Northern Ireland (the)
US-EIN-38-2846307,Mercy-USA for Aid and Development,active,International NGO,21,mercy-usa,United States of America (the)
US-EIN-13-4052259,Media Development Investment Fund,active,International NGO,21,mdif,United States of America (the)
KE-RCO-PLC-MYSMV2,,active,Private Sector,70,eabx,Kenya
GB-CHC-1144091,,active,Other Public Sector,15,nesta,United Kingdom of Great Britain and Northern Ireland (the)
GB-NIC-073343,Global Fund for Community Foundations,active,Foundation,60,gfcf,United Kingdom of Great Britain and Northern Ireland (the)
GB-CHC-1123384,Foundation for Social Improvement,active,"Academic, Training and Research",80,the_fsi,United Kingdom of Great Britain and Northern Ireland (the)
ES-NIF-G02766913,Fields Data,withdrawn,International NGO,21,fd-es,Spain
ES-NIF-G79408852,Médicos del Mundo,active,International NGO,21,mdm_spain,Spain
BE-BCE_KBO-0464147473,Laïcité et Humanisme en Afrique Centrale (LHAC),active,National NGO,22,lhac,Belgium
KE-RCO-CPR-2010-28036,Open Capital Advisors,active,Private Sector,70,oca,Kenya
GB-COH-RC000652,,active,"Academic, Training and Research",80,university_of_essex,United Kingdom of Great Britain and Northern Ireland (the)
GE-RS-406061513,,active,National NGO,22,cpd_2021,Georgia
US-EIN-30-0805768,,active,International NGO,21,tffus,United States of America (the)
ZA-NPO-053-456,,active,National NGO,22,cegaa,South Africa
KE-NCB-OP-218-051-9994-1329,,active,National NGO,22,creawkenya,Kenya
NP-CRO-1158-065-066,Kathmandu Medical College Public Limited,active,"Academic, Training and Research",80,kmc,Nepal
ZA-CIT-9415005603,Universidad de Stellenbosch,active,"Academic, Training and Research",80,su-impala,South Africa
GB-COH-RC000668,,active,"Academic, Training and Research",80,soton,United Kingdom of Great Britain and Northern Ireland (the)
NG-CAC-37051,,active,National NGO,22,dsfn,Nigeria
GB-CHC-1173320,South West International Development Network,active,Regional NGO,23,swidn,United Kingdom of Great Britain and Northern Ireland (the)
GB-HESA-10004113,Universidad de Loughborough,active,"Academic, Training and Research",80,lboro,United Kingdom of Great Britain and Northern Ireland (the)
CA-CC-13474046,,active,National NGO,22,transparently_lebanese,Canada
CH-FDJP-106756410,,active,International NGO,21,world_ywca,Switzerland
CH-660-0294975-4,World Young Women's Christian Association,withdrawn,International NGO,21,world_ywca,Switzerland
NP-IRD-301131441,,active,International NGO,21,aain,Nepal
SN-NINEA-004487121,,active,International NGO,21,awa_sn,Senegal
KE-NCB-218051981161116,Equality Now,active,International NGO,21,e_n,Kenya
UG-NGO-1317,,active,Regional NGO,23,siharegional,Uganda
GH-RGD-CG001532017,PPAG,active,National NGO,22,ppag_123,Ghana
NL-KVK-69759103,,active,Private Sector,70,laterite_bv,Netherlands (the)
XM-OCHA-585,,active,Multilateral,40,icmpd,Austria
NL-KVK-27293917,The Hague Academy for Local Governance,active,"Academic, Training and Research",80,tha,Netherlands (the)
IT-CF-80017510225,,active,National NGO,22,sosvdb_italia,Italy
KE-NCB-218-051-9263-33,Young Women's Christian Association de Kenya,active,National NGO,22,ywcakenya,Kenya
SS-RRC-342,Young Women Christian Association of South Sudan (YWCA SS),active,National NGO,22,ywcass,South Sudan
NL-KVK-74983393,IDH Investment Management B.V.,active,Private Sector,70,idh_im,Netherlands (the)
UG-RSB-229709,Mango Tree Property Management LTD,active,Private Sector,70,mangotree,Uganda
NL-KVK-41039028,Stichting Leprazending Nederland - The Leprosy Mission Netherlands,active,Foundation,60,leprazending-tlm-nl,Netherlands (the)
XI-IATI-SPR,,active,Regional NGO,23,spr,Congo (the Democratic Republic of the)
SS-RRC-465,Assistance Mission for Africa,active,National NGO,22,ama-south-sudan,South Sudan
UG-NGO-3580,,active,International NGO,21,amwa,Uganda
JO-CCD-200178924,,active,International NGO,21,ktk,Jordan
ID-KHH-AHU-0013363.AH.01.04,,active,National NGO,22,pekka_21,Indonesia
NG-CAC-IT-NO96562,Olamma Cares Foundation,active,National NGO,22,olammacares,Nigeria
SS-RRC-405,Eve Organization for Women Development,active,National NGO,22,eveowd,South Sudan
DE-CR-RA000220-HRB7745,Forschungsinstitut zur Zukunft der Arbeit GmbH (IZA),active,"Academic, Training and Research",80,iza,Germany
CA_ON-ONT-1783682,,active,International NGO,21,genderatwork,Canada
NL-KVK-74799525,Legal Action Worldwide,active,International NGO,21,law,Netherlands (the)
ZA-NPO-189357,,active,National NGO,22,sisonke,South Africa
UG-204CBO-JJA02202000348,,active,Regional NGO,23,jidu2021,Uganda
GB-COH-RC000721,Escuela de Negocios de Londres,active,"Academic, Training and Research",80,lbs,United Kingdom of Great Britain and Northern Ireland (the)
IN-MHA-083930147,,withdrawn,"Academic, Training and Research",80,kemhrc,India
XI-GRID-grid.10347.31,,active,"Academic, Training and Research",80,rmc_um,Malaysia
XI-GRID-grid.11142.37,,active,"Academic, Training and Research",80,upm,Malaysia
PS-MOI-QR-1420-C,,active,National NGO,22,ywca,"Palestine, State of"
EG-MOSS-3959350,,active,National NGO,22,imc-2021,Egypt
US-EIN-13-3615533,,active,"Academic, Training and Research",80,educomm,United States of America (the)
BD-ROC-C-107131,Light Castle Partners,active,Private Sector,70,lcp,Bangladesh
US-EIN-522042014,GoodWeave International,active,International NGO,21,goodweave_intl,United States of America (the)
TH-TIN-0993000190092,Coalición Asiática para el Derecho a la Vivienda,active,Regional NGO,23,achr,Thailand
GB-COH-OC359103,,active,Private Sector,70,bcg,United Kingdom of Great Britain and Northern Ireland (the)
JO-CCD-58307,,active,Private Sector,70,7iberdotcom,Jordan
KE-NCB-WDCBO542010192,Women Challenged to Challenge,active,National NGO,22,wctc,Kenya
UG-NGO-S59143785,,active,National NGO,22,nuwodu,Uganda
ET-CSA-1128,,active,National NGO,22,ewla,Ethiopia
et-CSA-0444,,active,National NGO,22,ewdna2025,Ethiopia
NL-KVK-83517626,,active,Private Sector,70,investinternational,Netherlands (the)
NL-KVK-77583442,,active,Government,10,ti_nl,Netherlands (the)
XM-OCHA-4438,,active,"Academic, Training and Research",80,icddrb,Bangladesh
GB-COH-10959095,,active,"Academic, Training and Research",80,thefaradayinstitution,United Kingdom of Great Britain and Northern Ireland (the)
HK-CR-2288921,,active,Private Sector,70,elevatelimited,Hong Kong
NL-KVK-80547745,,active,Foundation,60,traide_foundation,Netherlands (the)
MZ-NUIT-700089584,,active,National NGO,22,cesc,Mozambique
US-EIN-04-3309296,,active,National NGO,22,pilpg,United States of America (the)
MY-SSM-1162174T,,active,International NGO,21,musawah,Malaysia
ZA-NPO-213-268,,active,National NGO,22,sanpud,South Africa
US-EIN-74-2244146,,active,International NGO,21,rmi,United States of America (the)
GH-RGD-CG200980721,,active,International NGO,21,isdao,Ghana
IN-MHA-094421114,,active,"Academic, Training and Research",80,itforchange,India
XM-DAC-46012,,active,Multilateral,40,idbinvest,United States of America (the)
TZ-NNCB-INGOR2000123,,active,International NGO,21,apn,"Tanzania, the United Republic of"
PA-PRP-5789,,active,Foundation,60,fundacionavina,Panama
BR-CNPJ-26990192000114,,active,International NGO,21,wwfbr,Brazil
UG-NGO-3690,,withdrawn,International NGO,21,rv-ww2,Uganda
GH-DSW-7992,,active,National NGO,22,assn,Ghana
XM-DAC-46025,,active,Multilateral,40,isdb,Saudi Arabia
ID-DJP-018321174017000,,active,International NGO,21,wwf_id,Indonesia
TN-RNE-1540791FPN000,,active,International NGO,21,wwfna,Tunisia
PH-SEC-CN200340507,,active,Regional NGO,23,samdhana_institute,Philippines (the)
PK-NTN-1433899-8,,active,National NGO,22,pill,Pakistan
ZM-PCR-10102712014,,active,International NGO,21,wwfzambia,Zambia
KE-KRA-P051326872M,,active,National NGO,22,sdi-k,Kenya
ID-DJP-023047012526000,,active,National NGO,22,bwi,Indonesia
GB-CHC-1102909,,active,International NGO,21,climate-group,United Kingdom of Great Britain and Northern Ireland (the)
BR-CNPJ-09294138-0001-15,,active,Private Sector,70,agroicone,Brazil
GH-DSW-1334,,active,Regional NGO,23,wanep,Ghana
NG-CAC-11660,,active,National NGO,22,crerd_ng,Nigeria
KE-NCB-OP2180511619410357,,active,National NGO,22,wwf-kenya,Kenya
PH-SEC-CN200324943,,active,Regional NGO,23,ntfp-ep,Philippines (the)
CO-RUE-8300033586,,active,Regional NGO,23,gaia,Colombia
BF-MATD-2407,,active,National NGO,22,spong-burkina,Burkina Faso
GH-RGD-CG159432015,,active,National NGO,22,gnbcc,Ghana
LR-MFDPNGO-0961,,active,Regional NGO,23,sdi,Liberia
MY-SSM-199601006465,,active,International NGO,21,iwrawasiapacific,Malaysia
US-EIN-83-3732786,,active,International NGO,21,agwa,United States of America (the)
IN-MHA-1070-99-2000,,active,National NGO,22,cividep,India
KE-NCB-218051200602584403,,active,National NGO,22,ad,Kenya
BJ-IFU-6201500233008,,active,National NGO,22,pascib_benin,Benin
ML-MAT-028-MAT-DNIC-DAG,,active,National NGO,22,seco-ong-mali,Mali
XI-GRID-grid4157124,,active,"Academic, Training and Research",80,iop-rmu,Pakistan
XM-DAC-46021,,active,Multilateral,40,boadiita,Togo
YE-MSAL-288-2013,,active,National NGO,22,ywbod,Yemen
SG-ACRA-201507403G,,active,Regional NGO,23,growasia,Singapore
US-EIN-20-3074517,,active,International NGO,21,trustafrica,United States of America (the)
PK-SEC-0108318,,active,National NGO,22,tfp,Pakistan
ZA-CIP-2021-421804-08,,active,International NGO,21,sdi-int,South Africa
BD-ROC-C-104266,,active,Private Sector,70,redorange,Bangladesh
ZA-NPO-155-669,,active,Regional NGO,23,pai155669,South Africa
ET-CSA-1424,,active,National NGO,22,corha,Ethiopia
KE-RCO-155081,,active,International NGO,21,fsdafrica,Kenya
BI-NIF-4001055070,,active,National NGO,22,j2022,Burundi
AF-MOE-611,,active,National NGO,22,tlo,Afghanistan
PY-RUC-80025907-6,,active,International NGO,21,wwf-py,Paraguay
TN-RNE-1027578P,,active,National NGO,22,cemi,Tunisia
SN-NINEA-21516110A0,,active,National NGO,22,gorin,Netherlands (the)
NL-KVK-54749484,,active,International NGO,21,fc-f,Netherlands (the)
PS-MOI-RA279C,,active,National NGO,22,pwwsd_2022,"Palestine, State of"
LB-MOI-30-ED,,active,National NGO,22,skf,Lebanon
TH-MOI-KhorThor2882,,active,Regional NGO,23,ilgaasia,Thailand
BI-NIF-4000450306,,active,National NGO,22,bltp,Burundi
FI-PRO3087706-5,,active,Private Sector,70,riverrecycle,Finland
LB-MOI-3567,,active,National NGO,22,crtda,Lebanon
JO-MSD-19700011100010,,active,National NGO,22,awo2022,Jordan
MM-MHA-0295,,active,National NGO,22,gen,Netherlands (the)
CO-RUE-830053223,,active,National NGO,22,limpal-colombia,Colombia
GB-GOV-11,,active,Government,10,cbu_hmrc,United Kingdom of Great Britain and Northern Ireland (the)
MY-SSM-256530H,,active,Regional NGO,23,my-ssm,Malaysia
RW-RGB-020-17,,active,National NGO,22,profemmes,Rwanda
CO-RUES-800121811,,active,National NGO,22,codacop,Colombia
DK-CVR-42047007,,active,"Academic, Training and Research",80,icars,Denmark
SS-RRC-140,,active,International NGO,21,avsi-ssd,South Sudan
DK-CVR-25825012,,active,International NGO,21,sosdk,Denmark
US-EIN-81-2108637,,active,International NGO,21,dalbergcatalyst,United States of America (the)
BJ-IFU-6201810257535,,active,National NGO,22,abms,Benin
BF-MATD-N00000408001,,active,National NGO,22,sosjd6,Burkina Faso
US-EIN-061805406,,active,International NGO,21,hc2022,United States of America (the)
CH-FDJP-CHE10092705,,active,International NGO,21,wilpf_22,Switzerland
ID-DJP-030079198015000,,active,National NGO,22,pattiro,Indonesia
NL-KVK-41226182,,active,National NGO,22,hfhnl,Netherlands (the)
US-GOV-11,,active,Government,10,state,United States of America (the)
US-GOV-32,,active,Government,10,epa,United States of America (the)
US-GOV-16,,active,Government,10,doc,United States of America (the)
PL-KRS-0000233247,,active,Foundation,60,cpf,Poland
XI-ROR-01hxy9878,,active,"Academic, Training and Research",80,rcsi,Ireland
SE-ON-802015-1281,,active,Regional NGO,23,ccb,Sweden
SE-ON-875002-7271,,active,National NGO,22,efk,Sweden
US-GOV-12,,active,Government,10,ustda,United States of America (the)
US-GOV-2,,active,Government,10,usda,United States of America (the)
US-GOV-10,,active,Government,10,peace,United States of America (the)
US-GOV-21,,active,Government,10,iaf,United States of America (the)
US-GOV-26,,active,Government,10,dot,United States of America (the)
US-GOV-14,,active,Government,10,hhs,United States of America (the)
US-GOV-15,,active,Government,10,doj,United States of America (the)
IN-MCA-U74999MH2015PTC264094,,active,Private Sector,70,ddsolar,India
US-GOV-9,,active,Government,10,doi,United States of America (the)
US-GOV-7,,active,Government,10,dod,United States of America (the)
US-GOV-20,,active,Government,10,doe,United States of America (the)
US-GOV-19,,active,Government,10,dhs,United States of America (the)
XM-OCHA-HP3664,,active,National NGO,22,jrf_2022,Jordan
US-EIN-83-2847769,,active,Private Sector,70,60db,United States of America (the)
ci-moi-474-mis-dgat-dag-sdva,,withdrawn,National NGO,22,csci_benkadi,Côte D'Ivoire
SS-RRC-652,,active,National NGO,22,siha-southsudan,South Sudan
ID-KHH-01060014412,,active,National NGO,22,tifa_foundation,Indonesia
061660068,,active,International NGO,21,ipa_,United States of America (the)
TZ-NNCB-00NGO-R2-00056,,active,National NGO,22,wajibu,"Tanzania, the United Republic of"
NP-SWC-19781,,active,National NGO,22,infnepal,Nepal
NL-KVK-40539494,,active,International NGO,21,mdmnl,Netherlands (the)
US-EIN-84-3344516,,active,International NGO,21,aceliafrica,United States of America (the)
NL-KVK-76050475,,active,International NGO,21,gca,Netherlands (the)
GB-CHC-1187721,,active,International NGO,21,uws,United Kingdom of Great Britain and Northern Ireland (the)
ID-KHH-0018020.AH.01.07,,active,National NGO,22,hrwg_indonesia,Indonesia
CO-CCB-0008863,,active,National NGO,22,opepa,Colombia
CH-FDJP-110.162.567,,active,Foundation,60,finddiagnostics,Switzerland
GB-COH-02742969,,active,"Academic, Training and Research",80,grl,United Kingdom of Great Britain and Northern Ireland (the)
PS-MOI-QR177HR,,active,National NGO,22,miftah,"Palestine, State of"
KH-INGO-20201231,,active,International NGO,21,aac,Cambodia
GH-DSW-4004,,active,Regional NGO,23,mfwa,Ghana
IL-RA-580675486,,active,National NGO,22,t2p,Israel
XM-DAC-47062,,active,International NGO,21,iita_2022,Nigeria
JO-COA-0301-57112,,active,Multilateral,40,inwrdam,Jordan
KH-INGO,,withdrawn,International NGO,21,aac,Cambodia
CO-RUE-8600286699,,active,Private Sector,70,fedesarrollo,Colombia
NL-KVK-24428291,,active,Private Sector,70,aw,Netherlands (the)
NL-KVK-58076573,,active,Private Sector,70,auxfinintl,Netherlands (the)
GB-UKPRN-10007783,,active,"Academic, Training and Research",80,uoa,United Kingdom of Great Britain and Northern Ireland (the)
US-EIN-23-6393344,,active,International NGO,21,worldrelief,United States of America (the)
GH-RGD-CG056382017,,active,Regional NGO,23,globalshea,Ghana
CO-CCB-01952534,,active,Private Sector,70,grupoe3,Colombia
CO-RUE-901337512,,active,National NGO,22,iclei,Colombia
GB-SC-SC015263,,active,"Academic, Training and Research",80,strathclyde,United Kingdom of Great Britain and Northern Ireland (the)
CH-FDJP-CHE-109-991-002,,active,Foundation,60,basel_institute,Switzerland
BJ-IFU-6202112757059,,active,National NGO,22,igd_benin,Benin
LB-MOI-37-AD,,active,National NGO,22,rabi3,Lebanon
BJ-IFU-6201001214905,,active,National NGO,22,abpf,Benin
GB-COH-RC000653,,active,"Academic, Training and Research",80,uoex,United Kingdom of Great Britain and Northern Ireland (the)
AE-DMCC-23550,,active,Private Sector,70,arkgroupdmcc1,United Arab Emirates (the)
US-EIN-52-1497470,,active,International NGO,21,c_i_f,United States of America (the)
GB-CHC-1112404,,active,International NGO,21,rtp_uk,United Kingdom of Great Britain and Northern Ireland (the)
GB-COH-01250443,,active,Private Sector,70,niras_uk,United Kingdom of Great Britain and Northern Ireland (the)
MZ-NUIT-700061787,,active,Public Private Partnership,30,grp,Mozambique
GB-COH-RC000659,,active,"Academic, Training and Research",80,leics,United Kingdom of Great Britain and Northern Ireland (the)
SE-ON-802010-4850,,active,International NGO,21,solidarity_afghanistan,Sweden
BD-NAB-3183,,active,,,chrf_bd,Bangladesh
ET-MFA-150317,,active,Regional NGO,23,et-adf-0317,Ethiopia
GB-CHC-1162997,,active,International NGO,21,pci,United Kingdom of Great Britain and Northern Ireland (the)
NL-KVK-41199142,,active,Foundation,60,rabofoundation,Netherlands (the)
BI-NIF-4000039331,,active,National NGO,22,twz1,Burundi
KE-NCB-10488,,active,National NGO,22,sp,Kenya
NG-CAC-RC-1368639,,active,Private Sector,70,infracredit,Nigeria
GB-CHC-1050821,,active,National NGO,22,tzuchiuk,United Kingdom of Great Britain and Northern Ireland (the)
LB-MOI-17312,,active,National NGO,22,female,Lebanon
NL-KVK-60351489,,active,Private Sector,70,frontclear_ftap,Netherlands (the)
GB-COH-10781862,,active,Private Sector,70,svrg,United Kingdom of Great Britain and Northern Ireland (the)
US-EIN-47-4606264,,active,Private Sector,70,hala_systems,United States of America (the)
LB-MOI-2402520,,active,Regional NGO,23,smex,Lebanon
DE-CR-RA000355-HRB726528,,active,"Academic, Training and Research",80,fosaa,Germany
UG-RSB-80020000583761,,active,Private Sector,70,ep,Uganda
DK-CVR-78920610,,active,International NGO,21,fowdk,Denmark
CH-FDJP-CHE455926653,,active,International NGO,21,ilgaworld,Switzerland
DE-CR-RA000299-HRB20002,,active,Private Sector,70,sce-gmbh,Germany
PE-SUNARP-03024345,,active,"Academic, Training and Research",80,investigacion_cayetano,Peru
GB-COH-05712574,,active,Private Sector,70,pul,United Kingdom of Great Britain and Northern Ireland (the)
US-EIN-45-4535664,,active,International NGO,21,harvard_global,United States of America (the)
KE-NCB-218051200201502367,,active,National NGO,22,lvct,Kenya
XM-DAC-47149,,active,Other Public Sector,15,icmp,Netherlands (the)
GB-UKPRN-10007786,,active,"Academic, Training and Research",80,unibristol,United Kingdom of Great Britain and Northern Ireland (the)
KE-KRA-P052188980R,,active,Private Sector,70,bfa_global,(No country assigned)
KE-RCO-CF2015185025,,active,Foundation,60,ga,Kenya
AF-MOE-947,,active,National NGO,22,947,Afghanistan
CH-FDJP-CHE326267730,,active,International NGO,21,trial,Switzerland
AF-MOE-118,,active,International NGO,21,sca_afghanistan,Afghanistan
US-EIN-52-1527835,,active,International NGO,21,ifes,United States of America (the)
GB-COH-46049,,withdrawn,International NGO,21,testdave,United Kingdom
KE-KRA-P052007235U,,active,Private Sector,70,imfact2022,Kenya
US-EIN-262048480,,active,International NGO,21,ia,United States of America (the)
PH-SEC-CN201214699,,active,Regional NGO,23,crcasia,(No country assigned)
NA-NAMRA-04413362,,active,Regional NGO,23,arasaregional,Namibia
SO-COA-107-0081-2023,,active,National NGO,22,iffoundation12,Somalia
US-EIN-26-0126537,,active,International NGO,21,gi,United States of America (the)
KE-KRA-P051698850Z,,active,Private Sector,70,ddfkenya,Kenya
GB-COH-07177839,,active,Private Sector,70,bboxx,United Kingdom of Great Britain and Northern Ireland (the)
SN-NINEA-50255162X2,,active,Private Sector,70,sn-ninea-50255162x2,Senegal
ID-DJP-032441156063000,,active,Private Sector,70,ptarupidn,Indonesia
GB-COH-12675400,,active,International NGO,21,cir,United Kingdom of Great Britain and Northern Ireland (the)
BR-CNPJ-30619995-0001-34,,active,"Academic, Training and Research",80,cit_brazil,Brazil
NG-CAC-RC-929657,,active,Private Sector,70,fmdqgroupplc_2013,Nigeria
GB-CHC-1146162,,active,International NGO,21,rstmh,United Kingdom of Great Britain and Northern Ireland (the)
PK-NTN-9051408-4,,active,"Academic, Training and Research",80,kmu,Pakistan
XM-DAC-46008,,active,Multilateral,40,caf,Venezuela (Bolivarian Republic of)
BD-ROC-S-5933,,active,"Academic, Training and Research",80,chpd_ulab,Bangladesh
NL-KVK-51837609,,active,Private Sector,70,upinion,Netherlands (the)
NP-IRD-201252183,,active,"Academic, Training and Research",80,bpkihs_dharan,Nepal
BO-NIT-351775028,,active,Regional NGO,23,conexionla,Bolivia (Plurinational State of)
LK-DRC-GA635,,active,"Academic, Training and Research",80,irdsrilanka-1997,Sri Lanka
NG-CAC-1075488,,active,Private Sector,70,nvd_12,Nigeria
KE-KRA-P051883897F,,active,Private Sector,70,adili_sh,Kenya
GB-CHC-1030884,,active,International NGO,21,gb-chc-1030884,United Kingdom of Great Britain and Northern Ireland (the)
KE-KRA-P052141361L,,active,National NGO,22,cap-a,Kenya
CO-NIT-900442608,,active,National NGO,22,justapaz,Colombia
IN-MHA-147120028,,active,National NGO,22,lwsit,India
GB-COH-14937701,,active,International NGO,21,gisf,United Kingdom of Great Britain and Northern Ireland (the)
GB-GOR-PB57,,active,Government,10,mmo,United Kingdom of Great Britain and Northern Ireland (the)
US-EIN-13-3615533,,active,National NGO,22,rpa,United States of America (the)
CO-NIT-860013720,,active,"Academic, Training and Research",80,puj,Colombia
SE-ON-802010-8315,,active,National NGO,22,thp-se,Sweden
QA-MOI-01005700,,active,Other,90,qrcs,Qatar
KE-NCB-OP.218-051-9841-1024,,active,National NGO,22,idf-kenya,Kenya
UG-NGO-INTP12912225NB,,active,International NGO,21,goal-inspire,Uganda
GB-UKPRN-10007794,,active,"Academic, Training and Research",80,uofg,United Kingdom of Great Britain and Northern Ireland (the)
AU-ABN-15211513464,,active,"Academic, Training and Research",80,usyd,Australia
GB-GOR-PB508,,active,"Academic, Training and Research",80,rbg_kew,United Kingdom of Great Britain and Northern Ireland (the)
XI-DUNS-645826186,,active,"Academic, Training and Research",80,stmu01,Pakistan
IN-MCA-U74900TN2013PTC093426,,active,Private Sector,70,bepl,India
NP-SWC-17977,,active,,,iids,Nepal
AU-ABN-56721584203,,active,"Academic, Training and Research",80,deakin,Australia
UA-EDR-21691681,,active,National NGO,22,la_strada_ukraine,Ukraine
XI-LEI-529900SKOVW9DANRVO17,,active,Foundation,60,legacy_landscapes_fund,Germany
GH-RGD-CG034642016,,active,National NGO,22,ukgcc,Ghana
BE-BCE_KB0-0421408778,,active,National NGO,22,ipis,Belgium
XI-IATI-KHF_IFH,,active,National NGO,22,khf_ifh,Jordan
PS-TIN-888005972,,active,Other Public Sector,15,wsrc1,"Palestine, State of"
NL-KVK-57504091,,active,Foundation,60,stichting_cd,Netherlands (the)
GB-COH-05572704,,active,Private Sector,70,aceruk,United Kingdom of Great Britain and Northern Ireland (the)
BR-CNPJ-62579164-0001-72,,active,"Academic, Training and Research",80,_cebrap,Brazil
NL-KVK-34123218,,active,"Academic, Training and Research",80,rabk,Netherlands (the)
YE-MSAL-220,,active,National NGO,22,bfdyemen,Yemen
ZA-CIP-2011-003386-08,,active,"Academic, Training and Research",80,cisl,South Africa
GB-GOV-25,,active,Government,10,desnz,United Kingdom of Great Britain and Northern Ireland (the)
ZA-CIP-2002-007758-08,,active,International NGO,21,icleiafrica,South Africa
GB-COH-OC422288,,active,Private Sector,70,thc,United Kingdom of Great Britain and Northern Ireland (the)
YE-CR-17952,,active,Private Sector,70,dr,Yemen
UA-EDR-36159679,,active,National NGO,22,dixigroup,Ukraine
TN-RNE-1526532C,,active,National NGO,22,wwc_27068084,Tunisia
NL-KVK-41150792,,active,,,jp-nl,Netherlands (the)
UG-NGO-INDR45161196NB,,active,National NGO,22,actade,Uganda
GB-GOV-26,,active,Government,10,dsit,United Kingdom of Great Britain and Northern Ireland (the)
PS-MOI-QR-0049-F,,active,International NGO,21,welfare_taawon,"Palestine, State of"
MG-NIF-4003264720,,active,National NGO,22,pjl,Madagascar
YE-MSAL-19,,active,National NGO,22,rymn,Yemen
GB-COH-02412299,,active,International NGO,21,stonewa11,United Kingdom of Great Britain and Northern Ireland (the)
HK-CR-2436455,,active,Private Sector,70,agsollimited,Hong Kong
FR-RCS-53119997400027,,active,International NGO,21,premiere-urgence,France
BD-ROC-C-150855,,active,Private Sector,70,yy_ventures,Bangladesh
BD-NAB-0841,,active,National NGO,22,cnrs,Bangladesh
GB-COH-12482833,,active,International NGO,21,amplifychange,United Kingdom of Great Britain and Northern Ireland (the)
YE-MOPIC-0036,,active,International NGO,21,partnersyemen,Yemen
SZ-CIT-201710132021804,,active,National NGO,22,wu,Eswatini
BD-NAB-0004,,active,International NGO,21,carebd,Bangladesh
NG-CAC-69519,,active,National NGO,22,cjid_ng,Nigeria
BD-NAB-0577,,active,National NGO,22,dsk,Bangladesh
BD-NAB-1748,,active,National NGO,22,fb_2023,Bangladesh
NL-KVK-91420784,,active,International NGO,21,wcaf,Netherlands (the)
YE-MSAL-32-M-2008,,active,National NGO,22,semc-yemen,Yemen
GB-GOR-EA53,,active,Government,10,cefas,United Kingdom of Great Britain and Northern Ireland (the)
IN-MCA-U74900TG2007NPL055085,,active,"Academic, Training and Research",80,tgi_india,India
GB-CHC-298375,,active,Regional NGO,23,cls,United Kingdom of Great Britain and Northern Ireland (the)
IN-MHA-083780010,,active,National NGO,22,sparc_iati,India
NL-KVK-75373750,,active,International NGO,21,ic-bs_24,Netherlands (the)
PK-NTN-2158581-4,,active,National NGO,22,shirkatgah,Pakistan
NL-KVK-81042582,,active,National NGO,22,thenab,Netherlands (the)
GB-COH-4625800,,active,International NGO,21,iseal,United Kingdom of Great Britain and Northern Ireland (the)
GB-CHC-1174610,,active,Other Public Sector,15,thinkequal,United Kingdom of Great Britain and Northern Ireland (the)
KE-NCB-218051200301082704,,active,National NGO,22,imlu,Kenya
PS-TIN-562780742,,active,Private Sector,70,tap,"Palestine, State of"
UG-RSB-80010000758365,,active,Private Sector,70,in,Uganda
XM-OCHA-HPC8773,,active,Multilateral,40,ecw,(No country assigned)
US-EIN-46-3995547,,active,International NGO,21,ibp,United States of America (the)
ID-KHH-AHU-0000401.AH.01.07,,active,National NGO,22,safenet,Indonesia
IT-CF-97050280581,,active,International NGO,21,cispngo,Italy
NG-CAC-6896199,,active,National NGO,22,obodo_ng,Nigeria
IN-MHA-083930308,,active,National NGO,22,masumpune_87,India
MW-NBM-NGO-L-13-059,,active,National NGO,22,wolrec,Malawi
GH-RGD-ET000570722,,active,International NGO,21,idh-ghana,Ghana
US-EIN-042241718,,active,International NGO,21,edc,United States of America (the)
GB-COH-08100658,,active,Private Sector,70,via,United Kingdom of Great Britain and Northern Ireland (the)
GB-COH-05380206,,active,Other Public Sector,15,jncc,United Kingdom of Great Britain and Northern Ireland (the)
GB-COH-02525806,,active,Private Sector,70,acs_group,United Kingdom of Great Britain and Northern Ireland (the)
UG-RSB-125289,,active,Private Sector,70,pcp-ug_125289,Uganda
US-EIN-47-2326975,,active,International NGO,21,cadasta,(No country assigned)
BI-NIF-4001458845,,active,National NGO,22,ajebudi_2024,Burundi
CH-FDJP-CHE-390.672.238,,active,International NGO,21,nf2022,Switzerland
RW-RRA-121040504,,active,Private Sector,70,acv,Rwanda
ID-DJP-016993966411000,,active,"Academic, Training and Research",80,ppim,Indonesia
CA-CC-020387-4,,active,International NGO,21,ef,Canada
GB-CHC-1174115,,active,National NGO,22,ceobs,United Kingdom of Great Britain and Northern Ireland (the)
KE-RCO-PVT-2016-025726,,active,Private Sector,70,apolloagriculture,Kenya
JO-CCD-181612,,active,Private Sector,70,mset,Jordan
MU-CR-C191439,,active,Private Sector,70,blue,Mauritius
KE-RCO-BN-J9S5BMEB,,active,Private Sector,70,ecovega,Kenya
AU-ABN-94642321640,,active,Regional NGO,23,cra,Australia
SE-ON-802401-6134,,active,International NGO,21,ktk_ho,Sweden
CA-CRA_ACR-827142530RR0001,,active,International NGO,21,rr_qfdi,Canada
GB-CHC-1191805,,active,National NGO,22,sidcn,United Kingdom of Great Britain and Northern Ireland (the)
GB-COH-14411359,,active,Private Sector,70,chemonics_uk,United Kingdom of Great Britain and Northern Ireland (the)
NL-KVK-27364265,,active,"Academic, Training and Research",80,nl_tud,(No country assigned)
CH-FDJP-6602621019-7,,active,International NGO,21,ffh,Switzerland
SE-ON-8024010855,,active,International NGO,21,concordswe,Sweden
CO-RUE-90020089,,active,Regional NGO,23,feadin,Colombia
BF-MATD-1131,,active,National NGO,22,240001090,Burkina Faso
GB-COH-01630501,,active,Private Sector,70,mko,United Kingdom of Great Britain and Northern Ireland (the)
EG-CR-42812,,active,Private Sector,70,outreach_egypt,Egypt
KE-KRA-P052193943Z,,active,National NGO,22,theclimatenetwork,Kenya
GB-COH-04481639,,active,Private Sector,70,alinea_uk,United Kingdom of Great Britain and Northern Ireland (the)
BF-MATD-118884808RR0001,,active,National NGO,22,bfrri,Burkina Faso
GB-UKPRN-10007789,,active,"Academic, Training and Research",80,uea_uk,United Kingdom of Great Britain and Northern Ireland (the)
GB-UKPRN-10000824,,active,"Academic, Training and Research",80,bournemouth_university,United Kingdom of Great Britain and Northern Ireland (the)
BD-NAB-557,,active,International NGO,21,thpdb,Bangladesh
UG-NGO-INDR21712234NB,,active,National NGO,22,ngoforum_01,Uganda
ZA-NPO-IT7504-1992-PMB,,active,Regional NGO,23,accord_2024,South Africa
ZA-CIP-1997-015443-07,,active,Private Sector,70,whc,South Africa
GB-CHC-1186748,,active,International NGO,21,nt_2024,United Kingdom of Great Britain and Northern Ireland (the)
GB-CHC-1159990,,active,National NGO,22,ssap,United Kingdom of Great Britain and Northern Ireland (the)
GB-COH-09902551,,active,Private Sector,70,camco,United Kingdom of Great Britain and Northern Ireland (the)
XM-DAC-962,,active,Multilateral,40,unctad,Switzerland
AR-CUIT-30-70806240-1,,active,International NGO,21,iecs-2024,Argentina
GB-HESA-0163,,active,"Academic, Training and Research",80,warwickpub123,United Kingdom of Great Britain and Northern Ireland (the)
GT-RPJ-21339045,,active,International NGO,21,fafg,Guatemala
XI-ROR-01wk3d929,,active,"Academic, Training and Research",80,medicine_ub,Indonesia
GB-COH-OC423567,,active,Private Sector,70,gridworkspartners,United Kingdom of Great Britain and Northern Ireland (the)
GB-GOV-27,,active,Government,10,mhclg,United Kingdom of Great Britain and Northern Ireland (the)
PE-SUNARP-11582738,,active,"Academic, Training and Research",80,cientifica-pe,Peru
PK-VSWA-2028-2002,,active,National NGO,22,bveins,Pakistan
AT-ZVR-482616437,,active,National NGO,22,hope87,Austria
GB-CHC-313392,,active,"Academic, Training and Research",80,nfer,United Kingdom of Great Britain and Northern Ireland (the)
KE-KRA-P051102229I,,active,Multilateral,40,tdb01,Kenya
GE-NAPR-367,,active,National NGO,22,curatio,Georgia
GB-COH-13697512,,active,Private Sector,70,2xglobal,United Kingdom of Great Britain and Northern Ireland (the)
SS-RRC-294,,active,National NGO,22,capad,South Sudan
UA-EDR-24719411,,active,Private Sector,70,argus_kyiv,Ukraine
CA-CRA_ACR-892100884,,active,Other Public Sector,15,col,Canada
GB-CHC-210639,,active,National NGO,22,rusi,United Kingdom of Great Britain and Northern Ireland (the)
XM-OCHA-HPC1888,,active,National NGO,22,inforaas,Somalia
XM-OCHA-HPC6052,,active,National NGO,22,hirda,Somalia
BE-BCE_KBO-0665.649.335,,active,International NGO,21,seefarfoundation,Belgium
XM-OCHA-HPC5902,,active,International NGO,21,pac_som,Somalia
XM-OCHA-HPC3382,,active,National NGO,22,scc_2025,Somalia
SO-COA-107-0079-2025,,active,National NGO,22,kardo-somalia,Somalia
XM-OCHA-HPC10477,,active,National NGO,22,swvsom,Somalia
GB-COH-08524506,,active,Private Sector,70,commonseas,United Kingdom of Great Britain and Northern Ireland (the)
IN-MHA-5897,,active,National NGO,22,tlmti,India
GH-RGD-CG016822016,,active,National NGO,22,cdd_admin,Ghana
GB-COH-03591514,,active,International NGO,21,tlm_io,United Kingdom of Great Britain and Northern Ireland (the)
CH-FDJP-CHE109810537,,active,Foundation,60,fsd-switzerland_2025,Switzerland
US-EIN-11-2724905,,active,International NGO,21,icfj,United States of America (the)
BR-CNPJ-45358058000140,,active,"Academic, Training and Research",80,ufscar_brasil,Brazil
ZA-NPO-012983,,active,National NGO,22,sci2025,South Africa
ZA-CIP-2007-012585-08,,active,International NGO,21,rdh,South Africa
US-EIN-53-0196603,,active,"Academic, Training and Research",80,georgetown,United States of America (the)
US-EIN-113816205,,active,International NGO,21,independent_diplomat,United States of America (the)
GB-CHC-1159483,,active,International NGO,21,start-network,United Kingdom of Great Britain and Northern Ireland (the)
GH-RGD-CG081931122,,active,Foundation,60,ews-kt_gh,Ghana
FR-RCS-42956525200054,,active,International NGO,21,ri_france,France
SO-COA-107-0290-2025,,active,National NGO,22,hu,Somalia
NG-CAC-8270899,,active,Private Sector,70,sgal,Nigeria
US-EIN-52-1398742,,active,International NGO,21,cipe_1983,United States of America (the)
NL-KVK-32160247,,active,Private Sector,70,scopeinsight,Netherlands (the)
US-EIN-521338892,,active,International NGO,21,ndi,United States of America (the)
TZ-NNCB-00NGOR100261,,active,National NGO,22,sawaka,"Tanzania, the United Republic of"
XI-ROR-0595gz585,,active,"Academic, Training and Research",80,uog,Ethiopia
SE-ON-845000-0768,,active,International NGO,21,im_sweden,Sweden
KE-RSO-21805,,active,Foundation,60,cpmhf,Kenya
PK-VSWA-DO-SW-JCD-VA-259,,active,Other,90,shifa,Pakistan
SE-ON-802473-4892,,active,National NGO,22,ibp_swe,Sweden
RW-RRA-102234096,,active,Private Sector,70,afrwanda,Rwanda
UG-RSB-80010004091376,,active,Private Sector,70,dwb_africa,Uganda
XI-DUNS-499432771,,active,"Academic, Training and Research",80,nhrc,Ghana
US-SAM-VJ8RGVMEPAT7,,active,National NGO,22,new_digital_trade_coalition,United States of America (the)
US-EIN-770155782,,active,International NGO,21,globalfundforwomen,United States of America (the)
MW-NBM-20125698,,active,International NGO,21,mlw,Malawi
XM-DAC-46027,,active,Multilateral,40,fonplata,Bolivia (Plurinational State of)
BF-MATD-N4217,,active,National NGO,22,abbef,Burkina Faso
XI-ROR-04pznsd21,,active,Private Sector,70,auob,Lebanon
XI-IATI-CLAD,,active,Multilateral,40,clad,Venezuela (Bolivarian Republic of)
GB-CHC-1180966,,active,National NGO,22,mtuk,United Kingdom of Great Britain and Northern Ireland (the)
GB-COH-05327824,,active,International NGO,21,tjn,United Kingdom of Great Britain and Northern Ireland (the)
ZA-CIP-2022-449689-08,,active,Private Sector,70,energycouncilsa,South Africa
FR-INSEE-93282389100019,,active,International NGO,21,piermarc,France
ET-CSA-1560,,active,National NGO,22,eocdicac,Ethiopia
KE-RCO-CPR-2014-161876,,active,National NGO,22,mwa_kenya,Kenya
NL-KVK-86795341,,active,Foundation,60,clim-eat,Netherlands (the)
SL-NRA-1136607-8,,active,National NGO,22,igchr_sierraleone,Sierra Leone
SL-OARG-2420280,,active,National NGO,22,codohsapa,Sierra Leone
GB-COH-08195029,,active,Private Sector,70,finance_earth,United Kingdom of Great Britain and Northern Ireland (the)
US-EIN-52-1780162,,active,International NGO,21,ef-2025,United States of America (the)
US-EIN-35-2725269,,active,International NGO,21,sfa_foundation,(No country assigned)
UG-NGO-INDP51781129NB,,active,Regional NGO,23,rac-001,Uganda
UA-EDR-42661077,,active,National NGO,22,imtd_int_11,Ukraine
TR-VKN-4940457659,,active,National NGO,22,kamer,(No country assigned)
LB-MOI-1589,,active,Other,90,nabad,Lebanon
SE-ON-802435-6613,,active,International NGO,21,sto,Sweden
RS-APR-17742523,,active,Other,90,iucn-ecaro,Serbia
XI-ROR-05eer8g02,,active,"Academic, Training and Research",80,ju,Ethiopia
ZA-NPO-209-239,,active,National NGO,22,c2c,South Africa
SE-ON-252002-6564,,active,,,pmu,Sweden
US-EIN-47-5677755,,active,International NGO,21,ist,United States of America (the)
SE-ON-802478-1141,,active,Foundation,60,rainbow_fund,Sweden
BW-TIN-C00040009106,,active,"Academic, Training and Research",80,university-of-botswana,Botswana
SE-ON-8020028133,,active,,,rfsuip,Sweden
CO-NIT-830101557,,active,National NGO,22,comisionjyp,Colombia
SE-ON-202100-3062,,active,"Academic, Training and Research",80,stockholmuniversity,Sweden
SE-ON-846001-3413,,active,Other,90,rfslmalmoe,Sweden
BR-CNPJ-63762884000131,,active,National NGO,22,kaninde,Brazil
ID-DJP-013236401062000,,active,"Academic, Training and Research",80,cephas,Indonesia
UG-RSB-80034880275658,,active,National NGO,22,hanu,Uganda
BE-BCE_KBO-0461977940,,active,National NGO,22,fdhommes,Belgium
XI-ROR-02phn5242,,active,"Academic, Training and Research",80,uoc,Sri Lanka
UA-EDR-41210108,,active,National NGO,22,ecoaction_ua,Ukraine
CI-MOI-474-MIS-DGAT-SAG-SDVA,,active,National NGO,22,csci_benkadi,Côte d'Ivoire
FI-PRO-00990390-0,,active,Other,90,nefco,Finland
SE-ON-802011-9353,,active,National NGO,22,rfsl_forbundet,Sweden
KE-NCB-218051120898201,,active,National NGO,22,huria,Kenya
RS-PIB-105917159,,active,National NGO,22,partners-serbia,Serbia
LU-RCS-A39060,,active,International NGO,21,ipmc-humanitaire,Luxembourg
ZA-CIP-2025-975529-07,,active,Private Sector,70,sadicointech,South Africa
KH-TIN- K009-100090427,,active,International NGO,21,spir,Cambodia
US-EIN-26-1401736,,active,International NGO,21,last_mile_health,United States of America (the)
GB-CHC-1141471,,active,International NGO,21,gndr,United Kingdom of Great Britain and Northern Ireland (the)
SN-NINEA-40684420VO,,active,National NGO,22,ied,Senegal
SE-ON-802016-9846,,active,,,artikel2,Sweden
UG-RSB-80020000148318,,active,National NGO,22,sspp,Uganda
DE-CR-RA000217-HRB109333,,active,International NGO,21,icsc,Germany
US-EIN-20-364204,,active,International NGO,21,asylum_access,United States of America (the)
AU-ABN-13629885918,,active,"Academic, Training and Research",80,cei,Australia
XI-ROR-03fkc8c64,,active,"Academic, Training and Research",80,uwi,Jamaica
SE-ON-857206-6689,,active,International NGO,21,airclim,Sweden
NP-SWC-15652,,active,National NGO,22,n_a,Nepal
TZ-TRA-132-359-466,,active,"Academic, Training and Research",80,akut,"Tanzania, the United Republic of"
SV-NIT-9498-180400-101-7,,active,National NGO,22,nimd_sv,NETHERLAND ANTILLES
NL-KVK-97917869,,active,Private Sector,70,gpp,Netherlands (the)
ZA-COA-31470,,active,"Academic, Training and Research",80,hsrc,South Africa
GT-NIT-7102259,,active,National NGO,22,ceiba,Guatemala
MD-IDNO-1022620011229,,active,National NGO,22,hamd,Moldova (the Republic of)
UG-NGO-INDR4355781NB,,active,National NGO,22,cedovip,Uganda
SE-ON-894003-1266,,active,Other,90,fsuf,Sweden
SE-ON-855100-9882,,active,National NGO,22,jordens_vanner,Sweden
GB-COH-09297498,,active,Private Sector,70,mom_incubators,United Kingdom of Great Britain and Northern Ireland (the)
SE-ON-802011-1582,,active,Foundation,60,fryshuset,Sweden
ET-CSA-7632,,active,National NGO,22,haeth,Ethiopia
TZ-NNCB-OONGO-00010200,,active,National NGO,22,bufadeso,"Tanzania, the United Republic of"
SE-ON-802404-9150,,active,International NGO,21,plan,Sweden
US-EIN-27-0915757,,active,International NGO,21,dial,United States of America (the)
KE-NCB-90769,,active,,,atps,Kenya
SE-ON-802497-7434,,active,National NGO,22,iogt-ntomovement,Sweden
SE-ON-802501-4732,,active,National NGO,22,u2l,Sweden
BR-CNPJ-05357888-0001-38,,active,,,anac,Brazil
SE-ON-802002-8711,,active,International NGO,21,src,Sweden
TZ-NNCB-00NGO0008925,,active,National NGO,22,tabio,"Tanzania, the United Republic of"
LB-MOI-1103,,active,International NGO,21,adyan,Lebanon
SE-ON-252004-7131,,active,National NGO,22,ucs,Sweden
SE-ON-814000-8643,,active,,,hihswe,Sweden
BD-NAB-2837,,active,National NGO,22,ark_foundation,Bangladesh
SE-ON-802002-4280,,active,National NGO,22,ssnc,Sweden
NL-KVK-27286042,,active,International NGO,21,icm,Netherlands (the)
GH-TIN-V0004162595,,active,,,noguchi,Ghana
SE-ON-886500-3910,,active,Regional NGO,23,abfhalsingland,Sweden
NG-TIN-18941011-0001,,active,Government,10,ncdc,Nigeria
GB-SC-007983,,active,"Academic, Training and Research",80,rbge,United Kingdom of Great Britain and Northern Ireland (the)
MW-NBM-NGOI12005,,active,,,ageafrica,Malawi
SE-ON-802013-3420,,active,National NGO,22,bris,Sweden
SE-ON-802402-9376,,active,National NGO,22,myright,Sweden
SE-ON-802536-7759,,active,,,beredskapslyftet,Sweden
ZM-PCR-120190005001,,active,National NGO,22,bloggerszm,Zambia
AF-MOE-956,,active,National NGO,22,aoad,Afghanistan
ZA-CIP-1999-012979-08,,active,National NGO,22,isandla,South Africa
KE-KRA-P051637065Q,,active,International NGO,21,hrok_kwtrp,Kenya
DE-CR-RA000217-HRB196905,,active,Regional NGO,23,syrian_archive,Germany
IN-MCA-ACH-1007,,active,Private Sector,70,chip-llp,India
BO-NIT-1020347026,,active,National NGO,22,sos_bolivia,Bolivia (Plurinational State of)
SE-ON-802400-5046,,active,National NGO,22,framtidsjorden,Sweden
SE-ON-802014-4294,,active,,,utou,Sweden
AM-SRALE-222.160.00137,,active,"Academic, Training and Research",80,aua_fund,Armenia
SE-ON-802465-2987,,active,National NGO,22,kou,Sweden
CA-CRA_ACR-833634678RR0001,,active,,,acf_canada,Canada
BI-NIF-4001484502,,active,,,asovb,Burundi
ZM-RNGO-1010019,,active,National NGO,22,childline_zambia,Zambia
SE-ON-802521-8119,,active,Partner Country based NGO,24,phi,Sweden
XM-DAC-41317,,active,,,gcf,Korea (the Republic of)
CH-FDJP-CHE-100788251,,active,International NGO,21,scgv,Switzerland
NG-CAC-IT181526,,active,Partner Country based NGO,24,cac,Nigeria
SE-ON-802004-5681,,active,National NGO,22,lag,Sweden
ZA-CIPC-2004-030488-08,,active,Foundation,60,nbf2025x,South Africa
SE-ON-802014-0763,,active,Foundation,60,sei,Sweden
CO-NIT-830008886,,active,Private Sector,70,rnm,Colombia
GB-COH-00559784,,active,"Academic, Training and Research",80,pirbright_institute,United Kingdom of Great Britain and Northern Ireland (the)
UA-EDR-38621206,,active,National NGO,22,r2p,Ukraine
UA-COA-44916875,,active,National NGO,22,vs,Ukraine
SE-ON-802002-3209,,active,National NGO,22,smc,Sweden
SE-ON-802481-2953,,active,Foundation,60,irc_sweden,Sweden
GB-COH-08239074,,active,Private Sector,70,vfw,United Kingdom of Great Britain and Northern Ireland (the)
UG-NGO-INDR1251581NB,,active,National NGO,22,gkfu,Uganda
AM-SRALE-222.160.1285221,,active,Foundation,60,ddf,Armenia
SE-ON-802011-1442,,active,International NGO,21,crd,Sweden
CH-FDJP-CHE305100662,,active,Foundation,60,p4p,Switzerland
BD-ROC-C-107131-13,,active,Private Sector in Third Country,73,shestem,Bangladesh
SE-ON-802400-7620,,active,International NGO,21,forumciv_sweden,Sweden
SE-ON-802004-7737,,active,National NGO,22,fb,Sweden
TZ-TRA-106-620-059,,active,National NGO,22,maperece,"Tanzania, the United Republic of"
US-EIN-20-0097189,,active,Foundation,60,mozilla-foundation,United States of America (the)
TZ-NNCB-INGO-R1-00149,,active,International NGO,21,gc_tanzania,"Tanzania, the United Republic of"
MZ-MOJ-105040119,,active,National NGO,22,ham,Mozambique
BA-JIB-4402093280003,,active,National NGO,22,nova_generacija,Bosnia and Herzegovina
XM-DAC-46007,,active,Multilateral,40,bcie,Honduras
SE-ON-802003-3083,,active,National NGO,22,svalornala,Sweden
CA_AB-ABT-555,,active,"Academic, Training and Research",80,test-stellar,Colombia
SE-ON-845000-4240,,active,National NGO,22,sib,Sweden
LS-HEI-HEI-CRL-20252CNT-3132004,,active,"Academic, Training and Research",80,leboha,Lesotho
TJ-TIN-020025789,,active,,,le,Tajikistan
XI-ROR-01znkr924,,active,"Academic, Training and Research",80,mu,Thailand
MU-CR-C08077130,,active,National NGO,22,miod,Mauritius
KE-NCB-NGO-RQUL6GR,,active,Regional NGO,23,ve,Kenya
SE-ON-802405-7815,,active,National NGO,22,sosbarnbyar,Sweden
IN-MHA-010260407,,active,National NGO,22,nctindia,India
AU-ABN-23068075525,,active,National NGO,22,tia,Australia
US-EIN-99-2897200,,active,International NGO,21,p2h,United States of America (the)
XM-DAC-47105,,active,Multilateral,40,cfc,(No country assigned)
US-EIN-13-4164140,,active,,,ifrsfoundation,United States of America (the)
SE-ON-202100-0555,,active,Other Public Sector,15,socialstyrelsen,Sweden
PK-SEC-0254720,,active,National NGO,22,faid,Pakistan
UG-NGO-INDR172356745NB,,active,National NGO,22,smcsf,Uganda
BR-CNPJ-32121994-0001-90,,active,Partner Country based NGO,24,ieps,Brazil
UA-EDR-42631173,,active,National NGO,22,uda,Ukraine
SE-ON-802428-9103,,active,National NGO,22,bukobahjalpen,Sweden
XI-WIKIDATA-2024,,active,Private Sector,70,young_innovation_production_test,Nepal
SE-ON-802452-8500,,active,National NGO,22,rf,Sweden
MZ-MOJ-100110148,,active,National NGO,22,ja,Mozambique
SE-ON-802009-9258,,active,National NGO,22,pgs,Sweden
SE-ON-802016-0654,,active,International NGO,21,sfhr,Sweden
PE-RUC-20610511954,,active,National NGO,22,recambio,Peru
SE-ON-802457-8950,,active,,,asov,Sweden
SE-ON-817602-2302,,active,Foundation,60,life_peace_institute,Sweden
GB-SC-SC048523,,active,International NGO,21,kidsor,United Kingdom of Great Britain and Northern Ireland (the)
EC-RUC-1791733924001,,active,National NGO,22,altropico,Ecuador
CH-FDJP-CHE259180555,,active,Private Sector,70,rift_partners,Switzerland
TZ-NNCB-06NGO-00010000,,active,National NGO,22,ewaki-2026,"Tanzania, the United Republic of"
GB-GOV-28,,active,Other Public Sector,15,mhra,United Kingdom of Great Britain and Northern Ireland (the)
MX-RFC-UAQ510111MQ9,,active,"Academic, Training and Research",80,uaq,Mexico
CO-NIT-901269139,,active,National NGO,22,fundacion_oxfam_colombia,Colombia
KE-KRA-P051915774Y,,active,Other,90,arin,Kenya
IN-MHA-231660448,,active,National NGO,22,ccdc_india,India
TG-NIF-1000047187,,active,International NGO,21,wildafao,Togo
CH-FDJP-CHE365512867,,active,International NGO,21,ncdalliance,Switzerland
XI-ROR-0405n5e57,,active,Government,10,nimhans,India
SE-ON-802416-0262,,active,National NGO,22,fredenshus,Sweden
SE-ON-802539-4035,,active,International NGO,21,adra-sweden,Sweden
GB-COH-07921860,,active,Other Public Sector,15,iigcc,United Kingdom of Great Britain and Northern Ireland (the)
MZ-MOJ-100493543,,active,National NGO,22,apite,Mozambique
GB-COH-12075030,,active,Private Sector in Provider Country,71,ica,United Kingdom of Great Britain and Northern Ireland (the)
GB-CHC-1111719,,active,Foundation,60,aaf,United Kingdom of Great Britain and Northern Ireland (the)
TZ-NNCB-00NGO00009862,,active,National NGO,22,mviwanya,"Tanzania, the United Republic of"
UA-EDR-45583070,,active,National NGO,22,vruna,Ukraine
XI-ROR-01ej9dk98,,active,"Academic, Training and Research",80,unimelb,Australia
TH-MOI-KhorThor3005,,active,Foundation,60,tlhr,Thailand
SE-ON-252002-6135,,active,Other,90,cos,Sweden
SE-ON-802402-6521,,active,International NGO,21,cwb-sweden,Sweden
GB-UKPRN-10001282,,active,"Academic, Training and Research",80,northumbriauni,United Kingdom of Great Britain and Northern Ireland (the)
SE-ON-202100-5984,,active,Government,10,mcf,Sweden
XI-ROR-03GH19D6,,active,"Academic, Training and Research",80,unza,Zambia
MW-RG-11429,,active,International NGO,21,pih,Malawi
US-SAM-P8V7YEC1GN34,,active,Private Sector,70,pangeaafrica,Ghana
ZA-CIP-2025-956558-08,,active,Other,90,iff-npc,South Africa
ZA-CIT-9063151162,,active,"Academic, Training and Research",80,ukzn,South Africa
MZ-MOJ-821-B,,active,Partner Country based NGO,24,asa,Mozambique
BR-CNPJ-01567601-0001-43,,active,"Academic, Training and Research",80,ufg,Brazil
ET-CSA-0067,,active,National NGO,22,tsda,Ethiopia
CR-RPJ-3-002-248583,,active,National NGO,22,coecoceiba,Costa Rica
TZ-NNCB-00NGO-R-4900,,active,,,okia-tz,"Tanzania, the United Republic of"
FR-RCS-83162039800030,,active,International NGO,21,alima,France
FR-RCS-92460256800025,,active,Multilateral,40,ifpim,France
SE-ON-802013-1333,,active,National NGO,22,opc,Sweden
IN-MHA-094421947,,active,Partner Country based NGO,24,iphbengaluru,India
SE-ON-826000-8696,,active,National NGO,22,swefor_,Sweden
SE-ON-857205-8694,,active,,,ps,Sweden
TH-TIN-0105553024381,,active,Private Sector,70,rapid-asia,Thailand
PK-VSWA-2172-2003,,active,National NGO,22,idea_pakistan,Pakistan
SE-ON-802426-1664,,active,Foundation,60,fsd,Sweden
BE-BCE_KBO-0711.985.839,,active,International NGO,21,wcs_eu_aisbl,Belgium
KG-OKPO-22766033,,active,Other,90,el-too,Kyrgyzstan
SE-ON-802494-7882,,active,,,lyktansweden,Sweden
ZW-PVO-039-05,,active,National NGO,22,abdo,Zimbabwe
NG-TIN-01535622-0001,,active,Government,10,fmcabk2025,Nigeria
KE-NCB-21805199941329,,active,National NGO,22,creawkenya_2025,Kenya
IN-PAN-AAETN9841L,,active,National NGO,22,nsgoindia,India
NL-KVK-78318424,,active,Private Sector,70,zim,Netherlands (the)
SE-ON-802489-3680,,active,International NGO,21,cto,Sweden
SE-ON-802426-0807,,active,Foundation,60,wcpf,Sweden
PH-SEC-AN96001837,,active,National NGO,22,wwfph,Philippines (the)
KE-KRA-P000598593S,,active,"Academic, Training and Research",80,akuk,Kenya
LB-MOI-249647,,active,National NGO,22,amel-1979,Lebanon
GH-TIN-V0004994299,,active,,,kccr,Ghana
SL-OARG-1069356-4,,active,"Academic, Training and Research",80,slurc,Sierra Leone
GB-CHC-1193984,,active,Foundation,60,vodafonefoundation,United Kingdom of Great Britain and Northern Ireland (the)
GB-UKPRN-10007800,,active,"Academic, Training and Research",80,uwestscot,United Kingdom of Great Britain and Northern Ireland (the)
SE-ON-846003-9020,,active,,,barnfonden,Sweden
ID-DJP-730720232711000,,active,National NGO,22,bnf,Indonesia
SE-ON-802001-6047,,active,National NGO,22,ikff,Sweden
SE-ON-802402-5143,,active,National NGO,22,fairtrade_sweden,Sweden
SE-ON-802490-6953,,active,International NGO,21,acting4change,Sweden
UA-EDR-34183275,,active,National NGO,22,sos_cv_ua,Ukraine
XI-ROR-026A3NK20,,active,,,sbisr,India
NA-NAMRA-00562068,,active,"Academic, Training and Research",80,unam_92,Namibia
US-EIN-84-4785944,,active,International NGO,21,mightyearth,United States of America (the)
BJ-IFU-6201002029400,,active,National NGO,22,cerrhud,Benin
KG-OKPO-27730330,,active,National NGO,22,isds,Kyrgyzstan
EC-RUC-2191725959001,,active,National NGO,22,udapt,Ecuador
SE-ON-802467-0195,,active,,,cag_sweden,Sweden
TZ-BRLA-134614,,active,Private Sector,70,rsk-ea,"Tanzania, the United Republic of"
UA-EDR-36121231,,active,National NGO,22,networkrivne,Ukraine
XI-GRID-grid.7123.7,,active,"Academic, Training and Research",80,aau-chs,Ethiopia
ID-DJP-013745104071000,,active,Foundation,60,ylbhi,Indonesia
MM-MHA-0072-2022,,active,National NGO,22,am,Myanmar
XM-DAC-22-2,,active,Government,10,luxaid,Luxembourg
SE-ON-802012-8081,,active,International NGO,21,vi-skogen,Sweden
SE-ON-802546-9514,,active,International NGO,21,sfli,Sweden
SE-ON-802431-3044,,active,International NGO,21,actionaid_sweden,Sweden
SE-ON-802477-9269,,active,Foundation,60,ose,Sweden
IN-MHA-271820001,,active,Regional NGO,23,sngt,India
TZ-NNCB-4196,,active,National NGO,22,hat,"Tanzania, the United Republic of"
SE-ON-802426-1268,,active,International NGO,21,wateraidsweden,Sweden
ET-ERCA-0056106666,,withdrawn,Regional NGO,23,et-adf-0317,Ethiopia
GB-1-201879-115,"Wheeler Institute for Business and Development, Escuela de Negocios de Londres",withdrawn,"Academic, Training and Research",80,wheeler,United Kingdom
