code,name,status,codeforiati:organisation-type-code,codeforiati:registry-identifier,codeforiati:hq-country-or-region,codeforiati:organisation-type
AU-5,Australia - Department of Foreign Affairs and Trade,active,10,ausgov,Australia,Government
44000,The World Bank,active,40,worldbank,(No country assigned),Multilateral
US-EIN-941655673,The William and Flora Hewlett Foundation,active,60,hewlett-foundation,United States,Foundation
41AAA,United Nations Office for Project Services (UNOPS),active,40,unops,(No country assigned),Multilateral
GB-CHC-1038860,Frontline AIDS,active,21,f-aids,United Kingdom,International NGO
XI-IATI-EC_INTPA,European Commission - International Partnerships,active,15,ec-intpa,(No country assigned),Other Public Sector
XI-IATI-EC_DEVCO,European Commission - International Cooperation and Development,withdrawn,15,ec-devco,(No country assigned),Other Public Sector
SE-0,"Sweden, through Swedish International Development Cooperation Agency (Sida)",active,10,sida,Sweden,Government
CA-CRA-89980-1815-RR0001,Engineers Without Borders Canada,active,21,ewb_canada,Canada,International NGO
XM-DAC-41114,United Nations Development Programme (UNDP),active,40,undp,(No country assigned),Multilateral
GB-CHC-1075920,Indigo Trust,active,60,indtrust,United Kingdom,Foundation
GB-CHC-202918,Oxfam GB,active,21,oxfamgb,United Kingdom,International NGO
FI-3,Finland - Ministry for Foreign Affairs,active,10,finland_mfa,Finland,Government
IE-CHY-6663,Self Help Africa,active,21,self-help-africa,Ireland,International NGO
47045,"The Global Fund to Fight AIDS, Tuberculosis and Malaria",active,40,theglobalfund,Switzerland,Multilateral
XM-DAC-46004,Asian Development Bank,active,40,asdb,(No country assigned),Multilateral
46004,Asian Development Bank,withdrawn,40,asdb,(No country assigned),Multilateral
GB-COH-07676886,Publish What You Fund,active,21,pwyf,United Kingdom,International NGO
NO-BRC-977538319,Norwegian Refugee Council,active,21,nrc,Norway,International NGO
NL-KVK-41213450,SPARK,active,21,spark,Netherlands,International NGO
XM-DAC-3-1,"Denmark - Ministry of Foreign Affairs, Danida",active,10,danida,Denmark,Government
GB-CHC-285776,Catholic Agency For Overseas Development (CAFOD),active,21,cafod,United Kingdom,International NGO
47122,"Gavi, the vaccine alliance",active,30,gavi,Switzerland,Public Private Partnership
US-EIN-300108263,GlobalGiving.org,active,21,globalgiving,United States,International NGO
GB-CHC-1029161,Camfed International,active,21,camfed,United Kingdom,International NGO
GB-CHC-291691,All We Can (formerly Methodist Relief and Development Fund),active,21,allwecan,United Kingdom,International NGO
GB-CHC-1074937,ADRA-UK,active,21,adrauk,United Kingdom,International NGO
GB-CHC-1017255,Homeless International,active,21,hi,United Kingdom,International NGO
GB-COH-4905100,Resource Extraction Monitoring,active,21,rem,United Kingdom,International NGO
NP-CRO-45995/063/064,Young Innovations Pvt. Ltd,active,80,yipl,Nepal,"Academic, Training and Research"
GB-CHC-327421,Article19,active,21,art19,United Kingdom,International NGO
GB-CHC-328434,ChildHope UK,active,21,childhopeuk,United Kingdom,International NGO
GB-CHC-1092236,Concern Worldwide UK,active,21,concernuk,United Kingdom,International NGO
GB-COH-4075590,LEAD International,active,21,lead_international,United Kingdom,International NGO
XM-DAC-21033,Transparency International Secretariat,active,21,transparency-international,Germany,International NGO
GB-CHC-1141028,AfriKids,active,21,afrikids,United Kingdom,International NGO
GB-CHC-1089879,EveryChild,active,21,evc,United Kingdom,International NGO
GB-CHC-1126727,MapAction,active,21,mapaction,United Kingdom,International NGO
GB-CHC-254781,The International Children's Trust,active,21,theict,United Kingdom,International NGO
GB-COH-NI21482,Trocaire (Northern Ireland),active,21,troc,United Kingdom,International NGO
GB-CHC-1001698,Interact Worldwide,active,21,iww_publish,United Kingdom,International NGO
GB-CHC-1837621,Health Poverty Action,active,21,hpa,United Kingdom,International NGO
GB-CHC-313139,Africa Educational Trust,active,21,aet,United Kingdom,International NGO
GB-CHC-800672,Living Earth Foundation,active,21,livingearth12,United Kingdom,International NGO
GB-COH-0277068,Fauna & Flora International,active,21,ffi_publisher,United Kingdom,International NGO
GB-CHC-1020488,Children in Crisis,active,21,cic,United Kingdom,International NGO
GB-CHC-1090745,ICA:UK,active,22,icauk,United Kingdom,National NGO
GB-CHC-298316,Build Africa,active,21,buildafrica,United Kingdom,International NGO
GB-CHC-265464,Tearfund,active,21,tearfund,United Kingdom,International NGO
GB-CHC-208724,War on Want,active,21,waronwant,United Kingdom,International NGO
GB-COH-06587734,InterClimate Network,active,21,icn,United Kingdom,International NGO
GB-COH-2082273,World Association for Christian Communication (UK),active,21,wacc-uk,United Kingdom,International NGO
GB-CHC-1064413,African Initiatives,active,21,ai_1064413,United Kingdom,International NGO
GB-COH-05322719,Opportunity International UK,active,21,opportunity-international-uk,United Kingdom,International NGO
GB-SC-SC030289,Mercy Corps Europe,active,21,mce,United Kingdom,International NGO
GB-COH-1100897,Aga Khan Foundation (United Kingdom),active,21,akfuk73,United Kingdom,International NGO
GB-CHC-1001349,Samaritan's Purse UK,active,21,spuk,United Kingdom,International NGO
GB-CHC-327461,Karuna Trust,active,21,karuna,United Kingdom,International NGO
GB-COH-4887855,HealthProm,active,21,hp_12,United Kingdom,International NGO
GB-CHC-207076,Royal Society for the Protection of Birds,active,21,rspb_,United Kingdom,International NGO
GB-CHC-299717,Send a Cow,active,21,sendacow,United Kingdom,International NGO
GB-CHC-1069208,Trust for Africa's Orphans,active,21,tao-03473165,United Kingdom,International NGO
GB-CHC-283302,Agency for Cooperation and Research in Development (ACORD),active,21,acord,United Kingdom,International NGO
GB-CHC-1068839,Bond,active,22,bond,United Kingdom,National NGO
GB-CHC-291824,Twin,active,21,twin-iati,United Kingdom,International NGO
GB-CHC-1059996,Power International,active,21,power,United Kingdom,International NGO
GB-CHC-1102028,Canon Collins Trust,active,21,canoncollinstrust,United Kingdom,International NGO
GB-COH-5419428,Water & Sanitation for the Urban Poor (WSUP),active,30,wsup,United Kingdom,Public Private Partnership
GB-COH-03877777,British International Investment plc,active,15,bii,United Kingdom,Other Public Sector
GB-CHC-328206,Womankind Worldwide,active,21,womankindworld,United Kingdom,International NGO
GB-CHC-281681,"Friends of the Earth England, Wales and Northern Ireland",active,22,foe_ewni,United Kingdom,National NGO
GB-CHC-272465,United Purpose,active,21,cu,United Kingdom,International NGO
GB-CHC-1125948,PONT,active,21,pont,United Kingdom,International NGO
GB-CHC-1138287,Rainforest Foundation UK,active,21,rfuk,United Kingdom,International NGO
41120,UN-Habitat,active,40,unhabitat,(No country assigned),Multilateral
GB-COH-04154075,Penal Reform International,active,21,pri,United Kingdom,International NGO
GB-CHC-288701,WaterAid,active,21,wateraid,United Kingdom,International NGO
GB-CHC-291167,Jeevika Trust,active,21,jeevika_trust,United Kingdom,International NGO
GB-CHC-313757,Voluntary Service Overseas (VSO),active,21,vso,United Kingdom,International NGO
GB-COH-1364201,Plan International UK,active,21,plan_uk,United Kingdom,International NGO
XM-DAC-21032,Population Service International,active,21,psi,United States,International NGO
21032,Population Service International,withdrawn,21,psi,United States,International NGO
GB-COH-213890,Save the Children UK,active,21,scuk,United Kingdom,International NGO
NL-KVK-41198677,Hivos,active,21,stichting_hivos,Netherlands,International NGO
ZA-NPO-061-870,Southern African Catholic Bishops' Conference Aids Office,active,23,sacbc,South Africa,Regional NGO
CH-FDJP-CHE-110347351,The Global Alliance for Improved Nutrition,active,21,gain,Switzerland,International NGO
30001,The Global Alliance for Improved Nutrition,withdrawn,21,,Switzerland,International NGO
GB-CHC-1127206,StreetInvest,active,21,si,United Kingdom,International NGO
GB-CHC-1055436,Conciliation Resources,active,21,cr,United Kingdom,International NGO
GB-CHC-1115482,BRAC UK,active,21,bracuk,United Kingdom,International NGO
ZA-NPO-036-515,Gender Links,active,23,gl,South Africa,Regional NGO
ZA-CIP-2001-005850-08,Gender Links,withdrawn,23,gl,South Africa,Regional NGO
ZA-CIPC-2001/005850/08,Gender Links,withdrawn,23,gl,South Africa,Regional NGO
GB-CHC-218186,Leonard Cheshire Disability,active,21,lcd_admin,United Kingdom,International NGO
GB-COH-3008440,Forests Monitor,active,21,fm,United Kingdom,International NGO
GB-COH-2100867,SOS Sahel International UK,active,21,sossaheluk,United Kingdom,International NGO
GB-CHC-1065705,Survivors Fund (SURF),active,21,surf,United Kingdom,International NGO
GB-CHC-1122924,Developments In Literacy Trust UK,active,21,diltuk,United Kingdom,International NGO
GB-CHC-292506,CARE International UK,active,21,ciuk,United Kingdom,International NGO
GB-CHC-328158,Islamic Relief Worldwide,active,21,irw,United Kingdom,International NGO
GB-CHC-229476,International Planned Parenthood Federation,active,21,ippf,United Kingdom,International NGO
GB-CHC-326568,Charity Projects Ltd (Comic Relief),active,60,cprojects,United Kingdom,Foundation
XM-DAC-41111,United Nations Capital Development Fund,active,40,uncdf,United States,Multilateral
NL-CCI-20081098,BRAC International,withdrawn,21,bracintl,Netherlands,International NGO
GB-CHC-1098106,Relief International UK,active,21,ri-uk,United Kingdom,International NGO
GB-CHC-1071886,TB Alert,active,21,tbalert,United Kingdom,International NGO
XM-DAC-41146,UN Women,active,40,unw,(No country assigned),Multilateral
TZ-BRE-63966,Twaweza,active,23,twaweza,"Tanzania, United Republic of",Regional NGO
GB-CHC-1104287,MicroLoan Foundation,active,21,mlf,United Kingdom,International NGO
GB-CHC-1152010,Child-to-Child,active,21,ctc,United Kingdom,International NGO
GB-CHC-1105851,Christian Aid,active,21,caid,United Kingdom,International NGO
GB-CHC-1139083,Grow Movement,active,80,growmovement_admin,United Kingdom,"Academic, Training and Research"
GB-CHC-1079358,Motivation,active,21,motivation,United Kingdom,International NGO
US-EIN-27-5026293,Disability Rights Fund,active,21,drf,United States,International NGO
US-USAGOV,United States,withdrawn,10,unitedstates,United States,Government
GB-CHC-1081247,WWF-UK,active,21,wwf-uk,United Kingdom,International NGO
GB-COH-1102208,MSI Reproductive Choices,active,21,msi,United Kingdom,International NGO
GB-CHC-207544,Sightsavers,active,21,ss-org,United Kingdom,International NGO
GB-COH-03788027,Triple Line,active,70,tripleline_crownagents,United Kingdom,Private Sector
GB-CHC-1058991,Railway Children,active,21,rc,United Kingdom,International NGO
GB-CHC-1140123,Vision for a Nation Foundation,active,21,vfan,United Kingdom,International NGO
21-PK-WWF,World Wide Fund for Nature - Pakistan,active,21,wwfpakistan,Pakistan,International NGO
NL-KVK-27264198,ActionAid International,active,21,aai,Netherlands,International NGO
XI-IATI-IADB,Inter-American Development Bank,active,40,iadb,(No country assigned),Multilateral
GB-CHC-327519,Zimbabwe Educational Trust,active,21,zet,United Kingdom,International NGO
GB-COH-871954,Practical Action,active,21,pa,United Kingdom,International NGO
GB-CHC-1127488,Restless Development,active,21,restless,United Kingdom,International NGO
GB-COH-2153193,International Alert,active,21,international-alert,United Kingdom,International NGO
DE-1,Germany - Ministry for Economic Cooperation and Development,active,10,bmz,Germany,Government
GB-CHC-1099776,Malaria Consortium,active,21,malariaconsortium,United Kingdom,International NGO
GB-CHC-1078768,People In Aid,active,21,peopleinaid,United Kingdom,International NGO
47135,Climate Investment Funds,active,40,cif,"Bilateral, unspecified",Multilateral
IN-,MAMTA - Health Institute for Mother and Child,active,22,mamta_himc,India,National NGO
ciks,Centre for Indian Knowledge Systems,active,80,ciks,India,"Academic, Training and Research"
GB-CHC-1070684,Cord,active,23,cord,United Kingdom,Regional NGO
GB-GOV-6,UK - Home Office,active,10,homeoffice,United Kingdom,Government
US-EIN-13-2702768,Pact,active,21,pact,United States,International NGO
GB-CHC-1071659,War Child UK,active,21,wcuk,United Kingdom,International NGO
GB-CHC-1107403,GOAL,active,21,goal,Ireland,International NGO
GB-COH-3578127,Ethical Trading Initiative,active,21,eti,United Kingdom,International NGO
GPAF-IMP-031,Development Aid from People to People (DAPP) Malawi,active,22,dapp,Malawi,National NGO
XM-DAC-41122,United Nations Children's Fund (UNICEF),active,40,unicef,(No country assigned),Multilateral
US-IRS-562339052,CDA Collaborative Learning Projects,active,21,cda,United States,International NGO
SL-NRA-1001562-8,"Medical Research Centre (MRC), Sierra Leone",active,22,mrc-sierra-leone,Sierra Leone,National NGO
GB-SC-SC035314,Scotland's International Development Alliance,active,23,sinda,United Kingdom,Regional NGO
XM-DAC-41140,United Nations World Food Programme (WFP),active,40,wfp,Italy,Multilateral
BE-BCE_KBO-0462279234,ACODEV,active,22,acodev,Belgium,National NGO
IE-CHY-6410,Dóchas - Irish Association of Non Governmental Development Organisations,active,22,dochas,Ireland,National NGO
GB-COH-01926828,Farm Africa,active,21,fa,United Kingdom,International NGO
IN-AR-775,Pragya India,active,22,pragya,India,National NGO
GB-CHC-1109789,Y Care International,active,21,ycare,United Kingdom,International NGO
GB-CHC-1115109,Women for Women International (UK),active,21,wfwiuk,United Kingdom,International NGO
GB-CHC-274467,ActionAid UK,active,21,aauk,United Kingdom,International NGO
NG-CAC-5938,Association for Reproductive and Family Health,active,22,arfh,Nigeria,National NGO
XM-DAC-46002,African Development Bank,active,40,afdb,(No country assigned),Multilateral
46002,African Development Bank,withdrawn,40,afdb,(No country assigned),Multilateral
NL-KVK-27327087,Akvo Foundation,active,21,akvo,Netherlands,International NGO
GB-CHC-1043843,Saferworld,active,21,saferworld,United Kingdom,International NGO
XM-DAC-41119,United Nations Population Fund,active,40,unfpa,(No country assigned),Multilateral
41119,United Nations Population Fund,withdrawn,40,unfpa,(No country assigned),Multilateral
NP-DAO-27-127/062/063,Freedom Forum,active,22,ff,Nepal,National NGO
GB-CHC-1045348,Afghanaid,withdrawn,21,afghanaid,United Kingdom,International NGO
NZ-1,New Zealand - Ministry of Foreign Affairs and Trade - New Zealand Aid Programme,active,10,mfat,New Zealand,Government
CA-3,Canada - Global Affairs Canada | Affaires mondiales Canada,active,10,gac-amc,Canada,Government
XI-IATI-EC_FPI,European Commission - Service for Foreign Policy Instruments,active,15,ec-fpi,"Europe, regional",Other Public Sector
XI-IATI-EC_NEAR,European Commission - Neighbourhood and Enlargement Negotiations,active,15,ec-near,(No country assigned),Other Public Sector
ES-DIR3-E04585801,Spain - Ministry of Foreign Affairs and Cooperation,active,10,maec,Spain,Government
GB-COH-1762840,HelpAge International,active,21,helpage_international,United Kingdom,International NGO
SACU,Send a Cow Uganda,active,22,sacu,Uganda,National NGO
XM-DAC-21-1,Ireland - Department of Foreign Affairs,active,10,irishaid,Ireland,Government
GB-GOV-9,UK - Department for Work and Pensions,active,10,dwp,United Kingdom,Government
GB-GOV-GB-9,UK - Department for Work and Pensions,withdrawn,10,dwp,United Kingdom,Government
GB-9,UK - Department for Work and Pensions,withdrawn,10,dwp,United Kingdom,Government
GB-CHC-1120932,Network for Africa,active,21,network4africa,United Kingdom,International NGO
GB-CC-1098893,Blue Ventures Conservation,active,21,blueventures,United Kingdom,International NGO
GB-CHC-1114944,iPartner India,active,21,ip-india,United Kingdom,International NGO
GB-SC-SC037959,Link Community Development Scotland,active,21,lcds,United Kingdom,International NGO
GB-COH-07629751,Digital Campus,active,80,dc,United Kingdom,"Academic, Training and Research"
ZA-NPO-013484,Heifer International South Africa,active,22,hsa,South Africa,National NGO
XI-IATI-EC_ECHO,European Commission - Humanitarian Aid & Civil Protection,active,15,ec-echo,(No country assigned),Other Public Sector
TN-TIN-102123727,CUAMM Trustees,active,22,cuammtrustees,"Tanzania, United Republic of",National NGO
GB-GOV-10,UK - Department of Health and Social Care (DHSC),active,10,dhsc,United Kingdom,Government
GB-CHC-1120413,MICAIA,active,21,mic-uk,United Kingdom,International NGO
US-IRS-13-5661832,Plan International USA,active,21,plan_usa,United States,International NGO
GB-CHC-1096908,Afghanistan and Central Asian Association,active,21,acaa,United Kingdom,International NGO
GB-COH-RC000346,UK - Medical Research Council,active,10,mrc,United Kingdom,Government
KE-NGC-3372,I Choose Life Africa,active,22,ke-ngc-3372,Kenya,National NGO
GB-CHC-1065972,International Rescue Committee UK,active,21,irc_uk,United Kingdom,International NGO
GB-COH-06407873,HTSPE,active,70,htspe,United Kingdom,Private Sector
GB-CHC-1024903,Hospice Africa Ltd,active,80,hauk,United Kingdom,"Academic, Training and Research"
GB-CHC-326859,Able Child Africa,active,21,ablechildafrica,United Kingdom,International NGO
NP-SWC-13712,Global Action Nepal,active,22,gan,Nepal,National NGO
GB-COH-2732176,Adam Smith International,active,70,asi,United Kingdom,Private Sector
US-EIN-131837418,The Foundation Center,active,21,foundation_center,United States,International NGO
GB-COH-4884328,Integrity Action,active,21,integrity_action,United Kingdom,International NGO
CH-4,Switzerland - Swiss Agency for Development and Cooperation (SDC),active,10,sdc_ch,Switzerland,Government
GB-CHC-1078803,Bees for Development Trust,active,21,beesfordevelopment,United Kingdom,International NGO
FR-SIRET-4028868160030,ACTED,active,21,acted,France,International NGO
XM-DAC-7,Netherlands - Ministry of Foreign Affairs,active,10,minbuza_nl,Netherlands,Government
GB-CHC-289036,Emmanuel International UK,active,21,eiuk,United Kingdom,International NGO
GB-CHC-291333,Feed the Minds,active,21,ftm-291333,United Kingdom,International NGO
NP-DAO-27-689/063/064,NGO Federation of Nepal,active,22,nfn,Nepal,National NGO
GB-COH-03259922,Crown Agents Limited,active,70,cal,United Kingdom,Private Sector
GB-COH-04589451,ARK (Absolute Return for Kids),active,21,ark,United Kingdom,International NGO
GB-CHC-290836,APT Action on Poverty,active,21,apt,United Kingdom,International NGO
KE-NGCB-149,SOS Children's Villages Kenya,active,21,soscvkenya,Kenya,International NGO
GB-CHC-1083008,MAG,active,21,mag,United Kingdom,International NGO
GB-CHC-1098752,Target TB,active,21,targettb,United Kingdom,International NGO
XM-DAC-41127,United Nations Office for the Coordination of Humanitarian Affairs (OCHA),active,40,unocha,Switzerland,Multilateral
GB-COH-1858644,DAI Global UK,active,70,dai-e,United Kingdom,Private Sector
GB-CHC-1087997,Stars Foundation,active,60,starsfoundation,United Kingdom,Foundation
NP-SWC-19336,PHASE Nepal,active,22,phase-nepal,Nepal,National NGO
NP-DAO-531/062/063,PHASE Nepal,withdrawn,22,phase-nepal,Nepal,National NGO
FR-6,France - Ministry for Europe and Foreign Affairs,active,10,france,France,Government
XI-IATI-035026724,Hilfswerk Austria Zimbabwe,active,21,hwa-zm,Zimbabwe,International NGO
IE-CHY-15037,Plan Ireland Charitable Assistance Limited,active,21,plan_ireland,Ireland,International NGO
FR-3,Agence Française de Développement,active,15,afd,France,Other Public Sector
GB-CHC-209131,British Council,active,15,britishcouncil,United Kingdom,Other Public Sector
GB-CHC-1128536,Street Child,active,21,street_child,United Kingdom,International NGO
GB-CHC-1081695,Vision Aid Overseas,active,21,vao,United Kingdom,International NGO
GB-COH-03580586-GEC,Girls’ Education Challenge – Fund Manager PwC,active,70,gecfundmanagerpwc,United Kingdom,Private Sector
GB-COH-07669775,GEMS Education Solutions,active,70,mgcubed,Ghana,Private Sector
US-EIN-54-0536100,ChildFund International,active,21,childfund,United States,International NGO
NP-DAO-DANG-18-046/47,Backward Society Education (BASE),active,22,base_22,Nepal,National NGO
GB-CHC-1104458,Theatre for a Change UK,active,21,tfac,United Kingdom,International NGO
GB-CHC-1093861,International Medical Corps UK,active,21,imc_uk,United Kingdom,International NGO
GB-COH-7557881,Social Impact Lab CIC,active,21,simlab,United Kingdom,International NGO
KE-RCO-270901,Education Development Trust,withdrawn,21,edt_kenya,Kenya,International NGO
GB-CHC-213251,Lepra,active,21,lepra,United Kingdom,International NGO
NL-KVK-51018586,Zimmerman Zimmerman,withdrawn,70,zimmzimm,Netherlands,Private Sector
JO-CCD-50544,Arab Reporters for Investigative Journalism,active,80,arij,Jordan,"Academic, Training and Research"
NL-KVK-41188664,ICS,active,21,ics,Netherlands,International NGO
DAC-1601,Gates Foundation,active,60,bmgf,United States,Foundation
NP-SWC-00589,Shtrii Shakti,active,22,shtrii_shakti,Nepal,National NGO
GB-CHC-1085096,Women and Children First (UK),active,21,wcf,United Kingdom,International NGO
MW-NBM-00139,Theatre for a Change Malawi,active,22,tfacmalawi,Malawi,National NGO
NL-KVK-41166983,Center for International Legal Cooperation (CILC),active,60,cilc,Netherlands,Foundation
GB-CHC-1135156,TREE AID,active,21,treea,United Kingdom,International NGO
CA-CRA_ARC-119304848,World University Service of Canada,active,21,wusc,Canada,International NGO
GB-CHC-1154085,Exeter Ethiopia Link,active,21,eel,United Kingdom,International NGO
TZ-BRLA-36057,KPMG Advisory Limited (Tanzania),active,70,kpmgea,"Tanzania, United Republic of",Private Sector
GB-CHC-1053389,Viva,active,21,viva,United Kingdom,International NGO
XM-DAC-47111,Adaptation Fund,active,40,af,United States,Multilateral
47111,Adaptation Fund,withdrawn,40,af,United States,Multilateral
DK-CVR-33985339,Trianglen,active,22,trianglen,Denmark,National NGO
GB-CHC-1094478,Excellent Development,active,21,excellent,United Kingdom,International NGO
GB-CHC-1047501,Action Against Hunger UK,active,21,acf,United Kingdom,International NGO
CA-4,Canada Department of Finance / Ministère des Finances Canada,active,10,finance_canada,Canada,Government
GB-CHC-1105489,Sabre Education Limited,active,21,sct,United Kingdom,International NGO
DE-AG-VR7795,Fairtrade Labelling Organizations International e.V.,active,21,fairtrade_international,Germany,International NGO
NL-KVK-41210098,Both ENDS,active,22,bothends,Netherlands,National NGO
NL-KVK-20093733,Heifer Nederland,active,22,heifernederland,Netherlands,National NGO
GB-CHC-1112699,Teach A Man To Fish,active,21,tamtf,United Kingdom,International NGO
NL-KVK-34141098,Fairfood International,active,22,fairfood,Netherlands,National NGO
NL-KVK-41201806,Transnational Institute,active,60,tni,Netherlands,Foundation
GB-CHC-261488,Amref Health Africa - UK,active,21,amrefha,United Kingdom,International NGO
XI-IATI-CHSA,Association CHS Alliance,active,21,chs_alliance,Switzerland,International NGO
NL-KVK-40535338,Friends of the Earth International,active,21,foei,Netherlands,International NGO
PK-MSW-633-1965,Rahnuma-Family Planning Assocation of Pakistan,active,22,rfpap,Pakistan,National NGO
GB-CHC-1147083,Rojiroti UK,active,21,rojiroti,United Kingdom,International NGO
GB-CHC-1125512,Lively Minds,active,21,livelyminds,United Kingdom,International NGO
NL-KVK-27108436,Oxfam Novib,active,21,onl,Netherlands,International NGO
GB-COH-877338,Institute of Development Studies,active,80,ids,United Kingdom,"Academic, Training and Research"
GB-SC-SC032327,EMMS International,active,21,emms,United Kingdom,International NGO
US-EIN-522043740,"Discovery Learning Alliance, Inc.",active,21,dla,United States,International NGO
GB-CHC-1128267-8,HelpAge International UK,active,22,ageintl,United Kingdom,National NGO
GB-CHC-293734,Christian Engineers in Development,active,21,ced,United Kingdom,International NGO
GB-GOV-7,"UK - Department for Environment, Food and Rural Affairs",active,10,defra_transparency,United Kingdom,Government
BE-BCE_KBO-0447404580,Avocats Sans Frontières,active,22,asf,Belgium,National NGO
US-501c3-522318905,AidData,active,80,aiddata,United States,"Academic, Training and Research"
XM-DAC-701-8,Japan International Cooperation Agency (JICA),active,10,jica,Japan,Government
GB-SC-037597,CIFAL Scotland,active,80,cifal,United Kingdom,"Academic, Training and Research"
GH-RGD-CG220182018,STAR-Ghana Foundation,active,60,star_ghanafoundation,Ghana,Foundation
US-EIN-84-1166148,Water for People,active,21,w4p,United States,International NGO
NL-KVK-27248417,Aqua for All,active,60,aqua4all,Netherlands,Foundation
GB-CHC-1112734,PHASE Worldwide,active,21,phase_worldwide,United Kingdom,International NGO
KE-NGC-9381,Across,active,21,across,Kenya,International NGO
GB-CHC-295224,Muslim Aid,active,21,muslimaid,United Kingdom,International NGO
GB-CHC-250456,Find Your Feet,active,21,fyf,United Kingdom,International NGO
XM-DAC-47501,Global Partnership for Education,active,40,gpe,United States,Multilateral
GB-CHC-1086159,One to One Children's Fund,active,21,onetoonecf,United Kingdom,International NGO
IN-ITA-1886,Micro Insurance Academy,active,80,mia_india,India,"Academic, Training and Research"
GB-CHC-1121273,FRANK Water,active,21,frankwater,United Kingdom,International NGO
GB-COH-3799145,Coffey International Development,active,70,coffey,United Kingdom,Private Sector
GB-COH-04276635,act4africa,active,21,act4africa,United Kingdom,International NGO
NL-KVK-41022454,Stichting Red een Kind,active,21,redeenkind,Netherlands,International NGO
GB-CHC-1096479,ShelterBox,active,21,shelterbox,United Kingdom,International NGO
GB-CHC-1108464,Bees Abroad UK,active,21,bauk,United Kingdom,International NGO
US-EIN-13-5563422,Catholic Relief Services,active,21,crs,United States,International NGO
XM-DAC-41108,International Fund for Agricultural Development (IFAD),active,40,ifad,(No country assigned),Multilateral
GB-CHC-1001813,The HALO Trust,active,21,halo,United Kingdom,International NGO
NL-KVK-56484038,ICCO Cooperation,active,21,icco-cooperation,Netherlands,International NGO
GB-CHC-1077889,Pump Aid,active,21,pumpaid,United Kingdom,International NGO
GB-CHC-328273,Food for the Hungry UK,active,21,fh,United Kingdom,International NGO
GB-CHC-1126550,PEAS (Promoting Equality in African Schools),active,21,peas,United Kingdom,International NGO
UA-EDR-37199602,Kyiv School of Economics and Management,active,80,kse,Ukraine,"Academic, Training and Research"
GB-CHC-270901,Education Development Trust,active,21,eddevtrust,United Kingdom,International NGO
GB-CHC-1122799,Retrak,active,21,retrak,United Kingdom,International NGO
XM-DAC-30010,UNITAID,active,40,utd,Switzerland,Multilateral
GB-SC-044007,Bioclimate Research and Development,active,21,bioclimate,United Kingdom,International NGO
GB-CHC-220949,British Red Cross,active,21,gb-chc-220949,United Kingdom,International NGO
NL-KVK-32108345,CHOICE for Youth and Sexuality,active,21,cfyas,Netherlands,International NGO
NL-KVK-27378529,Netherlands Enterprise Agency (RVO),active,10,rvo,Netherlands,Government
NL-KVK-41180500,SeeYou Foundation,active,21,syf,Netherlands,International NGO
XM-DAC-47086,Private Infrastructure Development Group,active,40,pidg,United Kingdom,Multilateral
GB-CHC-1079599,BasicNeeds,active,21,basicneeds,United Kingdom,International NGO
GB-CHC-1071660,Cecily's Fund,active,21,cecily,United Kingdom,International NGO
NL-KVK-41150298,Amref Health Africa NL,active,22,amrefnl,Netherlands,National NGO
XM-DAC-301-2,Canada - International Development Research Centre/Centre de recherches pour le développement international,active,15,idrccrdi,Canada,Other Public Sector
GB-CHC-1000717,CODA International,active,21,coda,United Kingdom,International NGO
US-EIN-13-3287064,InterAction,active,21,interaction,United States,International NGO
ZA-ROC-1999/05072/08,Desmond Tutu HIV Foundation,active,80,dthfxx12,South Africa,"Academic, Training and Research"
GB-CHC-1143852,Hagar International UK,active,21,hagar_uk,United Kingdom,International NGO
GB-COH-353570,Water Witness International,active,21,water-witness-international,United Kingdom,International NGO
NL-KVK-34200988 (deprecated),RAIN Foundation (former),active,21,rainfoundation,Netherlands,International NGO
NL-KVK-34229026,Stichting Aflatoun International,active,21,aflatoun,Netherlands,International NGO
GB-GOV-8,UK - Ministry of Defence,active,10,ukmod,United Kingdom,Government
ZA-NPO-025-359,mothers2mothers,active,21,m2m_sa,South Africa,International NGO
NL-KVK-34214586,partos,active,22,partos_nl,Netherlands,National NGO
XM-DAC-41304,"United Nations Educational, Scientific and Cultural Organization (UNESCO)",active,40,unesco,France,Multilateral
GB-CHC-1157009,Abaseen Foundation UK,active,21,abaseen,United Kingdom,International NGO
ML-NIF-086108989R,Association de Soutien au Développement des Activités de Population,active,22,asdap,Mali,National NGO
BD-NAB-0203,"Association for Prevention of Septic Abortion, Bangladesh (BAPSA)",active,22,bapsa,Bangladesh,National NGO
GB-CHC-1069182,International Service,active,21,unais,United Kingdom,International NGO
GB-COH-06133927,Avanti Communications Plc,active,70,ava_admin,United Kingdom,Private Sector
GH-DSW-258,Friends of the Earth-Ghana,active,22,foe-ghana,Ghana,National NGO
XM-DAC-918-3,European Investment Bank,active,40,eib,(No country assigned),Multilateral
GB-CHC-1084729,World Child Cancer UK,active,21,wccuk,United Kingdom,International NGO
MZ-MOJ-F2G1No4,Magariro,active,22,magariro,Mozambique,National NGO
XI-IATI-EBRD,European Bank for Reconstruction and Development,active,40,ebrd,"Bilateral, unspecified",Multilateral
GB-CHC-000391,The Open University,active,80,open_university,United Kingdom,"Academic, Training and Research"
GB-CHC-1038785,Mifumi UK,active,21,mifumi_uk,United Kingdom,International NGO
GB-CHC-1094272,Project Harar,active,21,phe,United Kingdom,International NGO
XM-DAC-77,Romania Ministry of Foreign Affairs,active,10,uasd,Romania,Government
XI-IATI-1001,The Coca-Cola Export Corporation,active,70,tccec,United States,Private Sector
GB-CHC-1125217,Welbodi Partnership,active,80,welbodipartnership,United Kingdom,"Academic, Training and Research"
FI-PRO-143138,Kepa ry,active,22,kepa,Finland,National NGO
KE-NCB-OP/218/051/915/65,Windle Trust Kenya,active,22,wtk,Kenya,National NGO
NL-KVK-41048542,Stichting Agriterra,active,60,agriterra,Netherlands,Foundation
UG-NGB-5914-7209,Cheshire Services Uganda,withdrawn,22,csu,Uganda,National NGO
GB-CHC-1150214,Carers Worldwide,active,21,cww,United Kingdom,International NGO
GB-CHC-1054369,KwaAfrica,active,21,kwaafrica,United Kingdom,International NGO
KE-NGC-663,Adventist Development and Relief Agency (ADRA Somalia),active,21,adrasom,Somalia,International NGO
MZ-MOJ-F30G1No89,ANDA,active,22,anda,Mozambique,National NGO
GB-CHC-1117528,Haiti Hospital Appeal,active,21,hha,United Kingdom,International NGO
NL-KVK-30285304,Stichting Humana,active,21,humana_houben,Netherlands,International NGO
GB-CHC-1148404,Internews Europe,active,21,ieu,United Kingdom,International NGO
NL-KVK-41217404,GPPAC Foundation,active,21,gppac,Netherlands,International NGO
GB-COH-NI011322,War on Want NI,active,21,wowni,United Kingdom,International NGO
GB-CHC-1123946,Youth Business International,active,21,ybi,United Kingdom,International NGO
GB-CHC-1049160,Anti-Slavery International,active,21,asil,United Kingdom,International NGO
XM-DAC-2-10,Belgian Development Cooperation,active,10,be-dgd,Belgium,Government
GB-COH-1110949,Mott MacDonald Limited,active,70,mml,United Kingdom,Private Sector
US-EIN-941191246,The Asia Foundation,active,21,taf,United States,International NGO
GB-CHC-1129603,Cyan International,active,21,cyan,United Kingdom,International NGO
GB-SC-SC012302,Scottish Catholic International Aid Fund (SCIAF),active,21,sciaf,United Kingdom,International NGO
GB-CHC-1151615,Signal,active,21,signal,United Kingdom,International NGO
CH-FDJP-CHE109668357,Lemann Foundation,active,60,lemann,Switzerland,Foundation
UG-NGB-5914-9186,CRANE,active,22,crane,Uganda,National NGO
GB-CHC-1076235,BBC Media Action,active,21,bbcmediaaction,United Kingdom,International NGO
US-EIN-20-4451390,Natural Resource Governance Institute (NRGI),active,21,nrgi,United States,International NGO
SK-ZRSR-31784828,Pontis Foundation,active,60,pontis,Slovakia,Foundation
NO-BRC-971277882,Norad - Norwegian Agency for Development Cooperation,active,10,norad,Norway,Government
US-EIN-20-3690821,Rights and Resources Initaitive,active,21,rri,United States,International NGO
KE-RCO-C95110,Kenya Community Development Foundation,active,60,kcdf,Kenya,Foundation
US-EIN-81-3014704,Syria Justice and Accountability Centre (SJAC),active,22,sjac,United States,National NGO
XI-IATI-5914-1107,Stromme Foundation,active,22,stromme_ug,Uganda,National NGO
GB-CHC-1122299,interburns,active,21,interburns,United Kingdom,International NGO
GB-COH-06368740,Development Initiatives Poverty Research,active,21,dipr,United Kingdom,International NGO
GB-CHC-294329,Progressio (closed),active,21,progressio,United Kingdom,International NGO
US-EIN-52-1826242,Tanager,active,21,tan,United States,International NGO
CA-CRA_ACR-127202349,The International Institute for Sustainable Development,active,21,iisd,Canada,International NGO
GB-GOV-24,Office for National Statistics,active,10,ons,United Kingdom,Government
GB-CHC-285908,World Vision UK,active,21,wvuk,United Kingdom,International NGO
GB-COH-3031674,Traidcraft Exchange,active,21,traidcraft,United Kingdom,International NGO
DE-CR-RA000217-HRB157125B,Wayamo Foundation,active,21,wayamo,Germany,International NGO
GB-COH-294860,ADD International (Action on Disability and Development),active,21,addinternational,United Kingdom,International NGO
GB-CHC-1076497,Sense International,active,21,sense_international,United Kingdom,International NGO
GB-CHC-1142476,Friends of Kipkelion,active,23,kipkelion,Kenya,Regional NGO
GB-CHC-1050327,The Leprosy Mission England and Wales,active,21,tlmew,United Kingdom,International NGO
NL-KVK-41155934,Stichting VSO Nederland,active,21,vso_nl,Netherlands,International NGO
GB-CHC-1089490,Hope and Homes for Children,active,21,hhc,United Kingdom,International NGO
GB-CHC-1156822,Welsh Centre for International Affairs,active,22,wcia,United Kingdom,National NGO
KE-NCB-OP218051200904966065,Pan African Climate Justice Alliance,active,21,pacja,Kenya,International NGO
GB-COH-11126312,Global Disability Innovation Hub,active,80,gdihub,United Kingdom,"Academic, Training and Research"
GB-COH-OC301540,KPMG LLP,active,70,kpmgllp,United Kingdom,Private Sector
GB-COH-05393391,Global Alliance for Livestock Veterinary Medicines,active,21,galvmed,United Kingdom,International NGO
GB-CH-05393391,Global Alliance for Livestock Veterinary Medicines,withdrawn,21,galvmed,United Kingdom,International NGO
UG-NGB-63360,Protecting Families Against HIV/AIDS,active,22,prefa_1,Uganda,National NGO
NL-KVK-27293385,"WO=MEN, Dutch Gender Platform",active,22,wo-men,Netherlands,National NGO
VN-MOST-A399,Center for Development and Integration,active,22,cdi_vn_2021,Viet Nam,National NGO
IN-MCA-U74999DL2004NPL131340,Oxfam India,active,22,oxfamindia,India,National NGO
GB-SC-035056,International Primary Care Respiratory Group,active,80,ipcrg,United Kingdom,"Academic, Training and Research"
NL-KVK-41217595,Stichting ActionAId,active,21,aanl,Netherlands,International NGO
DK-CVR-88136411,Oxfam IBIS,active,21,ibis_denmark,Denmark,International NGO
NL-KVK-41160054,Cordaid,active,21,cordaid,Netherlands,International NGO
NP-SWC-27693,Aasaman Nepal,active,22,aasaman,Nepal,National NGO
MZ-MOJ-203D,Alfalit,active,22,alfalit,Mozambique,National NGO
NL-KVK-08215619-201210000,Kadaster International,active,10,kad,Netherlands,Government
NL-KVK-41077447,ECDPM,active,80,ecdpm,Netherlands,"Academic, Training and Research"
GB-CHC-1067406,Doctors of the World UK,active,21,dotw_uk,United Kingdom,International NGO
GB-CHC-1046001,Disability and Development Partners,active,21,ddp,United Kingdom,International NGO
PK-NTN-6110190392611,Allergy and Asthma Institute Pakistan,active,80,aaip,Pakistan,"Academic, Training and Research"
GB-CHC-1113868,Hand in Hand International,active,21,handinhand,United Kingdom,International NGO
BD-NAB-1301,Transparency International Bangladesh,active,22,tib,Bangladesh,National NGO
BE-BCE_KBO-0464019195,APOPO,active,21,apopo,Belgium,International NGO
NL-KVK-61172863,Stichting fondsbeheer DGGF lokaal MKB,active,60,dggf_financing_local_smes,Netherlands,Foundation
US-EIN-042347643,Abt Associates Inc,active,70,abt,United States,Private Sector
XM-DAC-84,"Lithuania, Ministry of Foreign Affairs",active,10,lithuania_mfa,Lithuania,Government
IE-CHY-6998,Christian Aid Ireland,active,21,caid_ireland,Ireland,International NGO
NL-KVK-34308169,Free a Girl,active,60,freeagirl,Netherlands,Foundation
XI-IATI-1002,United Mission to Nepal,active,21,umn,Nepal,International NGO
GB-COH-1134415,MADE in Europe,active,21,mie-1134415,United Kingdom,International NGO
GB-CHC-214779,The Salvation Army International Development UK,active,21,said-uk,United Kingdom,International NGO
US-EIN-13-3287064NAM,InterAction's NGO Aid Map,withdrawn,21,ia_nam,United States,International NGO
GB-CHC-1145119,Varkey Foundation,active,21,varkeyfoundation,Ghana,International NGO
NL-KVK-34197379,dance4life,active,21,dance4life,Netherlands,International NGO
US-EIN-95-3202116,World Vision International,active,21,wvi,United States,International NGO
GB-CHC-1105277,Learning for Life,active,21,learningforlife,United Kingdom,International NGO
GB-CHC-1061352,Orbis Charitable Trust,active,21,orbis_uk,United Kingdom,International NGO
GB-GOV-21,UK - Scottish Government,active,10,scottish_government,United Kingdom,Government
GB-COH-2695347,Options Consultancy Services,active,70,options,United Kingdom,Private Sector
NL-KVK-41149287,Terre des Hommes Netherlands,active,21,tdh_nl,Netherlands,International NGO
GB-CHC-1110434,Wellfound,active,21,wellfound,United Kingdom,International NGO
NL-KVK-41149486,Stichting Vluchteling,active,21,st_vluchteling,Netherlands,International NGO
GB-CHC-1133342,Zing,active,60,zing,United Kingdom,Foundation
NL-KVK-41009723,ZOA,active,21,zoa,Netherlands,International NGO
NL-KVK-41223308,Stichting Onderzoek Multinationale Ondernemingen (SOMO),active,80,somo,Netherlands,"Academic, Training and Research"
NL-KVK-06702132,WYG International B.V.,active,70,wygi,United Kingdom,Private Sector
GB-COH-1869600,Itad,active,70,itad,United Kingdom,Private Sector
GB-COH-03122495,Oxford Policy Management,active,70,opml,United Kingdom,Private Sector
GB-COH-SC301345,Upper Quartile,active,70,uq,United Kingdom,Private Sector
NL-KVK-32037590,International Procurement Agency,active,70,ipa,Netherlands,Private Sector
GB-COH-02768268,Cadmus International UK Limited,active,70,nathan,United Kingdom,Private Sector
GB-COH-5155300,Alcis Holdings Limited,active,70,alcis,United Kingdom,Private Sector
mz-moj-64vq1,Ajuda de Desenvolvimento de Povo para Povo (ADPP),active,22,adpp,Mozambique,National NGO
GB-COH-2394229,Palladium International Ltd (UK),active,70,palladium,United Kingdom,Private Sector
FI-PRO-1498487-2,Plan International Finland,active,21,planinternationalfinland,Finland,International NGO
NL-KVK-41193594,Rutgers,active,21,rutgers,Netherlands,International NGO
GB-COH-00637978,Maxwell Stamp PLC,active,70,mstamp,United Kingdom,Private Sector
KE-NCB-218-051-9341-334,African Academy of Sciences,active,21,aas,Kenya,International NGO
GB-CHC-1101217,LAMB Health Care Foundation,active,22,lhcf,United Kingdom,National NGO
GB-COH-03580586,PwC,active,70,pwc,United Kingdom,Private Sector
GB-CHC-1048007,Link Community Development International,active,21,lcdi_admin,United Kingdom,International NGO
NG-CAC-RC481360,The Convention on Business Integrity,active,21,cbi-nigeria,Nigeria,International NGO
GB-COH-1574821,Landell Mills,active,70,landell-mills,United Kingdom,Private Sector
GB-COH-00986729,"Natural Resources Institute, University of Greenwich.",active,80,nri,United Kingdom,"Academic, Training and Research"
NL-KVK-41215393,War Child Netherlands,active,21,warchildholland,Netherlands,International NGO
GB-COH-01245534,Atos IT Services Ltd,active,70,atosuk,United Kingdom,Private Sector
NL-KVK-41158230,CARE Nederland,active,21,carenederland,Netherlands,International NGO
GB-COH-03613839,IOD PARC,active,70,iodparc,United Kingdom,Private Sector
NL-KVK-41210820,Clean Clothes Campaign,active,21,ccc,Netherlands,International NGO
GB-COH-FC012665,McKinsey & Company,active,70,mck,(No country assigned),Private Sector
GB-COH-08327972,Aktis Strategy Ltd,active,70,aktis,United Kingdom,Private Sector
NL-KVK-41236410,Dorcas Aid International,active,21,dai,Netherlands,International NGO
US-GOV-18,Millennium Challenge Corporation,active,10,millenniumchallenge,United States,Government
US-18,Millennium Challenge Corporation,withdrawn,10,millenniumchallenge,United States,Government
NL-KVK-41202535,Mama Cash,active,60,mamac,Netherlands,Foundation
GB-COH-8835431,Simprints,active,21,simprints,United Kingdom,International NGO
GB-CHC-1158206,Water Works,active,21,waterworks,United Kingdom,International NGO
NL-KVK-30214009,PAX,active,21,pax,Netherlands,International NGO
NL-KVK-27284008,DECP,active,22,decp,Netherlands,National NGO
CO-CCB-00159397,Urgent Action Fund Latin America and the Caribbean,active,23,uafla,Colombia,Regional NGO
US-EIN-03-0419743,Urgent Action Fund for Women's Human Rights,active,21,uaf,United States,International NGO
NL-KVK-41177385,TEAR fund Nederland,active,22,tear,Netherlands,National NGO
NL-KVK-41152786,SNV Netherlands Development Organisation,active,21,snv,Netherlands,International NGO
NL-KVK-41167934,Stichting Kinderpostzegels Nederland,active,21,skn,Netherlands,International NGO
US-EIN-522044704,Aeras,active,21,aeras,United States,International NGO
US-EIN-06-1597-668,Just Associates,active,21,jass,United States,International NGO
IN-MHA-083781496,Fight Hunger Foundation,active,22,fhf,India,National NGO
US-EIN-521291786,Association for Women's Rights in Development (AWID),active,21,awid,United States,International NGO
NL-KVK-41179943,World Vision Netherlands,active,60,wvnld,Netherlands,Foundation
NL-KVK-41201463,Save the Children Netherlands,active,21,scnl,Netherlands,International NGO
NL-KVK-41151952,IRC,active,21,irc,Netherlands,International NGO
XM-OCHA-CERF,United Nations Central Emergency Response Fund (CERF),active,40,cerf,United States,Multilateral
NL-KVK-34106722,AWEPA,active,21,awepa,Netherlands,International NGO
NL-KVK-40594571,Simavi,active,60,simavi,Netherlands,Foundation
NL-KVK-41118168,Stichting Woord en Daad,active,21,w-d,Netherlands,International NGO
NL-KVK-41198890,Plan International Netherlands,active,21,plannlno,Netherlands,International NGO
XI-IATI-OFID,The OPEC Fund for International Development (OFID),active,40,ofid,Austria,Multilateral
XI-IATI-CWSEC,The Commonwealth Secretariat,active,40,commonwealthsecretariat,(No country assigned),Multilateral
NL-KVK-41201644,Wemos Foundation,active,21,wemos,Netherlands,International NGO
US-EIN-26-1931968,Promundo-US,active,21,pmo-us,United States,International NGO
NL-KVK-33185213,Royal Tropical Institute,active,21,kit,Netherlands,International NGO
NL-KVK-41207580,Stichting Health Action International,active,60,hai,Netherlands,Foundation
NI-MIGOB-3602,Fondo Centroamericano de Mujeres,active,60,fcam,Nicaragua,Foundation
NL-KVK-34159275,UTZ,active,21,utz,Netherlands,International NGO
NL-KVK-41207989,Aidsfonds - Soa Aids Nederland,active,21,nl-kvk-41207989,Netherlands,International NGO
UG-RSB-73316,African Centre for Global Health and Social Transformation,active,21,achest,Uganda,International NGO
ZW-PVO-WO1789,Family Aids Caring Trust,active,22,fact,Zimbabwe,National NGO
GB-CHC-222655,Liverpool School of Tropical Medicine,active,80,lstm,United Kingdom,"Academic, Training and Research"
KE-NCB-200201282375,Urgent Action Fund-Africa,active,23,uaf-africa,Kenya,Regional NGO
GB-CHC-1142516,ColaLife,active,22,colalife,United Kingdom,National NGO
XM-DAC-47059,International Development Law Organization (IDLO),active,40,idlo,Italy,Multilateral
NL-KVK-41149831,Mensen met een Missie,active,22,mm1,Netherlands,National NGO
NL-KVK-30204842,Netherlands Food Partnership,active,60,nfp,Netherlands,Foundation
NL-KVK-41208813,Defence for Children International Netherlands - ECPAT Netherlands,active,22,dciecpatnl,Netherlands,National NGO
XM-DAC-41302,International Labour Organization (ILO),active,40,ilo,Switzerland,Multilateral
NL-KVK-27189542,Netherlands Institute for Multiparty Democracy (NIMD),active,21,nimd-hq,Netherlands,International NGO
NL-KVK-40530467,Milieudefensie,active,22,foenl,Netherlands,National NGO
US-EIN-47-4128047,Friends of Publish What You Fund,active,21,friendsofpwyf,United States,International NGO
BD-ROC-S-12313,Bangladesh Primary Care Respiratory Society,active,80,bpcrs,Bangladesh,"Academic, Training and Research"
NL-KVK-58183167,Healthy Entrepreneurs Foundation,active,60,hefoundation,Netherlands,Foundation
KE-NCB-93175,Amref Health Africa in Kenya,active,21,amrefkenya,Kenya,International NGO
NL-KVK-41150939,Solidaridad Europe,active,21,solidaridad-europe,Netherlands,International NGO
UG-RSB-29587,The Uganda Association of Women Lawyers ( FIDA Uganda),active,22,fidauganda,Uganda,National NGO
US-EIN-31-1812979,CREA,active,21,creausa-org,India,International NGO
NL-KVK-52957535,Free Press Unlimited,active,21,free_press_unlimited,Netherlands,International NGO
NL-KVK-41172933,WASTE advisers on urban environment and development,active,60,waste,Netherlands,Foundation
FR-SIRET-77566669600015,SECOURS CATHOLIQUE - CARITAS FRANCE,active,21,sccf,France,International NGO
GB-CHC-1062638,Disasters Emergency Committee,active,22,dec-uk,United Kingdom,National NGO
US-EIN-91-1179750,Peace Brigades International,active,21,pbi_io,United States,International NGO
NL-KVK-40409352,Netherlands Red Cross,active,21,nlrc,Netherlands,International NGO
XI-IATI-IKI,International Climate Initiative / BMU - IKI Secretariat,active,10,bmu_iki,Germany,Government
NL-KVK-51756811,Solidaridad,active,21,solidaridad,Netherlands,International NGO
NL-KVK-34111374,Fair Wear Foundation,active,21,fwf,Netherlands,International NGO
NL-KVK-40530953,Amnesty International The Netherlands,active,21,amnesty,Netherlands,International NGO
NL-KvK-41177601,Mondiaal FNV (Stichting),active,22,mondiaalfnv,Netherlands,National NGO
NL-KVK-41177588,WNF Wereld Natuur Fonds,active,21,wnf,Netherlands,International NGO
AU-ACNC-19242959685,International Women's Development Agency,active,21,iwda,Australia,International NGO
NL-KVK-41180885,IUCN Nederlands Comité,active,21,iucn_nl,Netherlands,International NGO
NL-KVK-41155305,Tropenbos International,active,21,tbi,Netherlands,International NGO
ZA-PBO-064-502,Sonke Gender Justice,active,21,sjg,South Africa,International NGO
NL-KVK-27267681,Red Cross Red Crescent Climate Centre,active,21,climate_centre,Netherlands,International NGO
NL-KVK-9099028,Wetlands International,active,21,wi,(No country assigned),International NGO
PK-VSWA-511-2007,Acid Survivors Foundation,active,22,_admin,Pakistan,National NGO
NL-KVK-54436222,CNV Internationaal,active,22,nl-kvk-54436222-27541,Netherlands,National NGO
GB-COH-01846493,AECOM,active,70,aecom,United Kingdom,Private Sector
GB-CHC-1160256,READ Foundation,active,21,read-foundation,United Kingdom,International NGO
BE-BCE_KBO-0410057701,Institute of Tropical Medicine,active,15,itm,Belgium,Other Public Sector
ZW-ROD-2172,GALZ,active,22,galz,Zimbabwe,National NGO
BE-BCE_KBO-0264814354,Belgian development agency (Enabel),active,10,enabel,Belgium,Government
GB-CHC-287287,Centre for Economic Policy Research,active,22,cepr,United Kingdom,National NGO
NL-KVK-41197577,SOS Children's Villages The Netherlands,active,60,sosnl,Netherlands,Foundation
NL-KVK-41211943,HealthNet TPO,active,21,healthnet,Netherlands,International NGO
GB-SC-SCO45223,Mary's Meals,active,21,marysmeals,United Kingdom,International NGO
AF-MOE-1212,Afghanistan Public Policy Research Organization (APPRO),active,80,appro-af,Afghanistan,"Academic, Training and Research"
GB-COH-04105827,MannionDaniels,active,70,manniondaniels,United Kingdom,Private Sector
BE-GTCF-630789842,APPRO-Europe,active,80,appro-eu,Belgium,"Academic, Training and Research"
NL-KVK-27195046,VNG International,active,15,vngi,Netherlands,Other Public Sector
KE-RCO-C1-61,Amref Health Africa Headquarters,active,21,amrefhq,Kenya,International NGO
NL-KVK-09098104,Wageningen University & Research - Stichting Wageningen Research,active,80,wageningen_ur,Netherlands,"Academic, Training and Research"
NL-KVK-27078545,FMO,active,30,fmo,Netherlands,Public Private Partnership
GB-COH-03846881,Social Development Direct Limited,active,70,sddirect,United Kingdom,Private Sector
XI-IATI-CABI,CABI,active,40,cabi,(No country assigned),Multilateral
US-EIN-52-1764268,BSR,active,21,bsr_admin,United States,International NGO
GB-COH-07964746,Satellite Applications Catapult Ltd,active,70,satelliteapplicationscatapultltd,United Kingdom,Private Sector
GB-COH-11080032,MedAccess Guarantee Limited,active,70,medaccess,United Kingdom,Private Sector
NL-KVK-40530156,COC Nederland,active,22,cocnl_publisher,Netherlands,National NGO
NL-KVK-41078390,European Journalism Centre,active,22,ejc,Netherlands,National NGO
KR-GOV-010,Republic of Korea,active,10,odakorea,Korea (Republic of),Government
ET-MFA-0001989741,Amref Health Africa in Ethiopia,active,21,amrefeth,Ethiopia,International NGO
GB-COH-02651349,DT Global UK,active,70,imcw_admin,United Kingdom,Private Sector
IN-MCA-U74140DL1998PLC097579,IPE Global Limited,active,70,ipeglobal,India,Private Sector
GB-CHC-209603,Royal National Lifeboat Institution (RNLI),active,21,rnli_international,United Kingdom,International NGO
GB-COH-05543952,Cardno Emerging Markets,active,70,cardnoem,United Kingdom,Private Sector
MW-NBM-R1527,Amref Health Africa Malawi,active,22,amrefmw,Malawi,National NGO
XI-IATI-WAI,WASH Alliance International,active,21,wai,Netherlands,International NGO
GB-CHC-1148143,Stakeholder Democracy Network,active,21,sdn,United Kingdom,International NGO
GB-COH-04354941,Sound Seekers Limited,active,21,soundseekers,United Kingdom,International NGO
US-DOS-64562614,One Acre Fund,active,21,oneacrefund,(No country assigned),International NGO
MW-CNM-BCM-CF,Baylor College of Medicine Children's Foundation Malawi,active,22,bcm-cf,Malawi,National NGO
UG-NGB-5914-252,Amref Health Africa in Uganda,active,22,amrefug,Uganda,National NGO
GB-CHC-228248,ODI Global,active,80,odi,United Kingdom,"Academic, Training and Research"
NL-KVK-53521129,"IDH, the Sustainable Trade Initiative",active,21,idh,Netherlands,International NGO
MW-CNM-C076-1999,Youth Net and Counselling - YONECO,active,22,yoneco1997,Malawi,National NGO
XM-DAC-69-1,Ministry of Foreign and European Affairs of the Slovak Republic,active,10,slovakaid,Slovakia,Government
US-EIN-20-1173866,Omidyar Network Fund Inc.,active,60,omidyarnetwork,United States,Foundation
CA-CRA_ACR-101182509,Cowater International Inc,active,70,cowater,Canada,Private Sector
ZA-NPO-057-611,Natural Justice,active,23,nj_1,South Africa,Regional NGO
FI-PRO-139407,Caritas Finland,active,22,caritasfin,Finland,National NGO
XM-DAC-903,International Finance Corporation,active,40,ifcwbg,United States,Multilateral
US-EIN-550825466,IntraHealth International,active,21,intrahealth,United States,International NGO
NL-KVK-855689493,Stichting Mayday Rescue Foundation,active,60,maydayrescue,Netherlands,Foundation
GB-COH-08828458,International Network of People who Use Drugs (INPUD),active,21,inpud_admin,United Kingdom,International NGO
US-EIN-13-4128413,Global Alliance for TB Drug Development,active,80,tb-a,United States,"Academic, Training and Research"
NL-KVK-41146461,Stichting Deltares,active,60,deltares,Netherlands,Foundation
NO-BRC-871033552,Norwegian People's Aid,active,21,npa,Norway,International NGO
GB-CHC-1145640,The Queen Elizabeth Diamond Jubilee Trust,active,60,qedjt,United Kingdom,Foundation
ZA-PBO-930040668,Orbis Africa,active,21,orbis_africa,South Africa,International NGO
XM-DAC-1409,Enhanced Integrated Framework,active,40,eif,Switzerland,Multilateral
IM-CR-024714B,openmindedly,active,70,openmindedly,Isle of Man,Private Sector
GB-COH-08333641,Delivery Associates Ltd,active,70,delivery_associates,United Kingdom,Private Sector
XM-DAC-41110,United Nations Joint Programme on HIV and AIDS Secretariat (UNAIDS),active,40,unaids,Switzerland,Multilateral
NL-KVK-41209946,Mainline,active,60,mainline,Netherlands,Foundation
GB-COH-SC100833,LTS International Limited,active,70,lts,United Kingdom,Private Sector
GB-CHC-1126281,Human Relief Foundation,active,21,hrf,United Kingdom,International NGO
US-EIN-262681792,International Initiative for Impact Evaluation,active,21,3ie,United States,International NGO
BE-BCE_KBO-0453975341,Search for Common Ground (SFCG),active,21,sfcg,Belgium,International NGO
BE-BCE_KBO-0453475391,Search for Common Ground (SFCG),withdrawn,21,sfcg,Belgium,International NGO
US-EIN-13-5660870,The International Rescue Committee,active,21,irc_inc,United States,International NGO
NP-SWC-27288,Burns Violence Survivors - Nepal,active,22,bvs-nepal,Nepal,National NGO
US-EIN-13-3960591,Social Accountability International,active,21,social_accountability_international,United States,International NGO
NL-KVK-56083459,Women Peacemakers Program,active,21,wpp,Netherlands,International NGO
GB-COH-01650169,Ecorys UK,active,70,ecuk,United Kingdom,Private Sector
US-EIN-471065461,The Global Forum on MSM & HIV (MSMGF),active,21,msmgf,United States,International NGO
US-EIN-56-1071085,Ipas,active,21,ipas,United States,International NGO
NG-CAC-495140,Women Environmental Programme,active,22,wep,Nigeria,National NGO
DK-CVR-36980214,DanChurchAid,active,21,dca,Denmark,International NGO
NL-KVK-41214768,Global Network of People Living with HIV (GNP+),active,21,gnpplus,Netherlands,International NGO
BO-NIT-1013209020,"World Wildlife Fund Inc, Bolivia Program Office",active,21,wwf_bolivia,Bolivia,International NGO
GB-COH-08705643,Innovate UK KTN,active,15,ktn,United Kingdom,Other Public Sector
GB-COH-SC349355,Global Network of Sex Work Projects (NSWP),active,21,nswp,United Kingdom,International NGO
NL-KVK-34219433,Max Foundation,active,60,max-foundation,Netherlands,Foundation
CH-FDJP-66029860165,INTERNATIONAL DISABILITY ALLIANCE,active,21,ida,Switzerland,International NGO
US-EIN-27-5026463,Disability Rights Advocacy Fund,active,21,draf,United States,International NGO
DK-CVR-29439915,Caritas Denmark,active,22,caritas_denmark,Denmark,National NGO
NL-KVK-66926262,Win Win Strategies,active,21,wws,Netherlands,International NGO
GB-COH-03054929,DAI Global Health,active,70,healthpartners-international,United Kingdom,Private Sector
GB-COH-OC305127,BDO LLP,active,70,bdo,United Kingdom,Private Sector
US-EIN-203908371,World Economic Forum,active,21,worldeconomicforum,United States,International NGO
BW-CIPA-CO20151011,International Treatment Preparedness Coalition (ITPC),active,21,itpc,Botswana,International NGO
TZ-BRLA-4368,Amref Health Africa in Tanzania,active,21,amreftz,"Tanzania, United Republic of",International NGO
US-EIN-52-1238773,Women's Environment & Development Organization,active,21,wedo,United States,International NGO
GB-COH-NI630024,Siren Associates,active,70,siren,United Kingdom,Private Sector
GB-COH-8159144,Construction Sector Transparency Initiative (CoST),active,21,cost_uk,(No country assigned),International NGO
NL-KVK-32022621,Stichting RNW Media,active,21,rnw_org,Netherlands,International NGO
BE-BCE_KBO-0550758080,European Institute of Peace,active,15,eip,Belgium,Other Public Sector
NL-KVK-33226495,Atradius Dutch State Business,active,70,adsb,Netherlands,Private Sector
ZA-NPO-029-864,CIVICUS World Alliance for Citizen Participation,active,21,civicus,South Africa,International NGO
NG-CAC-IT-23286,Centre For Citizens With Disabilities,active,22,ccdnigeria,Nigeria,National NGO
XI-IATI-UNPF,UN Pooled Funds,active,40,unpf,(No country assigned),Multilateral
CH-FDJP-66006990023,ACT Alliance,active,21,act_alliance,Switzerland,International NGO
NL-KVK-30258482,Kerk in Actie,active,21,kerk_in_actie,Netherlands,International NGO
XM-DAC-47064,International Network for Bamboo and Rattan (INBAR),active,40,inbar,(No country assigned),Multilateral
NL-KVK-27251823,Support Trust for Africa Development (STAD),active,21,stad,Netherlands,International NGO
XM-DAC-5-52,Germany GIZ Non BMZ,active,15,giz,Germany,Other Public Sector
XM-DAC-236,Ministère de l'Economie et des Finances du Bénin,active,10,mefbenin,Benin,Government
DK-CVR-44623528,COWI,active,15,cowi,Denmark,Other Public Sector
NL-KVK-34148682,AFEW International,active,21,afewinternational,Netherlands,International NGO
XM-DAC-30011,International Union for Conservation of Nature and Natural Resources,active,15,iucn,Switzerland,Other Public Sector
BJ-IFU-3200700033415,Société Nationale des eaux du Bénin (SONEB),active,15,soneb-benin,Benin,Other Public Sector
LB-MOI-18291,Arab foundation for freedoms and equality,active,23,afemena,Lebanon,Regional NGO
US-GOV-1,United States Agency for International Development (USAID),active,10,usaid,United States,Government
GB-COH-07321996,Integrity Research and Consultancy Ltd,active,70,integrity,United Kingdom,Private Sector
CH-FDJP-109458452,DCAF - Geneva Centre for Security Sector Governance,active,60,dcaf,Switzerland,Foundation
US-EIN-943287156,Association for Progressive Communication,active,21,apc,United States,International NGO
KE-RCO-201036685,UHAI EASHRI,active,60,uhai-eashri,Kenya,Foundation
CZ-ICO-25755277,People in Need,active,21,pin,Czechia,International NGO
ZA-NPO-060766,Coalition of African Lesbians (CAL),active,21,cal_2000-pu,South Africa,International NGO
BE-BCE_KBO-0427736148,Trias,active,22,trias,Belgium,National NGO
IE-CHY-20009601,Trocaire,active,21,trocaire,Ireland,International NGO
GB-CHC-1171353,Global Innovation Fund,active,21,gif,United Kingdom,International NGO
GB-COH-04161656,ICF Consulting Services Ltd,active,70,icf,United Kingdom,Private Sector
BJ-IFU-6201408024805,The National Association of Municipalities of Benin (ANCB),active,22,ancb_benin,Benin,National NGO
US-EIN-13-2890727,Guttmacher Institute,active,21,guttmacher,United States,International NGO
XM-DAC-41301,Food and Agriculture Organization of the United Nations (FAO),active,40,fao,Italy,Multilateral
CH-FDJP-106064950,Medair,active,21,medair,Switzerland,International NGO
NL-KVK-27302841,Giro555 (Stichting Samenwerkende Hulporganisaties),active,21,giro555,Netherlands,International NGO
GB-COH-RC000053,The British Academy,active,80,thebritishacademy,United Kingdom,"Academic, Training and Research"
XM-DAC-928,World Health Organization (WHO),active,40,who,Switzerland,Multilateral
GB-CHC-1154230,Girls Not Brides: The Global Partnership to End Child Marriage,active,21,girlsnotbrides,United Kingdom,International NGO
NL-KVK-41152832,Stichting Nederlands Instituut voor Internationale Betrekkingen 'Clingendael',active,80,clingendael,Netherlands,"Academic, Training and Research"
IN-MCA-U74900MH2015PTC310042,Intellecap Advisory Services Private Limited,withdrawn,70,intellecap,India,Private Sector
NL-KVK-41160229,PUM Netherlands,active,21,pumnl,Netherlands,International NGO
NL-KVK-41153698,World Federalist Movement - Institute for Global Policy,active,21,wfm-igp,Netherlands,International NGO
GB-CHC-1091105,Meningitis Research Foundation,active,21,mrf,United Kingdom,International NGO
PH-SEC-FN200806591,Women's Global Network on Reproductive Rights,active,21,wgnrr_iati,Philippines,International NGO
US-EIN-27-3755556,IDEO.org,active,21,ideo_org,United States,International NGO
ET-CSA-0081,siiqqee Women's Development Association,active,22,swda,Ethiopia,National NGO
CH-FDJP-66004229946,World Economic Forum Geneva,active,21,weforum_geneva,Switzerland,International NGO
BE-BCE_KBO-0410644946,Caritas International (Belgium),active,22,cibe,Belgium,National NGO
CH-FDJP-CHE105834763,Helvetas Swiss Intercooperation,active,21,hsi,Switzerland,International NGO
NL-KVK-30195730,MVO Nederland,active,15,mvo_nederland,Netherlands,Other Public Sector
ML-NIF-400100027H,DNH Mali (Direction Nationale de l’Hydraulique du Mali),active,10,pca-gire,Mali,Government
US-EIN-13-1624114,Near East Foundation (NEF USA),active,21,nef_usa,United States,International NGO
US-EIN-58-1454716,The Carter Center,active,21,carter-center,United States,International NGO
NL-KVK-41169161,International Child Development Initiatives,withdrawn,21,icdi,Netherlands,International NGO
NL-KVK-27290536,HiiL innovating Justice,active,60,hiil_mfa,Netherlands,Foundation
PS-MOI-RA-22220-A,Union of Agricultural Work Committees,active,22,uawc,"Palestine, State of",National NGO
NL-KVK-53815211,Vrije Universiteit Amsterdam,active,80,acwfs_vu,Netherlands,"Academic, Training and Research"
ET-MOT-020/4/007,Ethiopian Horticulture Producer Exporters Association (EHPEA),active,22,ehpea,Ethiopia,National NGO
NL-KVK-41197411,International Bureau of Fiscal Documentation (IBFD),active,80,ibfd,Netherlands,"Academic, Training and Research"
NL-KVK-67143555,United Work,active,22,united_work,Netherlands,National NGO
NL-KVK-27102631,UNICEF Netherlands National Committee,active,22,unicefnl,Netherlands,National NGO
XM-DAC-6-4,AICS - Agenzia Italiana per la Cooperazione allo Sviluppo / Italian Agency for Cooperation and Development,active,10,aics,Italy,Government
US-EIN-26-4129153,Climate Policy Initiative,active,80,cpi,United States,"Academic, Training and Research"
LR-MPEA-NGO-AC-0298,YMCA of Liberia,active,22,libymca,Liberia,National NGO
KE-RCO-CPR-2009-5689,Trademark Africa,active,23,tma,Kenya,Regional NGO
KE-RCO-CPR/2009/5689,TradeMark East Africa,withdrawn,23,tmea,Kenya,Regional NGO
TR-MOI-27-018-163,Local Development and Small Projects Support,active,22,ldsps,Turkey,National NGO
BE-BCE_KBO-0418766123,Vlaamse Interuniversitaire Raad voor Universitaire Ontwikkelingssamenwerking (VLIR-UOS),active,80,vlir-uos,Belgium,"Academic, Training and Research"
ET-CSA-0009,Development Expertise Center,active,22,dec_ethiopia,Ethiopia,National NGO
AR-CENOC-16969-A,Fundación Fondo Mujeres del Sur,active,60,fms,Argentina,Foundation
US-EIN-58-2368165,United Nations Foundation,active,22,unf,United States,National NGO
XM-DAC-47058,International IDEA,active,40,idea,Sweden,Multilateral
NL-KVK-41146484,IHE Delft Institute for Water Education,active,80,ihedelft,Netherlands,"Academic, Training and Research"
US-EIN-13-2626135,TechnoServe,active,21,tns,United States,International NGO
MZ-NUIT-700098168,Administração de Infra-Estruturas de Águas e Saneamento,active,10,aias,Mozambique,Government
XM-DAC-46009,Caribbean Development Bank (CDB),active,40,caribank,(No country assigned),Multilateral
US-EIN-463668128,Women's Refugee Commission,active,21,w_r_c,United States,International NGO
MZ-NUIT-50039061,Agência de Desenvolvimento do Vale do Zambeze,active,10,agencia_do_zambeze,Mozambique,Government
US-EIN-56-2460366,Conflict Dynamics International,active,21,cdi,United States,International NGO
GB-COH-RC000658,University of Leeds,active,80,leedsuni,United Kingdom,"Academic, Training and Research"
MW-MRA-20125995,Mulanje Mission Hospital,active,22,mmh,Malawi,National NGO
NL-KVK-73728489,International NGO Safety Organisation,active,21,inso,Netherlands,International NGO
GB-CHC-1140276,International NGO Safety Orgnisation,withdrawn,21,inso,United Kingdom,International NGO
XM-DAC-41116,United Nations Environment Programme (UNEP),active,40,un-environment,(No country assigned),Multilateral
MW-RG-2977,Palliative Care Support Trust,active,22,pcst,Malawi,National NGO
GB-CHC-802353,Ethiopiaid UK,active,21,ethiopiaiduk,United Kingdom,International NGO
NL-KVK-70292361,Access to Seeds Foundation,active,21,atsf,Netherlands,International NGO
BE-BCE_KBO-0408643875,Oxfam Solidarité-Solidariteit,active,22,oxsol,Belgium,National NGO
US-EIN-33-1112770,CLASP,active,21,clasp,United States,International NGO
NL-KVK-58279199,The Access to Nutrition Foundation,active,21,atnf,Netherlands,International NGO
GB-CHC-1106349,International Network for Advancing Science and Policy,active,21,inasp,United Kingdom,International NGO
BD-NAB-1102,Population Services and Training Centre (PSTC),active,22,pstc_1102,Bangladesh,National NGO
JO-CCD-200138796,Horizons for Green Development,active,22,horizons,Jordan,National NGO
GB-CHC-1082565,Handicap International UK,active,80,hiuk,United Kingdom,"Academic, Training and Research"
ET-CSA-0638,Send a Cow Ethiopia,active,22,sacethiopia,Ethiopia,National NGO
RS-APR-17062603,Caritas Serbia,active,22,caritas_serbia,(No country assigned),National NGO
NL-KVK-41185216,Netherlands Commission for Environmental Assessment,active,60,ncea,Netherlands,Foundation
US-EIN-23-7069110,Oxfam America,active,21,oxfamus,United States,International NGO
KE-NCB-218/051/15179/10159,Kesho Kenya,active,22,kesho_kenya,Kenya,National NGO
KE-NCB-OP21805193101154,Ananda Marga Universal Relief Team (AMURT) Africa,active,22,amurt_kenya,Kenya,National NGO
KE-NCB-KENCBOP218051200802235390,Pastoralist Girls Initiative,active,22,pgi_kenya,Kenya,National NGO
LB-MOI-26_AD,Berytech Foundation,active,60,berytech,Lebanon,Foundation
NL-KVK-64680029,Stichting Wings For Aid Foundation,active,60,wfaf,Netherlands,Foundation
NL-KVK-41150085,Nuffic,active,80,nuffic20171017,Netherlands,"Academic, Training and Research"
BJ-IFU-6201200599008,ONG ALCRER,active,22,alcrer-1,Benin,National NGO
SE-ON-802017-3517,Diakonia (Sweden),active,21,diakonia-sweden,Sweden,International NGO
BJ-IFU-6201101048400,Social Watch Benin,active,22,swb_1,Benin,National NGO
GB-GOV-13,"UK - Department for Business, Energy and Industrial Strategy (BEIS)",active,10,beis,United Kingdom,Government
US-EIN-13-1687001,"The Population Council, Inc.",active,80,populationcouncil,United States,"Academic, Training and Research"
SN-NINEA-621108990A0,Panos Institute West Africa (PIWA),active,21,ipao,Senegal,International NGO
NL-KVK-41159889,Prince Claus Fund,active,21,pcf,Netherlands,International NGO
US-EIN-11-3803281,African Center for Economic Transformation (ACET),active,23,acet,United States,Regional NGO
GB-COH-09288843,The Power of Nutrition,active,60,the_power_of_nutrition,United Kingdom,Foundation
DK-CVR-20699310,Danish Refugee Council,active,21,drc,Denmark,International NGO
GB-CHC-1051681,Amnesty International UK Section Charitable Trust,active,21,aiuk,United Kingdom,International NGO
GB-EDU-133784,University of Birmingham,active,80,universityofbirmingham,United Kingdom,"Academic, Training and Research"
MZ-NUIT-600000381,Fundo de Investimento e Patrimonio do Abastecimento de Água (FIPAG),active,15,fipag,Mozambique,Other Public Sector
ZW-PVO-15/2003,CARE International in Zimbabwe,active,21,ciz,Zimbabwe,International NGO
US-EIN-521257057,World Resources Institute,active,21,wri,United States,International NGO
KE-RSO-14210,United Disabled Persons of Kenya,withdrawn,22,udpk,Kenya,National NGO
BE-BCE_KBO-0435563751,Memisa,active,80,memisa,Belgium,"Academic, Training and Research"
ZW-PVO-26/79,World Vision Zimbabwe,active,21,wvz-gec,Zimbabwe,International NGO
NL-KVK-34271281,World Waternet,active,60,worldwaternet,Netherlands,Foundation
NL-KVK-24316726,Ecorys Nederland B.V.,active,70,ecorysnl,Netherlands,Private Sector
XM-DAC-47136,Global Green Growth Institute (GGGI),active,40,gggi,(No country assigned),Multilateral
BE-BCE_KBO-0448755949,Collectif Stratégies Alimentaires,active,22,csa,Belgium,National NGO
NL-KVK-34370207,University of Amsterdam,active,80,uva_org,Netherlands,"Academic, Training and Research"
NL-KVK-41201198,The Hunger Project Netherlands,active,21,thp_org,Netherlands,International NGO
BE-BCE_KBO-0451857573,VVSG - Vereniging van Vlaamse Steden en Gemeenten,active,15,vvsg,Belgium,Other Public Sector
BE-BCE_KBO-0425410524,SOS FAIM - SOS HUNGER,active,22,sosfaim,Belgium,National NGO
ET-CSA-0486,Wolayita Development Association,active,80,woda_0486,Ethiopia,"Academic, Training and Research"
BE-BCE_KBO-0423616717,VVOB Education for Development,active,15,vvob,Belgium,Other Public Sector
BE-BCE_KBO-0423588904,Autre Terre asbl,active,80,a-t,Belgium,"Academic, Training and Research"
BE-BCE_KBO-0449400604,Ngo-federatie (Vlaamse federatie van ngo's voor ontwikkelingssamenwerking),active,22,ngo-federatie,Belgium,National NGO
CA-CRA_ACR-872374426,War Child Canada,active,21,wcc,Canada,International NGO
KE-NCB-218/051/93132/90,Federation of Women Lawyers Kenya,active,22,fida,Kenya,National NGO
IN-MCA-U74140WB1983PTC036093,PricewaterhouseCoopers Private Limited India,active,70,pwcplindia,India,Private Sector
ET-CSA-1063,Orbis Ethiopia,active,22,orbis_ethiopia,Ethiopia,National NGO
BE-BCE_KBO-0461076236,Centre Tricontinental - CETRI,active,22,ct-admin,Belgium,National NGO
BE-BCE_KBO-0418015461,Entraide et Fraternité,active,22,ef_,Belgium,National NGO
GB-CHC-1076822,Save the Children International,active,21,sci,United Kingdom,International NGO
BE-BCE_KBO-0422717486,Louvain Coopération,active,22,lc,Belgium,National NGO
BE-BCE_KBO-0451516390,Brulocalis,active,15,brulocalis,Belgium,Other Public Sector
BE-BCE_KBO-0421207751,Centre National de Coopération au Développement (CNCD-11.11.11),active,22,cncd,Belgium,National NGO
BE-BCE_KBO-0418282311,Viva Salud,active,22,g3w-m3m_admin,Belgium,National NGO
BE-BCE_KBO-0416486821,Oxfam-Magasins du monde (omdm),active,22,omdm,Belgium,National NGO
BE-BCE_KBO-0451461655,Union des Villes et Communes de Wallonie (UVCW),active,15,uvcw,Belgium,Other Public Sector
XM-OCHA-CBPF,OCHA Country Based Pooled Funds,active,40,unocha-cbpf,(No country assigned),Multilateral
BE-BCE_KBO-0424198222,Association for Cultural Technical and Educational Cooperation (ACTEC),active,22,actec,Belgium,National NGO
BE-BCE_KBO-0408908151,Iles de Paix,active,22,idp,Belgium,National NGO
NP-SWC-1844,Center for Research on Environment Health and Population Activities (CREHPA),active,22,crehpa,Nepal,National NGO
US-EIN-237297651,Orbis International,active,21,orbis_international,United States,International NGO
BE-BCE_KBO-0474198059,Africalia,active,15,africalia,Belgium,Other Public Sector
BE-BCE_KBO-0419872616,Tearfund VZW (TFBE),active,22,tfb_admin1,Belgium,National NGO
BE-BCE_KBO-0413986102,Wereldsolidariteit-Solidarité Mondiale (WSM),active,22,wsm,Belgium,National NGO
NG-CAC-692943,Academy for Health Development (AHEAD),active,80,ahead,Nigeria,"Academic, Training and Research"
BE-BCE_KBO-0461634084,Rode Kruis-Vlaanderen Internationaal vzw,active,22,rkiv,Belgium,National NGO
BE-BCE_KBO-0410661673,SCI Projets Internationaux ASBL_Service Civil International branche belge,active,22,scibelgium,Belgium,National NGO
BE-BCE_KBO-0432552989,Fonds voor Ontwikkelingssamenwerking - Socialistische Solidariteit VZW,active,22,fos,Belgium,National NGO
BE-BCE_KBO-0445412518,ACV-CSC International,active,22,iiwe,Belgium,National NGO
AF-MOE-138,Aga Khan Foundation Afghanistan,active,60,akf_afghanistan,Afghanistan,Foundation
BE-BCE_KBO-0415627875,ULB-Coopération,active,22,ulbcoop,Belgium,National NGO
DK-CVR-37295728,NIRAS A/S,active,70,niras,Denmark,Private Sector
NL-KVK-62066064,GOGLA - Global Off-Grid Lighting Association,active,70,gogla,Netherlands,Private Sector
US-EIN-06-1608361,African Population and Health Research Center,active,21,aphrc,United States,International NGO
BE-BCE_KBO-0409451054,Enfance Tiers Monde Kinderen Derde Wereld,active,22,etmkdw,Belgium,National NGO
ZW-ROD-MA988/87,Women's Action Group,active,22,wag-1983,Zimbabwe,National NGO
BE-BCE_KBO-0408628435,SOS Kinderdorpen België / SOS Villages d'Enfants Belgique,active,21,svdbskb_admin,Belgium,International NGO
ET-CSA-1233,EngenderHealth Ethiopia,active,21,engenderhealth_eth,Ethiopia,International NGO
US-EIN-52-2145827,Chemonics International Inc.,active,70,chemonics,United States,Private Sector
BE-BCE_KBO-0441988715,Fairtrade Belgium,active,22,fairtrade_be,Belgium,National NGO
LB-MOI-497,ABAAD - Resource Center for Gender Equality,active,22,arcfge,Lebanon,National NGO
ZM-PCR-10104052014,People's Process on Housing and Poverty in Zambia,active,21,pphpz,Zambia,International NGO
BE-BCE_KBO-0462132150,Croix-Rouge de Belgique Communauté francophone - Activités internationales ASBL,active,22,crb-ai_admin,Belgium,National NGO
BE-BCE_KBO-0431955945,Sensorial Handicap Cooperation,active,80,shc,Belgium,"Academic, Training and Research"
BE-BCE_KBO-0415880570,Association pour la Promotion de l'Education et de la Formation à l'Etranger,active,15,apefe,Belgium,Other Public Sector
BE-BCE_KBO-0433439550,Défi Belgique Afrique,active,22,dba,Belgium,National NGO
BE-BCE_KBO-0463455904,Chaîne de l'Espoir Belgique / Keten van Hoop België / Chain of Hope Belgium,active,22,cdeb-kvhb_admin,Belgium,National NGO
BE-BCE_KBO-0432235661,Handicap International Belgique,active,22,hib,Belgium,National NGO
BE-BCE_KBO-0415426155,Miel Maya Honing asbl,active,22,mmha,Belgium,National NGO
NL-KVK-34185938,Access to Medicine Foundation,active,60,atmf,Netherlands,Foundation
BE-BCE_KBO-0442168263,VETERINAIRES SANS FRONTIERES / DIERENARTSEN ZONDER GRENZEN - BELGIUM,active,22,vsfbelgium,Belgium,National NGO
BE-BCE_KBO-0419189557,Rotary Clubs For Development,active,22,rc4d,Belgium,National NGO
BE-BCE_KBO-0454555163,RCN Justice & Démocratie,active,22,rcn,Belgium,National NGO
BE-BCE_KBO-0460162753,Medecins du Monde Belgique - Dokters van de Wereld Belgïe,active,22,medecins,Belgium,National NGO
BE-BCE_KBO-0413119733,VIA Don Bosco,active,22,via-db,Belgium,National NGO
BE-BCE_KBO-0408022778,Djapo,active,22,djapo,Belgium,National NGO
BE-BCE_KBO-0420656336,Rikolto in Belgium,active,22,rikolto_belgium,Belgium,National NGO
BE-BCE_KBO-0407562029,Unicef Belgium National Committee,active,22,ub,Belgium,National NGO
BE-BCE_KBO-0662878501,Rikolto,active,60,rikolto,Belgium,Foundation
BE-BCE_KBO-0418088113,Broederlijk Delen,active,22,bd,Belgium,National NGO
BE-BCE_KBO-0417299047,Join For Water,active,22,protos,Belgium,National NGO
BE-BCE_KBO-0479866027,Studio Globo,active,80,sg,Belgium,"Academic, Training and Research"
BE-BCE_KBO-0478060441,Beweging voor Internationale Solidariteit - Mouvement pour la Solidarité Internationale,active,22,bismsi,Belgium,National NGO
BE-BCE_KBO-0479222461,BOS+ tropen,active,22,bos_plus_tropen,Belgium,National NGO
BE-BCE_KBO-0432622077,FIAN Belgium,active,22,fian-belgium,Belgium,National NGO
BE-BCE_KBO-0463729878,Benelux Afro Center,active,22,bac,Belgium,National NGO
BE-BCE_KBO-0432624255,Solsoc,active,22,solsoc,Belgium,National NGO
BE-BCE_KBO-0408095925,Auto-Développement Afrique (ADA),active,22,ada,Belgium,National NGO
CO-RUE-860013779-5,Asociación Profamilia,active,70,profamilia,Colombia,Private Sector
BE-BCE_KBO-0416934803,Forum Universitaire pour la Coopération Internationale au Développement -FUCID ASBL,active,22,fucid,Belgium,National NGO
BE-BCE_KBO-0418399305,COMMISSION JUSTICE ET PAIX ASBL (cjp),active,22,cjp,Belgium,National NGO
BE-BCE_KBO-0408656248,World Wide Fund for Nature Belgium (WWF-BE),active,22,wwf-be,Belgium,National NGO
BE-BCE_KBO-0472089102,GEOMOUN ASBL,active,22,geomoun,Belgium,National NGO
BE-BCE_KBO-0408256667,Congodorpen vzw,active,22,congodorpen,Belgium,National NGO
GB-COH-04644326,Agulhas Applied Knowledge,active,70,aak,United Kingdom,Private Sector
BE-BCE_KBO-0409597544,FONCABA ASBL KBA VZW,active,22,foncaba,Belgium,National NGO
BE-BCE_KBO-0432503697,Eclosio,active,22,eclosio,Belgium,National NGO
BE-BCE_KBO-0420790948,Universitair Centrum voor Ontwikkelingssamenwerking,active,22,ucos,Belgium,National NGO
XM-DAC-7-PPR-4000005312,Bani Abdurrahman Wahid Foundation (YBAW),active,60,ybawahid,Indonesia,Foundation
CO-RUE-900.683.942-8,Asociación Movimiento Feminista Por La Paz Ruta Pacífica de las Mujeres,active,30,rpm,Colombia,Public Private Partnership
BE-BCE_KBO-0421210424,Koepel van de Vlaamse Noord-Zuidbeweging 11.11.11 VZW,active,22,111111_publisher,Belgium,National NGO
BE-BCE_KBO-0415365777,Oxfam Wereldwinkels,active,22,oww,Belgium,National NGO
JO-MSD-2013011100066,Queen Rania Foundation for Education and Development,active,22,qrfed,Jordan,National NGO
KE-NCB-218-051-93197-173,Forum for Africa Women Educationalist Regional Secretariat,active,23,fawe-rs,Kenya,Regional NGO
KE-NCB-218.051.93197.173,Forum for Africa Women Educationalist Regional Secretariat,withdrawn,23,fawe-rs,Kenya,Regional NGO
NL-KVK-09119363,PRACTICA Foundation,active,60,practica,Netherlands,Foundation
JO-COA-1701-HPC,Higher Population Council,active,15,hpc,Jordan,Other Public Sector
US-EIN-22-3087809,IREX (International Research and Exchange Board),active,21,irex,United States,International NGO
XM-DAC-47066,International Organization for Migration (IOM),active,40,iom,Switzerland,Multilateral
BE-BCE_KBO-0416867297,KIYO,active,21,kiyo,Belgium,International NGO
US-EIN-900634376,C40 Cities Climate Leadership Group,active,80,c40cities,United States,"Academic, Training and Research"
GB-CHC-1135700,British & Irish Agencies Afghanistan Group,active,21,baag,United Kingdom,International NGO
BE-BCE_KBO-0546740696,Académie de recherche et d'enseignement supérieur,active,80,ares,Belgium,"Academic, Training and Research"
BE-BCE_KBO-0474912493,Dynamo International asbl,active,22,dynamo_international,Belgium,National NGO
BE-BCE_KBO-0445741823,Quinoa,active,22,quinoa,Belgium,National NGO
BE-BCE_KBO-0443262185,Echos Communication,active,22,ec,Belgium,National NGO
BE-BCE_KBO-0448723978,Médecins Sans Vacances,active,22,msv,Belgium,National NGO
BE-BCE_KBO-0446340550,Comité pour l'abolition des dettes illégitimes,active,22,cadtm,Belgium,National NGO
BE-BCE_KBO-0415499795,ITECO - Centre de formation pour le développement,active,22,iteco,Belgium,National NGO
NL-KVK-40478591,Royal Netherlands Football Association,active,15,knvb,Netherlands,Other Public Sector
ES-CIF-G81164105,ACTION AGAINST HUNGER SPAIN,active,21,acfspain,Spain,International NGO
BE-BCE_KBO-0406694670,Damiaanactie / Action Damien,active,22,damien-foundation,Belgium,National NGO
RW-RGB-101-RGB-NGO-2014,UWEZO Youth Empowerment,active,22,uwezo_youth_empowerment,Rwanda,National NGO
NL-KVK-41208024,Stichting Aidenvironment,active,60,aidenvironment,Netherlands,Foundation
BE-BCE_KBO-0425420917,Plan International Belgium,active,22,pib,Belgium,National NGO
NL-KVK-32102434,RUAF Foundation,active,60,ruaf,Netherlands,Foundation
US-EIN-030358029,Population Media Center,active,21,pmc,United States,International NGO
BE-BCE_KBO-0430826290,Le Monde selon les femmes asbl,active,22,mondefemmes,Belgium,National NGO
BE-BCE_KBO-0417549465,Coopération par l'Education et la Culture,active,22,cec,Belgium,National NGO
DK-CVR-25191501,Danmission,active,22,danmission,Denmark,National NGO
IN-MHA-337680017,Network For Enterprise Enhancement and Development Support,active,22,needs,India,National NGO
CO-RUE-860049972,Fundación Oriéntame,active,22,orientame,Colombia,National NGO
CH-FDJP-CHE102197003,International Federation of Accountants,active,21,ifac,Switzerland,International NGO
US-EIN-27-1414646,Clinton Health Access Initiative,active,21,chai,United States,International NGO
US-EIN-13-3327220,Action Against Hunger USA,active,21,aahusa,United States,International NGO
GB-COH-07157505,ODI Global Advisory Ltd,active,80,odi_sales_ltd,United Kingdom,"Academic, Training and Research"
UG-NGB-5914-129,AVSI FOUNDATION IN UGANDA,active,21,avsi_uganda,Uganda,International NGO
GH-DSW-2046,African Women's Development Fund,active,23,awdf,Ghana,Regional NGO
DE-CR-BonnVR8726,IFOAM - Organics International,active,21,ifoam,Germany,International NGO
GB-COH-05126149,The MENTOR Initiative,active,21,the_mentor_initiative,United Kingdom,International NGO
EG-CR-117508,Enroot,active,70,nroot,Egypt,Private Sector
BD-NAB-0271,Bangladesh Nari Progati Sangha,active,22,bnps,Bangladesh,National NGO
GB-CHC-1112842,Transparency International UK,active,21,ti-uk,United Kingdom,International NGO
GB-CHC-1119168,Energy 4 Impact,active,21,e4i,United Kingdom,International NGO
US-EIN-75-3130860,Center for Civilians in Conflict,active,21,civic_admin,United States,International NGO
GB-COH-RC000672,University of Sussex,active,80,uos,United Kingdom,"Academic, Training and Research"
GB-CHC-1047653,Raleigh International,active,21,raleigh_int,United Kingdom,International NGO
BE-BCE_KBO-0410757386,Solidagro,active,80,solidagro_admin,Belgium,"Academic, Training and Research"
NL-KVK-41199723,NLR,active,21,nlr,Netherlands,International NGO
TZ-TRA-101-091-759,Economic and Social Research Foundation (ESRF),active,80,esrf,"Tanzania, United Republic of","Academic, Training and Research"
NL-KVK-24365461,Right to Play Netherlands Foundation,active,21,rtp,Netherlands,International NGO
NL-KVK-08134161,VEI B.V.,active,70,vei_nl,Netherlands,Private Sector
XM-DAC-21018,International Federation of the Red Cross and Red Crescent (IFRC),active,21,ifrcrcs,Switzerland,International NGO
UG-NGB-10890,Bucks Community NGO,active,22,bucksfarm,Uganda,National NGO
XM-DAC-43000,International Monetary Fund,active,40,imf,United States,Multilateral
GB-CHC-314137,Association of Commonwealth Universities,active,80,acu,United Kingdom,"Academic, Training and Research"
NL-KVK-56185154,"NpM, Platform for Inclusive Finance",active,22,npm,Netherlands,National NGO
GB-CHC-1113101,Tropical Health and Education Trust,active,21,tropicalhealth,United Kingdom,International NGO
US-EIN-52-0595110,Johns Hopkins University,active,80,gi-jhu,United States,"Academic, Training and Research"
NL-KVK-56821743,MDF Global,active,60,mdf,Netherlands,Foundation
CH-FDJP-CHE100871337,International Council of Voluntary Agencies,active,21,icva,Switzerland,International NGO
US-EIN-521750875,Iraq Foundation,active,21,iraq_foundation,United States,International NGO
ES-CIF-G-8236803,Oxfam Intermón,active,21,oxfamintermon,Spain,International NGO
XM-DAC-41123,United Nations Industrial Development Organization (UNIDO),active,40,unido,(No country assigned),Multilateral
GH-DSW-4711,Savana Signatures,active,22,savsign-org,Ghana,National NGO
GB-COH-00041424,Unilever,active,30,ul,(No country assigned),Public Private Partnership
BD-NAB-0682,Development Organisation of the Rural Poor,active,22,dorp-org,Bangladesh,National NGO
BE-BCE_KBO-0453072647,Institut de Formation Syndical International - Internationaal Syndicaal Vormingsinstituut,active,22,ifsi_isvi,Belgium,National NGO
MW-CNM-C057/1998,the center for victimized women and children,active,22,cavwoc,Malawi,National NGO
NL-KVK-65306198,equileap,active,21,equileap,Netherlands,International NGO
UG-NGB-1826,Family Life Education Program,active,22,flepuganda,Uganda,National NGO
GB-COH-RC000631,University College London,active,80,ucl,United Kingdom,"Academic, Training and Research"
TZ-TRA-101-304-795,Chama cha Uzazi na Malezi Bora Tanzania (UMATI),active,22,umati,"Tanzania, United Republic of",National NGO
KE-NCB-218/051/96110/823,Centre for the Study of Adolescence,active,80,csa-kenya,Kenya,"Academic, Training and Research"
US-GOV-17,United States Department of Labor,active,10,dol,United States,Government
GB-CHC-1114727,Joshua Orphan and Community Care,active,21,jocc_uk,(No country assigned),International NGO
BE-BCE_KBO-0460240749,Light For The World Belgium,active,22,lftw-be,Belgium,National NGO
JO-CCD-2826,World Vision Syria,withdrawn,21,wvsyria,Syrian Arab Republic,International NGO
IN-MHA-231650063,Voluntary Health Association of India,active,80,vhai-org,(No country assigned),"Academic, Training and Research"
DK-CVR-20074035,ADRA Denmark,active,22,adra-dk,Denmark,National NGO
KE-RCO-78260,ADS-Nyanza,active,15,ads-nyanza,Kenya,Other Public Sector
HK-CR-1494242,Solidaridad South & South-East Asia,active,21,solidaridad-ssea,India,International NGO
GH-DSW-5574,Solidaridad West Africa,active,21,solidaridad-waf,Ghana,International NGO
XI-IATI-FIABEL,Fiabel,active,22,fiabel,Belgium,National NGO
KE-NCB-218/051/9384/74,CARE SOMALIA,active,22,csom1,Kenya,National NGO
GB-COH-07627789,D. Capital Partners,active,30,dcapitalpartners,United Kingdom,Public Private Partnership
JO-MSD-2009011100178,The Princess Alia Foundation,active,60,paf_2018,Jordan,Foundation
GB-CHC-1157722,Irise International,active,21,irise_int,United Kingdom,International NGO
TZ-TRA-102316134,"Iringa Development of Youth, Disabled and Children Care",active,22,idydc,"Tanzania, United Republic of",National NGO
TZ-TRA-116315386,Babawatoto Centre For Children and Youth,active,22,bawacecy-tz,"Tanzania, United Republic of",National NGO
TZ-TRA-110-664-087,Railway Children Africa,active,22,rc2africa,"Tanzania, United Republic of",National NGO
US-GOV-6,United States Department of the Treasury,active,10,treasury,United States,Government
US-EIN-14-1945286,"The Global Development Incubator, Inc",active,21,gdi,United States,International NGO
TZ-TRA-121406209,CHEKA SANA TANZANIA,active,22,cst,"Tanzania, United Republic of",National NGO
GB-COH-06735120,Worldwide Hospice Palliative Care Alliance,active,21,whpca,United Kingdom,International NGO
GB-COH-RC000797,The University of Manchester,active,80,uom,United Kingdom,"Academic, Training and Research"
IT-CF-97091470589,INTERSOS Onlus,active,21,intersos_main,Italy,International NGO
GB-GOV-14,UK – Department for Education,active,10,dfe,United Kingdom,Government
US-EIN-27-1661997,GiveDirectly,active,21,givedirectly,United States,International NGO
MM-MHA-1/Local/0047,Karuna Mission Social Solidarity - KMSS,active,22,kmss,Myanmar,National NGO
CA-CRA_ACR-817387277,Mastercard Foundation,active,60,mastercard-foundation,Canada,Foundation
BD-NAB-002,BRAC,active,21,brac_admin2,Bangladesh,International NGO
GB-CHC-223106,Royal College of General Practitioners (RCGP),active,22,rcgp-international,United Kingdom,National NGO
US-EIN-042312909,Brigham and Women's Hospital,active,80,bwh,United States,"Academic, Training and Research"
US-EIN-237413005,FHI360,active,21,fhi360,United States,International NGO
XM-DAC-47056,World Agroforestry Centre,active,80,icraf_,Kenya,"Academic, Training and Research"
GB-COH-10633588,Abt Britain Limited,active,70,abtbritain,United Kingdom,Private Sector
GB-CHC-213280,Royal College of Obstetricians & Gynaecologists,active,80,rcog_resilience_in_obstetric_skills,United Kingdom,"Academic, Training and Research"
GB-COH-02188452,International Institute for Environment and Development,active,80,iied,United Kingdom,"Academic, Training and Research"
KE-KRA-P051311853T,Northern Rangelands Trust,active,22,nrt-kenya,Kenya,National NGO
GB-CHC-1047608,Alliance of Religions and Conservation,active,21,alliance_of_religions_and_conservation,United Kingdom,International NGO
BD-NAB-051,YWCA of Bangladesh,active,22,ywcabd,Bangladesh,National NGO
PS-MOI-QR-209-HR,Women's Centre for Legal Aid and Counselling,active,22,wclac,"Palestine, State of",National NGO
XI-IATI-MIF,Multilateral Investment Fund,active,40,fomin,United States,Multilateral
IE-CHY-20009090,Concern Worldwide,active,21,concern_worldwide,Ireland,International NGO
XM-OCHA-FTS18563,"Social Fund for Development, Yemen",active,15,sfd-yemen,Yemen,Other Public Sector
US-EIN-63-0676451,International Fertilizer Development Center,active,21,ifdc-us,United States,International NGO
LB-MOI-14739,Marsa Sexual Health Center,active,23,marsa_welead,Lebanon,Regional NGO
US-EIN-134166228,Acumen,active,21,acumen,United States,International NGO
GB-CHC-1046579,Consortium for Street Children,active,21,csc,United Kingdom,International NGO
IN-MHA-147110006,CINI,active,22,cini_jhk,India,National NGO
SE-ON-802007-2446,Afrikagrupperna Sweden,active,21,afrikagrupperna,Sweden,International NGO
XI-IATI-OCHASDC,United Nations Office for the Coordination of Humanitarian Affairs (Specially-Designated Contributions),active,40,unocha-sdc,United States,Multilateral
GH-DSW-4834,NORSAAC,active,22,norsaac,Ghana,National NGO
GB-COH-04930461,Concordis International,active,21,concordis,United Kingdom,International NGO
CR-RPJ-3-006-125548,Fundacion Acceso,active,23,fundacion-acceso,Costa Rica,Regional NGO
US-GOV-23,United States Federal Trade Commission,active,10,ftc,United States,Government
US-GOV-TBD,United States Federal Trade Commission,withdrawn,10,ftc,United States,Government
US-EIN-91-1157127,PATH,active,21,_path_,United States,International NGO
DE-CR-VR32914,Water Integrity Network Association,active,21,win,Germany,International NGO
IL-RA-580166452,Musalaha Ministry of Reconciliation,active,80,mmr_admin2,Israel,"Academic, Training and Research"
AF-MOE-22,CARE International Afghanistan,active,21,ciafg,Afghanistan,International NGO
GB-COH-02622374,Energy Saving Trust,active,15,energy_saving_trust,United Kingdom,Other Public Sector
PK-SEC-0080655,DKT - (Pakistan),active,70,dkt,Pakistan,Private Sector
XI-GRID-grid.442465.5,Mzumbe University,active,80,m_u,"Tanzania, United Republic of","Academic, Training and Research"
US-EIN-32-0060251,AIDSPAN,active,21,aidspan,United States,International NGO
KE-KRA-P051119468K,Kisumu Medical and Education Trust,active,22,kmet,Kenya,National NGO
XM-DAC-45001,International Trade Centre (ITC),active,21,itc,Switzerland,International NGO
AU-ACNC-18055208636,Oxfam Australia,active,21,oau,Australia,International NGO
FR-RCS-389515180,Solidarites International,active,21,solidarites-international,France,International NGO
US-EIN-23-1352010,American Friends Service Committee,active,80,afsc,United States,"Academic, Training and Research"
XI-GRID-grid.52681.38,BRAC University,active,80,bu,Bangladesh,"Academic, Training and Research"
US-GOV-22,United States International Development Finance Corporation,active,10,dfc,United States,Government
KE-RCO-84486,Transparency International Kenya,active,22,ti_kenya,Kenya,National NGO
GB-CHC-1151219,DeafKidz International,active,21,dki1151219,United Kingdom,International NGO
LB-MOI-853,AVT-L Association of Victims of Terrorism Lebanon,active,22,avt-l,Lebanon,National NGO
IQ-NGO-1Z2634,"Rehabilitation, Education and Community Health (REACH)",active,22,reach-iraq,Iraq,National NGO
XM-DAC-41121,United Nations High Commissioner for Refugees (UNHCR),active,40,unhcr,Switzerland,Multilateral
US-EIN-58-1593137,DKT International,active,21,dkti,United States,International NGO
XM-DAC-701-2,Ministry of Foreign Affairs of Japan,active,10,mofa-jpn,Japan,Government
XI-IATI-AGR,AgResults Initiative,active,40,agresults,(No country assigned),Multilateral
BJ-IFU-4201710116446,"Institut National de l'Eau, Benin",active,80,ine_benin,Benin,"Academic, Training and Research"
BJ-IFU-4201710182326,Agence Nationale d'Approvisionnement en Eau Potable en Milieu Rural du Benin,active,10,anaepmr_benin,Benin,Government
GB-COH-02517018,Universities UK,active,22,uuk,United Kingdom,National NGO
NL-KVK-70292388,Index Initiative Foundation,active,60,iif,Netherlands,Foundation
US-EIN-13-5562308,New York University,active,80,nyu,United States,"Academic, Training and Research"
BJ-IFU-4201710012551,Commune de Dangbo - Benin,active,15,dangbo,Benin,Other Public Sector
BJ-IFU-6201810251129,Commune de Adjarra - Bénin,active,15,adjarra,Benin,Other Public Sector
BJ-IFU-6201000068802,Commune de Parakou - Bénin,active,15,parakou,Benin,Other Public Sector
BJ-IFU-5200081145006,Commune de Toffo - Bénin,active,15,toffo,Benin,Other Public Sector
BJ-IFU-6200901945503,Commune de Toviklin - Bénin,active,15,toviklin,Benin,Other Public Sector
BJ-IFU-6201101182902,Commune de Kpomassè - Bénin,active,15,kpomasse,Benin,Other Public Sector
BJ-IFU-6200801257400,Commune de Zè - Bénin,active,15,ze,Benin,Other Public Sector
BJ-IFU-6201501755307,Commune de Allada - Bénin,active,15,allada,Benin,Other Public Sector
BJ-IFU-6201001076902,Commune de Aplahoué - Bénin,active,15,aplahoue,Benin,Other Public Sector
BJ-IFU-6200901944805,Commune de Lalo - Bénin,active,15,lalo,Benin,Other Public Sector
GH-RGD-CG109732014,Third World Network Africa,active,23,twnafrica,Ghana,Regional NGO
BJ-IFU-6200901851300,Commune de Kétou - Bénin,active,15,ketou,Benin,Other Public Sector
BJ-IFU-5200801335602,Commune de Adjohoun - Bénin,active,15,adjohoun,Benin,Other Public Sector
BJ-IFU-6200901944008,Commune de Adja-Ouere - Bénin,active,15,adja-ouere,Benin,Other Public Sector
BJ-IFU-6201200579608,Commune de Pobè - Bénin,active,15,pobe,Benin,Other Public Sector
BJ-IFU-6200901944209,Commune de Bopa - Bénin,active,15,bopa,Benin,Other Public Sector
BJ-IFU-6201001843703,Commune de Akpro-Missérété - Bénin,active,15,akpro-misserete,Benin,Other Public Sector
BJ-IFU-6201000370801,Commune de Comè - Bénin,active,15,come,Benin,Other Public Sector
BJ-IFU-6201300688700,Commune de Avrankou - Bénin,active,15,avrankou,Benin,Other Public Sector
BJ-IFU-6201100143407,Commune de Ifangni - Bénin,active,15,ifangni,Benin,Other Public Sector
SE-ON-802004-1524,We Effect,active,21,weeffect,Sweden,International NGO
BJ-IFU-6201100034408,Commune de Klouékanmè - Bénin,active,15,klouekanme,Benin,Other Public Sector
KE-KRA-P051502549C,National Coalition of Human Rights Defenders - Kenya,active,22,nchrdk,Kenya,National NGO
ZA-NPO-006-981,Institute for Security Studies,active,21,issafrica,South Africa,International NGO
NP-SWC-10136,Nepal Disabled Human Rights Center,active,22,dhrc_nepal,Nepal,National NGO
IN-MCA-AAE-8458,Deloitte Touche Tohmatsu India LLP,active,70,dttillp,India,Private Sector
UG-NGO-1406,DefendDefenders,active,80,defenddefenders,Uganda,"Academic, Training and Research"
KE-NCB-2180511703310709,Send a Cow Kenya,active,22,sac_kenya,Kenya,National NGO
NL-KVK-70048436,Global Rights Compliance Foundation,active,60,grc2018,Netherlands,Foundation
US-EIN-11-3580024,International Center for Transitional Justice,active,21,ictj,United States,International NGO
DK-CVR-19348407,CISU,active,22,cisu,Denmark,National NGO
UG-NGB-0498,Mukisa Foundation,active,22,mukisa_foundation,Uganda,National NGO
NL-KVK-27367015,Netherlands Organisation for Scientific Research (NWO),active,10,nwo,Netherlands,Government
US-EIN-13-3377893,Rainforest Alliance,active,21,rainforest-alliance,United States,International NGO
GB-CHC-1127366,British Asian Trust,active,21,b_a_t,United Kingdom,International NGO
RW-RGB-002-RGB-NGO-2017,EDUCATION DEVELOPMENT TRUST - RWANDA,withdrawn,21,edt_rwanda,Rwanda,International NGO
GB-CHC-1058162,Christian Blind Mission (UK) Ltd.,active,21,cbm,United Kingdom,International NGO
US-EIN-53-0242652,The Nature Conservancy,active,21,the_nature_conservancy,United States,International NGO
GB-COH-RC000664,University of Nottingham,active,80,uni_of_nottingham,United Kingdom,"Academic, Training and Research"
LK-DRC-GA139,Women's Fund Asia,active,23,wf-asia,Sri Lanka,Regional NGO
HK-CR-2091642,Seefar,active,70,seefar,Hong Kong,Private Sector
SO-MPND-L43135002018MJ,NAGAAD,active,22,nagaad,Somalia,National NGO
GB-CHC-1118528,Child.org,active,21,child-dot_org,(No country assigned),International NGO
XI-IATI-DGF,Democratic Governance Facility,active,15,dgf,Uganda,Other Public Sector
NP-SWC-8220,Aapasi Sahayog Kendra Syangja Nepal (ASK Nepal),active,22,ask,Nepal,National NGO
NE-DGI-5355,Timidria,active,22,timidria,Niger,National NGO
DK-CVR-12006004,Center for Church-Based Development,active,21,cku,Denmark,International NGO
XI-GRID-grid.9829.a,Kwame Nkrumah University of Science and Technology,active,80,knust,Ghana,"Academic, Training and Research"
DK-CVR-63407216,Save the Children DK,active,21,redbarnet,Denmark,International NGO
GB-CHC-1089110,Global Canopy,active,21,globalcanopy,United Kingdom,International NGO
NL-KVK-60633468,Water Finance Facility,active,70,wff,Netherlands,Private Sector
GB-COH-10333897,Pegasys Limited,active,70,pegasys-eu,United Kingdom,Private Sector
XM-DAC-21016,International Committee of the Red Cross (ICRC),active,40,icrc,Switzerland,Multilateral
DK-CVR-40781218,World Wide Fund for Nature Denmark,active,60,wwfdk,Denmark,Foundation
DE-CR-RA000220-VR3810,Welthungerhilfe,active,21,whh,Germany,International NGO
MZ-NUIT-500004037,Direcção Provincial de Saúde de Nampula,active,10,dps-nampula,Mozambique,Government
KE-KRA-P051097200R,International Centre of Insect Physiology and Ecology (icipe),active,80,icipe,Kenya,"Academic, Training and Research"
DK-CVR-12921047,CARE Danmark Fonden for Frivillig Ulandsbistand,active,22,12921047,Denmark,National NGO
NL-KVK-27368929,Universiteit Leiden,active,80,universiteit_leiden,Netherlands,"Academic, Training and Research"
NL-KVK-72849770,Stichting Beheer Subsidiegelden DRA,active,21,stichting-subsidiegelden-dra,Netherlands,International NGO
KE-RCO-C110031,Farm Concern International,active,23,fci,Kenya,Regional NGO
ET-CSA-0976,Dawuro Development Association,active,80,dawuro_da,Ethiopia,"Academic, Training and Research"
DK-CVR-20453672,Danish Trade Union Development Agency (Ulandssekretariatet),active,21,loftf,Denmark,International NGO
DK-CVR-18243717,ActionAid Denmark (Mellemfolkeligt Samvirke),active,21,aadk,Denmark,International NGO
US-EIN-84-1648607,Educate!,active,21,educate,United States,International NGO
CH-FDJP-CHE232974628,Responsible Mining Foundation,active,60,rmf,Switzerland,Foundation
ID-KHH-0000871,Perhimpunan Pengembangan Media Nusantara,active,22,ja_ppmn,Indonesia,National NGO
DK-CVR-14723692,Mission Øst,active,21,missioneast,Denmark,International NGO
GB-COH-RC000297,King's College London,active,80,kingscollegelondon,United Kingdom,"Academic, Training and Research"
DK-CVR-16077593,Confederation of Danish Industry,active,70,di,Denmark,Private Sector
NL-KVK-50130536,University Twente,active,80,utwente,Netherlands,"Academic, Training and Research"
DK-CVR-31378028,3F International,active,22,3fi,Denmark,National NGO
DK-CVR-13078513,DUF - The Danish Youth Council,active,22,duf,Denmark,National NGO
GB-COH-07291220,50 Eight Limited,active,70,fifty_eight,United Kingdom,Private Sector
DK-CVR-58185728,Danish Family Planning Association,active,22,dfpa,Denmark,National NGO
RW-RGB-61-RGB-NGO-2017,ActionAid Rwanda,active,22,aar,Rwanda,National NGO
DK-CVR-35429867,Global Focus,active,22,globaltfokus,Denmark,National NGO
CH-FDJP-CHE109506789,Geneva International Centre for Humanitarian Demining,active,60,gichd,Switzerland,Foundation
DK-CVR-14766383,Disabled People's Organisations Denmark,active,22,dpod,Denmark,National NGO
GB-UKPRN-10007774,The University of Oxford,active,80,oxford,United Kingdom,"Academic, Training and Research"
GB-CHC-1077216,Compassion UK,active,21,comp_uk,United Kingdom,International NGO
GB-CHC-1016676,INTRAC,active,21,intrac,United Kingdom,International NGO
US-EIN-26-3933134,Special Hope Network,active,21,shn,United States,International NGO
GB-COH-08212556,PositiveNegatives,active,15,posneg,United Kingdom,Other Public Sector
NL-KVK-64763064,Data4Development,active,70,d4d,Netherlands,Private Sector
GB-CHC-1161729,Hope for Children,active,21,hfc,United Kingdom,International NGO
SE-ON-802005-9823,WWF Sweden,active,21,wwf-se,Sweden,International NGO
US-EIN-91-1148123,Mercy Corps Global,active,21,mcg,United States,International NGO
GB-CHC-1108718,African Revival,active,21,africanrevival,United Kingdom,International NGO
NL-KVK-30276595,Koninklijk Nederlands Meteorologisch Instituut,active,10,knmi,Netherlands,Government
PK-SEC-0105957,Sehat Kahani (Community Innovation Hub),active,70,sehatkahanicih,Pakistan,Private Sector
NL-KVK-70333564,Mercy Corps Netherlands,active,21,mcn,Netherlands,International NGO
PE-SUNARP-12623829,International Indigenous Women Forum,active,60,fimi_iiwf_2019,Peru,Foundation
XI-IATI-ACATBA,Association Centrafricaine de Traduction de la Bible et Alphabetisation,active,22,acatba,Central African Republic,National NGO
XI-GRID-grid.13001.33,University Of Zimbabwe,active,80,1-uz,Zimbabwe,"Academic, Training and Research"
CH-FDJP-CHE109994012,Interpeace,active,21,interpeace,Switzerland,International NGO
DK-CVR-20700211,Danish Red Cross,active,22,danishrc,Denmark,National NGO
MW-NBM-NGO/L/18/024,Palliative Care Association of Malawi,active,22,pacam,Malawi,National NGO
MW-MRA-20123139,NKHOMA MISSION HOSPITAL,active,22,nmhiati,Malawi,National NGO
MW-MRA-20120896,David Gordon Memorial Hospital,active,80,dgmh,Malawi,"Academic, Training and Research"
DE-CR-RA000243-HRB5459,Particip GmbH,active,70,particip,Germany,Private Sector
ML-NIF-082208943A,Groupe Pivot Santé Population,active,80,gpsp-org,Mali,"Academic, Training and Research"
MZ-NUIT-700179850,Plataforma Moçambicana da Água (PLAMA),active,22,plama,Mozambique,National NGO
NL-KVK-27310568,ARQ International,active,60,arq_intl,Netherlands,Foundation
UG-RSB-80010003259159/105066,SolarNow Services (U) Ltd,active,70,solarnowsofa,Uganda,Private Sector
GB-CHC-1145721,Zambia Orphans Aid UK,active,21,zoa_uk,United Kingdom,International NGO
dk-cvr-26487013,International Media Support,active,21,ims,Denmark,International NGO
US-EIN-22-2852248,Village Enterprise,active,21,villageenterprise,United States,International NGO
IT-RI-97241280151,We World - GVC Onlus,active,21,ww-gvc,Italy,International NGO
GB-CHC-1143797,Syria Relief,active,22,sr,United Kingdom,National NGO
TR-MOI-27-019-074,Emissa,active,22,emissa,Turkey,National NGO
US-EIN-52-1818273,International Center for Not-for-Profit Law,active,21,icnl_org,United States,International NGO
FI-PRO-1993025-9,European Forest Institute,active,80,efi,Finland,"Academic, Training and Research"
US-EIN-13-3622707,WSP USA Solutions Inc.,active,70,lbg,United States,Private Sector
CA-CRA_ACR-805837713,OpenNorth,active,21,opennorth,Canada,International NGO
DK-CVR-20356731,PlanBørnefonden,active,21,plb,Denmark,International NGO
NL-KVK-32092131,Edukans Foundation,active,21,edukans_foundation,Netherlands,International NGO
GB-CHC-1027201,Institute for War & Peace Reporting,active,21,iwpr,United Kingdom,International NGO
GB-CHC-1150993,Near East Foundation UK (NEF UK),active,21,nef-uk,United Kingdom,International NGO
FR-INSEE-32101874900127,Medecins du Monde France,active,21,mdm-fr,France,International NGO
NG-CAC-54522,Centre for Legal Research and Development,active,22,clerd-prpi,Nigeria,National NGO
GB-CHC-1140288,The Fred Hollows Foundation (UK),active,21,fhfuk,United Kingdom,International NGO
NL-KVK-34176587,Radio La Benevolencija,active,21,rlb,Netherlands,International NGO
NL-KVK-41081480,Stichting Liliane Fonds,active,22,slf,Netherlands,National NGO
XI-IATI-LPI,living peace institute,active,22,lpi,Congo (Democratic Republic of the),National NGO
US-EIN-30-0739799,Heartland Alliance International,active,21,ha-i,United States,International NGO
JE-FSC-NPO_1108,Irrawaddy Policy Exchange,active,80,ipe,United Kingdom,"Academic, Training and Research"
KE-NCB-OP/218/051/924/84,ACTIONAID INTERNATIONAL KENYA,active,21,aaik,Kenya,International NGO
US-EIN-45-5015494,Instiglio,active,21,instiglio,United States,International NGO
NG-CAC-73022,Niger Delta Stakeholders Initiative for Community Development and Empowerment,active,22,ndsicde,Nigeria,National NGO
XM-DAC-5-7,Germany - Federal Foreign Office,active,10,fo_germany,Germany,Government
US-EIN-27-4933181,IDinsight,active,21,idinsight,United States,International NGO
XM-DAC-61-2,Slovenia - Ministry of Foreign Affairs,active,10,si-mfa,Slovenia,Government
US-EIN-47-3594688,Global Fund to End Modern Slavery,active,22,gfems,United States,National NGO
US-EIN-45-2796201,"Namati, Inc",active,21,namati_inc,United States,International NGO
GB-COH-893249298,Grand Bargain Test,active,80,wrgb,(No country assigned),"Academic, Training and Research"
XI-IATI-NSO,Netherlands Space Office,active,80,nso,Netherlands,"Academic, Training and Research"
US-EIN-22-3900800,VisionFund International,active,21,vfi,United States,International NGO
CA-CRA_ACR-118846575,Center for International Studies and Cooperation,active,21,ceci,Canada,International NGO
GB-COH-07026479,AgDevCo,active,70,agdevco,United Kingdom,Private Sector
XM-DAC-47008,World Vegetable Center,active,21,worldveg,Taiwan (Province of China),International NGO
GB-CHC-1178168,CDAC Network,active,21,cdacnetwork,United Kingdom,International NGO
GH-DSW-1103,Regional Advisory Information and Network Systems,active,22,rains,Ghana,National NGO
KE-KRA-P051713416W,AFELT,active,80,afelt,Kenya,"Academic, Training and Research"
DE-CR-RA000217-HRB121747B,Democracy Reporting International gGmbH,active,21,dri,Germany,International NGO
BJ-IFU-5201000673108,CARE BENIN/TOGO,active,21,carebenintogo,United States,International NGO
GB-COH-02693163,Westminster Foundation for Democracy,active,15,wfd,United Kingdom,Other Public Sector
UG-RSB-80010000253134/25060,Uganda Martyrs University,active,80,umu,Uganda,"Academic, Training and Research"
XI-GRID-grid.442626.0,Gulu University,active,80,guluuni,Uganda,"Academic, Training and Research"
XI-GRID-grid.442459.a,"The University of Dodoma (UDOM), Tanzania",active,80,udom,"Tanzania, United Republic of","Academic, Training and Research"
KE-KRA-P051542095J,LIWA programme trust,active,80,liwa-admin,Kenya,"Academic, Training and Research"
GH-DSW-2000,Northern Network for Education Development,active,22,nned,Ghana,National NGO
US-EIN-45-4613016,Accountability Lab,active,22,alab,United States,National NGO
XI-GRID-grid.419346.d,International Food Policy Research Institute,active,21,ifpri,United States,International NGO
GH-RGD-99389,Opportunity International Savings and Loans Ltd,active,70,oisl_gh,Ghana,Private Sector
NG-CAC-1260478,Silsab Foundation,active,22,silsab1-_,Nigeria,National NGO
XI-BRIDGE-6385676864,GEF Secretariat,active,40,gef,United States,Multilateral
KE-NCB-21805120080955572,Ashoka East Africa,active,21,ashoka,Kenya,International NGO
GB-CHC-206658,World Horse Welfare,active,21,whw2019,United Kingdom,International NGO
US-EIN-522112460,IMA World Health,active,21,us-imawh,United States,International NGO
FR-RCS-78049888700022,Centre International de Développement et de Recherche,active,21,cidr,France,International NGO
GB-COH-RC000749,Zoological Society of London,active,21,zsl,United Kingdom,International NGO
XM-DAC-47080,OECD,active,40,oecd,France,Multilateral
ZA-NPO-048-364,SouthSouthNorth,active,21,ssn,South Africa,International NGO
CH-FDJP-258577051,Humanitarian Quality Assurance Initiative,active,21,hqai,Switzerland,International NGO
GB-GOV-2,HM Treasury,active,10,hmtfitb,United Kingdom,Government
NO-BRC-917687811,Coalition for Epidemic Preparedness Innovations,active,21,cepi,Norway,International NGO
GB-GOV-15,Department for International Trade,active,10,dit,United Kingdom,Government
GB-NIC-101412,Children in Crossfire,active,21,cicni,United Kingdom,International NGO
XM-OCHA-HPC3664,Jordan River Foundation,active,22,jrf,Jordan,National NGO
XM-OCHA-HPC6770,King Salman Humanitarian Aid and Relief Centre,active,10,ksrelief291,Saudi Arabia,Government
MZ-MOJ-100717344,IMD Moçambique,active,22,imdmozambique,Mozambique,National NGO
GB-CHC-1081769,Transform Africa,active,21,transafrica19,United Kingdom,International NGO
CH-FDJP-CHE107828868,Swisscontact,active,21,swisscontact,Switzerland,International NGO
CH-FDJP-CHE109947366,Fondation Hirondelle,active,21,fh_ch,Switzerland,International NGO
GB-CHC-1147298,One Young World,active,22,oyw,United Kingdom,National NGO
GB-EDU-133903,London School of Hygiene and Tropical Medicine,active,80,lshtm,United Kingdom,"Academic, Training and Research"
GB-GOV-12,"UK - Department for Digital, Culture, Media and Sport",active,10,dcms,United Kingdom,Government
GB-CHC-1117377,Village Water Ltd,active,21,villagewater,United Kingdom,International NGO
FR-RCS-31899089200065,Action Contre la Faim,active,21,acf-fr,France,International NGO
US-EIN-27-3440108,Vera Solutions,active,70,vera-solutions,United States,Private Sector
CA-CRA_ACR-107848319,Action Canada for Sexual Health and Rights,active,21,acfshr,Canada,International NGO
NP-IRD-302274734,CARE Nepal,active,21,cnepal,Nepal,International NGO
US-EIN-13-1804349,World Education Inc.,active,80,wei,United States,"Academic, Training and Research"
PK-VSWA-32-2004,Tameer-e-Khalaq Foundation,active,22,tkf1234,Pakistan,National NGO
NP-IRD-302113730,"Adventist Development and Relief Agency, Nepal",active,21,adra_nepal,Nepal,International NGO
IT-CF-95008730160,Cesvi,active,21,cesvi,Italy,International NGO
GB-CHC-282305,Minority Rights Group,active,21,mrg,United Kingdom,International NGO
XM-DAC-7-PPR-4000002894,Integrated Water Resources Management Programme,active,10,iwrm,Mozambique,Government
PE-SUNARP-11744379,Centro de Promocion y Defensa de los Derechos Sexuales y Reproductivos,active,23,promsex,Peru,Regional NGO
XM-OCHA-HPC8568,CARE international foundation Switzerland in Sudan,active,21,cis,Sudan,International NGO
UG-RSB-80020001996190,Linking Pin Africa Ltd,active,70,lpa,Uganda,Private Sector
RW-RGB-77-RGB-NGO-2013,Health Development Initiative,active,22,hdi,Rwanda,National NGO
KE-RCO-105217,Kenya Private Sector Alliance,active,70,kepsa,Kenya,Private Sector
KE-KRA-P051098561L,KITUO CHA SHERIA,active,22,kituo,Kenya,National NGO
FR-RCS-83764263600018,Syrian Center for Media and Freedom of Expression,active,22,scm,France,National NGO
SS-RRC-004,Nonviolent Peaceforce South Sudan,active,21,npss,South Sudan,International NGO
NL-KVK-31047672,Twynstra Gudde,active,70,twynstragudde,Netherlands,Private Sector
ID-KHH-AHU17AH0107,Institute for Policy Research and Advocacy (ELSAM),active,22,elsam,Indonesia,National NGO
GB-COH-00070527,London School of Economics and Political Science,active,80,lse,United Kingdom,"Academic, Training and Research"
GB-GOV-52,"Conflict, Stability and Security Fund",active,10,cssf,United Kingdom,Government
GB-GOV-50,Cross-Government Prosperity Fund,active,10,prosperityfund,United Kingdom,Government
GB-CHC-1174874,Royal Commonwealth Ex-Sevices League,active,21,rcel,United Kingdom,International NGO
CH-FDJP-CHE110141200,Drugs for Neglected Diseases initiative (DNDi),active,80,dndi_transparency,Switzerland,"Academic, Training and Research"
RW-RRA-103197639,Greater Virunga Transboundary Collaboration,active,10,gvtc,Rwanda,Government
NP-SWC-37725,South Asian Women Development Forum,active,80,sawdf-admin,(No country assigned),"Academic, Training and Research"
NP-SWC-46024,Accelerator Nepal,active,22,acceleratornepal,Nepal,National NGO
CA-CRA_ACR-869974816,Nutrition International,active,21,nutritionintl,Canada,International NGO
CH-FDJP-CHE-105181636,Centre for Humanitarian Dialogue (HD Centre),active,60,hdcentre,Switzerland,Foundation
US-EIN-13-3870223,International Aids Vaccine Initiative (IAVI),active,21,iavi,United States,International NGO
KE-RCO-CPR/2011/63463,Partnership for African Social & Governance Research (PASGR),active,80,pasgr,Kenya,"Academic, Training and Research"
NL-KVK-09181221,Resilience,active,80,resilience,Netherlands,"Academic, Training and Research"
NL-KVK-41145371,Maastricht School of Management,active,60,msm-ipd,Netherlands,Foundation
BF-MATD-RNRD00045-4000004688,Centre Diocésain de Communication de Ouahigouya,active,22,cdc_ohg,Burkina Faso,National NGO
GB-COH-06274284,Carbon Trust Advisory Ltd,active,70,carbontrustadvisory,United Kingdom,Private Sector
IN-MHA-231660927,PUBLIC HEALTH FOUNDATION OF INDIA,active,22,phfi,India,National NGO
GB-COH-07171834,TAG International Development Limited,active,70,taginternational,United Kingdom,Private Sector
GB-UKPRN-10007801,University of Plymouth,active,80,uop,United Kingdom,"Academic, Training and Research"
NA-NAMRA-04822224,Positive Vibes Trust,active,21,pv,Namibia,International NGO
ZA-CIP-2005-028883-23,Okapi Consulting,active,21,okapiconsulting,South Africa,International NGO
NL-KVK-34234456,Health Insurance Fund,active,21,hif,Netherlands,International NGO
GB-COH-OC350651,Montrose International LLP,active,80,montrose_llp,(No country assigned),"Academic, Training and Research"
GB-CHC-1013587,Chance for Childhood,active,21,chanceforchildhood,United Kingdom,International NGO
GB-COH-7207947,PRI Association,active,80,pri_icf,United Kingdom,"Academic, Training and Research"
NO-BRC-980997278,INTOSAI Development Initiative,active,21,idi,Norway,International NGO
JO-MSD-2011101100001,Jordan Open Source Association,active,22,josa,Jordan,National NGO
US-EIN-53-0196584,The George Washington University,active,80,gwu_gwi,United States,"Academic, Training and Research"
NL-KVK-30238214,Impunity Watch,active,21,iw_admin,Netherlands,International NGO
NG-CAC-83813,Neem Foundation,active,22,neem,Nigeria,National NGO
US-EIN-23-2220051,iDE,active,21,ide,United States,International NGO
FR-RCS-40885667200030,Triangle Génération Humanitaire,active,21,tgh,France,International NGO
AU-ABN-42097054165,Land Equity International,active,70,lei,Australia,Private Sector
GB-COH-RC000655,Keele University,active,80,keele-university,United Kingdom,"Academic, Training and Research"
US-EIN-20-8530747,Results for Development,active,21,r4d,United States,International NGO
XM-DAC-50-21,Spanish Agency for International Development Cooperation (AECID),active,10,aecid,Spain,Government
ES-DIR3-EA0035768,Spanish Agency for International Development Cooperation (AECID),withdrawn,10,aecid,Spain,Government
GH-DSW-3064,ActionAid Ghana,active,22,aag,Ghana,National NGO
NG-CAC-19258,Centre for Environment Human Rights and Development,active,21,cehrd1,Nigeria,International NGO
NL-KVK-53744993,World Benchmarking Alliance Foundation,active,60,wba,Netherlands,Foundation
XI-IATI-3435,SOS Sahel Sudan,active,22,sosss_admin,Sudan,National NGO
CO-CCB-S0052181,transforma,active,22,transforma,Colombia,National NGO
YE-MSAL-80/295,Yamaan Foundation for Health and Social Development,active,22,yffhsd,Yemen,National NGO
GB-COH-02863827,ClientEarth,active,21,clientearth-1,United Kingdom,International NGO
CH-FDJP-CHE106823242,Terre des hommes- Aide à l'enfance dans le monde- Fondation,active,21,tdh_foundation,Switzerland,International NGO
GB-SC-015096,University of Dundee,active,80,uodcepmlp,United Kingdom,"Academic, Training and Research"
ZW-ROD-MA0000405/2015,Young Africa International HUB,active,21,yai-hub,Zimbabwe,International NGO
XM-DAC-47021,International Potato Center,active,40,cip,Peru,Multilateral
ET-CSA-3994,Triggerise Ethiopia,active,21,trig,Ethiopia,International NGO
BD-NAB-0210,ActionAid Bangladesh,active,21,aab,Bangladesh,International NGO
US-EIN-45-2779314,Shift Project Ltd.,active,21,shiftproject,United States,International NGO
KE-KRA-P051155108P,Kenya National Commission on Human Rights,active,10,knchr,Kenya,Government
GB-CHC-290767,World Jewish Relief,active,21,wjr_001,United Kingdom,International NGO
ET-CSA-0062,DKT Ethiopia,active,21,dkt_ethiopia,Ethiopia,International NGO
NL-KVK-40407706,Unie van Waterschappen,active,15,uvw,Netherlands,Other Public Sector
GB-COH-03147724,Mercy Ships UK Limited,active,21,msuk,United Kingdom,International NGO
US-EIN-94-3045180,Rainforest Action Network,active,21,ran,United States,International NGO
XI-GRID-grid.9783.5,University of Kinshasa,active,80,dspd_unikin,Congo (Democratic Republic of the),"Academic, Training and Research"
GB-CHC-1106156,kidasha,active,21,kidasha,United Kingdom,International NGO
DE-CR-RA000209-VR1207,World Vision Germany,active,21,wv_de,Germany,International NGO
ET-CSA-0784,World Vision Ethiopia,active,21,wv_et_activities,Ethiopia,International NGO
IT-CF-00677540288,Doctors with Africa CUAMM,active,21,cuamm,Italy,International NGO
AT-UID-U74408937,Ground Truth Solutions,active,21,ground-truth-solutions,Austria,International NGO
XI-BRIDGE-3665722432,African Tax Administration Forum,active,21,ataf,South Africa,International NGO
GB-CHC-1123241,Peace Direct,active,21,peacedirect,(No country assigned),International NGO
XI-GRID-grid.8193.3,University of Dar es Salaam,active,80,udsm-cbs,"Tanzania, United Republic of","Academic, Training and Research"
XM-DAC-30009,Small Arms Survey,active,80,sas_sana,Switzerland,"Academic, Training and Research"
ET-CSA-0475,Family Guidance Association of Ethiopia,active,22,fgae_ethiopia,Ethiopia,National NGO
XM-DAC-576,Ministry of Foreign Affairs - United Arab Emirates (UAE),active,10,mofaic_uae,United Arab Emirates,Government
KE-NCB-2180511304359047,Population Services Kenya,active,22,pskenya_19,Kenya,National NGO
KE-NCB-2180511403539790,Faith to Action Network,active,21,f2a,Kenya,International NGO
UG-NGO-3329,Auschwitz Institute for the Prevention of Genocide and Mass Atrocities,active,80,aipr,Uganda,"Academic, Training and Research"
KE-NCB-218051200501953650,Healthright International-Kenya,active,22,hri,Kenya,National NGO
CN-SAIC-9111010506489375XP,Carbon Trust (Beijing) Consulting Limited,active,70,ctbeijing,China,Private Sector
GB-COH-OC364842,M&C Saatchi,active,70,mcs_new,United Kingdom,Private Sector
LB-MOI-6491,Restart Center,active,22,restartcenter,Lebanon,National NGO
GB-CHC-297716,Business in the Community,active,21,bitc,United Kingdom,International NGO
GB-CHC-1141552,Balloon Ventures Foundation,active,21,bvf,United Kingdom,International NGO
ZA-CIP-2007-0308903-08,African Parks Network,active,21,african_parks,South Africa,International NGO
GB-COH-06581421,The Institute for Strategic Dialogue,active,80,isdglobal,United Kingdom,"Academic, Training and Research"
ML-NIF-055000335T,Near East Foundation Mali (NEF Mali),active,21,nef_mali,Mali,International NGO
NL-KVK-41186799,Women Engage for a Common Future,active,21,wecf,Netherlands,International NGO
US-EIN-52-5170039,International Crisis Group,active,21,crisisgroup,Belgium,International NGO
FR-RCS-49962201700014,Bibliothèques Sans Frontières,active,21,bsf1,France,International NGO
SE-ON-802425-8702,Stockholm International Water Institute,active,21,siwi,Sweden,International NGO
GH-RGD-CG077262013,Nature and Development Foundation,active,22,ndf_fgm,Ghana,National NGO
BD-NAB-2004,"Centre for Injury Prevention and Research, Bangladesh (CIPRB)",active,22,ciprb,Bangladesh,National NGO
XI-IATI-RUF,Red Umbrella Fund,active,60,ruf,Netherlands,Foundation
XM-DAC-40-3,Greece - Ministry of Foreign Affairs,active,10,greece_mfa,Greece,Government
XI-BRIDGE-1812689272,The Mailman School of Public Health,active,80,mailman_school_of_public_health,United States,"Academic, Training and Research"
US-EIN-04-2103547,Boston University,active,80,bu-carbx-admin,United States,"Academic, Training and Research"
LB-MOI-110,Rene Moawad Foundation,active,22,rmf-lb,Lebanon,National NGO
GB-CHC-1173827,Accountable Now,active,21,accountablenow,United Kingdom,International NGO
NL-KVK-30157019,Larive International,active,70,larive,Netherlands,Private Sector
NG-CAC-57289,Environmental Centre for Oil Spills and Gas Flaring (NACGOND),active,22,nacgond-,Nigeria,National NGO
US-GOV-13,United States African Development Foundation,active,10,usadf,United States,Government
US-GOV-13-ADF,United States African Development Foundation,withdrawn,10,usadf,United States,Government
FR-RCS-519655997,Handicap International Federation,active,21,hi_fed,France,International NGO
US-EIN-82-3941326,Luminate Foundation Inc.,active,60,luminate,United States,Foundation
US-EIN-98-0513530,Alliance for a Green Revolution for Africa,active,21,agra,United States,International NGO
GB-COH-08567792,Behavioural Insights Team,active,70,bit,United Kingdom,Private Sector
NP-SWC-24,Nepal Netra Jyoti Sangh,active,22,nnjs_nepal,Nepal,National NGO
KE-KRA-P051161193S,Trust for Indigenous Culture and Health,active,21,ticah,Kenya,International NGO
CO-RUE-830140714-1,Brujula Comunicaciones Estrategicas SAS,active,70,brujula,Colombia,Private Sector
XI-GRID-grid.11194.3c,Makerere University,active,80,maksph,Uganda,"Academic, Training and Research"
UG-NGB-12317,Reach A Hand Uganda,active,22,rahuug,Uganda,National NGO
GB-COH-08567552,UN Global Compact Local Network UK,active,40,ungc-uk,United Kingdom,Multilateral
NL-KVK-815165924,STC International,active,80,stc-international,Netherlands,"Academic, Training and Research"
NP-SWC-17775,The Leprosy Mission Nepal,active,22,tlmnepal,Nepal,National NGO
LB-MOI-25465,Fiftyfifty,active,22,fiftyfifty-lb,Lebanon,National NGO
GB-CHC-1172875,East African Playgrounds,active,21,eap,United Kingdom,International NGO
XM-DAC-41130,The United Nations Relief and Works Agency for Palestine Refugees in the Near East (UNRWA),active,40,unrwa,(No country assigned),Multilateral
BD-NAB-0918,Centre for Policy Dialogue,active,22,cpd,Bangladesh,National NGO
KE-KRA-P000634725S,African Women's Development and Communication Network,active,23,femnet,Kenya,Regional NGO
UG-NGO-2292,Women's International Peace Centre,active,21,wipc,Uganda,International NGO
US-EIN-37-1552838,GSMA Foundation,active,60,gsma_foundation,United States,Foundation
CH-FDJP-CHE296622304,The Global Initiative Against Transnational Organized Crime,active,15,gi-toc,Switzerland,Other Public Sector
BE-BCE_KBO-0434417468,CODEART ASBL,active,22,codeart,Belgium,National NGO
LB-MOI-1-100,Al Majmoua,active,22,al_majmoua,Lebanon,National NGO
XI-IATI-ESFD,Economic and Social Fund for Development,active,10,esfd,Lebanon,Government
XI-IATI-DKTDRC,DKT RD Congo,active,22,dkt_drc,Congo (Democratic Republic of the),National NGO
JO-CCD-200104681,Leaders of Tomorrow,active,70,sqf,Jordan,Private Sector
AE-HFZA-1526,Altai Consulting,active,70,altai,United Arab Emirates,Private Sector
CA-CRA_ACR-811793611,Grand Challenges Canada,active,22,hgc,Canada,National NGO
NP-CRO-83836,pub_name,withdrawn,15,7272,(No country assigned),Other Public Sector
YE-MSAL-473-2001,Family Counseling and Development Foundation,active,22,fcdf,Yemen,National NGO
ET-CSA-1327,Justice For All Prison Fellowship Ethiopia,active,22,jfa-pfe,Ethiopia,National NGO
CH-FDJP-CHE331930936,Global Antibiotic Research and Development Partnership,active,30,gardp,Switzerland,Public Private Partnership
US-EIN-47-5049026,International Youth Alliance for Family Planning,active,21,iyafp,United States,International NGO
UG-NGB-1277,forum for women in democracy,active,22,fowode,Uganda,National NGO
RW-RGB-114-RGB-RGO-2013,The Legal Aid Forum,active,22,laf,Rwanda,National NGO
AE-ADCD-64747,pubname162,withdrawn,21,72728,(No country assigned),International NGO
NL-KVK-30114696,Palladium Europe,active,70,palladium_eur,Netherlands,Private Sector
NL-KVK-50744984,BoP Innovation Center,active,60,bopinc,Netherlands,Foundation
CO-RUE-900619925-0,Awake Travel,active,70,awaketravel,Colombia,Private Sector
YE-MSAL-18-2013,Mwatana for Human Rights,active,22,mwatana,Yemen,National NGO
GB-CHC-1122330,CDP Worldwide,active,21,cdp,United Kingdom,International NGO
GB-COH-RC000541,SOAS University of London,active,80,soas,United Kingdom,"Academic, Training and Research"
NL-KVK-41169658,Stichting Fern,active,21,stichtingfern,Netherlands,International NGO
GB-CHC-1154413,Climate Bonds Initiative,active,21,cbi,(No country assigned),International NGO
FI-PRO-0998454-4,Finn Church Aid (Kirkon Ulkomaanapu sr),active,21,fca,Finland,International NGO
GB-COH-06069322,Development Media International,active,21,dmi_admin,United Kingdom,International NGO
US-EIN-47-3511012,"SDSN Association, Inc.",active,21,sdsna,United States,International NGO
BE-BCEKB0-0537407021,WAPA International ASBL,active,22,wapa,Belgium,National NGO
XI-GRID-grid.7247.6,Universidad de los Andes,active,80,uand_2020,Colombia,"Academic, Training and Research"
NL-KVK-74064800,Programming Their Future,active,80,p-t-f-,Netherlands,"Academic, Training and Research"
US-EIN-13-1740011,Wildlife Conservation Society,active,21,wcs,United States,International NGO
NL-KVK-27186453,Netherlands Water Partnership,active,60,nwp,Netherlands,Foundation
GB-COH-02962250,Commonwealth Local Government Forum,active,21,clgf_data,United Kingdom,International NGO
NL-KVK-64460789,Coöperatief Climate Fund Managers U.A.,active,70,cfm,Netherlands,Private Sector
CH-FDJP-CHE251665168,Earthworm Foundation,active,21,ewf,Switzerland,International NGO
GB-CHC-1082139,Thomson Reuters Foundation,active,60,trf,United Kingdom,Foundation
GB-LAE-LND,City of London Corporation,active,15,col-greenfinance,United Kingdom,Other Public Sector
GB-CHC-1160263,WasteAid UK,active,21,wasteaid,United Kingdom,International NGO
GB-COH-RC000660,University Of Liverpool,active,80,uol,United Kingdom,"Academic, Training and Research"
MU-CR-C134274,Shortlist Professionals Limited,active,70,shortlistogti,Mauritius,Private Sector
GB-CHC-1187935,International Campaign Women´s Right to Safe Abortion,active,22,icwrsa,United Kingdom,National NGO
GB-CHC-208223,Royal Institute of International Affairs,active,80,riia,United Kingdom,"Academic, Training and Research"
DE-CR-RA000220-VR9971,CARPO - Center for Applied Research in Partnership with the Orient,active,21,carpo,Germany,International NGO
GB-CHC-1150964,inHive,active,21,inhive,United Kingdom,International NGO
BE-BCE-KBO-0461977940,Frères des Hommes,active,22,fdhommes,Belgium,National NGO
GB-COH-11116719,Brink Innovation,active,70,brink_innovation,United Kingdom,Private Sector
GB-CHC-1079752,RedR UK,active,21,redruk,United Kingdom,International NGO
XI-IATI-WBTF,World Bank Trust Funds,active,40,wbtf,United States,Multilateral
GB-COH-11373728,Cowater UK Limited,active,70,cowateruk,United Kingdom,Private Sector
ZA-CIP-M2005001486,Sexual Reproductive Health and Rights Africa Trust,active,23,srhr_africa_trust,South Africa,Regional NGO
US-EIN-61-1725201,"Field Ready, USA",active,21,field_ready,United States,International NGO
GB-UKPRN-10007141,University of Central Lancashire,active,80,uclan,United Kingdom,"Academic, Training and Research"
ML-NIF-084106436R,Conseil et Appui pour l'Education à la Base Mali,active,22,caeb_mali,Mali,National NGO
XM-OCHA-7482,World Vision Central African Republic,active,21,wv_cf,Central African Republic,International NGO
GB-COH-07840888,MedicineAfrica Ltd.,active,80,medafrica,United Kingdom,"Academic, Training and Research"
CA_ON-ONT-1597880,CANADEM,active,21,canadem,Canada,International NGO
ET-CSA-1351,Ethiopian Public Health Association,active,15,epha,Ethiopia,Other Public Sector
NL-KVK-68758766,CAPABUILD,active,21,capabui,Netherlands,International NGO
NL-KVK-72908114,The AGRI3 Fund,active,30,agri3_fund,Netherlands,Public Private Partnership
NL-KVK-729081140000,The AGRI3 Fund,withdrawn,30,,Netherlands,Public Private Partnership
YE-MSAL-49-M-2019,Sana'a Center for Strategic Studies,active,22,scss,Yemen,National NGO
XI-IATI-BBDN,Bangladesh Business and Disability Network,active,22,bbdn,Bangladesh,National NGO
GB-UKPRN-10007164,"The University of the West of England, Bristol",active,80,uwe,United Kingdom,"Academic, Training and Research"
MX-RFC-ICM160118IZ1,Iniciativa Climatica de Mexico,active,22,icm_mx,Mexico,National NGO
XM-DAC-7-PPR-4000002938,Global Water Partnership,active,21,gwp,Sweden,International NGO
JO-CCD-200006694,"Entiqal for Training ""Partners for Good""",active,22,pfg,Jordan,National NGO
XI-IATI-WVDRC,World Vision Democratic Republic of Congo,active,21,wv_cd,Congo (Democratic Republic of the),International NGO
ID-KHH-5018112631240040,NLR Indonesia,active,22,nlr_indonesia,Indonesia,National NGO
GB-CHC-1076722,TRAFFIC International,active,80,traffic,United Kingdom,"Academic, Training and Research"
US-EIN-81-2339233,Youth Development Labs Inc,active,21,ylabs,United States,International NGO
AM-SRALE-222.160.00823,Eurasia Partnership Foundation,active,60,epf,Armenia,Foundation
US-EIN-83-3580499,Ocean Risk and Resilience Action Alliance,active,21,orraa_inc,United States,International NGO
GB-CHC-1177110,Elrha,active,21,elrha,United Kingdom,International NGO
GB-CHC-206504,The International Institute for Strategic Studies,active,80,iiss,United Kingdom,"Academic, Training and Research"
XI-GRID-grid.8652.9,University of Ghana,active,80,ugorid,Ghana,"Academic, Training and Research"
NL-KVK-30114598,Rabo Partnerships,active,70,rabo_partnerships,Netherlands,Private Sector
IE-CHY-20041069,Ethiopiaid Ireland,active,21,ethiopiaidireland,Ireland,International NGO
GB-GOV-1,"UK - Foreign, Commonwealth and Development Office",active,10,fcdo,United Kingdom,Government
XM-OCHA-HPC9829,IMPACT Initiatives,active,21,impact_initiatives,Switzerland,International NGO
US-EIN-82-0644678,Synergía - Initiatives for Human Rights,active,21,synergiaihr,United States,International NGO
GB-COH-11594545,McKinsey Development Partners,active,70,mdp,United Kingdom,Private Sector
XI-GRID-grid.7836.a,University of Cape Town,active,80,uct,South Africa,"Academic, Training and Research"
XI-IATI-KHF,King Hussein Foundation,active,22,khf,Jordan,National NGO
GB-COH-04465125,"Imperial College of Science, Technology and Medicine",active,80,imperial,United Kingdom,"Academic, Training and Research"
GB-CHC-1158838,The Freedom Fund,active,21,tff,United Kingdom,International NGO
CA-CRA_ACR-119075091,Oxfam-Quebec,active,21,oqc,Canada,International NGO
GB-CHC-1175658,the global steering group for impact investment,active,21,gsg,United Kingdom,International NGO
ID-KHH-6014052331100057,Kemitraan Bagi Pembaruan Tata Pemerintahan,active,22,kemitraan,Indonesia,National NGO
MX-RFC-SLP1412039F3,Soluciones en Legislación y Política Ambiental AC,active,22,polea,Mexico,National NGO
GB-CHC-1166956,UK-Med,active,21,uk-med,United Kingdom,International NGO
JO-CCD-45293,Sowt podcasting and training L.L.C,active,70,sowt,Jordan,Private Sector
BD-NAB-2686,Bangladesh Youth Leadership Center,active,22,bylc,Bangladesh,National NGO
US-EIN-27-3166994,Global Impact Investing Network,active,22,giin,United States,National NGO
MX-RFC-IIN920701G55,IDOM INGENIERIA,active,70,idom_mx,Mexico,Private Sector
ID-DJP-312529852906000,Asia Justice and Rights,active,23,ajar,Indonesia,Regional NGO
CH-FDJP-CHE105829963,Solidar Suisse,active,21,solidarsuisse,Switzerland,International NGO
GB-UKPRN-10007790,University of Edinburgh,active,80,uoe,United Kingdom,"Academic, Training and Research"
KE-KRA-P051335339D,African Institute For Development Policy,active,21,afidep,Kenya,International NGO
JO-CCD-200167994,Leaders International,active,21,lifed_admin,Jordan,International NGO
NL-KVK-27363950,Sociaal-Economische Raad,active,15,ser,Netherlands,Other Public Sector
KE-KRA-P051172537S,Financial Sector Deepening Trust (Kenya),active,15,fsdk,Kenya,Other Public Sector
GB-COH-10516061,Cobra Collective CIC,active,21,cobracollective,United Kingdom,International NGO
GB-GOR-OT1175,Northern Ireland Cooperation Overseas Ltd,active,15,nico,United Kingdom,Other Public Sector
AT-ZVR-315688676,Light for the World International,active,21,lftw-int,Austria,International NGO
XI-GRID-grid.473464.6,Water & Land Resource Center,active,80,wlrc_aau,Ethiopia,"Academic, Training and Research"
NG-CAC-30547,Paradigm Initiative,active,21,paradigm,Nigeria,International NGO
JO-MSD-200159274,JoWomenomics,active,22,jowomenomics,Jordan,National NGO
NL-KVK-09108013,Advance Consulting,active,70,ac1999,Netherlands,Private Sector
XI-GRID-grid.11835.3e,The University of Sheffield,active,80,tuos,United Kingdom,"Academic, Training and Research"
XM-DAC-47015,CGIAR,active,80,cgiar,France,"Academic, Training and Research"
UG-RSB-197310,Financial Sector Deepening Uganda,active,22,fsduganda,Uganda,National NGO
NL-KVK-41192276,Stichting Wilde Ganzen/ IKON,active,22,nl_wg,Netherlands,National NGO
ZM-PCR-12015013762,Prospero Limited,active,22,prospero,Zambia,National NGO
GB-COH-RC000679,University of York,active,80,uoy,United Kingdom,"Academic, Training and Research"
ZA-NPO-081-788,Sustainable Livelihoods Foundation,active,21,sustainable_livelihoods_foundation,South Africa,International NGO
XM-DAC-41149,United Nations Development Coordination Office,active,15,undco,United States,Other Public Sector
GB-COH-02871809,Global Witness,active,21,globalwitness,United Kingdom,International NGO
GB-CHC-1175791,Global Anaesthesia Development Partnerships,active,80,gadp,United Kingdom,"Academic, Training and Research"
US-EIN-042103594,Abdul Latif Jameel Poverty Action Lab at MIT,active,80,jpal,United States,"Academic, Training and Research"
MW-RG-1011251,Wala Ltd,active,70,walaltd,Malawi,Private Sector
US-EIN-83-1236759,Neopenda,active,70,neopenda,United States,Private Sector
US-EIN-53-0235320,Pathfinder International,active,21,pathfinder1,United States,International NGO
BI-NIF-4000742330,AUXFIN Burundi,active,70,auxfinbi,Burundi,Private Sector
MZ-MOJ100094525,Micaia Foundation,active,22,micfound,Mozambique,National NGO
MY-SSM-1172311D,Forever Sabah,active,22,fs,Malaysia,National NGO
UA-EDR-9795443,Centre for Economic Strategy Ukraine,active,22,ces-ua,Ukraine,National NGO
FR-INSEE-31827645800037,"Association de solidarité internationale, Agriculteurs français et développement international (Afdi) France",active,15,afdi-fr,France,Other Public Sector
GB-CHC-1017336,Elton John AIDS Foundation,active,60,ejaf,United Kingdom,Foundation
CA_AB-ABT-203435797,Alinea International Ltd.,active,70,alineainternational_2020,Canada,Private Sector
GB-CHC-1188731,Sustainable Hospitality Alliance,active,21,sha,United Kingdom,International NGO
BR-CNPJ-14.563.354/0001-50,Instituto BVRio,active,21,bvrio,Brazil,International NGO
NL-KVK-861193660,OurLoop Stitchting,active,60,loop,Netherlands,Foundation
GB-CHC-1137523,The Proforest Initiative UK,active,80,pi-uk,United Kingdom,"Academic, Training and Research"
US-EIN-13-1623838,EngenderHealth,active,21,ehorg,United States,International NGO
US-EIN-843236198,Corus International,active,21,corus,United States,International NGO
US-EIN-52-2135531,Forest Trends Association,active,21,forest-trends,United States,International NGO
GB-CHC-1074857,Church of England - The Archbishops' Council,active,80,coe-abc,United Kingdom,"Academic, Training and Research"
GB-COH-02515034,Timber Trade Federation Ltd.,active,70,ttf,United Kingdom,Private Sector
US-EIN-38-2846307,Mercy-USA for Aid and Development,active,21,mercy-usa,United States,International NGO
US-EIN-13-4052259,Media Development Investment Fund,active,21,mdif,United States,International NGO
KE-RCO-PLC-MYSMV2,EABX,active,70,eabx,Kenya,Private Sector
GB-CHC-1144091,Nesta,active,15,nesta,United Kingdom,Other Public Sector
GB-NIC-073343,Global Fund for Community Foundations,active,60,gfcf,United Kingdom,Foundation
GB-CHC-1123384,Foundation for Social Improvement,active,80,the_fsi,United Kingdom,"Academic, Training and Research"
ES-NIF-G02766913,Fields Data,withdrawn,21,fd-es,Spain,International NGO
ES-NIF-G79408852,Medicos del Mundo,active,21,mdm_spain,Spain,International NGO
BE-BCE_KBO-0464147473,Laïcité et Humanisme en Afrique Centrale (LHAC),active,22,lhac,Belgium,National NGO
KE-RCO-CPR-2010-28036,Open Capital Advisors,active,70,oca,Kenya,Private Sector
GB-COH-RC000652,University of Essex,active,80,university_of_essex,United Kingdom,"Academic, Training and Research"
GE-RS-406061513,Center for Participation and Development,active,22,cpd_2021,Georgia,National NGO
US-EIN-30-0805768,The Freedom Fund (US),active,21,tffus,United States,International NGO
ZA-NPO-053-456,The Centre for Economic Governance and Accountability in Africa (CEGAA),active,22,cegaa,South Africa,National NGO
KE-NCB-OP-218-051-9994-1329,Centre for Rights Education and Awareness,active,22,creawkenya,Kenya,National NGO
NP-CRO-1158-065-066,Kathmandu Medical College Public Limited,active,80,kmc,Nepal,"Academic, Training and Research"
ZA-CIT-9415005603,Stellenbosch University,active,80,su-impala,South Africa,"Academic, Training and Research"
GB-COH-RC000668,University of Southampton,active,80,soton,United Kingdom,"Academic, Training and Research"
NG-CAC-37051,Down syndrome Foundation Nigeria,active,22,dsfn,Nigeria,National NGO
GB-CHC-1173320,South West International Development Network,active,80,swidn,United Kingdom,"Academic, Training and Research"
GB-HESA-10004113,Loughborough University,active,80,lboro,United Kingdom,"Academic, Training and Research"
CA-CC-13474046,Transparently Lebanese,active,22,transparently_lebanese,Canada,National NGO
CH-FDJP-106756410,World Young Women's Christian Association,active,21,world_ywca,Switzerland,International NGO
CH-660-0294975-4,World Young Women's Christian Association,withdrawn,21,world_ywca,Switzerland,International NGO
NP-IRD-301131441,ActionAid International Nepal,active,21,aain,Nepal,International NGO
SN-NINEA-004487121,Amref health Africa in Senegal,active,21,awa_sn,Senegal,International NGO
KE-NCB-218051981161116,Equality Now,active,21,e_n,Kenya,International NGO
UG-NGO-1317,SIHA Network,active,23,siharegional,Uganda,Regional NGO
GH-RGD-CG001532017,PPAG,active,22,ppag_123,Ghana,National NGO
NL-KVK-69759103,Laterite B.V.,active,70,laterite_bv,Netherlands,Private Sector
XM-OCHA-585,International Centre for Migration Policy Development,active,40,icmpd,Austria,Multilateral
NL-KVK-27293917,The Hague Academy for Local Governance,active,80,tha,Netherlands,"Academic, Training and Research"
IT-CF-80017510225,SOS Italia,active,22,sosvdb_italia,Italy,National NGO
KE-NCB-218-051-9263-33,Young Women's Christian Association of Kenya,active,22,ywcakenya,Kenya,National NGO
SS-RRC-342,Young Women Christian Association of South Sudan (YWCA SS),active,22,ywcass,South Sudan,National NGO
NL-KVK-74983393,IDH Investment Management B.V.,active,70,idh_im,Netherlands,Private Sector
UG-RSB-229709,Mango Tree Property Management LTD,active,70,mangotree,Uganda,Private Sector
NL-KVK-41039028,Stichting Leprazending Nederland - The Leprosy Mission Netherlands,active,60,leprazending-tlm-nl,Netherlands,Foundation
XI-IATI-SPR,Synergie des Femmes pour la Paix et la Réconciliation des Peuples des Grands Lacs d'Afrique,active,23,spr,Congo (Democratic Republic of the),Regional NGO
SS-RRC-465,Assistance Mission for Africa,active,22,ama-south-sudan,South Sudan,National NGO
UG-NGO-3580,Akina Mama wa Afrika,active,21,amwa,Uganda,International NGO
JO-CCD-200178924,Kvinna till Kvinna,active,21,ktk,Jordan,International NGO
ID-KHH-AHU-0013363.AH.01.04,Yayasan PEKKA,active,22,pekka_21,Indonesia,National NGO
NG-CAC-IT-NO96562,Olamma Cares Foundation,active,22,olammacares,Nigeria,National NGO
SS-RRC-405,Eve Organization for Women Development,active,22,eveowd,South Sudan,National NGO
DE-CR-RA000220-HRB7745,Forschungsinstitut zur Zukunft der Arbeit GmbH (IZA),active,80,iza,Germany,"Academic, Training and Research"
CA_ON-ONT-1783682,Gender at Work,active,21,genderatwork,Canada,International NGO
NL-KVK-74799525,Legal Action Worldwide,active,21,law,Netherlands,International NGO
ZA-NPO-189357,Sisonke National Sex Workers Movement,active,22,sisonke,South Africa,National NGO
UG-204CBO-JJA02202000348,Jinja district union of persons with disabilities,active,23,jidu2021,Uganda,Regional NGO
GB-COH-RC000721,London Business School,active,80,lbs,United Kingdom,"Academic, Training and Research"
IN-MHA-083930147,KEM HOSPITAL RESEARCH CENTRE,withdrawn,80,kemhrc,India,"Academic, Training and Research"
XI-GRID-grid.10347.31,Universiti Malaya,active,80,rmc_um,Malaysia,"Academic, Training and Research"
XI-GRID-grid.11142.37,University Putra Malaysia,active,80,upm,Malaysia,"Academic, Training and Research"
PS-MOI-QR-1420-C,YWCA Palestine,active,22,ywca,"Palestine, State of",National NGO
EG-MOSS-3959350,Ibrahimia Media Center,active,22,imc-2021,Egypt,National NGO
US-EIN-13-3615533,The Education Commission,active,80,educomm,United States,"Academic, Training and Research"
BD-ROC-C-107131,Light Castle Partners,active,70,lcp,Bangladesh,Private Sector
US-EIN-522042014,GoodWeave International,active,21,goodweave_intl,United States,International NGO
TH-TIN-0993000190092,Asian Coalition for Housing Rights,active,23,achr,Thailand,Regional NGO
GB-COH-OC359103,Boston Consulting Group UK LLP,active,70,bcg,United Kingdom,Private Sector
JO-CCD-58307,Hiber for Electronic Media,active,70,7iberdotcom,Jordan,Private Sector
KE-NCB-WDCBO542010192,Women Challenged to Challenge,active,22,wctc,Kenya,National NGO
UG-NGO-S59143785,National Union of Women With Disabilities of Uganda,active,22,nuwodu,Uganda,National NGO
ET-CSA-1128,Ethiopian Women Lawyers Association,active,22,ewla,Ethiopia,National NGO
et-CSA-0444,Ethiopian Women with Disabilities National Assocation,active,22,ewdna2025,Ethiopia,National NGO
NL-KVK-83517626,InvestInternational,active,70,investinternational,Netherlands,Private Sector
NL-KVK-77583442,Transition International,active,10,ti_nl,Netherlands,Government
XM-OCHA-4438,"International Centre for Diarrhoeal Disease Research, Bangladesh (icddr,b)",active,80,icddrb,Bangladesh,"Academic, Training and Research"
GB-COH-10959095,The Faraday Institution,active,80,thefaradayinstitution,United Kingdom,"Academic, Training and Research"
HK-CR-2288921,ELEVATE Hong Kong Holdings Limited,active,70,elevatelimited,Hong Kong,Private Sector
NL-KVK-80547745,TRAIDE Foundation,active,60,traide_foundation,Netherlands,Foundation
MZ-NUIT-700089584,Centro de Aprendizagem e Capacitação da Sociedade Civil,active,22,cesc,Mozambique,National NGO
US-EIN-04-3309296,Public International Law & Policy Group,active,22,pilpg,United States,National NGO
MY-SSM-1162174T,Musawah Global Vision Berhad,active,21,musawah,Malaysia,International NGO
ZA-NPO-213-268,South African Network of People who Use Drugs,active,22,sanpud,South Africa,National NGO
US-EIN-74-2244146,Rocky Mountain Institute,active,21,rmi,United States,International NGO
GH-RGD-CG200980721,Initiative Sankofa d'Afrique de l'Ouest,active,21,isdao,Ghana,International NGO
IN-MHA-094421114,IT for Change,active,80,itforchange,India,"Academic, Training and Research"
XM-DAC-46012,IDB Invest,active,40,idbinvest,United States,Multilateral
TZ-NNCB-INGOR2000123,Africa Philanthropy Network,active,21,apn,"Tanzania, United Republic of",International NGO
PA-PRP-5789,Fundación Avina,active,60,fundacionavina,Panama,Foundation
BR-CNPJ-26990192000114,WWF-BRASIL,active,21,wwfbr,Brazil,International NGO
UG-NGO-3690,Raising Voices,withdrawn,21,rv-ww2,Uganda,International NGO
GH-DSW-7992,African Security Sector Network,active,22,assn,Ghana,National NGO
XM-DAC-46025,Islamic Development Bank,active,40,isdb,Saudi Arabia,Multilateral
ID-DJP-018321174017000,WWF Indonesia,active,21,wwf_id,Indonesia,International NGO
TN-RNE-1540791FPN000,WWF TUNISIA,active,21,wwfna,Tunisia,International NGO
PH-SEC-CN200340507,The Samdhana Institute,active,23,samdhana_institute,Philippines,Regional NGO
PK-NTN-1433899-8,Pakistan Institute of Living & Learning,active,22,pill,Pakistan,National NGO
ZM-PCR-10102712014,World Wide Fund for Nature Zambia,active,21,wwfzambia,Zambia,International NGO
KE-KRA-P051326872M,Shack Dwellers International - Kenya,active,22,sdi-k,Kenya,National NGO
ID-DJP-023047012526000,Business Watch Indonesia,active,22,bwi,Indonesia,National NGO
GB-CHC-1102909,The Climate Change Organisation,active,21,climate-group,United Kingdom,International NGO
BR-CNPJ-09294138-0001-15,Agroicone,active,70,agroicone,Brazil,Private Sector
GH-DSW-1334,West Africa Network for Peacebuilding,active,23,wanep,Ghana,Regional NGO
NG-CAC-11660,"Center for Research, Evaluation Resources and Development (CRERD)",active,22,crerd_ng,Nigeria,National NGO
KE-NCB-OP2180511619410357,World Wide Fund for Nature - Kenya,active,22,wwf-kenya,Kenya,National NGO
PH-SEC-CN200324943,Non-Timber Forest Products Exchange Programme,active,23,ntfp-ep,Philippines,Regional NGO
CO-RUE-8300033586,Fundación Gaia Amazonas,active,23,gaia,Colombia,Regional NGO
BF-MATD-2407,Secrétariat Permanent des Organisation non-gouvernementales du Burkina Faso (SPONG-BURKINA),active,22,spong-burkina,Burkina Faso,National NGO
GH-RGD-CG159432015,GHANA NETHERLANDS BUSINESS & CULTURE COUNCIL,active,22,gnbcc,Ghana,National NGO
LR-MFDPNGO-0961,Sustainable Development Institute,active,23,sdi,Liberia,Regional NGO
MY-SSM-199601006465,International Women's Rights Action Watch Asia Pacific,active,21,iwrawasiapacific,Malaysia,International NGO
US-EIN-83-3732786,"Alliance for Global Water Adaptation, Inc",active,21,agwa,United States,International NGO
IN-MHA-1070-99-2000,CIVIL INITIATIVES FOR DEVELOPMENT AND PEACE INDIA,active,22,cividep,India,National NGO
KE-NCB-218051200602584403,Akili Dada,active,22,ad,Kenya,National NGO
BJ-IFU-6201500233008,Plateforme des Acteurs de la Société Civile au BENIN,active,22,pascib_benin,Benin,National NGO
ML-MAT-028-MAT-DNIC-DAG,Secrétariat de Concertation des Organisations Non Gouvernementales Maliennes,active,22,seco-ong-mali,Mali,National NGO
XI-GRID-grid4157124,"Institute of Psychiatry, Rawalpindi Medical University",active,80,iop-rmu,Pakistan,"Academic, Training and Research"
XM-DAC-46021,BANQUE OUEST AFRICAINE DE DEVELOPPEMENT,active,40,boadiita,Togo,Multilateral
YE-MSAL-288-2013,Youth without border organization for development,active,22,ywbod,Yemen,National NGO
SG-ACRA-201507403G,Grow Asia,active,23,growasia,Singapore,Regional NGO
US-EIN-20-3074517,TrustAfrica,active,21,trustafrica,United States,International NGO
PK-SEC-0108318,Teach For Pakistan,active,22,tfp,Pakistan,National NGO
ZA-CIP-2021-421804-08,Slum Dwellers International,active,21,sdi-int,South Africa,International NGO
BD-ROC-C-104266,RedOrange Media and Communications,active,70,redorange,Bangladesh,Private Sector
ZA-NPO-155-669,Pan Africa ILGA,active,23,pai155669,South Africa,Regional NGO
ET-CSA-1424,Consortium of Reproductive Health Associations (CORHA),active,22,corha,Ethiopia,National NGO
KE-RCO-155081,FSD Africa,active,21,fsdafrica,Kenya,International NGO
BI-NIF-4001055070,Association des Editeurs du Magazine Jimbere,active,22,j2022,Burundi,National NGO
AF-MOE-611,The Liaison Office,active,22,tlo,Afghanistan,National NGO
PY-RUC-80025907-6,WWF Paraguay,active,21,wwf-py,Paraguay,International NGO
TN-RNE-1027578P,Centre des Etudes Méditerranéennes et Internationales,active,22,cemi,Tunisia,National NGO
SN-NINEA-21516110A0,Goree Institute,active,22,gorin,Netherlands,National NGO
NL-KVK-54749484,FairChain Foundation,active,21,fc-f,Netherlands,International NGO
PS-MOI-RA279C,Palestinian Working Women Society for Development,active,22,pwwsd_2022,"Palestine, State of",National NGO
LB-MOI-30-ED,Samir Kassir Foundation,active,22,skf,Lebanon,National NGO
TH-MOI-KhorThor2882,ILGA Asia,active,23,ilgaasia,Thailand,Regional NGO
BI-NIF-4000450306,Burundi Leadership Training Programme,active,22,bltp,Burundi,National NGO
FI-PRO3087706-5,Riverrecycle Oy,active,70,riverrecycle,Finland,Private Sector
LB-MOI-3567,Collective for Research and Training on Development Action,active,22,crtda,Lebanon,National NGO
JO-MSD-19700011100010,Arab Women Organization of Jordan,active,22,awo2022,Jordan,National NGO
MM-MHA-0295,Gender Equality Network,active,22,gen,Netherlands,National NGO
CO-RUE-830053223,Liga Internacional de Mujeres por la Paz y la Libertad - Limpal Colombia,active,22,limpal-colombia,Colombia,National NGO
GB-GOV-11,HM Revenue and Customs,active,10,cbu_hmrc,United Kingdom,Government
MY-SSM-256530H,Asian-Pacific Resource and Research Centre for Women (ARROW),active,23,my-ssm,Malaysia,Regional NGO
RW-RGB-020-17,PRO-FEMMES TWESE HAMWE,active,22,profemmes,Rwanda,National NGO
CO-RUES-800121811,Corporación de Apoyo a Comunidades Populares,active,22,codacop,Colombia,National NGO
DK-CVR-42047007,International Centre for Antimicrobial Resistance Solutions,active,80,icars,Denmark,"Academic, Training and Research"
SS-RRC-140,AVSI South Sudan,active,21,avsi-ssd,South Sudan,International NGO
DK-CVR-25825012,SOS Børnebyerne,active,21,sosdk,Denmark,International NGO
US-EIN-81-2108637,Dalberg Catalyst,active,21,dalbergcatalyst,United States,International NGO
BJ-IFU-6201810257535,Association Béninoise pour le Marketing Social et la Communication pour la Santé (ABMS),active,22,abms,Benin,National NGO
BF-MATD-N00000408001,SOS Jeunesse et Défis,active,22,sosjd6,Burkina Faso,National NGO
US-EIN-061805406,Huairou Commission,active,21,hc2022,United States,International NGO
CH-FDJP-CHE10092705,WILPF,active,21,wilpf_22,Switzerland,International NGO
ID-DJP-030079198015000,PATTIRO,active,22,pattiro,Indonesia,National NGO
NL-KVK-41226182,Stichting Habitat for Humanity Nederland,active,22,hfhnl,Netherlands,National NGO
US-GOV-11,United States Department of State,active,10,state,United States,Government
US-GOV-32,United States Environmental Protection Agency,active,10,epa,United States,Government
US-GOV-16,United States Department of Commerce,active,10,doc,United States,Government
US-GOV-12,United States Trade and Development Agency,active,10,ustda,United States,Government
US-GOV-2,United States Department of Agriculture,active,10,usda,United States,Government
US-GOV-10,Peace Corp,active,10,peace,United States,Government
US-GOV-21,Inter-American Foundation,active,10,iaf,United States,Government
US-GOV-26,United States Department of Transportation,active,10,dot,United States,Government
US-GOV-14,United States Health and Human Services,active,10,hhs,United States,Government
US-GOV-15,United States Department of Justice,active,10,doj,United States,Government
IN-MCA-U74999MH2015PTC264094,Devidayal Solar Solutions Private Limited,active,70,ddsolar,India,Private Sector
US-GOV-9,United States Department of Interior,active,10,doi,United States,Government
US-GOV-7,United States Department of Defense,active,10,dod,United States,Government
US-GOV-20,United States Department of Energy,active,10,doe,United States,Government
US-GOV-19,United States Department of Homeland Security,active,10,dhs,United States,Government
XM-OCHA-HP3664,Jordan River Foundation,active,22,jrf_2022,Jordan,National NGO
US-EIN-83-2847769,60 Decibels,active,70,60db,United States,Private Sector
ci-moi-474-mis-dgat-dag-sdva,convention de la société civile ivoirienne,active,22,csci_benkadi,Côte D'Ivoire,National NGO
SS-RRC-652,SIHA-South Sudan,active,22,siha-southsudan,South Sudan,National NGO
ID-KHH-01060014412,Tifa Foundation,active,22,tifa_foundation,Indonesia,National NGO
061660068,Innovations for Poverty Action,active,21,ipa_,United States,International NGO
TZ-NNCB-00NGO-R2-00056,WAJIBU - Institute of Public Accountability,active,22,wajibu,"Tanzania, United Republic of",National NGO
NP-SWC-19781,International Nepal Fellowship Nepal,active,22,infnepal,Nepal,National NGO
NL-KVK-40539494,Doctors of the World (NL)/ Dokters van de Wereld,active,21,mdmnl,Netherlands,International NGO
US-EIN-84-3344516,"Aceli Africa, Inc.",active,21,aceliafrica,United States,International NGO
NL-KVK-76050475,The Global Center on Adaptation,active,21,gca,Netherlands,International NGO
GB-CHC-1187721,United World Schools,active,21,uws,United Kingdom,International NGO
ID-KHH-0018020.AH.01.07,HRWG Indonesia,active,22,hrwg_indonesia,Indonesia,National NGO
CO-CCB-0008863,Organizacion para la Educacion y Proteccion Ambiental -OpEPA-,active,22,opepa,Colombia,National NGO
CH-FDJP-110.162.567,FIND,active,60,finddiagnostics,Switzerland,Foundation
GB-COH-02742969,Genome Research Limited,active,80,grl,United Kingdom,"Academic, Training and Research"
PS-MOI-QR177HR,The Palestinian Initiative for the Promotion of Global Dialogue and Democracy-MIFTAH,active,22,miftah,"Palestine, State of",National NGO
KH-INGO-20201231,Action Aid Cambodia,active,21,aac,Cambodia,International NGO
GH-DSW-4004,Media Foundation for West Africa,active,23,mfwa,Ghana,Regional NGO
IL-RA-580675486,Tech2Peace,active,22,t2p,Israel,National NGO
XM-DAC-47062,International Institute of Tropical Agriculture (IITA),active,21,iita_2022,Nigeria,International NGO
JO-COA-0301-57112,Inter Islamic Network for Water Resources Development and Management,active,40,inwrdam,Jordan,Multilateral
KH-INGO,Action Aid Cambodia,withdrawn,21,aac,Cambodia,International NGO
CO-RUE-8600286699,fedesarrollo,active,70,fedesarrollo,Colombia,Private Sector
NL-KVK-24428291,Acacia Water,active,70,aw,Netherlands,Private Sector
NL-KVK-58076573,AUXFIN International B.V.,active,70,auxfinintl,Netherlands,Private Sector
GB-UKPRN-10007783,The University of Aberdeen,active,80,uoa,United Kingdom,"Academic, Training and Research"
US-EIN-23-6393344,World Relief Corp of National Association of Evangelicals,active,21,worldrelief,United States,International NGO
GH-RGD-CG056382017,Global Shea Alliance,active,23,globalshea,Ghana,Regional NGO
CO-CCB-01952534,"E3 - Ecología, Economía y Etíca",active,70,grupoe3,Colombia,Private Sector
CO-RUE-901337512,ICLEI Colombia,active,22,iclei,Colombia,National NGO
GB-SC-SC015263,University of Strathclyde,active,80,strathclyde,United Kingdom,"Academic, Training and Research"
CH-FDJP-CHE-109-991-002,Basel Institute on Governance,active,60,basel_institute,Switzerland,Foundation
BJ-IFU-6202112757059,IGD Benin,active,22,igd_benin,Benin,National NGO
LB-MOI-37-AD,The Lebanese Organisation for Studies and Training,active,22,rabi3,Lebanon,National NGO
BJ-IFU-6201001214905,Association Béninoise pour la Promotion de la Famille,active,22,abpf,Benin,National NGO
GB-COH-RC000653,University of Exeter,active,80,uoex,United Kingdom,"Academic, Training and Research"
AE-DMCC-23550,ARK Group DMCC,active,70,arkgroupdmcc1,United Arab Emirates,Private Sector
US-EIN-52-1497470,Conservation International Foundation,active,21,c_i_f,United States,International NGO
GB-CHC-1112404,Right To Play UK,active,21,rtp_uk,United Kingdom,International NGO
GB-COH-01250443,NIRAS Group (UK) Limited,active,70,niras_uk,United Kingdom,Private Sector
MZ-NUIT-700061787,Gorongosa Restoration Project,active,30,grp,Mozambique,Public Private Partnership
GB-COH-RC000659,University of Leicester,active,80,leics,United Kingdom,"Academic, Training and Research"
ET-MFA-150317,African Disability Forum (ADF),active,23,et-adf-0317,Ethiopia,Regional NGO
GB-CHC-1162997,Peaceful Change initiative,active,21,pci,United Kingdom,International NGO
NL-KVK-41199142,Rabo Foundation,active,60,rabofoundation,Netherlands,Foundation
BI-NIF-4000039331,Twitezimbere,active,22,twz1,Burundi,National NGO
KE-NCB-10488,Siasa Place,active,22,sp,Kenya,National NGO
NG-CAC-RC-1368639,Infrastructure Credit Guarantee Company Limited,active,70,infracredit,Nigeria,Private Sector
GB-CHC-1050821,Buddhist Compassion Relief Tzu Chi Foundation,active,22,tzuchiuk,United Kingdom,National NGO
LB-MOI-17312,Female,active,22,female,Lebanon,National NGO
NL-KVK-60351489,Frontclear,active,70,frontclear_ftap,Netherlands,Private Sector
GB-COH-10781862,Smart Villages Research Group,active,70,svrg,United Kingdom,Private Sector
US-EIN-47-4606264,"Hala Systems, Inc.",active,70,hala_systems,United States,Private Sector
LB-MOI-2402520,SMEX,active,23,smex,Lebanon,Regional NGO
DE-CR-RA000355-HRB726528,Fosera Solarsystems GmbH & Co. KG aA,active,80,fosaa,Germany,"Academic, Training and Research"
UG-RSB-80020000583761,Equatorial Power Limited,active,70,ep,Uganda,Private Sector
DK-CVR-78920610,Forests of the World,active,21,fowdk,Denmark,International NGO
CH-FDJP-CHE455926653,ILGA World,active,21,ilgaworld,Switzerland,International NGO
DE-CR-RA000299-HRB20002,Solar Cooling Engineering GmbH,active,70,sce-gmbh,Germany,Private Sector
PE-SUNARP-03024345,Universidad Peruana Cayetano Heredia,active,80,investigacion_cayetano,Peru,"Academic, Training and Research"
GB-COH-05712574,Parhelion Underwriting Limited,active,70,pul,United Kingdom,Private Sector
US-EIN-45-4535664,"Harvard Global Research and Support Services, Inc.",active,21,harvard_global,United States,International NGO
KE-NCB-218051200201502367,LVCT Health,active,22,lvct,Kenya,National NGO
XM-DAC-47149,International Commission on Missing Persons,active,15,icmp,Netherlands,Other Public Sector
GB-UKPRN-10007786,University of Bristol,active,80,unibristol,United Kingdom,"Academic, Training and Research"
KE-KRA-P052188980R,BFA Global Kenya Ltd,active,70,bfa_global,(No country assigned),Private Sector
KE-RCO-CF2015185025,Gatsby Africa,active,60,ga,Kenya,Foundation
AF-MOE-947,Human Rights Research and Advocacy Consortium,active,22,947,Afghanistan,National NGO
CH-FDJP-CHE326267730,TRIAL International,active,21,trial,Switzerland,International NGO
AF-MOE-118,Swedish Committee for Afghanistan,active,21,sca_afghanistan,Afghanistan,International NGO
US-EIN-52-1527835,International Foundation for Electoral Systems,active,21,ifes,United States,International NGO
KE-KRA-P052007235U,Imfact Working Capital Solutions Limited,active,70,imfact2022,Kenya,Private Sector
US-EIN-262048480,ImpactAssets Inc.,active,21,ia,United States,International NGO
PH-SEC-CN201214699,Child Rights Coalition Asia,active,23,crcasia,(No country assigned),Regional NGO
NA-NAMRA-04413362,AIDS and Rights Alliance for Southern Africa,active,23,arasaregional,Namibia,Regional NGO
SO-COA-107-0081-2023,Iftiin Foundation,active,22,iffoundation12,Somalia,National NGO
US-EIN-26-0126537,Global Integrity,active,21,gi,United States,International NGO
KE-KRA-P051698850Z,DataDrivenFinance Kenya Ltd,active,70,ddfkenya,Kenya,Private Sector
GB-COH-07177839,Bboxx,active,70,bboxx,United Kingdom,Private Sector
SN-NINEA-50255162X2,Nadji.Bi Sénégal SUARL,active,70,sn-ninea-50255162x2,Senegal,Private Sector
ID-DJP-032441156063000,PT Arup Indonesia,active,70,ptarupidn,Indonesia,Private Sector
GB-COH-12675400,Centre for Information Resilience,active,21,cir,United Kingdom,International NGO
BR-CNPJ-30619995-0001-34,Centro de Inteligência Territorial,active,80,cit_brazil,Brazil,"Academic, Training and Research"
NG-CAC-RC-929657,FMDQ Group PLC,active,70,fmdqgroupplc_2013,Nigeria,Private Sector
GB-CHC-1146162,Royal Society of Tropical Medicine & Hygiene,active,21,rstmh,United Kingdom,International NGO
PK-NTN-9051408-4,KHYBER MEDICAL UNIVERSITY,active,80,kmu,Pakistan,"Academic, Training and Research"
XM-DAC-46008,CAF Banco de Desarrollo de América Latina y el Caribe,active,40,caf,Venezuela (Bolivarian Republic of),Multilateral
BD-ROC-S-5933,University of Liberal Arts Bangladesh,active,80,chpd_ulab,Bangladesh,"Academic, Training and Research"
NL-KVK-51837609,Upinion Netherlands,active,70,upinion,Netherlands,Private Sector
NP-IRD-201252183,B. P. Koirala Institute of Health Sciences,active,80,bpkihs_dharan,Nepal,"Academic, Training and Research"
BO-NIT-351775028,CONEXIÓN,active,23,conexionla,Bolivia,Regional NGO
LK-DRC-GA635,Institute for Research and Development in Health & Social Care,active,80,irdsrilanka-1997,Sri Lanka,"Academic, Training and Research"
NG-CAC-1075488,Nevadic Limited,active,70,nvd_12,Nigeria,Private Sector
KE-KRA-P051883897F,Adili Solar Hubs Limited,active,70,adili_sh,Kenya,Private Sector
GB-CHC-1030884,The Wildfowl and Wetlands Trust,active,21,gb-chc-1030884,United Kingdom,International NGO
KE-KRA-P052141361L,CLIMATE ACTION PLATFORM - AFRICA,active,22,cap-a,Kenya,National NGO
GB-GOR-PB508,Royal Botanic Gardens Kew,active,80,rbg_kew,United Kingdom,"Academic, Training and Research"
XI-DUNS-645826186,Shifa Tameer-e-Millat University,active,80,stmu01,Pakistan,"Academic, Training and Research"
IN-MCA-U74900TN2013PTC093426,Basil Energetics Private Limited,active,70,bepl,India,Private Sector
GH-RGD-CG034642016,UK-Ghana Chamber of Commerce,active,22,ukgcc,Ghana,National NGO
BE-BCE_KB0-0421408778,International Peace Information Service,active,22,ipis,Belgium,National NGO
XI-IATI-KHF_IFH,Institute for Family Health,active,22,khf_ifh,Jordan,National NGO
PS-TIN-888005972,Water Sector Regulatory Council,active,15,wsrc1,"Palestine, State of",Other Public Sector
NL-KVK-57504091,Stiching Cardano Development,active,60,stichting_cd,Netherlands,Foundation
GB-COH-05572704,ACER International UK Ltd,active,70,aceruk,United Kingdom,Private Sector
BR-CNPJ-62579164-0001-72,Centro Brasileiro de Análise e Planejamento - Cebrap,active,80,_cebrap,Brazil,"Academic, Training and Research"
NL-KVK-34123218,Rijksakademie van beeldende kunsten,active,80,rabk,Netherlands,"Academic, Training and Research"
YE-MSAL-220,Building Foundation for Development,active,22,bfdyemen,Yemen,National NGO
ZA-CIP-2011-003386-08,Cambridge Institute for Sustainability Leadership,active,80,cisl,South Africa,"Academic, Training and Research"
GB-GOV-25,"UK Department for Energy, Security and Net Zero",active,10,desnz,United Kingdom,Government
ZA-CIP-2002-007758-08,ICLEI Africa,active,21,icleiafrica,South Africa,International NGO
GB-COH-OC422288,Tropical Health Consulting,active,70,thc,United Kingdom,Private Sector
YE-CR-17952,DeepRoot Consulting,active,70,dr,Yemen,Private Sector
UA-EDR-36159679,DiXi Group NGO,active,22,dixigroup,Ukraine,National NGO
TN-RNE-1526532C,Wallah We Can,active,22,wwc_27068084,Tunisia,National NGO
NL-KVK-41150792,Justice & Peace Netherlands,active,21,jp-nl,Netherlands,International NGO
UG-NGO-INDR45161196NB,African Centre for Trade and Development,active,22,actade,Uganda,National NGO
GB-GOV-26,"UK - Department of Science, Innovation and Technology",active,10,dsit,United Kingdom,Government
PS-MOI-QR-0049-F,Welfare Association (Taawon),active,21,welfare_taawon,"Palestine, State of",International NGO
MG-NIF-4003264720,Projet Jeune Leader,active,22,pjl,Madagascar,National NGO
YE-MSAL-19,Resonate! Yemen,active,22,rymn,Yemen,National NGO
GB-COH-02412299,Stonewall Equality Limited,active,21,stonewa11,United Kingdom,International NGO
HK-CR-2436455,Agsol Limited,active,70,agsollimited,Hong Kong,Private Sector
FR-RCS-53119997400027,Première Urgence Internationale,active,21,premiere-urgence,France,International NGO
BD-ROC-C-150855,YY Ventures,active,70,yy_ventures,Bangladesh,Private Sector
BD-NAB-0841,Center for Natural Resource Studies (CNRS),active,22,cnrs,Bangladesh,National NGO
GB-COH-12482833,AmplifyChange,active,21,amplifychange,United Kingdom,International NGO
SZ-CIT-201710132021804,Women Unlimited Eswatini,active,22,wu,eSwatini,National NGO
BD-NAB-0004,CARE Bangladesh,active,21,carebd,Bangladesh,International NGO
NG-CAC-69519,Centre for Journalism Innovation and Development,active,22,cjid_ng,Nigeria,National NGO
BD-NAB-0577,Dushtha Shasthya Kendra,active,22,dsk,Bangladesh,National NGO
BD-NAB-1748,Friendship,active,22,fb_2023,Bangladesh,National NGO
NL-KVK-91420784,War Child Alliance Foundation,active,21,wcaf,Netherlands,International NGO
YE-MSAL-32-M-2008,Studies & Economic Media Center (SEMC),active,22,semc-yemen,Yemen,National NGO
GB-GOR-EA53,"Centre for Environment, Fisheries and Aquaculture Science (Cefas)",active,10,cefas,United Kingdom,Government
IN-MCA-U74900TG2007NPL055085,George Institute for Global Health,active,80,tgi_india,India,"Academic, Training and Research"
GB-CHC-298375,Centre for Lebanese Studies,active,23,cls,United Kingdom,Regional NGO
IN-MHA-083780010,Society For Promotion of Area Resource Centres,active,22,sparc_iati,India,National NGO
NL-KVK-75373750,Institute for Community Based Sociotherapy,active,21,ic-bs_24,Netherlands,International NGO
PK-NTN-2158581-4,Shirkat Gah-Women's Resource Centre,active,22,shirkatgah,Pakistan,National NGO
NL-KVK-81042582,Netherlands Advisory Board on Impact Investing,active,22,thenab,Netherlands,National NGO
GB-COH-4625800,ISEAL,active,21,iseal,United Kingdom,International NGO
GB-CHC-1174610,Think Equal UK,active,15,thinkequal,United Kingdom,Other Public Sector
KE-NCB-218051200301082704,Independent Medico-Legal Unit,active,22,imlu,Kenya,National NGO
PS-TIN-562780742,Talent Acceleration Platform (TAP),active,70,tap,"Palestine, State of",Private Sector
UG-RSB-80010000758365,Innovex Uganda limited,active,70,in,Uganda,Private Sector
XM-OCHA-HPC8773,Education Cannot Wait,active,40,ecw,(No country assigned),Multilateral
US-EIN-46-3995547,International Budget Partnership,active,21,ibp,United States,International NGO
ID-KHH-AHU-0000401.AH.01.07,Southeast Asia Freedom of Expression Network (SAFEnet),active,22,safenet,Indonesia,National NGO
IT-CF-97050280581,Comitato Internazionale per lo Sviluppo dei Popoli,active,21,cispngo,Italy,International NGO
NG-CAC-6896199,Obodo Centre for Advocacy and Equal Rights,active,22,obodo_ng,Nigeria,National NGO
IN-MHA-083930308,"Mahila Sarvangeen Utkarsh Mandal, Pune, India",active,22,masumpune_87,India,National NGO
MW-NBM-NGO-L-13-059,Women's Legal Resources Centre,active,22,wolrec,Malawi,National NGO
GH-RGD-ET000570722,IDH THE SUSTAINABLE TRADE INITIATIVE,active,21,idh-ghana,Ghana,International NGO
US-EIN-042241718,"Education Development Center, Inc.",active,21,edc,United States,International NGO
GB-COH-08100658,Village Infrastructure Angels,active,70,via,United Kingdom,Private Sector
GB-COH-05380206,Joint Nature Conservation Committee,active,15,jncc,United Kingdom,Other Public Sector
GB-COH-02525806,Air Charter Service Group Ltd,active,70,acs_group,United Kingdom,Private Sector
UG-RSB-125289,PCP Uganda Limited,active,70,pcp-ug_125289,Uganda,Private Sector
US-EIN-47-2326975,Cadasta Foundation,active,21,cadasta,(No country assigned),International NGO
BI-NIF-4001458845,Association des Jeunes Burundais pour le Développement Inclusif (AJEBUDI-YAGA),active,22,ajebudi_2024,Burundi,National NGO
CH-FDJP-CHE-390.672.238,NatureFinance,active,21,nf2022,Switzerland,International NGO
RW-RRA-121040504,Africa Climate Ventures,active,70,acv,Rwanda,Private Sector
ID-DJP-016993966411000,Center for the Study of Islam and Society (PPIM),active,80,ppim,Indonesia,"Academic, Training and Research"
CA-CC-020387-4,Equality Fund,active,21,ef,Canada,International NGO
GB-CHC-1174115,The Conflict and Environment Observatory,active,22,ceobs,United Kingdom,National NGO
KE-RCO-PVT-2016-025726,Apollo Agriculture,active,70,apolloagriculture,Kenya,Private Sector
JO-CCD-181612,Sharkit Al Manhajyah Lelestsharat Al Tasweeqyeh,active,70,mset,Jordan,Private Sector
MU-CR-C191439,West Africa Blue,active,70,blue,Mauritius,Private Sector
KE-RCO-BN-J9S5BMEB,Ecovega Enterprises,active,70,ecovega,Kenya,Private Sector
AU-ABN-94642321640,Conciliation Resources Australia,active,23,cra,Australia,Regional NGO
SE-ON-802401-6134,The Kvinna till Kvinna Foundation - Head Office,active,21,ktk_ho,Sweden,International NGO
CA-CRA_ACR-827142530RR0001,Rainbow Railroad,active,21,rr_qfdi,Canada,International NGO
GB-CHC-1191805,Small International Development Charities Network,active,22,sidcn,United Kingdom,National NGO
GB-COH-14411359,Chemonics Group UK Ltd,active,70,chemonics_uk,United Kingdom,Private Sector
NL-KVK-27364265,Technische Universiteit Delft,active,80,nl_tud,(No country assigned),"Academic, Training and Research"
CH-FDJP-6602621019-7,Fight for Humanity,active,21,ffh,Switzerland,International NGO
CO-RUE-90020089,Fundacion Pacto Especializada en el Apoyo de Iniciativas Sociales,active,23,feadin,Colombia,Regional NGO
BF-MATD-1131,Association African Solidarité (AAS),active,22,240001090,Burkina Faso,National NGO
GB-COH-01630501,Mokoro,active,70,mko,United Kingdom,Private Sector
EG-CR-42812,Outreach Egypt,active,70,outreach_egypt,Egypt,Private Sector
KE-KRA-P052193943Z,Nairobi Climate Network,active,22,theclimatenetwork,Kenya,National NGO
GB-COH-04481639,Alinea International Ltd. UK,active,70,alinea_uk,United Kingdom,Private Sector
BF-MATD-118884808RR0001,Radios Rurales Internationales,active,22,bfrri,Burkina Faso,National NGO
GB-UKPRN-10007789,University of East Anglia,active,80,uea_uk,United Kingdom,"Academic, Training and Research"
GB-UKPRN-10000824,Bournemouth University Higher Education Corporation,active,80,bournemouth_university,United Kingdom,"Academic, Training and Research"
BD-NAB-557,The Hunger Project Bangladesh,active,21,thpdb,Bangladesh,International NGO
UG-NGO-INDR21712234NB,Uganda National NGO Forum,active,22,ngoforum_01,Uganda,National NGO
ZA-NPO-IT7504-1992-PMB,ACCORD,active,23,accord_2024,South Africa,Regional NGO
ZA-CIP-1997-015443-07,Wits Health Consortium (Pty) Ltd,active,70,whc,South Africa,Private Sector
GB-CHC-1186748,Neotree,active,21,nt_2024,United Kingdom,International NGO
GB-CHC-1159990,Sub-Sahara Advisory Panel,active,22,ssap,United Kingdom,National NGO
GB-COH-09902551,Camco Management Limited,active,70,camco,United Kingdom,Private Sector
XM-DAC-962,UN Trade and Development,active,40,unctad,Switzerland,Multilateral
AR-CUIT-30-70806240-1,Institute for Clinical Effectiveness and Health Policy,active,21,iecs-2024,Argentina,International NGO
GB-HESA-0163,University of Warwick,active,80,warwickpub123,United Kingdom,"Academic, Training and Research"
GT-RPJ-21339045,Fundación de Antropología Forense de Guatemala,active,21,fafg,Guatemala,International NGO
XI-ROR-01wk3d929,Universitas Brawijaya,active,80,medicine_ub,Indonesia,"Academic, Training and Research"
GB-COH-OC423567,Gridworks Development Partners,active,70,gridworkspartners,United Kingdom,Private Sector
GB-GOV-27,Ministry for Housing Communities and Local Government,active,10,mhclg,United Kingdom,Government
PE-SUNARP-11582738,Universidad Cientifica del Sur,active,80,cientifica-pe,Peru,"Academic, Training and Research"
PK-VSWA-2028-2002,Blue Veins,active,22,bveins,Pakistan,National NGO
AT-ZVR-482616437,HOPE'87 - Hundreds of Original Projects for Employment,active,22,hope87,Austria,National NGO
GB-CHC-313392,National Foundation for Educational Research,active,80,nfer,United Kingdom,"Academic, Training and Research"
KE-KRA-P051102229I,Trade and Development Bank,active,40,tdb01,Kenya,Multilateral
GE-NAPR-367,Curatio International Foundation,active,22,curatio,Georgia,National NGO
GB-COH-13697512,2X Global Limited,active,70,2xglobal,United Kingdom,Private Sector
SS-RRC-294,CHRISTIAN AGENCY FOR PEACE AND DEVELOPMENT (CAPaD),active,22,capad,South Sudan,National NGO
UA-EDR-24719411,"ARGUS, Company with Foreign Capital",active,70,argus_kyiv,Ukraine,Private Sector
CA-CRA_ACR-892100884,Commonwealth of Learning,active,15,col,Canada,Other Public Sector
GB-CHC-210639,The Royal United Services Institute for Defence and Security Studies,active,22,rusi,United Kingdom,National NGO
XM-OCHA-HPC1888,Rainwater Association of Somalia-RAAS,active,22,inforaas,Somalia,National NGO
XM-OCHA-HPC6052,Himilo Relief and Development Association (HIRDA),active,22,hirda,Somalia,National NGO
BE-BCE_KBO-0665.649.335,Seefar Foundation,active,21,seefarfoundation,Belgium,International NGO
XM-OCHA-HPC5902,PHYSICIANS ACROSS CONTINENTS (PAC),active,21,pac_som,Somalia,International NGO
XM-OCHA-HPC3382,Somali Community Concern,active,22,scc_2025,Somalia,National NGO
SO-COA-107-0079-2025,Kaalmo Relief and Development Organization (KARDO AID),active,22,kardo-somalia,Somalia,National NGO
XM-OCHA-HPC10477,Somali Women Vision,active,22,swvsom,Somalia,National NGO
GB-COH-08524506,Common Seas CIC,active,70,commonseas,United Kingdom,Private Sector
IN-MHA-5897,The Leprosy Mission Trust India,active,22,tlmti,India,National NGO
GH-RGD-CG016822016,Center for Democratic Development Ghana,active,22,cdd_admin,Ghana,National NGO
GB-COH-03591514,THE LEPROSY MISSION INTERNATIONAL,active,21,tlm_io,United Kingdom,International NGO
CH-FDJP-CHE109810537,Fondation suisse de déminage (FSD),active,60,fsd-switzerland_2025,Switzerland,Foundation
US-EIN-11-2724905,International Center for Journalists,active,21,icfj,United States,International NGO
BR-CNPJ-45358058000140,Universidade Federal de São Carlos - UFSCar,active,80,ufscar_brasil,Brazil,"Academic, Training and Research"
ZA-NPO-012983,Soul City Institute,active,22,sci2025,South Africa,National NGO
ZA-CIP-2007-012585-08,Reach Digital Health NPC,active,21,rdh,South Africa,International NGO
US-EIN-53-0196603,Georgetown University,active,80,georgetown,United States,"Academic, Training and Research"
US-EIN-113816205,Independent Diplomat,active,21,independent_diplomat,United States,International NGO
GB-CHC-1159483,Start Network,active,21,start-network,United Kingdom,International NGO
GH-RGD-CG081931122,East-West Seed Knowledge Transfer Foundation,active,60,ews-kt_gh,Ghana,Foundation
FR-RCS-42956525200054,Relief International France,active,21,ri_france,France,International NGO
SO-COA-107-0290-2025,Humanitarian Umbrella for Relief and Development Organization (HURDO),active,22,hu,Somalia,National NGO
NG-CAC-8270899,SUGAS GLOBAL AGRO LTD,active,70,sgal,Nigeria,Private Sector
US-EIN-52-1398742,Center for International Private Enterprise,active,21,cipe_1983,United States,International NGO
NL-KVK-32160247,SCOPEinsight B.V.,active,70,scopeinsight,Netherlands,Private Sector
US-EIN-521338892,National Democratic Institute for International Affairs,active,21,ndi,United States,International NGO
RW-RRA-102234096,Access to Finance Rwanda,active,70,afrwanda,Rwanda,Private Sector
UG-RSB-80010004091376,Design without Borders Africa,active,70,dwb_africa,Uganda,Private Sector
XI-DUNS-499432771,Navrongo Health Research Centre,active,80,nhrc,Ghana,"Academic, Training and Research"
US-SAM-VJ8RGVMEPAT7,New Digital Trade Coalition Inc.,active,22,new_digital_trade_coalition,United States,National NGO
US-EIN-770155782,Global Fund for Women,active,21,globalfundforwomen,United States,International NGO
MW-NBM-20125698,Malawi-Liverpool Wellcome Programme,active,21,mlw,Malawi,International NGO
XM-DAC-46027,FONPLATA DEVELOPMENT BANK,active,40,fonplata,Bolivia,Multilateral
BF-MATD-N4217,Association Burkinabè pour le Bien Etre Familial Burkina Faso,active,22,abbef,Burkina Faso,National NGO
XI-ROR-04pznsd21,American University of Beirut,active,70,auob,Lebanon,Private Sector
XI-IATI-CLAD,Centro Latinoamericano de Administración para el Desarrollo,active,40,clad,Venezuela (Bolivarian Republic of),Multilateral
GB-CHC-1180966,Myanmar Trust UK,active,22,mtuk,United Kingdom,National NGO
GB-COH-05327824,Tax Justice Network,active,21,tjn,United Kingdom,International NGO
ZA-CIP-2022-449689-08,Energy Council of South Africa,active,70,energycouncilsa,South Africa,Private Sector
FR-INSEE-93282389100019,piermarc,active,21,piermarc,(No country assigned),International NGO
KE-RCO-CPR-2014-161876,Millennium Water Alliance Kenya,active,22,mwa_kenya,Kenya,National NGO
NL-KVK-86795341,Clim-Eat,active,60,clim-eat,Netherlands,Foundation
SL-NRA-1136607-8,Institute of Gender and Children's Health Research,active,22,igchr_sierraleone,Sierra Leone,National NGO
SL-OARG-2420280,Centre of Dialogue on Human Settlement and Poverty Alleviation (CODOHSAPA),active,22,codohsapa,Sierra Leone,National NGO
GB-COH-08195029,"Environmental Finance Limited, trading as Finance Earth",active,70,finance_earth,United Kingdom,Private Sector
US-EIN-52-1780162,Eurasia Foundation,active,21,ef-2025,United States,International NGO
US-EIN-35-2725269,Science for Africa Foundation,active,21,sfa_foundation,(No country assigned),International NGO
UG-NGO-INDP51781129NB,RWENZORI ANTI CORRUP0TION COALITION,active,23,rac-001,Uganda,Regional NGO
UA-EDR-42661077,Consumer society IMTD-INTERNATIONAL,active,22,imtd_int_11,Ukraine,National NGO
GB-COH-00559784,The Pirbright Institute,active,80,pirbright_institute,United Kingdom,"Academic, Training and Research"
SE-ON-802002-3209,SMC-Faith in Development,active,22,smc,Sweden,National NGO
ET-ERCA-0056106666,African Disability Forum (ADF),withdrawn,23,et-adf-0317,Ethiopia,Regional NGO
GB-1-201879-115,"Wheeler Institute for Business and Development, London Business School",withdrawn,80,wheeler,United Kingdom,"Academic, Training and Research"
