code,name,status,codeforiati:hq-country-or-region,codeforiati:registry-identifier,codeforiati:organisation-type,codeforiati:organisation-type-code
AU-5,Australia: Ministerio de Asuntos Exteriores y Comercio,active,Australia,ausgov,Government,10
44000,El Banco Mundial,active,(No country assigned),worldbank,Multilateral,40
US-EIN-941655673,Fundación William y Flora Hewlett,active,United States,hewlett-foundation,Foundation,60
41AAA,Oficina de las Naciones Unidas de Servicios para Proyectos (UNOPS),active,(No country assigned),unops,Multilateral,40
GB-CHC-1038860,Frontline AIDS,active,United Kingdom,f-aids,International NGO,21
XI-IATI-EC_INTPA,Comisión Europea: Asociaciones Internacionales,active,(No country assigned),ec-intpa,Other Public Sector,15
XI-IATI-EC_DEVCO,Comisión Europea: Cooperación Internacional y Desarrollo,withdrawn,(No country assigned),ec-devco,Other Public Sector,15
SE-0,"Suecia, a través de la Agencia Sueca de Cooperación Internacional para el Desarrollo (ASDI)",active,Sweden,sida,Government,10
CA-CRA-89980-1815-RR0001,Engineers Without Borders Canada,active,Canada,ewb_canada,International NGO,21
XM-DAC-41114,Programa de las Naciones Unidas para el Desarrollo (PNUD),active,(No country assigned),undp,Multilateral,40
GB-CHC-1075920,Indigo Trust,active,United Kingdom,indtrust,Foundation,60
GB-CHC-202918,Oxfam GB,active,United Kingdom,oxfamgb,International NGO,21
FI-3,Finlandia: Ministerio de Asuntos Exteriores,active,Finland,finland_mfa,Government,10
IE-CHY-6663,Self Help Africa,active,Ireland,self-help-africa,International NGO,21
47045,"Fondo Mundial de Lucha contra el Sida, la Tuberculosis y la Malaria",active,Switzerland,theglobalfund,Multilateral,40
XM-DAC-46004,Banco Asiático de Desarrollo,active,(No country assigned),asdb,Multilateral,40
46004,Banco Asiático de Desarrollo,withdrawn,(No country assigned),asdb,Multilateral,40
GB-COH-07676886,Publish What You Fund,active,United Kingdom,pwyf,International NGO,21
NO-BRC-977538319,Consejo Noruego para los Refugiados,active,Norway,nrc,International NGO,21
NL-KVK-41213450,SPARK,active,Netherlands,spark,International NGO,21
XM-DAC-3-1,"Dinamarca: Ministerio de Asuntos Exteriores, Agencia Danesa de Desarrollo Internacional (DANIDA)",active,Denmark,danida,Government,10
GB-CHC-285776,Fondo Católico para el Desarrollo de Ultramar (CAFOD),active,United Kingdom,cafod,International NGO,21
47122,"Gavi, la Alianza para las Vacunas",active,Switzerland,gavi,Public Private Partnership,30
US-EIN-300108263,GlobalGiving.org,active,United States,globalgiving,International NGO,21
GB-CHC-1029161,CAMFED International,active,United Kingdom,camfed,International NGO,21
GB-CHC-291691,All We Can (antiguo Methodist Relief and Development Fund),active,United Kingdom,allwecan,International NGO,21
GB-CHC-1074937,ADRA-UK,active,United Kingdom,adrauk,International NGO,21
GB-CHC-1017255,Homeless International,active,United Kingdom,hi,International NGO,21
GB-COH-4905100,Resource Extraction Monitoring,active,United Kingdom,rem,International NGO,21
NP-CRO-45995/063/064,YoungInnovations Pvt. Ltd,active,Nepal,yipl,"Academic, Training and Research",80
GB-CHC-327421,Article 19,active,United Kingdom,art19,International NGO,21
GB-CHC-328434,ChildHope UK,active,United Kingdom,childhopeuk,International NGO,21
GB-CHC-1092236,Concern Worldwide UK,active,United Kingdom,concernuk,International NGO,21
GB-COH-4075590,LEAD International,active,United Kingdom,lead_international,International NGO,21
XM-DAC-21033,Secretaría de Transparencia Internacional,active,Germany,transparency-international,International NGO,21
GB-CHC-1141028,AfriKids,active,United Kingdom,afrikids,International NGO,21
GB-CHC-1089879,EveryChild,active,United Kingdom,evc,International NGO,21
GB-CHC-1126727,MapAction,active,United Kingdom,mapaction,International NGO,21
GB-CHC-254781,International Children's Trust,active,United Kingdom,theict,International NGO,21
GB-COH-NI21482,Trocaire (Irlanda del Norte),active,United Kingdom,troc,International NGO,21
GB-CHC-1001698,Interact Worldwide,active,United Kingdom,iww_publish,International NGO,21
GB-CHC-1837621,Health Poverty Action,active,United Kingdom,hpa,International NGO,21
GB-CHC-313139,Africa Educational Trust,active,United Kingdom,aet,International NGO,21
GB-CHC-800672,Fundación Tierra Viva,active,United Kingdom,livingearth12,International NGO,21
GB-COH-0277068,Fauna & Flora International,active,United Kingdom,ffi_publisher,International NGO,21
GB-CHC-1020488,Children in Crisis,active,United Kingdom,cic,International NGO,21
GB-CHC-1090745,ICA:UK,active,United Kingdom,icauk,National NGO,22
GB-CHC-298316,Build Africa,active,United Kingdom,buildafrica,International NGO,21
GB-CHC-265464,Tearfund,active,United Kingdom,tearfund,International NGO,21
GB-CHC-208724,War on Want,active,United Kingdom,waronwant,International NGO,21
GB-COH-06587734,InterClimate Network,active,United Kingdom,icn,International NGO,21
GB-COH-2082273,Asociación Mundial para la Comunicación Cristiana (Reino Unido),active,United Kingdom,wacc-uk,International NGO,21
GB-CHC-1064413,African Initiatives,active,United Kingdom,ai_1064413,International NGO,21
GB-COH-05322719,Opportunity International UK,active,United Kingdom,opportunity-international-uk,International NGO,21
GB-SC-SC030289,Mercy Corps Europe,active,United Kingdom,mce,International NGO,21
GB-COH-1100897,Fundación Aga Khan (Reino Unido),active,United Kingdom,akfuk73,International NGO,21
GB-CHC-1001349,Samaritan's Purse UK,active,United Kingdom,spuk,International NGO,21
GB-CHC-327461,Karuna Trust,active,United Kingdom,karuna,International NGO,21
GB-COH-4887855,HealthProm,active,United Kingdom,hp_12,International NGO,21
GB-CHC-207076,Real Sociedad para la Protección de las Aves,active,United Kingdom,rspb_,International NGO,21
GB-CHC-299717,Send a Cow,active,United Kingdom,sendacow,International NGO,21
GB-CHC-1069208,Trust for Africa's Orphans,active,United Kingdom,tao-03473165,International NGO,21
GB-CHC-283302,Agency for Cooperation and Research in Development (ACORD),active,United Kingdom,acord,International NGO,21
GB-CHC-1068839,Bond,active,United Kingdom,bond,National NGO,22
GB-CHC-291824,Twin,active,United Kingdom,twin-iati,International NGO,21
GB-CHC-1059996,Power International,active,United Kingdom,power,International NGO,21
GB-CHC-1102028,Canon Collins Trust,active,United Kingdom,canoncollinstrust,International NGO,21
GB-COH-5419428,Water & Sanitation for the Urban Poor (WSUP),active,United Kingdom,wsup,Public Private Partnership,30
GB-COH-03877777,CDC Group Plc.,active,United Kingdom,bii,Other Public Sector,15
GB-CHC-328206,Womankind Worldwide,active,United Kingdom,womankindworld,International NGO,21
GB-CHC-281681,"Amigos de la Tierra Inglaterra, Gales e Irlanda del Norte",active,United Kingdom,foe_ewni,National NGO,22
GB-CHC-272465,United Purpose,active,United Kingdom,cu,International NGO,21
GB-CHC-1125948,PONT,active,United Kingdom,pont,International NGO,21
GB-CHC-1138287,Rainforest Foundation Reino Unido,active,United Kingdom,rfuk,International NGO,21
41120,ONU-Hábitat,active,(No country assigned),unhabitat,Multilateral,40
GB-COH-04154075,Penal Reform International,active,United Kingdom,pri,International NGO,21
GB-CHC-288701,WaterAid,active,United Kingdom,wateraid,International NGO,21
GB-CHC-291167,Jeevika Trust,active,United Kingdom,jeevika_trust,International NGO,21
GB-CHC-313757,Voluntary Service Overseas,active,United Kingdom,vso,International NGO,21
GB-COH-1364201,Plan International UK,active,United Kingdom,plan_uk,International NGO,21
XM-DAC-21032,,active,United States,psi,International NGO,21
21032,Population Service International,withdrawn,United States,psi,International NGO,21
GB-COH-213890,Save the Children Reino Unido,active,United Kingdom,scuk,International NGO,21
NL-KVK-41198677,Hivos,active,Netherlands,stichting_hivos,International NGO,21
ZA-NPO-061-870,Southern African Catholic Bishops' Conference AIDS Office,active,South Africa,sacbc,Regional NGO,23
CH-FDJP-CHE-110347351,Alianza Mundial para Mejorar la Nutrición,active,Switzerland,gain,International NGO,21
30001,Alianza Mundial para Mejorar la Nutrición,withdrawn,Switzerland,,International NGO,21
GB-CHC-1127206,StreetInvest,active,United Kingdom,si,International NGO,21
GB-CHC-1055436,Conciliation Resources,active,United Kingdom,cr,International NGO,21
GB-CHC-1115482,BRAC UK,active,United Kingdom,bracuk,International NGO,21
ZA-NPO-036-515,,active,South Africa,gl,Regional NGO,23
ZA-CIP-2001-005850-08,,withdrawn,South Africa,gl,Regional NGO,23
ZA-CIPC-2001/005850/08,Gender Links,withdrawn,South Africa,gl,Regional NGO,23
GB-CHC-218186,Leonard Cheshire Disability,active,United Kingdom,lcd_admin,International NGO,21
GB-COH-3008440,Forests Monitor,active,United Kingdom,fm,International NGO,21
GB-COH-2100867,SOS Sahel International UK,active,United Kingdom,sossaheluk,International NGO,21
GB-CHC-1065705,Survivors Fund (SURF),active,United Kingdom,surf,International NGO,21
GB-CHC-1122924,Developments In Literacy Trust UK,active,United Kingdom,diltuk,International NGO,21
GB-CHC-292506,CARE International UK,active,United Kingdom,ciuk,International NGO,21
GB-CHC-328158,Islamic Relief Worldwide,active,United Kingdom,irw,International NGO,21
GB-CHC-229476,Federación Internacional de Planificación de la Familia,active,United Kingdom,ippf,International NGO,21
GB-CHC-326568,Charity Projects Ltd (Comic Relief),active,United Kingdom,cprojects,Foundation,60
XM-DAC-41111,Fondo de las Naciones Unidas para el Desarrollo de la Capitalización,active,United States,uncdf,Multilateral,40
NL-CCI-20081098,BRAC International,withdrawn,Netherlands,bracintl,International NGO,21
GB-CHC-1098106,Relief International UK,active,United Kingdom,ri-uk,International NGO,21
GB-CHC-1071886,TB Alert,active,United Kingdom,tbalert,International NGO,21
XM-DAC-41146,ONU Mujeres,active,(No country assigned),unw,Multilateral,40
TZ-BRE-63966,Twaweza,active,"Tanzania, United Republic of",twaweza,Regional NGO,23
GB-CHC-1104287,MicroLoan Foundation,active,United Kingdom,mlf,International NGO,21
GB-CHC-1152010,Child to Child,active,United Kingdom,ctc,International NGO,21
GB-CHC-1105851,Christian Aid,active,United Kingdom,caid,International NGO,21
GB-CHC-1139083,Grow Movement,active,United Kingdom,growmovement_admin,"Academic, Training and Research",80
GB-CHC-1079358,Motivation,active,United Kingdom,motivation,International NGO,21
US-EIN-27-5026293,Disability Rights Fund,active,United States,drf,International NGO,21
US-USAGOV,Estados Unidos,withdrawn,United States,unitedstates,Government,10
GB-CHC-1081247,"WWF, Reino Unido",active,United Kingdom,wwf-uk,International NGO,21
GB-COH-1102208,MSI Reproductive Choices,active,United Kingdom,msi,International NGO,21
GB-CHC-207544,Sightsavers,active,United Kingdom,ss-org,International NGO,21
GB-COH-03788027,Triple Line,active,United Kingdom,tripleline_crownagents,Private Sector,70
GB-CHC-1058991,Railway Children,active,United Kingdom,rc,International NGO,21
GB-CHC-1140123,Vision for a Nation Foundation,active,United Kingdom,vfan,International NGO,21
21-PK-WWF,"Fondo Mundial para la Naturaleza, Pakistán",active,Pakistan,wwfpakistan,International NGO,21
NL-KVK-27264198,ActionAid International,active,Netherlands,aai,International NGO,21
XI-IATI-IADB,Banco Interamericano de Desarrollo,active,(No country assigned),iadb,Multilateral,40
GB-CHC-327519,Zimbabwe Educational Trust,active,United Kingdom,zet,International NGO,21
GB-COH-871954,Practical Action,active,United Kingdom,pa,International NGO,21
GB-CHC-1127488,Restless Development,active,United Kingdom,restless,International NGO,21
GB-COH-2153193,International Alert,active,United Kingdom,international-alert,International NGO,21
DE-1,Alemania: Ministerio Federal de Cooperación y Desarrollo Económicos,active,Germany,bmz,Government,10
GB-CHC-1099776,Malaria Consortium,active,United Kingdom,malariaconsortium,International NGO,21
GB-CHC-1078768,People In Aid,active,United Kingdom,peopleinaid,International NGO,21
47135,Fondos de Inversión en el Clima,active,"Bilateral, unspecified",cif,Multilateral,40
IN-,"MAMTA, Instituto de Salud Maternoinfantil",active,India,mamta_himc,National NGO,22
ciks,Centre for Indian Knowledge Systems,active,India,ciks,"Academic, Training and Research",80
GB-CHC-1070684,Cord,active,United Kingdom,cord,Regional NGO,23
GB-GOV-6,Reino Unido: Ministerio del Interior,active,United Kingdom,homeoffice,Government,10
US-EIN-13-2702768,Pact,active,United States,pact,International NGO,21
GB-CHC-1071659,War Child UK,active,United Kingdom,wcuk,International NGO,21
GB-CHC-1107403,GOAL,active,Ireland,goal,International NGO,21
GB-COH-3578127,Ethical Trading Initiative,active,United Kingdom,eti,International NGO,21
GPAF-IMP-031,Development Aid from People to People (DAPP) Malawi,active,Malawi,dapp,National NGO,22
XM-DAC-41122,Fondo de las Naciones Unidas para la Infancia (UNICEF),active,(No country assigned),unicef,Multilateral,40
US-IRS-562339052,CDA Collaborative Learning Projects,active,United States,cda,International NGO,21
SL-NRA-1001562-8,"Medical Research Centre (MRC), Sierra Leona",active,Sierra Leone,mrc-sierra-leone,National NGO,22
GB-SC-SC035314,Scotland's International Development Alliance,active,United Kingdom,sinda,Regional NGO,23
XM-DAC-41140,Programa Mundial de Alimentos de las Naciones Unidas (PMA),active,Italy,wfp,Multilateral,40
BE-BCE_KBO-0462279234,ACODEV,active,Belgium,acodev,National NGO,22
IE-CHY-6410,Dóchas - Irish Association of Non Governmental Development Organisations,active,Ireland,dochas,National NGO,22
GB-COH-01926828,Farm Africa,active,United Kingdom,fa,International NGO,21
IN-AR-775,Pragya India,active,India,pragya,National NGO,22
GB-CHC-1109789,Y Care International,active,United Kingdom,ycare,International NGO,21
GB-CHC-1115109,Women for Women International (Reino Unido),active,United Kingdom,wfwiuk,International NGO,21
GB-CHC-274467,ActionAid UK,active,United Kingdom,aauk,International NGO,21
NG-CAC-5938,Association for Reproductive and Family Health,active,Nigeria,arfh,National NGO,22
XM-DAC-46002,Banco Africano de Desarrollo,active,(No country assigned),afdb,Multilateral,40
46002,Banco Africano de Desarrollo,withdrawn,(No country assigned),afdb,Multilateral,40
NL-KVK-27327087,Fundación Akvo,active,Netherlands,akvo,International NGO,21
GB-CHC-1043843,Saferworld,active,United Kingdom,saferworld,International NGO,21
XM-DAC-41119,,active,(No country assigned),unfpa,Multilateral,40
41119,Fondo de Población de las Naciones Unidas,withdrawn,(No country assigned),unfpa,Multilateral,40
NP-DAO-27-127/062/063,Freedom Forum,active,Nepal,ff,National NGO,22
GB-CHC-1045348,Afghanaid,withdrawn,United Kingdom,afghanaid,International NGO,21
NZ-1,"Nueva Zelandia: Ministerio de Asuntos Exteriores y Comercio, Programa de Ayuda de Nueva Zelandia",active,New Zealand,mfat,Government,10
CA-3,Canadá: Ministerio de Asuntos Mundiales,active,Canada,gac-amc,Government,10
XI-IATI-EC_FPI,Comisión Europea: Servicio de Instrumentos de Política Exterior,active,"Europe, regional",ec-fpi,Other Public Sector,15
XI-IATI-EC_NEAR,Comisión Europea: Política de Vecindad y Negociaciones de Ampliación,active,(No country assigned),ec-near,Other Public Sector,15
ES-DIR3-E04585801,"España: Ministerio de Asuntos Exteriores, Unión Europea y Cooperación",active,Spain,maec,Government,10
GB-COH-1762840,HelpAge International,active,United Kingdom,helpage_international,International NGO,21
SACU,Send a Cow Uganda,active,Uganda,sacu,National NGO,22
XM-DAC-21-1,Irlanda: Ministerio de Asuntos Exteriores y Comercio,active,Ireland,irishaid,Government,10
GB-GOV-9,,active,United Kingdom,dwp,Government,10
GB-GOV-GB-9,,withdrawn,United Kingdom,dwp,Government,10
GB-9,Reino Unido: Ministerio de Trabajo y Pensiones,withdrawn,United Kingdom,dwp,Government,10
GB-CHC-1120932,Network for Africa,active,United Kingdom,network4africa,International NGO,21
GB-CC-1098893,Blue Ventures Conservation,active,United Kingdom,blueventures,International NGO,21
GB-CHC-1114944,iPartner India,active,United Kingdom,ip-india,International NGO,21
GB-SC-SC037959,Link Community Development Scotland,active,United Kingdom,lcds,International NGO,21
GB-COH-07629751,Digital Campus,active,United Kingdom,dc,"Academic, Training and Research",80
ZA-NPO-013484,Heifer International South Africa,active,South Africa,hsa,National NGO,22
XI-IATI-EC_ECHO,Comisión Europea: Ayuda Humanitaria y Protección Civil,active,(No country assigned),ec-echo,Other Public Sector,15
TN-TIN-102123727,CUAMM Trustees,active,"Tanzania, United Republic of",cuammtrustees,National NGO,22
GB-GOV-10,Reino Unido: Ministerio de Sanidad y Servicios Sociales,active,United Kingdom,dhsc,Government,10
GB-CHC-1120413,MICAIA,active,United Kingdom,mic-uk,International NGO,21
US-IRS-13-5661832,Plan International USA,active,United States,plan_usa,International NGO,21
GB-CHC-1096908,Afghanistan and Central Asian Association,active,United Kingdom,acaa,International NGO,21
GB-COH-RC000346,Reino Unido: Consejo de Investigación Médica,active,United Kingdom,mrc,Government,10
KE-NGC-3372,I Choose Life Africa,active,Kenya,ke-ngc-3372,National NGO,22
GB-CHC-1065972,International Rescue Committee UK,active,United Kingdom,irc_uk,International NGO,21
GB-COH-06407873,HTSPE,active,United Kingdom,htspe,Private Sector,70
GB-CHC-1024903,Hospice Africa Ltd,active,United Kingdom,hauk,"Academic, Training and Research",80
GB-CHC-326859,Able Child Africa,active,United Kingdom,ablechildafrica,International NGO,21
NP-SWC-13712,Global Action Nepal,active,Nepal,gan,National NGO,22
GB-COH-2732176,Adam Smith International,active,United Kingdom,asi,Private Sector,70
US-EIN-131837418,The Foundation Center,active,United States,foundation_center,International NGO,21
GB-COH-4884328,Integrity Action,active,United Kingdom,integrity_action,International NGO,21
CH-4,Suiza: Agencia Suiza para el Desarrollo y la Cooperación (COSUDE),active,Switzerland,sdc_ch,Government,10
GB-CHC-1078803,Bees for Development Trust,active,United Kingdom,beesfordevelopment,International NGO,21
FR-SIRET-4028868160030,ACTED,active,France,acted,International NGO,21
XM-DAC-7,Países Bajos: Ministerio de Asuntos Exteriores,active,Netherlands,minbuza_nl,Government,10
GB-CHC-289036,Emmanuel International UK,active,United Kingdom,eiuk,International NGO,21
GB-CHC-291333,Feed the Minds,active,United Kingdom,ftm-291333,International NGO,21
NP-DAO-27-689/063/064,NGO Federation of Nepal,active,Nepal,nfn,National NGO,22
GB-COH-03259922,Crown Agents Limited,active,United Kingdom,cal,Private Sector,70
GB-COH-04589451,Ark (Absolute Return for Kids),active,United Kingdom,ark,International NGO,21
GB-CHC-290836,APT Action on Poverty,active,United Kingdom,apt,International NGO,21
KE-NGCB-149,SOS Children's Villages Kenya,active,Kenya,soscvkenya,International NGO,21
GB-CHC-1083008,MAG,active,United Kingdom,mag,International NGO,21
GB-CHC-1098752,Target TB,active,United Kingdom,targettb,International NGO,21
XM-DAC-41127,Oficina de Coordinación de Asuntos Humanitarios de las Naciones Unidas (OCHA),active,Switzerland,unocha,Multilateral,40
GB-COH-1858644,DAI Europe,active,United Kingdom,dai-e,Private Sector,70
GB-CHC-1087997,Stars Foundation,active,United Kingdom,starsfoundation,Foundation,60
NP-SWC-19336,,active,Nepal,phase-nepal,National NGO,22
NP-DAO-531/062/063,PHASE Nepal,withdrawn,Nepal,phase-nepal,National NGO,22
FR-6,Francia: Ministerio de Asuntos Exteriores y Europa,active,France,france,Government,10
XI-IATI-035026724,Hilfswerk Austria Zimbabwe,active,Zimbabwe,hwa-zm,International NGO,21
IE-CHY-15037,Plan Ireland Charitable Assistance Limited,active,Ireland,plan_ireland,International NGO,21
FR-3,Agencia Francesa de Desarrollo,active,France,afd,Other Public Sector,15
GB-CHC-209131,British Council,active,United Kingdom,britishcouncil,Other Public Sector,15
GB-CHC-1128536,Street Child,active,United Kingdom,street_child,International NGO,21
GB-CHC-1081695,Vision Aid Overseas,active,United Kingdom,vao,International NGO,21
GB-COH-03580586-GEC,Girls’ Education Challenge – Fund Manager PwC,active,United Kingdom,gecfundmanagerpwc,Private Sector,70
GB-COH-07669775,GEMS Education Solutions,active,Ghana,mgcubed,Private Sector,70
US-EIN-54-0536100,ChildFund International,active,United States,childfund,International NGO,21
NP-DAO-DANG-18-046/47,Backward Society Education (BASE),active,Nepal,base_22,National NGO,22
GB-CHC-1104458,Theatre for a Change UK,active,United Kingdom,tfac,International NGO,21
GB-CHC-1093861,International Medical Corps UK,active,United Kingdom,imc_uk,International NGO,21
GB-COH-7557881,Social Impact Lab CIC,active,United Kingdom,simlab,International NGO,21
KE-RCO-270901,Education Development Trust,withdrawn,Kenya,edt_kenya,International NGO,21
GB-CHC-213251,Lepra,active,United Kingdom,lepra,International NGO,21
NL-KVK-51018586,,withdrawn,Netherlands,zimmzimm,Private Sector,70
JO-CCD-50544,Reporteros Árabes para el Periodismo de Investigación,active,Jordan,arij,"Academic, Training and Research",80
NL-KVK-41188664,ICS,active,Netherlands,ics,International NGO,21
DAC-1601,Fundación Bill y Melinda Gates,active,United States,bmgf,Foundation,60
NP-SWC-00589,Shtrii Shakti,active,Nepal,shtrii_shakti,National NGO,22
GB-CHC-1085096,Women and Children First (UK),active,United Kingdom,wcf,International NGO,21
MW-NBM-00139,Theatre for a Change Malawi,active,Malawi,tfacmalawi,National NGO,22
NL-KVK-41166983,Centro para la Cooperación Jurídica Internacional,active,Netherlands,cilc,Foundation,60
GB-CHC-1135156,Tree Aid,active,United Kingdom,treea,International NGO,21
CA-CRA_ARC-119304848,Servicio Universitario Mundial de Canadá,active,Canada,wusc,International NGO,21
GB-CHC-1154085,Exeter Ethiopia Link,active,United Kingdom,eel,International NGO,21
TZ-BRLA-36057,KPMG East Africa,active,"Tanzania, United Republic of",kpmgea,Private Sector,70
GB-CHC-1053389,Viva,active,United Kingdom,viva,International NGO,21
XM-DAC-47111,Fondo de Adaptación,active,United States,af,Multilateral,40
47111,Fondo de Adaptación,withdrawn,United States,af,Multilateral,40
DK-CVR-33985339,Trianglen,active,Denmark,trianglen,National NGO,22
GB-CHC-1094478,Excellent Development,active,United Kingdom,excellent,International NGO,21
GB-CHC-1047501,Acción contra el Hambre Reino Unido,active,United Kingdom,acf,International NGO,21
CA-4,Canadá: Ministerio de Finanzas,active,Canada,finance_canada,Government,10
GB-CHC-1105489,Sabre Education Limited,active,United Kingdom,sct,International NGO,21
DE-AG-VR7795,Fairtrade Labelling Organizations International e.V.,active,Germany,fairtrade_international,International NGO,21
NL-KVK-41210098,Both ENDS,active,Netherlands,bothends,National NGO,22
NL-KVK-20093733,Heifer Nederland,active,Netherlands,heifernederland,National NGO,22
GB-CHC-1112699,Teach A Man To Fish,active,United Kingdom,tamtf,International NGO,21
NL-KVK-34141098,Fairfood International,active,Netherlands,fairfood,National NGO,22
NL-KVK-41201806,Transnational Institute,active,Netherlands,tni,Foundation,60
GB-CHC-261488,Amref Health Africa UK,active,United Kingdom,amrefha,International NGO,21
XI-IATI-CHSA,Association CHS Alliance,active,Switzerland,chs_alliance,International NGO,21
NL-KVK-40535338,Amigos de la Tierra Internacional,active,Netherlands,foei,International NGO,21
PK-MSW-633-1965,Rahnuma-Family Planning Assocation of Pakistan,active,Pakistan,rfpap,National NGO,22
GB-CHC-1147083,Rojiroti UK,active,United Kingdom,rojiroti,International NGO,21
GB-CHC-1125512,Lively Minds,active,United Kingdom,livelyminds,International NGO,21
NL-KVK-27108436,Oxfam Novib,active,Netherlands,onl,International NGO,21
GB-COH-877338,Institute of Development Studies,active,United Kingdom,ids,"Academic, Training and Research",80
GB-SC-SC032327,EMMS International,active,United Kingdom,emms,International NGO,21
US-EIN-522043740,"Discovery Learning Alliance, Inc.",active,United States,dla,International NGO,21
GB-CHC-1128267-8,HelpAge International UK,active,United Kingdom,ageintl,National NGO,22
GB-CHC-293734,Christian Engineers in Development,active,United Kingdom,ced,International NGO,21
GB-GOV-7,"Reino Unido: Ministerio de Medio Ambiente, Alimentación y Asuntos Rurales",active,United Kingdom,defra_transparency,Government,10
BE-BCE_KBO-0447404580,Avocats Sans Frontières,active,Belgium,asf,National NGO,22
US-501c3-522318905,AidData,active,United States,aiddata,"Academic, Training and Research",80
XM-DAC-701-8,Agencia de Cooperación Internacional del Japón (JICA),active,Japan,jica,Government,10
GB-SC-037597,CIFAL Scotland,active,United Kingdom,cifal,"Academic, Training and Research",80
GH-RGD-CG220182018,,active,Ghana,star_ghanafoundation,Foundation,60
US-EIN-84-1166148,Water for People,active,United States,w4p,International NGO,21
NL-KVK-27248417,Aqua for All,active,Netherlands,aqua4all,Foundation,60
GB-CHC-1112734,PHASE Worldwide,active,United Kingdom,phase_worldwide,International NGO,21
KE-NGC-9381,Across,active,Kenya,across,International NGO,21
GB-CHC-295224,Muslim Aid,active,United Kingdom,muslimaid,International NGO,21
GB-CHC-250456,Find Your Feet,active,United Kingdom,fyf,International NGO,21
XM-DAC-47501,Alianza Mundial para la Educación,active,United States,gpe,Multilateral,40
GB-CHC-1086159,One to One Children's Fund,active,United Kingdom,onetoonecf,International NGO,21
IN-ITA-1886,Micro Insurance Academy,active,India,mia_india,"Academic, Training and Research",80
GB-CHC-1121273,FRANK Water,active,United Kingdom,frankwater,International NGO,21
GB-COH-3799145,Coffey International Development,active,United Kingdom,coffey,Private Sector,70
GB-COH-04276635,act4africa,active,United Kingdom,act4africa,International NGO,21
NL-KVK-41022454,Stichting Red een Kind,active,Netherlands,redeenkind,International NGO,21
GB-CHC-1096479,ShelterBox,active,United Kingdom,shelterbox,International NGO,21
GB-CHC-1108464,Bees Abroad UK,active,United Kingdom,bauk,International NGO,21
US-EIN-13-5563422,Servicios Católicos de Socorro,active,United States,crs,International NGO,21
XM-DAC-41108,Fondo Internacional de Desarrollo Agrícola (FIDA),active,(No country assigned),ifad,Multilateral,40
GB-CHC-1001813,The HALO Trust,active,United Kingdom,halo,International NGO,21
NL-KVK-56484038,ICCO Cooperation,active,Netherlands,icco-cooperation,International NGO,21
GB-CHC-1077889,Pump Aid,active,United Kingdom,pumpaid,International NGO,21
GB-CHC-328273,Food for the Hungry UK,active,United Kingdom,fh,International NGO,21
GB-CHC-1126550,PEAS (Promoting Equality in African Schools),active,United Kingdom,peas,International NGO,21
UA-EDR-37199602,Kyiv School of Economics and Management,active,Ukraine,kse,"Academic, Training and Research",80
GB-CHC-270901,,active,United Kingdom,eddevtrust,International NGO,21
GB-CHC-1122799,Retrak,active,United Kingdom,retrak,International NGO,21
XM-DAC-30010,Unitaid,active,Switzerland,utd,Multilateral,40
GB-SC-044007,Bioclimate Research and Development,active,United Kingdom,bioclimate,International NGO,21
GB-CHC-220949,Cruz Roja Británica,active,United Kingdom,gb-chc-220949,International NGO,21
NL-KVK-32108345,CHOICE for Youth and Sexuality,active,Netherlands,cfyas,International NGO,21
NL-KVK-27378529,Netherlands Enterprise Agency,active,Netherlands,rvo,Government,10
NL-KVK-41180500,SeeYou Foundation,active,Netherlands,syf,International NGO,21
XM-DAC-47086,Grupo de Desarrollo de Infraestructuras del Sector Privado,active,United Kingdom,pidg,Multilateral,40
GB-CHC-1079599,BasicNeeds,active,United Kingdom,basicneeds,International NGO,21
GB-CHC-1071660,Cecily's Fund,active,United Kingdom,cecily,International NGO,21
NL-KVK-41150298,AMREF Flying Doctors,active,Netherlands,amrefnl,National NGO,22
XM-DAC-301-2,Canadá: Centro de Investigaciones para el Desarrollo Internacional,active,Canada,idrccrdi,Other Public Sector,15
GB-CHC-1000717,CODA International,active,United Kingdom,coda,International NGO,21
US-EIN-13-3287064,InterAction,active,United States,interaction,International NGO,21
ZA-ROC-1999/05072/08,Desmond Tutu HIV Foundation,active,South Africa,dthfxx12,"Academic, Training and Research",80
GB-CHC-1143852,Hagar International UK,active,United Kingdom,hagar_uk,International NGO,21
GB-COH-353570,Water Witness International,active,United Kingdom,water-witness-international,International NGO,21
NL-KVK-34200988 (deprecated),RAIN Foundation (antigua),active,Netherlands,rainfoundation,International NGO,21
NL-KVK-34229026,Stichting Aflatoun International,active,Netherlands,aflatoun,International NGO,21
GB-GOV-8,Reino Unido: Ministerio de Defensa,active,United Kingdom,ukmod,Government,10
ZA-NPO-025-359,mothers2mothers,active,South Africa,m2m_sa,International NGO,21
NL-KVK-34214586,Partos,active,Netherlands,partos_nl,National NGO,22
XM-DAC-41304,"Organización de las Naciones Unidas para la Educación, la Ciencia y la Cultura (UNESCO)",active,France,unesco,Multilateral,40
GB-CHC-1157009,Abaseen Foundation UK,active,United Kingdom,abaseen,International NGO,21
ML-NIF-086108989R,Association de Soutien au Développement des Activités de Population,active,Mali,asdap,National NGO,22
BD-NAB-0203,"Association for Prevention of Septic Abortion, Bangladesh (BAPSA)",active,Bangladesh,bapsa,National NGO,22
GB-CHC-1069182,International Service,active,United Kingdom,unais,International NGO,21
GB-COH-06133927,Avanti Communications Plc,active,United Kingdom,ava_admin,Private Sector,70
GH-DSW-258,Amigos de la Tierra Ghana,active,Ghana,foe-ghana,National NGO,22
XM-DAC-918-3,Banco Europeo de Inversiones,active,(No country assigned),eib,Multilateral,40
GB-CHC-1084729,World Child Cancer UK,active,United Kingdom,wccuk,International NGO,21
MZ-MOJ-F2G1No4,Magariro,active,Mozambique,magariro,National NGO,22
XI-IATI-EBRD,Banco Europeo de Reconstrucción y Desarrollo,active,"Bilateral, unspecified",ebrd,Multilateral,40
GB-CHC-000391,The Open University,active,United Kingdom,open_university,"Academic, Training and Research",80
GB-CHC-1038785,Mifumi UK,active,United Kingdom,mifumi_uk,International NGO,21
GB-CHC-1094272,Project Harar,active,United Kingdom,phe,International NGO,21
XM-DAC-77,Rumania: Ministerio de Asuntos Exteriores,active,Romania,uasd,Government,10
XI-IATI-1001,The Coca-Cola Export Corporation,active,United States,tccec,Private Sector,70
GB-CHC-1125217,Welbodi Partnership,active,United Kingdom,welbodipartnership,"Academic, Training and Research",80
FI-PRO-143138,Kepa ry,active,Finland,kepa,National NGO,22
KE-NCB-OP/218/051/915/65,Windle Trust Kenya,active,Kenya,wtk,National NGO,22
NL-KVK-41048542,Stichting Agriterra,active,Netherlands,agriterra,Foundation,60
UG-NGB-5914-7209,Cheshire Services Uganda,withdrawn,Uganda,csu,National NGO,22
GB-CHC-1150214,Carers Worldwide,active,United Kingdom,cww,International NGO,21
GB-CHC-1054369,KwaAfrica,active,United Kingdom,kwaafrica,International NGO,21
KE-NGC-663,Agencia Adventista de Desarrollo y Recursos Asistenciales (ADRA Somalia),active,Somalia,adrasom,International NGO,21
MZ-MOJ-F30G1No89,ANDA,active,Mozambique,anda,National NGO,22
GB-CHC-1117528,Haiti Hospital Appeal,active,United Kingdom,hha,International NGO,21
NL-KVK-30285304,Stichting Humana,active,Netherlands,humana_houben,International NGO,21
GB-CHC-1148404,Internews Europe,active,United Kingdom,ieu,International NGO,21
NL-KVK-41217404,GPPAC Foundation,active,Netherlands,gppac,International NGO,21
GB-COH-NI011322,War on Want NI,active,United Kingdom,wowni,International NGO,21
GB-CHC-1123946,Youth Business International,active,United Kingdom,ybi,International NGO,21
GB-CHC-1049160,Anti-Slavery International,active,United Kingdom,asil,International NGO,21
XM-DAC-2-10,Belgian Development Cooperation,active,Belgium,be-dgd,Government,10
GB-COH-1110949,Mott MacDonald Limited,active,United Kingdom,mml,Private Sector,70
US-EIN-941191246,The Asia Foundation,active,United States,taf,International NGO,21
GB-CHC-1129603,Cyan International,active,United Kingdom,cyan,International NGO,21
GB-SC-SC012302,Scottish Catholic International Aid Fund (SCIAF),active,United Kingdom,sciaf,International NGO,21
GB-CHC-1151615,Signal,active,United Kingdom,signal,International NGO,21
CH-FDJP-CHE109668357,Lemann Foundation,active,Switzerland,lemann,Foundation,60
UG-NGB-5914-9186,CRANE,active,Uganda,crane,National NGO,22
GB-CHC-1076235,BBC Media Action,active,United Kingdom,bbcmediaaction,International NGO,21
US-EIN-20-4451390,Natural Resource Governance Institute (NRGI),active,United States,nrgi,International NGO,21
SK-ZRSR-31784828,Pontis Foundation,active,Slovakia,pontis,Foundation,60
NO-BRC-971277882,"Norad, Organismo Noruego de Cooperación para el Desarrollo",active,Norway,norad,Government,10
US-EIN-20-3690821,Iniciativa para los Derechos y los Recursos,active,United States,rri,International NGO,21
KE-RCO-C95110,,active,Kenya,kcdf,Foundation,60
US-EIN-81-3014704,Syria Justice and Accountability Centre (SJAC),active,United States,sjac,National NGO,22
XI-IATI-5914-1107,Strømme Foundation,active,Uganda,stromme_ug,National NGO,22
GB-CHC-1122299,Interburns,active,United Kingdom,interburns,International NGO,21
GB-COH-06368740,Development Initiatives Poverty Research,active,United Kingdom,dipr,International NGO,21
GB-CHC-294329,Progressio (cerrado),active,United Kingdom,progressio,International NGO,21
US-EIN-52-1826242,,active,United States,tan,International NGO,21
CA-CRA_ACR-127202349,Instituto Internacional para el Desarrollo Sostenible,active,Canada,iisd,International NGO,21
GB-GOV-24,Office for National Statistics,active,United Kingdom,ons,Government,10
GB-CHC-285908,World Vision UK,active,United Kingdom,wvuk,International NGO,21
GB-COH-3031674,Traidcraft Exchange,active,United Kingdom,traidcraft,International NGO,21
DE-CR-RA000217-HRB157125B,Wayamo Foundation,active,Germany,wayamo,International NGO,21
GB-COH-294860,ADD International (Action on Disability and Development),active,United Kingdom,addinternational,International NGO,21
GB-CHC-1076497,Sense International,active,United Kingdom,sense_international,International NGO,21
GB-CHC-1142476,Friends of Kipkelion,active,Kenya,kipkelion,Regional NGO,23
GB-CHC-1050327,The Leprosy Mission England and Wales,active,United Kingdom,tlmew,International NGO,21
NL-KVK-41155934,,active,Netherlands,vso_nl,International NGO,21
GB-CHC-1089490,Hope and Homes for Children,active,United Kingdom,hhc,International NGO,21
GB-CHC-1156822,Welsh Centre for International Affairs,active,United Kingdom,wcia,National NGO,22
KE-NCB-OP218051200904966065,Pan African Climate Justice Alliance,active,Kenya,pacja,International NGO,21
GB-COH-11126312,Global Disability Innovation Hub,active,United Kingdom,gdihub,"Academic, Training and Research",80
GB-COH-OC301540,KPMG LLP,active,United Kingdom,kpmgllp,Private Sector,70
GB-COH-05393391,,active,United Kingdom,galvmed,International NGO,21
GB-CH-05393391,,withdrawn,United Kingdom,galvmed,International NGO,21
UG-NGB-63360,Protecting Families Against HIV/AIDS,active,Uganda,prefa_1,National NGO,22
NL-KVK-27293385,"WO=MEN, Dutch Gender Platform",active,Netherlands,wo-men,National NGO,22
VN-MOST-A399,,active,Viet Nam,cdi_vn_2021,National NGO,22
IN-MCA-U74999DL2004NPL131340,Oxfam India,active,India,oxfamindia,National NGO,22
GB-SC-035056,International Primary Care Respiratory Group,active,United Kingdom,ipcrg,"Academic, Training and Research",80
NL-KVK-41217595,Stichting ActionAId,active,Netherlands,aanl,International NGO,21
DK-CVR-88136411,Oxfam IBIS,active,Denmark,ibis_denmark,International NGO,21
NL-KVK-41160054,Cordaid,active,Netherlands,cordaid,International NGO,21
NP-SWC-27693,Aasaman Nepal,active,Nepal,aasaman,National NGO,22
MZ-MOJ-203D,Alfalit,active,Mozambique,alfalit,National NGO,22
NL-KVK-08215619-201210000,Kadaster International,active,Netherlands,kad,Government,10
NL-KVK-41077447,Centro Europeo para la Administración de Políticas de Desarrollo,active,Netherlands,ecdpm,"Academic, Training and Research",80
GB-CHC-1067406,Médicos del Mundo Reino Unido,active,United Kingdom,dotw_uk,International NGO,21
GB-CHC-1046001,Disability and Development Partners,active,United Kingdom,ddp,International NGO,21
PK-NTN-6110190392611,,active,Pakistan,aaip,"Academic, Training and Research",80
GB-CHC-1113868,Hand in Hand International,active,United Kingdom,handinhand,International NGO,21
BD-NAB-1301,Transparencia Internacional Bangladesh,active,Bangladesh,tib,National NGO,22
BE-BCE_KBO-0464019195,,active,Belgium,apopo,International NGO,21
NL-KVK-61172863,Stichting fondsbeheer DGGF lokaal MKB,active,Netherlands,dggf_financing_local_smes,Foundation,60
US-EIN-042347643,Abt Associates Inc,active,United States,abt,Private Sector,70
XM-DAC-84,Lituania: Ministerio de Asuntos Exteriores,active,Lithuania,lithuania_mfa,Government,10
IE-CHY-6998,Christian Aid Irlanda,active,Ireland,caid_ireland,International NGO,21
NL-KVK-34308169,Free a Girl,active,Netherlands,freeagirl,Foundation,60
XI-IATI-1002,United Mission to Nepal,active,Nepal,umn,International NGO,21
GB-COH-1134415,MADE in Europe,active,United Kingdom,mie-1134415,International NGO,21
GB-CHC-214779,The Salvation Army International Development UK,active,United Kingdom,said-uk,International NGO,21
US-EIN-13-3287064NAM,InterAction's NGO Aid Map,withdrawn,United States,ia_nam,International NGO,21
GB-CHC-1145119,Varkey Foundation,active,Ghana,varkeyfoundation,International NGO,21
NL-KVK-34197379,dance4life,active,Netherlands,dance4life,International NGO,21
US-EIN-95-3202116,Visión Mundial Internacional,active,United States,wvi,International NGO,21
GB-CHC-1105277,Learning for Life,active,United Kingdom,learningforlife,International NGO,21
GB-CHC-1061352,Orbis Charitable Trust,active,United Kingdom,orbis_uk,International NGO,21
GB-GOV-21,Reino Unido: Gobierno de Escocia,active,United Kingdom,scottish_government,Government,10
GB-COH-2695347,Options Consultancy Services,active,United Kingdom,options,Private Sector,70
NL-KVK-41149287,Terre des Hommes Netherlands,active,Netherlands,tdh_nl,International NGO,21
GB-CHC-1110434,WellFound,active,United Kingdom,wellfound,International NGO,21
NL-KVK-41149486,Stichting Vluchteling,active,Netherlands,st_vluchteling,International NGO,21
GB-CHC-1133342,Zing,active,United Kingdom,zing,Foundation,60
NL-KVK-41009723,ZOA,active,Netherlands,zoa,International NGO,21
NL-KVK-41223308,Stichting Onderzoek Multinationale Ondernemingen (SOMO),active,Netherlands,somo,"Academic, Training and Research",80
NL-KVK-06702132,WYG International B.V.,active,United Kingdom,wygi,Private Sector,70
GB-COH-1869600,Itad,active,United Kingdom,itad,Private Sector,70
GB-COH-03122495,Oxford Policy Management,active,United Kingdom,opml,Private Sector,70
GB-COH-SC301345,Upper Quartile,active,United Kingdom,uq,Private Sector,70
NL-KVK-32037590,International Procurement Agency,active,Netherlands,ipa,Private Sector,70
GB-COH-02768268,Nathan Associates London Ltd.,active,United Kingdom,nathan,Private Sector,70
GB-COH-5155300,Alcis Holdings Limited,active,United Kingdom,alcis,Private Sector,70
mz-moj-64vq1,Ajuda de Desenvolvimento de Povo para Povo (ADPP),active,Mozambique,adpp,National NGO,22
GB-COH-2394229,Palladium International Ltd (Reino Unido),active,United Kingdom,palladium,Private Sector,70
FI-PRO-1498487-2,Plan International Finland,active,Finland,planinternationalfinland,International NGO,21
NL-KVK-41193594,Rutgers,active,Netherlands,rutgers,International NGO,21
GB-COH-00637978,Maxwell Stamp PLC,active,United Kingdom,mstamp,Private Sector,70
KE-NCB-218-051-9341-334,Academia Africana de Ciencias,active,Kenya,aas,International NGO,21
GB-CHC-1101217,LAMB Health Care Foundation,active,United Kingdom,lhcf,National NGO,22
GB-COH-03580586,PwC,active,United Kingdom,pwc,Private Sector,70
GB-CHC-1048007,Link Community Development International,active,United Kingdom,lcdi_admin,International NGO,21
NG-CAC-RC481360,The Convention on Business Integrity,active,Nigeria,cbi-nigeria,International NGO,21
GB-COH-1574821,Landell Mills,active,United Kingdom,landell-mills,Private Sector,70
GB-COH-00986729,"Instituto de Recursos Naturales, Universidad de Greenwich",active,United Kingdom,nri,"Academic, Training and Research",80
NL-KVK-41215393,War Child Holland,active,Netherlands,warchildholland,International NGO,21
GB-COH-01245534,Atos IT Services Ltd,active,United Kingdom,atosuk,Private Sector,70
NL-KVK-41158230,CARE Nederland,active,Netherlands,carenederland,International NGO,21
GB-COH-03613839,IOD PARC,active,United Kingdom,iodparc,Private Sector,70
NL-KVK-41210820,Campaña Ropa Limpia,active,Netherlands,ccc,International NGO,21
GB-COH-FC012665,McKinsey & Company,active,(No country assigned),mck,Private Sector,70
GB-COH-08327972,Aktis Strategy Ltd,active,United Kingdom,aktis,Private Sector,70
NL-KVK-41236410,Dorcas Aid International,active,Netherlands,dai,International NGO,21
US-GOV-18,,active,United States,millenniumchallenge,Government,10
US-18,Millennium Challenge Corporation,withdrawn,United States,millenniumchallenge,Government,10
NL-KVK-41202535,Mama Cash,active,Netherlands,mamac,Foundation,60
GB-COH-8835431,Simprints,active,United Kingdom,simprints,International NGO,21
GB-CHC-1158206,Water Works,active,United Kingdom,waterworks,International NGO,21
NL-KVK-30214009,PAX,active,Netherlands,pax,International NGO,21
NL-KVK-27284008,DECP,active,Netherlands,decp,National NGO,22
CO-CCB-00159397,Fondo de Acción Urgente para América Latina y el Caribe,active,Colombia,uafla,Regional NGO,23
US-EIN-03-0419743,Urgent Action Fund for Women's Human Rights,active,United States,uaf,International NGO,21
NL-KVK-41177385,Tearfund Nederland,active,Netherlands,tear,National NGO,22
NL-KVK-41152786,"SNV, Servicio Holandés de Cooperación al Desarrollo",active,Netherlands,snv,International NGO,21
NL-KVK-41167934,Stichting Kinderpostzegels Nederland,active,Netherlands,skn,International NGO,21
US-EIN-522044704,Aeras,active,United States,aeras,International NGO,21
US-EIN-06-1597-668,Just Associates,active,United States,jass,International NGO,21
IN-MHA-083781496,,active,India,fhf,National NGO,22
US-EIN-521291786,Asociación para los Derechos de las Mujeres y el Desarrollo (AWID),active,United States,awid,International NGO,21
NL-KVK-41179943,World Vision Netherlands,active,Netherlands,wvnld,Foundation,60
NL-KVK-41201463,Save the Children Netherlands,active,Netherlands,scnl,International NGO,21
NL-KVK-41151952,IRC,active,Netherlands,irc,International NGO,21
XM-OCHA-CERF,Fondo Central para la Acción en Casos de Emergencia l de las Naciones Unidas (CERF),active,United States,cerf,Multilateral,40
NL-KVK-34106722,AWEPA,active,Netherlands,awepa,International NGO,21
NL-KVK-40594571,Simavi,active,Netherlands,simavi,Foundation,60
NL-KVK-41118168,Stichting Woord en Daad,active,Netherlands,w-d,International NGO,21
NL-KVK-41198890,Plan International Netherlands,active,Netherlands,plannlno,International NGO,21
XI-IATI-OFID,Fondo de la OPEP para el Desarrollo Internacional,active,Austria,ofid,Multilateral,40
XI-IATI-CWSEC,Secretaría del Commonwealth,active,(No country assigned),commonwealthsecretariat,Multilateral,40
NL-KVK-41201644,Wemos Foundation,active,Netherlands,wemos,International NGO,21
US-EIN-26-1931968,Promundo-US,active,United States,pmo-us,International NGO,21
NL-KVK-33185213,Instituto Real Tropical,active,Netherlands,kit,International NGO,21
NL-KVK-41207580,Stichting Health Action International,active,Netherlands,hai,Foundation,60
NI-MIGOB-3602,Fondo Centroamericano de Mujeres,active,Nicaragua,fcam,Foundation,60
NL-KVK-34159275,UTZ,active,Netherlands,utz,International NGO,21
NL-KVK-41207989,Aidsfonds - Soa Aids Nederland,active,Netherlands,nl-kvk-41207989,International NGO,21
UG-RSB-73316,African Centre for Global Health and Social Transformation,active,Uganda,achest,International NGO,21
ZW-PVO-WO1789,Family Aids Caring Trust,active,Zimbabwe,fact,National NGO,22
GB-CHC-222655,Escuela de Medicina Tropical de Liverpool,active,United Kingdom,lstm,"Academic, Training and Research",80
KE-NCB-200201282375,Urgent Action Fund Africa,active,Kenya,uaf-africa,Regional NGO,23
GB-CHC-1142516,ColaLife,active,United Kingdom,colalife,National NGO,22
XM-DAC-47059,Organización Internacional de Derecho para el Desarrollo (IDLO),active,Italy,idlo,Multilateral,40
NL-KVK-41149831,Mensen met een Missie,active,Netherlands,mm1,National NGO,22
NL-KVK-30204842,Netherlands Food Partnership,active,Netherlands,nfp,Foundation,60
NL-KVK-41208813,Defence for Children International Netherlands - ECPAT Netherlands,active,Netherlands,dciecpatnl,National NGO,22
XM-DAC-41302,Organización Internacional del Trabajo (OIT),active,Switzerland,ilo,Multilateral,40
NL-KVK-27189542,Instituto Holandés para la Democracia Multipartidaria,active,Netherlands,nimd-hq,International NGO,21
NL-KVK-40530467,Milieudefensie,active,Netherlands,foenl,National NGO,22
US-EIN-47-4128047,Friends of Publish What You Fund,active,United States,friendsofpwyf,International NGO,21
BD-ROC-S-12313,,active,Bangladesh,bpcrs,"Academic, Training and Research",80
NL-KVK-58183167,HE Foundation,active,Netherlands,hefoundation,Foundation,60
KE-NCB-93175,Amref Health Africa Kenya,active,Kenya,amrefkenya,International NGO,21
NL-KVK-41150939,Solidaridad Europe,active,Netherlands,solidaridad-europe,International NGO,21
UG-RSB-29587,,active,Uganda,fidauganda,National NGO,22
US-EIN-31-1812979,CREA,active,India,creausa-org,International NGO,21
NL-KVK-52957535,Free Press Unlimited,active,Netherlands,free_press_unlimited,International NGO,21
NL-KVK-41172933,WASTE advisers on urban environment and development,active,Netherlands,waste,Foundation,60
FR-SIRET-77566669600015,SECOURS CATHOLIQUE - CÁRITAS FRANCIA,active,France,sccf,International NGO,21
GB-CHC-1062638,Disasters Emergency Committee,active,United Kingdom,dec-uk,National NGO,22
US-EIN-91-1179750,,active,United States,pbi_io,International NGO,21
NL-KVK-40409352,Cruz Roja de los Países Bajos,active,Netherlands,nlrc,International NGO,21
XI-IATI-IKI,Iniciativa Internacional para el Clima / BMU - IKI Secretariat,active,Germany,bmu_iki,Government,10
NL-KVK-51756811,Solidaridad,active,Netherlands,solidaridad,International NGO,21
NL-KVK-34111374,Fair Wear Foundation,active,Netherlands,fwf,International NGO,21
NL-KVK-40530953,Amnistía Internacional Países Bajos,active,Netherlands,amnesty,International NGO,21
NL-KvK-41177601,Mondiaal FNV,active,Netherlands,mondiaalfnv,National NGO,22
NL-KVK-41177588,WNF Wereld Natuur Fonds,active,Netherlands,wnf,International NGO,21
AU-ACNC-19242959685,International Women's Development Agency,active,Australia,iwda,International NGO,21
NL-KVK-41180885,IUCN Nederlands Comité,active,Netherlands,iucn_nl,International NGO,21
NL-KVK-41155305,Tropenbos International,active,Netherlands,tbi,International NGO,21
ZA-PBO-064-502,Sonke Gender Justice,active,South Africa,sjg,International NGO,21
NL-KVK-27267681,Centro del Clima de la Cruz Roja y de la Media Luna Roja,active,Netherlands,climate_centre,International NGO,21
NL-KVK-9099028,Wetlands International,active,(No country assigned),wi,International NGO,21
PK-VSWA-511-2007,Acid Survivors Foundation,active,Pakistan,_admin,National NGO,22
NL-KVK-54436222,CNV Internationaal,active,Netherlands,nl-kvk-54436222-27541,National NGO,22
GB-COH-01846493,AECOM,active,United Kingdom,aecom,Private Sector,70
GB-CHC-1160256,,active,United Kingdom,read-foundation,International NGO,21
BE-BCE_KBO-0410057701,Instituto de Medicina Tropical,active,Belgium,itm,Other Public Sector,15
ZW-ROD-2172,,active,Zimbabwe,galz,National NGO,22
BE-BCE_KBO-0264814354,Agencia Belga para el Desarrollo (Enabel),active,Belgium,enabel,Government,10
GB-CHC-287287,Centro para la Investigación en Política Económica,active,United Kingdom,cepr,National NGO,22
NL-KVK-41197577,Aldeas Infantiles SOS Países Bajos,active,Netherlands,sosnl,Foundation,60
NL-KVK-41211943,HealthNet TPO,active,Netherlands,healthnet,International NGO,21
GB-SC-SCO45223,Mary's Meals,active,United Kingdom,marysmeals,International NGO,21
AF-MOE-1212,Afghanistan Public Policy Research Organization (APPRO),active,Afghanistan,appro-af,"Academic, Training and Research",80
GB-COH-04105827,MannionDaniels,active,United Kingdom,manniondaniels,Private Sector,70
BE-GTCF-630789842,APPRO-Europe,active,Belgium,appro-eu,"Academic, Training and Research",80
NL-KVK-27195046,VNG International,active,Netherlands,vngi,Other Public Sector,15
KE-RCO-C1-61,Sede de Amref Health Africa,active,Kenya,amrefhq,International NGO,21
NL-KVK-09098104,"Universidad y Centro de Investigación de Wagenigen, Stichting Wageningen Research",active,Netherlands,wageningen_ur,"Academic, Training and Research",80
NL-KVK-27078545,FMO,active,Netherlands,fmo,Public Private Partnership,30
GB-COH-03846881,Social Development Direct Limited,active,United Kingdom,sddirect,Private Sector,70
XI-IATI-CABI,CABI,active,(No country assigned),cabi,Multilateral,40
US-EIN-52-1764268,BSR,active,United States,bsr_admin,International NGO,21
GB-COH-07964746,,active,United Kingdom,satelliteapplicationscatapultltd,Private Sector,70
GB-COH-11080032,,active,United Kingdom,medaccess,Private Sector,70
NL-KVK-40530156,COC Nederland,active,Netherlands,cocnl_publisher,National NGO,22
NL-KVK-41078390,European Journalism Centre,active,Netherlands,ejc,National NGO,22
KR-GOV-010,República de Corea,active,Korea (Republic of),odakorea,Government,10
ET-MFA-0001989741,Amref Health Africa in Ethiopia,active,Ethiopia,amrefeth,International NGO,21
GB-COH-02651349,IMC WORLDWIDE,active,United Kingdom,imcw_admin,Private Sector,70
IN-MCA-U74140DL1998PLC097579,IPE Global Limited,active,India,ipeglobal,Private Sector,70
GB-CHC-209603,Royal National Lifeboat Institution (RNLI),active,United Kingdom,rnli_international,International NGO,21
GB-COH-05543952,Cardno Emerging Markets,active,United Kingdom,cardnoem,Private Sector,70
MW-NBM-R1527,Amref Health Africa Malawi,active,Malawi,amrefmw,National NGO,22
XI-IATI-WAI,WASH Alliance International,active,Netherlands,wai,International NGO,21
GB-CHC-1148143,Stakeholder Democracy Network,active,United Kingdom,sdn,International NGO,21
GB-COH-04354941,Sound Seekers Limited,active,United Kingdom,soundseekers,International NGO,21
US-DOS-64562614,One Acre Fund,active,(No country assigned),oneacrefund,International NGO,21
MW-CNM-BCM-CF,Baylor College of Medicine Children's Foundation Malawi,active,Malawi,bcm-cf,National NGO,22
UG-NGB-5914-252,Amref Health Africa in Uganda,active,Uganda,amrefug,National NGO,22
GB-CHC-228248,Instituto de Desarrollo de Ultramar,active,United Kingdom,odi,"Academic, Training and Research",80
NL-KVK-53521129,"IDH, The Sustainable Trade Initiative",active,Netherlands,idh,International NGO,21
MW-CNM-C076-1999,Youth Net and Counselling - YONECO,active,Malawi,yoneco1997,National NGO,22
XM-DAC-69-1,Ministerio de Asuntos Exteriores y Europeos de la República Eslovaca,active,Slovakia,slovakaid,Government,10
US-EIN-20-1173866,Omidyar Network Fund Inc.,active,United States,omidyarnetwork,Foundation,60
CA-CRA_ACR-101182509,Cowater International Inc,active,Canada,cowater,Private Sector,70
ZA-NPO-057-611,,active,South Africa,nj_1,Regional NGO,23
FI-PRO-139407,Cáritas Finlandia,active,Finland,caritasfin,National NGO,22
XM-DAC-903,Corporación Financiera Internacional,active,United States,ifcwbg,Multilateral,40
US-EIN-550825466,IntraHealth International,active,United States,intrahealth,International NGO,21
NL-KVK-855689493,Stichting Mayday Rescue Foundation,active,Netherlands,maydayrescue,Foundation,60
GB-COH-08828458,International Network of People who Use Drugs (INPUD),active,United Kingdom,inpud_admin,International NGO,21
US-EIN-13-4128413,Global Alliance for TB Drug Development,active,United States,tb-a,"Academic, Training and Research",80
NL-KVK-41146461,Stichting Deltares,active,Netherlands,deltares,Foundation,60
NO-BRC-871033552,Norwegian People's Aid,active,Norway,npa,International NGO,21
GB-CHC-1145640,The Queen Elizabeth Diamond Jubilee Trust,active,United Kingdom,qedjt,Foundation,60
ZA-PBO-930040668,Orbis Africa,active,South Africa,orbis_africa,International NGO,21
XM-DAC-1409,Enhanced Integrated Framework,active,Switzerland,eif,Multilateral,40
IM-CR-024714B,Openmindedly,active,Isle of Man,openmindedly,Private Sector,70
GB-COH-08333641,Delivery Associates Ltd,active,United Kingdom,delivery_associates,Private Sector,70
XM-DAC-41110,Secretaría del Programa Conjunto de las Naciones Unidas sobre el VIH/Sida (ONUSIDA),active,Switzerland,unaids,Multilateral,40
NL-KVK-41209946,Mainline,active,Netherlands,mainline,Foundation,60
GB-COH-SC100833,LTS International Limited,active,United Kingdom,lts,Private Sector,70
GB-CHC-1126281,Human Relief Foundation,active,United Kingdom,hrf,International NGO,21
US-EIN-262681792,International Initiative for Impact Evaluation,active,United States,3ie,International NGO,21
BE-BCE_KBO-0453975341,Search for Common Ground (SFCG),active,Belgium,sfcg,International NGO,21
BE-BCE_KBO-0453475391,Search for Common Ground (SFCG),withdrawn,Belgium,sfcg,International NGO,21
US-EIN-13-5660870,International Rescue Committee,active,United States,irc_inc,International NGO,21
NP-SWC-27288,Burns Violence Survivors Nepal,active,Nepal,bvs-nepal,National NGO,22
US-EIN-13-3960591,,active,United States,social_accountability_international,International NGO,21
NL-KVK-56083459,Women Peacemakers Program,active,Netherlands,wpp,International NGO,21
GB-COH-01650169,Ecorys Reino Unido,active,United Kingdom,ecuk,Private Sector,70
US-EIN-471065461,The Global Forum on MSM & HIV (MSMGF),active,United States,msmgf,International NGO,21
US-EIN-56-1071085,Ipas,active,United States,ipas,International NGO,21
NG-CAC-495140,Women Environmental Programme,active,Nigeria,wep,National NGO,22
DK-CVR-36980214,DanChurchAid,active,Denmark,dca,International NGO,21
NL-KVK-41214768,Global Network of People Living with HIV (GNP+),active,Netherlands,gnpplus,International NGO,21
BO-NIT-1013209020,,active,Bolivia,wwf_bolivia,International NGO,21
GB-COH-08705643,,active,United Kingdom,ktn,Other Public Sector,15
GB-COH-SC349355,Red Global de Proyectos de Trabajo Sexual (NSWP),active,United Kingdom,nswp,International NGO,21
NL-KVK-34219433,Max Foundation,active,Netherlands,max-foundation,Foundation,60
CH-FDJP-66029860165,Alianza Internacional de Discapacidad,active,Switzerland,ida,International NGO,21
US-EIN-27-5026463,Disability Rights Advocacy Fund,active,United States,draf,International NGO,21
DK-CVR-29439915,Cáritas Dinamarca,active,Denmark,caritas_denmark,National NGO,22
NL-KVK-66926262,Win Win Strategies,active,Netherlands,wws,International NGO,21
GB-COH-03054929,DAI Global Health,active,United Kingdom,healthpartners-international,Private Sector,70
GB-COH-OC305127,BDO LLP,active,United Kingdom,bdo,Private Sector,70
US-EIN-203908371,Foro Económico Mundial,active,United States,worldeconomicforum,International NGO,21
BW-CIPA-CO20151011,Coalición Internacional de Preparación para el Tratamiento (ITPC),active,Botswana,itpc,International NGO,21
TZ-BRLA-4368,Amref Health Africa in Tanzania,active,"Tanzania, United Republic of",amreftz,International NGO,21
US-EIN-52-1238773,Women's Environment & Development Organization,active,United States,wedo,International NGO,21
GB-COH-NI630024,Siren Associates,active,United Kingdom,siren,Private Sector,70
GB-COH-8159144,Construction Sector Transparency Initiative (CoST),active,(No country assigned),cost_uk,International NGO,21
NL-KVK-32022621,,active,Netherlands,rnw_org,International NGO,21
BE-BCE_KBO-0550758080,Instituto Europeo de la Paz,active,Belgium,eip,Other Public Sector,15
NL-KVK-33226495,Atradius Dutch State Business,active,Netherlands,adsb,Private Sector,70
ZA-NPO-029-864,"CIVICUS, Alianza Mundial para la Participación Ciudadana",active,South Africa,civicus,International NGO,21
NG-CAC-IT-23286,Centre For Citizens With Disabilities,active,Nigeria,ccdnigeria,National NGO,22
XI-IATI-UNPF,Fondos mancomunados de las Naciones Unidas,active,(No country assigned),unpf,Multilateral,40
CH-FDJP-66006990023,ACT Alliance,active,Switzerland,act_alliance,International NGO,21
NL-KVK-30258482,,active,Netherlands,kerk_in_actie,International NGO,21
XM-DAC-47064,Organización Internacional del Bambú y el Ratán (INBAR),active,(No country assigned),inbar,Multilateral,40
NL-KVK-27251823,Support Trust for Africa Development (STAD),active,Netherlands,stad,International NGO,21
XM-DAC-5-52,,active,Germany,giz,Other Public Sector,15
XM-DAC-236,Ministerio de Economía y Finanzas de Benin,active,Benin,mefbenin,Government,10
DK-CVR-44623528,COWI,active,Denmark,cowi,Other Public Sector,15
NL-KVK-34148682,AFEW International,active,Netherlands,afewinternational,International NGO,21
XM-DAC-30011,Unión Internacional para la Conservación de la Naturaleza y de los Recursos Naturales,active,Switzerland,iucn,Other Public Sector,15
BJ-IFU-3200700033415,Société Nationale des Eaux du Bénin (SONEB),active,Benin,soneb-benin,Other Public Sector,15
LB-MOI-18291,Arab Foundation for Freedoms and Equality,active,Lebanon,afemena,Regional NGO,23
US-GOV-1,Agencia de los Estados Unidos para el Desarrollo Internacional (USAID),active,United States,usaid,Government,10
GB-COH-07321996,Integrity Research and Consultancy Ltd,active,United Kingdom,integrity,Private Sector,70
CH-FDJP-109458452,"DCAF, Centro de Ginebra para la Gobernanza del Sector de la Seguridad",active,Switzerland,dcaf,Foundation,60
US-EIN-943287156,Asociación para el Progreso de las Comunicaciones,active,United States,apc,International NGO,21
KE-RCO-201036685,UHAI EASHRI,active,Kenya,uhai-eashri,Foundation,60
CZ-ICO-25755277,People in Need,active,Czechia,pin,International NGO,21
ZA-NPO-060766,,active,South Africa,cal_2000-pu,International NGO,21
BE-BCE_KBO-0427736148,Trias,active,Belgium,trias,National NGO,22
IE-CHY-20009601,Trócaire,active,Ireland,trocaire,International NGO,21
GB-CHC-1171353,Global Innovation Fund,active,United Kingdom,gif,International NGO,21
GB-COH-04161656,ICF Consulting Services Ltd,active,United Kingdom,icf,Private Sector,70
BJ-IFU-6201408024805,The National Association of Municipalities of Benin (ANCB),active,Benin,ancb_benin,National NGO,22
US-EIN-13-2890727,Guttmacher Institute,active,United States,guttmacher,International NGO,21
XM-DAC-41301,Organización de las Naciones Unidas para la Alimentación y la Agricultura (FAO),active,Italy,fao,Multilateral,40
CH-FDJP-106064950,Medair,active,Switzerland,medair,International NGO,21
NL-KVK-27302841,Giro555 (Stichting Samenwerkende Hulporganisaties),active,Netherlands,giro555,International NGO,21
GB-COH-RC000053,,active,United Kingdom,thebritishacademy,"Academic, Training and Research",80
XM-DAC-928,Organización Mundial de la Salud,active,Switzerland,who,Multilateral,40
GB-CHC-1154230,Girls Not Brides: Alianza Global para Terminar con el Matrimonio Infantil,active,United Kingdom,girlsnotbrides,International NGO,21
NL-KVK-41152832,Stichting Nederlands Instituut voor Internationale Betrekkingen 'Clingendael',active,Netherlands,clingendael,"Academic, Training and Research",80
IN-MCA-U74900MH2015PTC310042,,withdrawn,India,intellecap,Private Sector,70
NL-KVK-41160229,PUM Netherlands,active,Netherlands,pumnl,International NGO,21
NL-KVK-41153698,World Federalist Movement - Institute for Global Policy,active,Netherlands,wfm-igp,International NGO,21
GB-CHC-1091105,Meningitis Research Foundation,active,United Kingdom,mrf,International NGO,21
PH-SEC-FN200806591,Women's Global Network on Reproductive Rights,active,Philippines,wgnrr_iati,International NGO,21
US-EIN-27-3755556,IDEO.org,active,United States,ideo_org,International NGO,21
ET-CSA-0081,,active,Ethiopia,swda,National NGO,22
CH-FDJP-66004229946,Foro Económico Mundial de Ginebra,active,Switzerland,weforum_geneva,International NGO,21
BE-BCE_KBO-0410644946,Cáritas Internacional (Bélgica),active,Belgium,cibe,National NGO,22
CH-FDJP-CHE105834763,Helvetas Swiss Intercooperation,active,Switzerland,hsi,International NGO,21
NL-KVK-30195730,MVO Nederland,active,Netherlands,mvo_nederland,Other Public Sector,15
ML-NIF-400100027H,DNH Mali (Direction Nationale de l’Hydraulique du Mali),active,Mali,pca-gire,Government,10
US-EIN-13-1624114,Near East Foundation (NEF USA),active,United States,nef_usa,International NGO,21
US-EIN-58-1454716,The Carter Center,active,United States,carter-center,International NGO,21
NL-KVK-41169161,International Child Development Initiatives,withdrawn,Netherlands,icdi,International NGO,21
NL-KVK-27290536,HiiL innovating Justice,active,Netherlands,hiil_mfa,Foundation,60
PS-MOI-RA-22220-A,Unión de Comités de Trabajo Agrícola,active,"Palestine, State of",uawc,National NGO,22
NL-KVK-53815211,Stichting VU Amsterdam - Amsterdam Centre for World Food Studies,active,Netherlands,acwfs_vu,"Academic, Training and Research",80
ET-MOT-020/4/007,Ethiopian Horticulture Producer Exporters Association (EHPEA),active,Ethiopia,ehpea,National NGO,22
NL-KVK-41197411,International Bureau of Fiscal Documentation (IBFD),active,Netherlands,ibfd,"Academic, Training and Research",80
NL-KVK-67143555,United Work,active,Netherlands,united_work,National NGO,22
NL-KVK-27102631,Comité Nacional de UNICEF en los Países Bajos,active,Netherlands,unicefnl,National NGO,22
XM-DAC-6-4,"AICS, Organismo Italiano de Cooperación para el Desarrollo",active,Italy,aics,Government,10
US-EIN-26-4129153,Climate Policy Initiative,active,United States,cpi,"Academic, Training and Research",80
LR-MPEA-NGO-AC-0298,YMCA of Liberia,active,Liberia,libymca,National NGO,22
KE-RCO-CPR-2009-5689,,active,Kenya,tma,Regional NGO,23
KE-RCO-CPR/2009/5689,TradeMark East Africa,withdrawn,Kenya,tmea,Regional NGO,23
TR-MOI-27-018-163,Local Development and Small Projects Support,active,Turkey,ldsps,National NGO,22
BE-BCE_KBO-0418766123,Vlaamse Interuniversitaire Raad voor Universitaire Ontwikkelingssamenwerking (VLIR-UOS),active,Belgium,vlir-uos,"Academic, Training and Research",80
ET-CSA-0009,,active,Ethiopia,dec_ethiopia,National NGO,22
AR-CENOC-16969-A,Fundación Fondo Mujeres del Sur,active,Argentina,fms,Foundation,60
US-EIN-58-2368165,United Nations Foundation,active,United States,unf,National NGO,22
XM-DAC-47058,International IDEA,active,Sweden,idea,Multilateral,40
NL-KVK-41146484,"IHE Delft, Instituto para la Educación relativa al Agua",active,Netherlands,ihedelft,"Academic, Training and Research",80
US-EIN-13-2626135,TechnoServe,active,United States,tns,International NGO,21
MZ-NUIT-700098168,Administração de Infra-Estruturas de Águas e Saneamento,active,Mozambique,aias,Government,10
XM-DAC-46009,Banco de Desarrollo del Caribe (CDB),active,(No country assigned),caribank,Multilateral,40
US-EIN-463668128,Women's Refugee Commission,active,United States,w_r_c,International NGO,21
MZ-NUIT-50039061,Agência de Desenvolvimento do Vale do Zambeze,active,Mozambique,agencia_do_zambeze,Government,10
US-EIN-56-2460366,Conflict Dynamics International,active,United States,cdi,International NGO,21
GB-COH-RC000658,Universidad de Leeds,active,United Kingdom,leedsuni,"Academic, Training and Research",80
MW-MRA-20125995,Mulanje Mission Hospital,active,Malawi,mmh,National NGO,22
NL-KVK-73728489,,active,Netherlands,inso,International NGO,21
GB-CHC-1140276,International NGO Safety Organisation,withdrawn,United Kingdom,inso,International NGO,21
XM-DAC-41116,Programa de las Naciones Unidas para el Medio Ambiente (PNUMA),active,(No country assigned),un-environment,Multilateral,40
MW-RG-2977,Palliative Care Support Trust,active,Malawi,pcst,National NGO,22
GB-CHC-802353,Ethiopiaid Reino Unido,active,United Kingdom,ethiopiaiduk,International NGO,21
NL-KVK-70292361,Access to Seeds Foundation,active,Netherlands,atsf,International NGO,21
BE-BCE_KBO-0408643875,Oxfam Solidarité-Solidariteit,active,Belgium,oxsol,National NGO,22
US-EIN-33-1112770,CLASP,active,United States,clasp,International NGO,21
NL-KVK-58279199,The Access to Nutrition Foundation,active,Netherlands,atnf,International NGO,21
GB-CHC-1106349,International Network for Advancing Science and Policy,active,United Kingdom,inasp,International NGO,21
BD-NAB-1102,Population Services and Training Centre (PSTC),active,Bangladesh,pstc_1102,National NGO,22
JO-CCD-200138796,Horizons for Green Development,active,Jordan,horizons,National NGO,22
GB-CHC-1082565,Handicap International UK,active,United Kingdom,hiuk,"Academic, Training and Research",80
ET-CSA-0638,Send a Cow Ethiopia,active,Ethiopia,sacethiopia,National NGO,22
RS-APR-17062603,Cáritas Serbia,active,(No country assigned),caritas_serbia,National NGO,22
NL-KVK-41185216,Netherlands Commission for Environmental Assessment,active,Netherlands,ncea,Foundation,60
US-EIN-23-7069110,Oxfam América,active,United States,oxfamus,International NGO,21
KE-NCB-218/051/15179/10159,Kesho Kenya,active,Kenya,kesho_kenya,National NGO,22
KE-NCB-OP21805193101154,Ananda Marga Universal Relief Team (AMURT) Africa,active,Kenya,amurt_kenya,National NGO,22
KE-NCB-KENCBOP218051200802235390,Pastoralist Girls Initiative,active,Kenya,pgi_kenya,National NGO,22
LB-MOI-26_AD,Berytech Foundation,active,Lebanon,berytech,Foundation,60
NL-KVK-64680029,,active,Netherlands,wfaf,Foundation,60
NL-KVK-41150085,Nuffic,active,Netherlands,nuffic20171017,"Academic, Training and Research",80
BJ-IFU-6201200599008,ONG ALCRER,active,Benin,alcrer-1,National NGO,22
SE-ON-802017-3517,Diakonia Suecia,active,Sweden,diakonia-sweden,International NGO,21
BJ-IFU-6201101048400,Social Watch Benin,active,Benin,swb_1,National NGO,22
GB-GOV-13,"Reino Unido: Ministerio de Negocios, Energía y Estrategia Industrial",active,United Kingdom,beis,Government,10
US-EIN-13-1687001,"The Population Council, Inc.",active,United States,populationcouncil,"Academic, Training and Research",80
SN-NINEA-621108990A0,Panos Institute West Africa (PIWA),active,Senegal,ipao,International NGO,21
NL-KVK-41159889,Prince Claus Fund,active,Netherlands,pcf,International NGO,21
US-EIN-11-3803281,African Center for Economic Transformation (ACET),active,United States,acet,Regional NGO,23
GB-COH-09288843,The Power of Nutrition,active,United Kingdom,the_power_of_nutrition,Foundation,60
DK-CVR-20699310,Consejo Danés para los Refugiados,active,Denmark,drc,International NGO,21
GB-CHC-1051681,Amnesty International UK Section Charitable Trust,active,United Kingdom,aiuk,International NGO,21
GB-EDU-133784,Universidad de Birmingham,active,United Kingdom,universityofbirmingham,"Academic, Training and Research",80
MZ-NUIT-600000381,Fundo de Investimento e Patrimonio do Abastecimento de Água (FIPAG),active,Mozambique,fipag,Other Public Sector,15
ZW-PVO-15/2003,CARE International Zimbabwe,active,Zimbabwe,ciz,International NGO,21
US-EIN-521257057,Instituto de Recursos Mundiales,active,United States,wri,International NGO,21
KE-RSO-14210,United Disabled Persons of Kenya,withdrawn,Kenya,udpk,National NGO,22
BE-BCE_KBO-0435563751,Memisa,active,Belgium,memisa,"Academic, Training and Research",80
ZW-PVO-26/79,World Vision Zimbabwe,active,Zimbabwe,wvz-gec,International NGO,21
NL-KVK-34271281,World Waternet,active,Netherlands,worldwaternet,Foundation,60
NL-KVK-24316726,Ecorys Nederland B.V.,active,Netherlands,ecorysnl,Private Sector,70
XM-DAC-47136,Instituto Global para el Crecimiento Verde (GGGI),active,(No country assigned),gggi,Multilateral,40
BE-BCE_KBO-0448755949,Collectif Stratégies Alimentaires,active,Belgium,csa,National NGO,22
NL-KVK-34370207,Universidad de Ámsterdam,active,Netherlands,uva_org,"Academic, Training and Research",80
NL-KVK-41201198,The Hunger Project Netherlands,active,Netherlands,thp_org,International NGO,21
BE-BCE_KBO-0451857573,VVSG (Vereniging van Vlaamse Steden en Gemeenten),active,Belgium,vvsg,Other Public Sector,15
BE-BCE_KBO-0425410524,SOS FAIM (SOS HUNGER),active,Belgium,sosfaim,National NGO,22
ET-CSA-0486,Wolayita Development Association,active,Ethiopia,woda_0486,"Academic, Training and Research",80
BE-BCE_KBO-0423616717,"VVOB, Education for Development",active,Belgium,vvob,Other Public Sector,15
BE-BCE_KBO-0423588904,Autre Terre asbl,active,Belgium,a-t,"Academic, Training and Research",80
BE-BCE_KBO-0449400604,Ngo-federatie (Vlaamse federatie van ngo's voor ontwikkelingssamenwerking),active,Belgium,ngo-federatie,National NGO,22
CA-CRA_ACR-872374426,War Child Canada,active,Canada,wcc,International NGO,21
KE-NCB-218/051/93132/90,Federation of Women Lawyers Kenya,active,Kenya,fida,National NGO,22
IN-MCA-U74140WB1983PTC036093,PricewaterhouseCoopers Private Limited India,active,India,pwcplindia,Private Sector,70
ET-CSA-1063,Orbis Ethiopia,active,Ethiopia,orbis_ethiopia,National NGO,22
BE-BCE_KBO-0461076236,Centro Tricontinental (CETRI),active,Belgium,ct-admin,National NGO,22
BE-BCE_KBO-0418015461,Entraide et Fraternité,active,Belgium,ef_,National NGO,22
GB-CHC-1076822,Save the Children International,active,United Kingdom,sci,International NGO,21
BE-BCE_KBO-0422717486,Louvain Coopération,active,Belgium,lc,National NGO,22
BE-BCE_KBO-0451516390,Brulocalis,active,Belgium,brulocalis,Other Public Sector,15
BE-BCE_KBO-0421207751,Centre National de Coopération au Développement (CNCD-11.11.11),active,Belgium,cncd,National NGO,22
BE-BCE_KBO-0418282311,Viva Salud,active,Belgium,g3w-m3m_admin,National NGO,22
BE-BCE_KBO-0416486821,Oxfam-Magasins du monde (omdm),active,Belgium,omdm,National NGO,22
BE-BCE_KBO-0451461655,Union des Villes et Communes de Wallonie (UVCW),active,Belgium,uvcw,Other Public Sector,15
XM-OCHA-CBPF,Fondos mancomunados para países concretos de la OCHA,active,(No country assigned),unocha-cbpf,Multilateral,40
BE-BCE_KBO-0424198222,"Association for Cultural, Technical and Educational Cooperation (ACTEC)",active,Belgium,actec,National NGO,22
BE-BCE_KBO-0408908151,Iles de Paix,active,Belgium,idp,National NGO,22
NP-SWC-1844,Center for Research on Environment Health and Population Activities (CREHPA),active,Nepal,crehpa,National NGO,22
US-EIN-237297651,Orbis International,active,United States,orbis_international,International NGO,21
BE-BCE_KBO-0474198059,Africalia,active,Belgium,africalia,Other Public Sector,15
BE-BCE_KBO-0419872616,Tearfund VZW (TFBE),active,Belgium,tfb_admin1,National NGO,22
BE-BCE_KBO-0413986102,Wereldsolidariteit-Solidarité Mondiale (WSM),active,Belgium,wsm,National NGO,22
NG-CAC-692943,Academy for Health Development (AHEAD),active,Nigeria,ahead,"Academic, Training and Research",80
BE-BCE_KBO-0461634084,Rode Kruis-Vlaanderen Internationaal vzw,active,Belgium,rkiv,National NGO,22
BE-BCE_KBO-0410661673,"SCI-Projets Internationaux ASBL: Servicio Civil Internacional, rama belga",active,Belgium,scibelgium,National NGO,22
BE-BCE_KBO-0432552989,Fonds voor Ontwikkelingssamenwerking - Socialistische Solidariteit VZW,active,Belgium,fos,National NGO,22
BE-BCE_KBO-0445412518,Institute for International Workers Education,active,Belgium,iiwe,National NGO,22
AF-MOE-138,Aga Khan Foundation Afghanistan,active,Afghanistan,akf_afghanistan,Foundation,60
BE-BCE_KBO-0415627875,ULB-Coopération,active,Belgium,ulbcoop,National NGO,22
DK-CVR-37295728,NIRAS A/S,active,Denmark,niras,Private Sector,70
NL-KVK-62066064,GOGLA - Global Off-Grid Lighting Association,active,Netherlands,gogla,Private Sector,70
US-EIN-06-1608361,African Population and Health Research Center,active,United States,aphrc,International NGO,21
BE-BCE_KBO-0409451054,Enfance Tiers Monde Kinderen Derde Wereld,active,Belgium,etmkdw,National NGO,22
ZW-ROD-MA988/87,Women's Action Group,active,Zimbabwe,wag-1983,National NGO,22
BE-BCE_KBO-0408628435,SOS Kinderdorpen België / SOS Villages d'Enfants Belgique,active,Belgium,svdbskb_admin,International NGO,21
ET-CSA-1233,EngenderHealth Ethiopia,active,Ethiopia,engenderhealth_eth,International NGO,21
US-EIN-52-2145827,Cowater International Inc,active,United States,chemonics,Private Sector,70
BE-BCE_KBO-0441988715,Fairtrade Belgium,active,Belgium,fairtrade_be,National NGO,22
LB-MOI-497,ABAAD - Resource Center for Gender Equality,active,Lebanon,arcfge,National NGO,22
ZM-PCR-10104052014,,active,Zambia,pphpz,International NGO,21
BE-BCE_KBO-0462132150,Croix-Rouge de Belgique Communauté francophone - Activités internationales ASBL,active,Belgium,crb-ai_admin,National NGO,22
BE-BCE_KBO-0431955945,Sensorial Handicap Cooperation,active,Belgium,shc,"Academic, Training and Research",80
BE-BCE_KBO-0415880570,Association pour la Promotion de l'Education et de la Formation à l'Etranger,active,Belgium,apefe,Other Public Sector,15
BE-BCE_KBO-0433439550,Défi Belgique Afrique,active,Belgium,dba,National NGO,22
BE-BCE_KBO-0463455904,Chaîne de l'Espoir Belgique / Keten van Hoop België / Chain of Hope Belgium,active,Belgium,cdeb-kvhb_admin,National NGO,22
BE-BCE_KBO-0432235661,Handicap International Belgium,active,Belgium,hib,National NGO,22
BE-BCE_KBO-0415426155,Miel Maya Honing asbl,active,Belgium,mmha,National NGO,22
NL-KVK-34185938,Access to Medicine Foundation,active,Netherlands,atmf,Foundation,60
BE-BCE_KBO-0442168263,VETERINAIRES SANS FRONTIERES / DIERENARTSEN ZONDER GRENZEN - BELGIUM,active,Belgium,vsfbelgium,National NGO,22
BE-BCE_KBO-0419189557,Rotary Clubs For Development,active,Belgium,rc4d,National NGO,22
BE-BCE_KBO-0454555163,RCN Justice & Démocratie,active,Belgium,rcn,National NGO,22
BE-BCE_KBO-0460162753,Médecins du Monde Belgique - Dokters van de Wereld Belgïe,active,Belgium,medecins,National NGO,22
BE-BCE_KBO-0413119733,VIA Don Bosco,active,Belgium,via-db,National NGO,22
BE-BCE_KBO-0408022778,Djapo,active,Belgium,djapo,National NGO,22
BE-BCE_KBO-0420656336,Rikolto in Belgium,active,Belgium,rikolto_belgium,National NGO,22
BE-BCE_KBO-0407562029,Comité Nacional de UNICEF en Bélgica,active,Belgium,ub,National NGO,22
BE-BCE_KBO-0662878501,Rikolto,active,Belgium,rikolto,Foundation,60
BE-BCE_KBO-0418088113,Broederlijk Delen,active,Belgium,bd,National NGO,22
BE-BCE_KBO-0417299047,Protos,active,Belgium,protos,National NGO,22
BE-BCE_KBO-0479866027,Studio Globo,active,Belgium,sg,"Academic, Training and Research",80
BE-BCE_KBO-0478060441,Beweging voor Internationale Solidariteit - Mouvement pour la Solidarité Internationale,active,Belgium,bismsi,National NGO,22
BE-BCE_KBO-0479222461,BOS+ tropen,active,Belgium,bos_plus_tropen,National NGO,22
BE-BCE_KBO-0432622077,FIAN Bélgica,active,Belgium,fian-belgium,National NGO,22
BE-BCE_KBO-0463729878,Benelux Afro Center,active,Belgium,bac,National NGO,22
BE-BCE_KBO-0432624255,Solsoc,active,Belgium,solsoc,National NGO,22
BE-BCE_KBO-0408095925,Auto-Développement Afrique (ADA),active,Belgium,ada,National NGO,22
CO-RUE-860013779-5,,active,Colombia,profamilia,Private Sector,70
BE-BCE_KBO-0416934803,Forum Universitaire pour la Coopération Internationale au Développement -FUCID ASBL,active,Belgium,fucid,National NGO,22
BE-BCE_KBO-0418399305,COMMISSION JUSTICE ET PAIX ASBL (CJP),active,Belgium,cjp,National NGO,22
BE-BCE_KBO-0408656248,"Fondo Mundial para la Naturaleza, Bélgica (WWF-BE)",active,Belgium,wwf-be,National NGO,22
BE-BCE_KBO-0472089102,GEOMOUN ASBL,active,Belgium,geomoun,National NGO,22
BE-BCE_KBO-0408256667,Congodorpen vzw,active,Belgium,congodorpen,National NGO,22
GB-COH-04644326,Agulhas Applied Knowledge,active,United Kingdom,aak,Private Sector,70
BE-BCE_KBO-0409597544,FONCABA ASBL KBA VZW,active,Belgium,foncaba,National NGO,22
BE-BCE_KBO-0432503697,Eclosio,active,Belgium,eclosio,National NGO,22
BE-BCE_KBO-0420790948,Universitair Centrum voor Ontwikkelingssamenwerking,active,Belgium,ucos,National NGO,22
XM-DAC-7-PPR-4000005312,,active,Indonesia,ybawahid,Foundation,60
CO-RUE-900.683.942-8,,active,Colombia,rpm,Public Private Partnership,30
BE-BCE_KBO-0421210424,Koepel van de Vlaamse Noord-Zuidbeweging 11.11.11 VZW,active,Belgium,111111_publisher,National NGO,22
BE-BCE_KBO-0415365777,Oxfam Wereldwinkels,active,Belgium,oww,National NGO,22
JO-MSD-2013011100066,Queen Rania Foundation for Education and Development,active,Jordan,qrfed,National NGO,22
KE-NCB-218-051-93197-173,,active,Kenya,fawe-rs,Regional NGO,23
KE-NCB-218.051.93197.173,,withdrawn,Kenya,fawe-rs,Regional NGO,23
NL-KVK-09119363,PRACTICA Foundation,active,Netherlands,practica,Foundation,60
JO-COA-1701-HPC,,active,Jordan,hpc,Other Public Sector,15
US-EIN-22-3087809,IREX (International Research and Exchange Board),active,United States,irex,International NGO,21
XM-DAC-47066,Organización Internacional para las Migraciones (OIM),active,Switzerland,iom,Multilateral,40
BE-BCE_KBO-0416867297,KIYO,active,Belgium,kiyo,International NGO,21
US-EIN-900634376,Grupo de Liderazgo Climático de Ciudades C40,active,United States,c40cities,"Academic, Training and Research",80
GB-CHC-1135700,British & Irish Agencies Afghanistan Group,active,United Kingdom,baag,International NGO,21
BE-BCE_KBO-0546740696,Académie de recherche et d'enseignement supérieur,active,Belgium,ares,"Academic, Training and Research",80
BE-BCE_KBO-0474912493,Dynamo International asbl,active,Belgium,dynamo_international,National NGO,22
BE-BCE_KBO-0445741823,Quinoa,active,Belgium,quinoa,National NGO,22
BE-BCE_KBO-0443262185,Echos Communication,active,Belgium,ec,National NGO,22
BE-BCE_KBO-0448723978,Médecins Sans Vacances,active,Belgium,msv,National NGO,22
BE-BCE_KBO-0446340550,Comité para la abolición de las deudas ilegítimas,active,Belgium,cadtm,National NGO,22
BE-BCE_KBO-0415499795,ITECO - Centre de formation pour le développement,active,Belgium,iteco,National NGO,22
NL-KVK-40478591,Real Asociación Neerlandesa de Fútbol,active,Netherlands,knvb,Other Public Sector,15
ES-CIF-G81164105,ACCIÓN CONTRA EL HAMBRE ESPAÑA,active,Spain,acfspain,International NGO,21
BE-BCE_KBO-0406694670,Damiaanactie / Action Damien,active,Belgium,damien-foundation,National NGO,22
RW-RGB-101-RGB-NGO-2014,UWEZO Youth Empowerment,active,Rwanda,uwezo_youth_empowerment,National NGO,22
NL-KVK-41208024,Stichting Aidenvironment,active,Netherlands,aidenvironment,Foundation,60
BE-BCE_KBO-0425420917,Plan International Belgium,active,Belgium,pib,National NGO,22
NL-KVK-32102434,RUAF Foundation,active,Netherlands,ruaf,Foundation,60
US-EIN-030358029,Population Media Center,active,United States,pmc,International NGO,21
BE-BCE_KBO-0430826290,Le Monde selon les femmes asbl,active,Belgium,mondefemmes,National NGO,22
BE-BCE_KBO-0417549465,Coopération par l'Education et la Culture,active,Belgium,cec,National NGO,22
DK-CVR-25191501,Danmission,active,Denmark,danmission,National NGO,22
IN-MHA-337680017,Network For Enterprise Enhancement and Development Support,active,India,needs,National NGO,22
CO-RUE-860049972,Fundación Oriéntame,active,Colombia,orientame,National NGO,22
CH-FDJP-CHE102197003,Federación Internacional de Contadores,active,Switzerland,ifac,International NGO,21
US-EIN-27-1414646,Clinton Health Access Initiative,active,United States,chai,International NGO,21
US-EIN-13-3327220,Acción contra el Hambre Estados Unidos de América,active,United States,aahusa,International NGO,21
GB-COH-07157505,ODI Global Advisory Ltd,active,United Kingdom,odi_sales_ltd,"Academic, Training and Research",80
UG-NGB-5914-129,AVSI FOUNDATION IN UGANDA,active,Uganda,avsi_uganda,International NGO,21
GH-DSW-2046,African Women's Development Fund,active,Ghana,awdf,Regional NGO,23
DE-CR-BonnVR8726,IFOAM - Organics International,active,Germany,ifoam,International NGO,21
GB-COH-05126149,The MENTOR Initiative,active,United Kingdom,the_mentor_initiative,International NGO,21
EG-CR-117508,,active,Egypt,nroot,Private Sector,70
BD-NAB-0271,Bangladesh Nari Progati Sangha,active,Bangladesh,bnps,National NGO,22
GB-CHC-1112842,Transparencia Internacional Reino Unido,active,United Kingdom,ti-uk,International NGO,21
GB-CHC-1119168,Energy 4 Impact,active,United Kingdom,e4i,International NGO,21
US-EIN-75-3130860,Center for Civilians in Conflict,active,United States,civic_admin,International NGO,21
GB-COH-RC000672,,active,United Kingdom,uos,"Academic, Training and Research",80
GB-CHC-1047653,Raleigh International,active,United Kingdom,raleigh_int,International NGO,21
BE-BCE_KBO-0410757386,Solidagro,active,Belgium,solidagro_admin,"Academic, Training and Research",80
NL-KVK-41199723,NLR,active,Netherlands,nlr,International NGO,21
TZ-TRA-101-091-759,Economic and Social Research Foundation (ESRF),active,"Tanzania, United Republic of",esrf,"Academic, Training and Research",80
NL-KVK-24365461,Right to Play Netherlands Foundation,active,Netherlands,rtp,International NGO,21
NL-KVK-08134161,VEI (Vitens-Evides International),active,Netherlands,vei_nl,Private Sector,70
XM-DAC-21018,Federación Internacional de Sociedades de la Cruz Roja y de la Media Luna Roja,active,Switzerland,ifrcrcs,International NGO,21
UG-NGB-10890,Bucks Community NGO,active,Uganda,bucksfarm,National NGO,22
XM-DAC-43000,Fondo Monetario Internacional,active,United States,imf,Multilateral,40
GB-CHC-314137,Association of Commonwealth Universities,active,United Kingdom,acu,"Academic, Training and Research",80
NL-KVK-56185154,"NpM, Platform for Inclusive Finance",active,Netherlands,npm,National NGO,22
GB-CHC-1113101,Tropical Health and Education Trust,active,United Kingdom,tropicalhealth,International NGO,21
US-EIN-52-0595110,Universidad Johns Hopkins,active,United States,gi-jhu,"Academic, Training and Research",80
NL-KVK-56821743,MDF Global,active,Netherlands,mdf,Foundation,60
CH-FDJP-CHE100871337,Consejo Internacional de Organizaciones Voluntarias,active,Switzerland,icva,International NGO,21
US-EIN-521750875,Iraq Foundation,active,United States,iraq_foundation,International NGO,21
ES-CIF-G-8236803,Oxfam Intermón,active,Spain,oxfamintermon,International NGO,21
XM-DAC-41123,Organización de las Naciones Unidas para el Desarrollo Industrial (ONUDI),active,(No country assigned),unido,Multilateral,40
GH-DSW-4711,Savana Signatures,active,Ghana,savsign-org,National NGO,22
GB-COH-00041424,,active,(No country assigned),ul,Public Private Partnership,30
BD-NAB-0682,Development Organisation of the Rural Poor,active,Bangladesh,dorp-org,National NGO,22
BE-BCE_KBO-0453072647,Institut de Formation Syndical International - Internationaal Syndicaal Vormingsinstituut,active,Belgium,ifsi_isvi,National NGO,22
MW-CNM-C057/1998,The center for victimized women and children,active,Malawi,cavwoc,National NGO,22
NL-KVK-65306198,Equileap,active,Netherlands,equileap,International NGO,21
UG-NGB-1826,Family Life Education Program,active,Uganda,flepuganda,National NGO,22
GB-COH-RC000631,Universidad College de Londres,active,United Kingdom,ucl,"Academic, Training and Research",80
TZ-TRA-101-304-795,Chama cha Uzazi na Malezi Bora Tanzania (UMATI),active,"Tanzania, United Republic of",umati,National NGO,22
KE-NCB-218/051/96110/823,Centre for the Study of Adolescence,active,Kenya,csa-kenya,"Academic, Training and Research",80
US-GOV-17,,active,United States,dol,Government,10
GB-CHC-1114727,Joshua Orphan and Community Care,active,(No country assigned),jocc_uk,International NGO,21
BE-BCE_KBO-0460240749,Light For The World Belgium,active,Belgium,lftw-be,National NGO,22
JO-CCD-2826,World Vision Syria,withdrawn,Syrian Arab Republic,wvsyria,International NGO,21
IN-MHA-231650063,Voluntary Health Association of India,active,(No country assigned),vhai-org,"Academic, Training and Research",80
DK-CVR-20074035,ADRA Denmark,active,Denmark,adra-dk,National NGO,22
KE-RCO-78260,ADS-Nyanza,active,Kenya,ads-nyanza,Other Public Sector,15
HK-CR-1494242,Solidaridad South & South-East Asia,active,India,solidaridad-ssea,International NGO,21
GH-DSW-5574,Solidaridad África West Africa,active,Ghana,solidaridad-waf,International NGO,21
XI-IATI-FIABEL,Fiabel,active,Belgium,fiabel,National NGO,22
KE-NCB-218/051/9384/74,CARE SOMALIA,active,Kenya,csom1,National NGO,22
GB-COH-07627789,D. Capital Partners,active,United Kingdom,dcapitalpartners,Public Private Partnership,30
JO-MSD-2009011100178,The Princess Alia Foundation,active,Jordan,paf_2018,Foundation,60
GB-CHC-1157722,Irise International,active,United Kingdom,irise_int,International NGO,21
TZ-TRA-102316134,"Iringa Development of Youth, Disabled and Children Care",active,"Tanzania, United Republic of",idydc,National NGO,22
TZ-TRA-116315386,Babawatoto Centre For Children and Youth,active,"Tanzania, United Republic of",bawacecy-tz,National NGO,22
TZ-TRA-110-664-087,Railway Children Africa,active,"Tanzania, United Republic of",rc2africa,National NGO,22
US-GOV-6,,active,United States,treasury,Government,10
US-EIN-14-1945286,"The Global Development Incubator, Inc",active,United States,gdi,International NGO,21
TZ-TRA-121406209,CHEKA SANA TANZANIA,active,"Tanzania, United Republic of",cst,National NGO,22
GB-COH-06735120,Worldwide Hospice Palliative Care Alliance,active,United Kingdom,whpca,International NGO,21
GB-COH-RC000797,Universidad de Mánchester,active,United Kingdom,uom,"Academic, Training and Research",80
IT-CF-97091470589,INTERSOS Onlus,active,Italy,intersos_main,International NGO,21
GB-GOV-14,Reino Unido: Ministerio de Educación,active,United Kingdom,dfe,Government,10
US-EIN-27-1661997,GiveDirectly,active,United States,givedirectly,International NGO,21
MM-MHA-1/Local/0047,Karuna Mission Social Solidarity - KMSS,active,Myanmar,kmss,National NGO,22
CA-CRA_ACR-817387277,Mastercard Foundation,active,Canada,mastercard-foundation,Foundation,60
BD-NAB-002,BRAC,active,Bangladesh,brac_admin2,International NGO,21
GB-CHC-223106,Royal College of General Practitioners (RCGP),active,United Kingdom,rcgp-international,National NGO,22
US-EIN-042312909,Brigham and Women's Hospital,active,United States,bwh,"Academic, Training and Research",80
US-EIN-237413005,FHI360,active,United States,fhi360,International NGO,21
XM-DAC-47056,Centro Mundial de Agrosilvicultura,active,Kenya,icraf_,"Academic, Training and Research",80
GB-COH-10633588,Abt Britain Limited,active,United Kingdom,abtbritain,Private Sector,70
GB-CHC-213280,Royal College of Obstetricians & Gynaecologists,active,United Kingdom,rcog_resilience_in_obstetric_skills,"Academic, Training and Research",80
GB-COH-02188452,,active,United Kingdom,iied,"Academic, Training and Research",80
KE-KRA-P051311853T,Northern Rangelands Trust,active,Kenya,nrt-kenya,National NGO,22
GB-CHC-1047608,Alliance of Religions and Conservation,active,United Kingdom,alliance_of_religions_and_conservation,International NGO,21
BD-NAB-051,YWCA de Bangladesh,active,Bangladesh,ywcabd,National NGO,22
PS-MOI-QR-209-HR,,active,"Palestine, State of",wclac,National NGO,22
XI-IATI-MIF,Fondo Multilateral de Inversiones,active,United States,fomin,Multilateral,40
IE-CHY-20009090,Concern Worldwide,active,Ireland,concern_worldwide,International NGO,21
XM-OCHA-FTS18563,"Fondo Social para el Desarrollo, Yemen",active,Yemen,sfd-yemen,Other Public Sector,15
US-EIN-63-0676451,International Fertilizer Development Center,active,United States,ifdc-us,International NGO,21
LB-MOI-14739,,active,Lebanon,marsa_welead,Regional NGO,23
US-EIN-134166228,Acumen,active,United States,acumen,International NGO,21
GB-CHC-1046579,Consorcio para Niños de la Calle,active,United Kingdom,csc,International NGO,21
IN-MHA-147110006,CINI,active,India,cini_jhk,National NGO,22
SE-ON-802007-2446,Afrikagrupperna Sweden,active,Sweden,afrikagrupperna,International NGO,21
XI-IATI-OCHASDC,Oficina de Coordinación de Asuntos Humanitarios de las Naciones Unidas (contribuciones especialmente designadas),active,United States,unocha-sdc,Multilateral,40
GH-DSW-4834,NORSAAC,active,Ghana,norsaac,National NGO,22
GB-COH-04930461,Concordis International,active,United Kingdom,concordis,International NGO,21
CR-RPJ-3-006-125548,Fundación Acceso,active,Costa Rica,fundacion-acceso,Regional NGO,23
US-GOV-23,,active,United States,ftc,Government,10
US-GOV-TBD,,withdrawn,United States,ftc,Government,10
US-EIN-91-1157127,PATH,active,United States,_path_,International NGO,21
DE-CR-VR32914,Red de Integridad del Agua,active,Germany,win,International NGO,21
IL-RA-580166452,Musalaha Ministry of Reconciliation,active,Israel,mmr_admin2,"Academic, Training and Research",80
AF-MOE-22,CARE International Afghanistan,active,Afghanistan,ciafg,International NGO,21
GB-COH-02622374,Energy Saving Trust,active,United Kingdom,energy_saving_trust,Other Public Sector,15
PK-SEC-0080655,DKT Pakistan,active,Pakistan,dkt,Private Sector,70
XI-GRID-grid.442465.5,Universidad de Mzumbe,active,"Tanzania, United Republic of",m_u,"Academic, Training and Research",80
US-EIN-32-0060251,AIDSPAN,active,United States,aidspan,International NGO,21
KE-KRA-P051119468K,Kisumu Medical and Education Trust,active,Kenya,kmet,National NGO,22
XM-DAC-45001,Centro de Comercio Internacional (ITC),active,Switzerland,itc,International NGO,21
AU-ACNC-18055208636,Oxfam Australia,active,Australia,oau,International NGO,21
FR-RCS-389515180,Solidarites International,active,France,solidarites-international,International NGO,21
US-EIN-23-1352010,American Friends Service Committee,active,United States,afsc,"Academic, Training and Research",80
XI-GRID-grid.52681.38,Universidad de BRAC,active,Bangladesh,bu,"Academic, Training and Research",80
US-GOV-22,,active,United States,dfc,Government,10
KE-RCO-84486,Transparencia Internacional Kenya,active,Kenya,ti_kenya,National NGO,22
GB-CHC-1151219,DeafKidz International,active,United Kingdom,dki1151219,International NGO,21
LB-MOI-853,AVT-L Association of Victims of Terrorism Lebanon,active,Lebanon,avt-l,National NGO,22
IQ-NGO-1Z2634,"Rehabilitation, Education and Community Health (REACH)",active,Iraq,reach-iraq,National NGO,22
XM-DAC-41121,Oficina del Alto Comisionado de las Naciones Unidas para los Refugiados (ACNUR),active,Switzerland,unhcr,Multilateral,40
US-EIN-58-1593137,,active,United States,dkti,International NGO,21
XM-DAC-701-2,Ministerio de Asuntos Exteriores del Japón,active,Japan,mofa-jpn,Government,10
XI-IATI-AGR,AgResults Initiative,active,(No country assigned),agresults,Multilateral,40
BJ-IFU-4201710116446,"Institut National de l'Eau, Benin",active,Benin,ine_benin,"Academic, Training and Research",80
BJ-IFU-4201710182326,Agence Nationale d'Approvisionnement en Eau Potable en Milieu Rural de Benin,active,Benin,anaepmr_benin,Government,10
GB-COH-02517018,,active,United Kingdom,uuk,National NGO,22
NL-KVK-70292388,Index Initiative Foundation,active,Netherlands,iif,Foundation,60
US-EIN-13-5562308,Universidad de Nueva York,active,United States,nyu,"Academic, Training and Research",80
BJ-IFU-4201710012551,"Comuna de Dangbo, Benin",active,Benin,dangbo,Other Public Sector,15
BJ-IFU-6201810251129,"Comuna de Adjarra, Benin",active,Benin,adjarra,Other Public Sector,15
BJ-IFU-6201000068802,"Comuna de Parakou, Benin",active,Benin,parakou,Other Public Sector,15
BJ-IFU-5200081145006,"Comuna de Toffo, Benin",active,Benin,toffo,Other Public Sector,15
BJ-IFU-6200901945503,"Comuna de Toviklin, Benin",active,Benin,toviklin,Other Public Sector,15
BJ-IFU-6201101182902,"Comuna de Kpomassè, Benin",active,Benin,kpomasse,Other Public Sector,15
BJ-IFU-6200801257400,"Comuna de Zè, Benin",active,Benin,ze,Other Public Sector,15
BJ-IFU-6201501755307,"Comuna de Allada, Benin",active,Benin,allada,Other Public Sector,15
BJ-IFU-6201001076902,"Comuna de Aplahoué, Benin",active,Benin,aplahoue,Other Public Sector,15
BJ-IFU-6200901944805,"Comuna de Lalo, Benin",active,Benin,lalo,Other Public Sector,15
GH-RGD-CG109732014,,active,Ghana,twnafrica,Regional NGO,23
BJ-IFU-6200901851300,"Comuna de Kétou, Benin",active,Benin,ketou,Other Public Sector,15
BJ-IFU-5200801335602,"Comuna de Adjohoun, Benin",active,Benin,adjohoun,Other Public Sector,15
BJ-IFU-6200901944008,"Comuna de Adja-Ouere, Benin",active,Benin,adja-ouere,Other Public Sector,15
BJ-IFU-6201200579608,"Comuna de Pobè, Benin",active,Benin,pobe,Other Public Sector,15
BJ-IFU-6200901944209,"Comuna de Bopa, Benin",active,Benin,bopa,Other Public Sector,15
BJ-IFU-6201001843703,"Comuna de Akpro-Missérété, Benin",active,Benin,akpro-misserete,Other Public Sector,15
BJ-IFU-6201000370801,"Comuna de Comè, Benin",active,Benin,come,Other Public Sector,15
BJ-IFU-6201300688700,"Comuna de Avrankou, Benin",active,Benin,avrankou,Other Public Sector,15
BJ-IFU-6201100143407,"Comuna de Ifangni, Benin",active,Benin,ifangni,Other Public Sector,15
SE-ON-802004-1524,We Effect,active,Sweden,weeffect,International NGO,21
BJ-IFU-6201100034408,"Comuna de Klouékanmè, Benin",active,Benin,klouekanme,Other Public Sector,15
KE-KRA-P051502549C,National Coalition of Human Rights Defenders (Kenya),active,Kenya,nchrdk,National NGO,22
ZA-NPO-006-981,Instituto de Estudios de Seguridad,active,South Africa,issafrica,International NGO,21
NP-SWC-10136,Nepal Disabled Human Rights Center,active,Nepal,dhrc_nepal,National NGO,22
IN-MCA-AAE-8458,Deloitte Touche Tohmatsu India LLP,active,India,dttillp,Private Sector,70
UG-NGO-1406,DefendDefenders,active,Uganda,defenddefenders,"Academic, Training and Research",80
KE-NCB-2180511703310709,Send a Cow Kenya,active,Kenya,sac_kenya,National NGO,22
NL-KVK-70048436,Global Rights Compliance,active,Netherlands,grc2018,Foundation,60
US-EIN-11-3580024,Centro Internacional para la Justicia Transicional,active,United States,ictj,International NGO,21
DK-CVR-19348407,CISU,active,Denmark,cisu,National NGO,22
UG-NGB-0498,Mukisa Foundation,active,Uganda,mukisa_foundation,National NGO,22
NL-KVK-27367015,Organización Neerlandesa para la Investigación Científica (NWO),active,Netherlands,nwo,Government,10
US-EIN-13-3377893,Rainforest Alliance,active,United States,rainforest-alliance,International NGO,21
GB-CHC-1127366,British Asian Trust,active,United Kingdom,b_a_t,International NGO,21
RW-RGB-002-RGB-NGO-2017,EDUCATION DEVELOPMENT TRUST (RWANDA),withdrawn,Rwanda,edt_rwanda,International NGO,21
GB-CHC-1058162,Christian Blind Mission (UK) Ltd.,active,United Kingdom,cbm,International NGO,21
US-EIN-53-0242652,,active,United States,the_nature_conservancy,International NGO,21
GB-COH-RC000664,Universidad de Nottingham,active,United Kingdom,uni_of_nottingham,"Academic, Training and Research",80
LK-DRC-GA139,Women's Fund Asia,active,Sri Lanka,wf-asia,Regional NGO,23
HK-CR-2091642,Seefar,active,Hong Kong,seefar,Private Sector,70
SO-MPND-L43135002018MJ,,active,Somalia,nagaad,National NGO,22
GB-CHC-1118528,Child.org,active,(No country assigned),child-dot_org,International NGO,21
XI-IATI-DGF,Democratic Governance Facility,active,Uganda,dgf,Other Public Sector,15
NP-SWC-8220,Aapasi Sahayog Kendra Syangja Nepal (ASK Nepal),active,Nepal,ask,National NGO,22
NE-DGI-5355,Timidria,active,Niger,timidria,National NGO,22
DK-CVR-12006004,Center for Church-Based Development,active,Denmark,cku,International NGO,21
XI-GRID-grid.9829.a,Universidad Kwame Nkrumah de Ciencia y Tecnología,active,Ghana,knust,"Academic, Training and Research",80
DK-CVR-63407216,Save the Children DK,active,Denmark,redbarnet,International NGO,21
GB-CHC-1089110,Global Canopy,active,United Kingdom,globalcanopy,International NGO,21
NL-KVK-60633468,Water Finance Facility,active,Netherlands,wff,Private Sector,70
GB-COH-10333897,Pegasys Limited,active,United Kingdom,pegasys-eu,Private Sector,70
XM-DAC-21016,Comité Internacional de la Cruz Roja,active,Switzerland,icrc,Multilateral,40
DK-CVR-40781218,"Fondo Mundial para la Naturaleza, Dinamarca",active,Denmark,wwfdk,Foundation,60
DE-CR-RA000220-VR3810,Welthungerhilfe,active,Germany,whh,International NGO,21
MZ-NUIT-500004037,Direcção Provincial de Saúde de Nampula,active,Mozambique,dps-nampula,Government,10
KE-KRA-P051097200R,Centro Internacional de Fisiología y Ecología de los Insectos,active,Kenya,icipe,"Academic, Training and Research",80
DK-CVR-12921047,CARE Danmark Fonden for Frivillig Ulandsbistand,active,Denmark,12921047,National NGO,22
NL-KVK-27368929,Universidad de Leiden,active,Netherlands,universiteit_leiden,"Academic, Training and Research",80
NL-KVK-72849770,Stichting Beheer Subsidiegelden DRA,active,Netherlands,stichting-subsidiegelden-dra,International NGO,21
KE-RCO-C110031,Farm Concern International,active,Kenya,fci,Regional NGO,23
ET-CSA-0976,Dawuro Development Association,active,Ethiopia,dawuro_da,"Academic, Training and Research",80
DK-CVR-20453672,Danish Trade Union Development Agency (Ulandssekretariatet),active,Denmark,loftf,International NGO,21
DK-CVR-18243717,ActionAid Denmark (Mellemfolkeligt Samvirke),active,Denmark,aadk,International NGO,21
US-EIN-84-1648607,Educate!,active,United States,educate,International NGO,21
CH-FDJP-CHE232974628,Responsible Mining Foundation,active,Switzerland,rmf,Foundation,60
ID-KHH-0000871,,active,Indonesia,ja_ppmn,National NGO,22
DK-CVR-14723692,Mission Øst,active,Denmark,missioneast,International NGO,21
GB-COH-RC000297,King's College de Londres,active,United Kingdom,kingscollegelondon,"Academic, Training and Research",80
DK-CVR-16077593,Confederation of Danish Industry,active,Denmark,di,Private Sector,70
NL-KVK-50130536,Universidad de Twente,active,Netherlands,utwente,"Academic, Training and Research",80
DK-CVR-31378028,,active,Denmark,3fi,National NGO,22
DK-CVR-13078513,DUF: The Danish Youth Council,active,Denmark,duf,National NGO,22
GB-COH-07291220,50 Eight Limited,active,United Kingdom,fifty_eight,Private Sector,70
DK-CVR-58185728,Danish Family Planning Association,active,Denmark,dfpa,National NGO,22
RW-RGB-61-RGB-NGO-2017,ActionAid Rwanda,active,Rwanda,aar,National NGO,22
DK-CVR-35429867,Global Focus,active,Denmark,globaltfokus,National NGO,22
CH-FDJP-CHE109506789,Centro Internacional de Desminado Humanitario de Ginebra,active,Switzerland,gichd,Foundation,60
DK-CVR-14766383,Disabled People's Organisations Denmark,active,Denmark,dpod,National NGO,22
GB-UKPRN-10007774,Universidad de Oxford,active,United Kingdom,oxford,"Academic, Training and Research",80
GB-CHC-1077216,Compassion UK,active,United Kingdom,comp_uk,International NGO,21
GB-CHC-1016676,INTRAC,active,United Kingdom,intrac,International NGO,21
US-EIN-26-3933134,Special Hope Network,active,United States,shn,International NGO,21
GB-COH-08212556,PositiveNegatives,active,United Kingdom,posneg,Other Public Sector,15
NL-KVK-64763064,Data4Development,active,Netherlands,d4d,Private Sector,70
GB-CHC-1161729,Hope for Children,active,United Kingdom,hfc,International NGO,21
SE-ON-802005-9823,"WWF, Suecia",active,Sweden,wwf-se,International NGO,21
US-EIN-91-1148123,Mercy Corps Global,active,United States,mcg,International NGO,21
GB-CHC-1108718,African Revival,active,United Kingdom,africanrevival,International NGO,21
NL-KVK-30276595,Koninklijk Nederlands Meteorologisch Instituut,active,Netherlands,knmi,Government,10
PK-SEC-0105957,Sehat Kahani (Community Innovation Hub),active,Pakistan,sehatkahanicih,Private Sector,70
NL-KVK-70333564,Mercy Corps Netherlands,active,Netherlands,mcn,International NGO,21
PE-SUNARP-12623829,Foro Internacional de Mujeres Indígenas,active,Peru,fimi_iiwf_2019,Foundation,60
XI-IATI-ACATBA,Association Centrafricaine de Traduction de la Bible et Alphabetisation,active,Central African Republic,acatba,National NGO,22
XI-GRID-grid.13001.33,Universidad de Zimbabwe,active,Zimbabwe,1-uz,"Academic, Training and Research",80
CH-FDJP-CHE109994012,Interpeace,active,Switzerland,interpeace,International NGO,21
DK-CVR-20700211,Cruz Roja Danesa,active,Denmark,danishrc,National NGO,22
MW-NBM-NGO/L/18/024,Palliative Care Association of Malawi,active,Malawi,pacam,National NGO,22
MW-MRA-20123139,NKHOMA MISSION HOSPITAL,active,Malawi,nmhiati,National NGO,22
MW-MRA-20120896,David Gordon Memorial Hospital,active,Malawi,dgmh,"Academic, Training and Research",80
DE-CR-RA000243-HRB5459,,active,Germany,particip,Private Sector,70
ML-NIF-082208943A,Groupe Pivot Santé Population,active,Mali,gpsp-org,"Academic, Training and Research",80
MZ-NUIT-700179850,Plataforma Moçambicana da Água (PLAMA),active,Mozambique,plama,National NGO,22
NL-KVK-27310568,,active,Netherlands,arq_intl,Foundation,60
UG-RSB-80010003259159/105066,SolarNow Services (U) Ltd,active,Uganda,solarnowsofa,Private Sector,70
GB-CHC-1145721,Zambia Orphans Aid UK,active,United Kingdom,zoa_uk,International NGO,21
dk-cvr-26487013,International Media Support,active,Denmark,ims,International NGO,21
US-EIN-22-2852248,Village Enterprise,active,United States,villageenterprise,International NGO,21
IT-RI-97241280151,We World - GVC Onlus,active,Italy,ww-gvc,International NGO,21
GB-CHC-1143797,Syria Relief,active,United Kingdom,sr,National NGO,22
TR-MOI-27-019-074,Emissa,active,Turkey,emissa,National NGO,22
US-EIN-52-1818273,International Center for Not-for-Profit Law,active,United States,icnl_org,International NGO,21
FI-PRO-1993025-9,Instituto Forestal Europeo,active,Finland,efi,"Academic, Training and Research",80
US-EIN-13-3622707,WSP USA Solutions Inc.,active,United States,lbg,Private Sector,70
CA-CRA_ACR-805837713,OpenNorth,active,Canada,opennorth,International NGO,21
DK-CVR-20356731,PlanBørnefonden,active,Denmark,plb,International NGO,21
NL-KVK-32092131,Edukans Foundation,active,Netherlands,edukans_foundation,International NGO,21
GB-CHC-1027201,Institute for War & Peace Reporting,active,United Kingdom,iwpr,International NGO,21
GB-CHC-1150993,Near East Foundation UK (NEF UK),active,United Kingdom,nef-uk,International NGO,21
FR-INSEE-32101874900127,Médecins du Monde France,active,France,mdm-fr,International NGO,21
NG-CAC-54522,Centre for Legal Research and Development,active,Nigeria,clerd-prpi,National NGO,22
GB-CHC-1140288,The Fred Hollows Foundation (Reino Unido),active,United Kingdom,fhfuk,International NGO,21
NL-KVK-34176587,Radio La Benevolencija,active,Netherlands,rlb,International NGO,21
NL-KVK-41081480,Stichting Liliane Fonds,active,Netherlands,slf,National NGO,22
XI-IATI-LPI,Living peace institute,active,Congo (Democratic Republic of the),lpi,National NGO,22
US-EIN-30-0739799,WASH Alliance International,active,United States,ha-i,International NGO,21
JE-FSC-NPO_1108,Irrawaddy Policy Exchange,active,United Kingdom,ipe,"Academic, Training and Research",80
KE-NCB-OP/218/051/924/84,ACTIONAID INTERNATIONAL KENYA,active,Kenya,aaik,International NGO,21
US-EIN-45-5015494,Instiglio,active,United States,instiglio,International NGO,21
NG-CAC-73022,Niger Delta Stakeholders Initiative for Community Development and Empowerment,active,Nigeria,ndsicde,National NGO,22
XM-DAC-5-7,Alemania: Ministerio Federal de Asuntos Exteriores,active,Germany,fo_germany,Government,10
US-EIN-27-4933181,IDinsight,active,United States,idinsight,International NGO,21
XM-DAC-61-2,Eslovenia: Ministerio de Asuntos Exteriores,active,Slovenia,si-mfa,Government,10
US-EIN-47-3594688,Fondo Mundial para Acabar con la Esclavitud Contemporánea,active,United States,gfems,National NGO,22
US-EIN-45-2796201,"Namati, Inc",active,United States,namati_inc,International NGO,21
GB-COH-893249298,,active,(No country assigned),wrgb,"Academic, Training and Research",80
XI-IATI-NSO,Netherlands Space Office,active,Netherlands,nso,"Academic, Training and Research",80
US-EIN-22-3900800,VisionFund International,active,United States,vfi,International NGO,21
CA-CRA_ACR-118846575,Center for International Studies and Cooperation,active,Canada,ceci,International NGO,21
GB-COH-07026479,AgDevCo,active,United Kingdom,agdevco,Private Sector,70
XM-DAC-47008,World Vegetable Center,active,Taiwan (Province of China),worldveg,International NGO,21
GB-CHC-1178168,CDAC Network,active,United Kingdom,cdacnetwork,International NGO,21
GH-DSW-1103,Regional Advisory Information and Network Systems,active,Ghana,rains,National NGO,22
KE-KRA-P051713416W,AFELT,active,Kenya,afelt,"Academic, Training and Research",80
DE-CR-RA000217-HRB121747B,Democracy Reporting International gGmbH,active,Germany,dri,International NGO,21
BJ-IFU-5201000673108,CARE BENIN/TOGO,active,United States,carebenintogo,International NGO,21
GB-COH-02693163,Westminster Foundation for Democracy,active,United Kingdom,wfd,Other Public Sector,15
UG-RSB-80010000253134/25060,Universidad de los Mártires de Uganda,active,Uganda,umu,"Academic, Training and Research",80
XI-GRID-grid.442626.0,Universidad de Gulu,active,Uganda,guluuni,"Academic, Training and Research",80
XI-GRID-grid.442459.a,"Universidad de Dodoma (UDOM), Tanzanía",active,"Tanzania, United Republic of",udom,"Academic, Training and Research",80
KE-KRA-P051542095J,LIWA programme trust,active,Kenya,liwa-admin,"Academic, Training and Research",80
GH-DSW-2000,Northern Network for Education Development,active,Ghana,nned,National NGO,22
US-EIN-45-4613016,Accountability Lab,active,United States,alab,National NGO,22
XI-GRID-grid.419346.d,Instituto Internacional de Investigación sobre Políticas Alimentarias,active,United States,ifpri,International NGO,21
GH-RGD-99389,Opportunity International Savings and Loans Ltd,active,Ghana,oisl_gh,Private Sector,70
NG-CAC-1260478,Silsab Foundation,active,Nigeria,silsab1-_,National NGO,22
XI-BRIDGE-6385676864,Secretaría del Fondo para el Medio Ambiente Mundial,active,United States,gef,Multilateral,40
KE-NCB-21805120080955572,Ashoka East Africa,active,Kenya,ashoka,International NGO,21
GB-CHC-206658,World Horse Welfare,active,United Kingdom,whw2019,International NGO,21
US-EIN-522112460,IMA World Health,active,United States,us-imawh,International NGO,21
FR-RCS-78049888700022,Centre International de Développement et de Recherche,active,France,cidr,International NGO,21
GB-COH-RC000749,Zoological Society of London,active,United Kingdom,zsl,International NGO,21
XM-DAC-47080,OCDE,active,France,oecd,Multilateral,40
ZA-NPO-048-364,SouthSouthNorth,active,South Africa,ssn,International NGO,21
CH-FDJP-258577051,Humanitarian Quality Assurance Initiative,active,Switzerland,hqai,International NGO,21
GB-GOV-2,Ministerio de Economía y Hacienda del Reino Unido,active,United Kingdom,hmtfitb,Government,10
NO-BRC-917687811,Coalición para la Promoción de Innovaciones en pro de la Preparación ante Epidemias,active,Norway,cepi,International NGO,21
GB-GOV-15,Ministerio de Comercio Internacional del Reino Unido,active,United Kingdom,dit,Government,10
GB-NIC-101412,Children in Crossfire,active,United Kingdom,cicni,International NGO,21
XM-OCHA-HPC3664,Jordan River Foundation,active,Jordan,jrf,National NGO,22
XM-OCHA-HPC6770,Centro Rey Salman de Socorro y Acción Humanitaria,active,Saudi Arabia,ksrelief291,Government,10
MZ-MOJ-100717344,IMD Moçambique,active,Mozambique,imdmozambique,National NGO,22
GB-CHC-1081769,Transform Africa,active,United Kingdom,transafrica19,International NGO,21
CH-FDJP-CHE107828868,,active,Switzerland,swisscontact,International NGO,21
CH-FDJP-CHE109947366,Fondation Hirondelle,active,Switzerland,fh_ch,International NGO,21
GB-CHC-1147298,One Young World,active,United Kingdom,oyw,National NGO,22
GB-EDU-133903,Facultad de Higiene y Medicina Tropical de la Universidad de Londres,active,United Kingdom,lshtm,"Academic, Training and Research",80
GB-GOV-12,"Reino Unido: Ministerio de Digital, Cultura, Medios y Deporte",active,United Kingdom,dcms,Government,10
GB-CHC-1117377,Village Water Ltd,active,United Kingdom,villagewater,International NGO,21
FR-RCS-31899089200065,Acción contra el Hambre,active,France,acf-fr,International NGO,21
US-EIN-27-3440108,,active,United States,vera-solutions,Private Sector,70
CA-CRA_ACR-107848319,Action Canada for Sexual Health and Rights,active,Canada,acfshr,International NGO,21
NP-IRD-302274734,CARE Nepal,active,Nepal,cnepal,International NGO,21
US-EIN-13-1804349,World Education Inc.,active,United States,wei,"Academic, Training and Research",80
PK-VSWA-32-2004,Tameer-e-Khalaq Foundation,active,Pakistan,tkf1234,National NGO,22
NP-IRD-302113730,"Agencia Adventista de Desarrollo y Recursos Asistenciales, Nepal",active,Nepal,adra_nepal,International NGO,21
IT-CF-95008730160,Cesvi,active,Italy,cesvi,International NGO,21
GB-CHC-282305,Minority Rights Group,active,United Kingdom,mrg,International NGO,21
XM-DAC-7-PPR-4000002894,,active,Mozambique,iwrm,Government,10
PE-SUNARP-11744379,Centro de Promocion y Defensa de los Derechos Sexuales y Reproductivos,active,Peru,promsex,Regional NGO,23
XM-OCHA-HPC8568,CARE international foundation Switzerland in Sudan,active,Sudan,cis,International NGO,21
UG-RSB-80020001996190,,active,Uganda,lpa,Private Sector,70
RW-RGB-77-RGB-NGO-2013,Health Development Initiative,active,Rwanda,hdi,National NGO,22
KE-RCO-105217,Kenya Private Sector Alliance,active,Kenya,kepsa,Private Sector,70
KE-KRA-P051098561L,KITUO CHA SHERIA,active,Kenya,kituo,National NGO,22
FR-RCS-83764263600018,Syrian Center for Media and Freedom of Expression,active,France,scm,National NGO,22
SS-RRC-004,Nonviolent Peaceforce South Sudan,active,South Sudan,npss,International NGO,21
NL-KVK-31047672,Twynstra Gudde,active,Netherlands,twynstragudde,Private Sector,70
ID-KHH-AHU17AH0107,Institute for Policy Research and Advocacy (ELSAM),active,Indonesia,elsam,National NGO,22
GB-COH-00070527,,active,United Kingdom,lse,"Academic, Training and Research",80
GB-GOV-52,"Conflict, Stability and Security Fund",active,United Kingdom,cssf,Government,10
GB-GOV-50,Cross-Government Prosperity Fund,active,United Kingdom,prosperityfund,Government,10
GB-CHC-1174874,Royal Commonwealth Ex-Services League,active,United Kingdom,rcel,International NGO,21
CH-FDJP-CHE110141200,Iniciativa Medicamentos para enfermedades olvidadas,active,Switzerland,dndi_transparency,"Academic, Training and Research",80
RW-RRA-103197639,Greater Virunga Transboundary Collaboration,active,Rwanda,gvtc,Government,10
NP-SWC-37725,South Asian Women Development Forum,active,(No country assigned),sawdf-admin,"Academic, Training and Research",80
NP-SWC-46024,Accelerator Nepal,active,Nepal,acceleratornepal,National NGO,22
CA-CRA_ACR-869974816,Nutrition International,active,Canada,nutritionintl,International NGO,21
CH-FDJP-CHE-105181636,Centro para el Diálogo Humanitario (Centro HD),active,Switzerland,hdcentre,Foundation,60
US-EIN-13-3870223,International AIDS Vaccine Initiative (IAVI),active,United States,iavi,International NGO,21
KE-RCO-CPR/2011/63463,Partnership for African Social & Governance Research (PASGR),active,Kenya,pasgr,"Academic, Training and Research",80
NL-KVK-09181221,Resilience,active,Netherlands,resilience,"Academic, Training and Research",80
NL-KVK-41145371,Escuela de Administración de Maastricht,active,Netherlands,msm-ipd,Foundation,60
BF-MATD-RNRD00045-4000004688,,active,Burkina Faso,cdc_ohg,National NGO,22
GB-COH-06274284,Carbon Trust Advisory Ltd,active,United Kingdom,carbontrustadvisory,Private Sector,70
IN-MHA-231660927,,active,India,phfi,National NGO,22
GB-COH-07171834,,active,United Kingdom,taginternational,Private Sector,70
GB-UKPRN-10007801,,active,United Kingdom,uop,"Academic, Training and Research",80
NA-NAMRA-04822224,,active,Namibia,pv,International NGO,21
ZA-CIP-2005-028883-23,Okapi Consulting,active,South Africa,okapiconsulting,International NGO,21
NL-KVK-34234456,Health Insurance Fund,active,Netherlands,hif,International NGO,21
GB-COH-OC350651,Montrose International LLP,active,(No country assigned),montrose_llp,"Academic, Training and Research",80
GB-CHC-1013587,Chance for Childhood,active,United Kingdom,chanceforchildhood,International NGO,21
GB-COH-7207947,PRI Association,active,United Kingdom,pri_icf,"Academic, Training and Research",80
NO-BRC-980997278,INTOSAI Development Initiative,active,Norway,idi,International NGO,21
JO-MSD-2011101100001,Jordan Open Source Association,active,Jordan,josa,National NGO,22
US-EIN-53-0196584,,active,United States,gwu_gwi,"Academic, Training and Research",80
NL-KVK-30238214,Impunity Watch,active,Netherlands,iw_admin,International NGO,21
NG-CAC-83813,Neem Foundation,active,Nigeria,neem,National NGO,22
US-EIN-23-2220051,iDE,active,United States,ide,International NGO,21
FR-RCS-40885667200030,Triangle Génération Humanitaire,active,France,tgh,International NGO,21
AU-ABN-42097054165,Land Equity International,active,Australia,lei,Private Sector,70
GB-COH-RC000655,,active,United Kingdom,keele-university,"Academic, Training and Research",80
US-EIN-20-8530747,Results for Development,active,United States,r4d,International NGO,21
XM-DAC-50-21,,active,Spain,aecid,Government,10
ES-DIR3-EA0035768,Agencia Española de Cooperación Internacional para el Desarrollo (AECID),withdrawn,Spain,aecid,Government,10
GH-DSW-3064,ActionAid Ghana,active,Ghana,aag,National NGO,22
NG-CAC-19258,Centre for Environment Human Rights and Development,active,Nigeria,cehrd1,International NGO,21
NL-KVK-53744993,World Benchmarking Alliance Foundation,active,Netherlands,wba,Foundation,60
XI-IATI-3435,,active,Sudan,sosss_admin,National NGO,22
CO-CCB-S0052181,Transforma,active,Colombia,transforma,National NGO,22
YE-MSAL-80/295,Yamaan Foundation for Health and Social Development,active,Yemen,yffhsd,National NGO,22
GB-COH-02863827,ClientEarth,active,United Kingdom,clientearth-1,International NGO,21
CH-FDJP-CHE106823242,Terre des hommes- Aide à l'enfance dans le monde- Fondation,active,Switzerland,tdh_foundation,International NGO,21
GB-SC-015096,Universidad de Dundee,active,United Kingdom,uodcepmlp,"Academic, Training and Research",80
ZW-ROD-MA0000405/2015,Young Africa International HUB,active,Zimbabwe,yai-hub,International NGO,21
XM-DAC-47021,Centro Internacional de la Papa,active,Peru,cip,Multilateral,40
ET-CSA-3994,Triggerise Ethiopia,active,Ethiopia,trig,International NGO,21
BD-NAB-0210,ActionAid Bangladesh,active,Bangladesh,aab,International NGO,21
US-EIN-45-2779314,Shift Project Ltd.,active,United States,shiftproject,International NGO,21
KE-KRA-P051155108P,Kenya National Commission on Human Rights,active,Kenya,knchr,Government,10
GB-CHC-290767,World Jewish Relief,active,United Kingdom,wjr_001,International NGO,21
ET-CSA-0062,DKT Etiopía,active,Ethiopia,dkt_ethiopia,International NGO,21
NL-KVK-40407706,Unie van Waterschappen,active,Netherlands,uvw,Other Public Sector,15
GB-COH-03147724,Mercy Ships UK Limited,active,United Kingdom,msuk,International NGO,21
US-EIN-94-3045180,Rainforest Action Network,active,United States,ran,International NGO,21
XI-GRID-grid.9783.5,Universidad de Kinshasa,active,Congo (Democratic Republic of the),dspd_unikin,"Academic, Training and Research",80
GB-CHC-1106156,Kidasha,active,United Kingdom,kidasha,International NGO,21
DE-CR-RA000209-VR1207,World Vision Germany,active,Germany,wv_de,International NGO,21
ET-CSA-0784,World Vision Ethiopia,active,Ethiopia,wv_et_activities,International NGO,21
IT-CF-00677540288,Doctors with Africa CUAMM,active,Italy,cuamm,International NGO,21
AT-UID-U74408937,Ground Truth Solutions,active,Austria,ground-truth-solutions,International NGO,21
XI-BRIDGE-3665722432,Foro Africano de Administración Tributaria,active,South Africa,ataf,International NGO,21
GB-CHC-1123241,Peace Direct,active,(No country assigned),peacedirect,International NGO,21
XI-GRID-grid.8193.3,Universidad de Dar es Salaam,active,"Tanzania, United Republic of",udsm-cbs,"Academic, Training and Research",80
XM-DAC-30009,Small Arms Survey,active,Switzerland,sas_sana,"Academic, Training and Research",80
ET-CSA-0475,Family Guidance Association of Ethiopia,active,Ethiopia,fgae_ethiopia,National NGO,22
XM-DAC-576,Emiratos Árabes Unidos: Ministerio de Asuntos Exteriores,active,United Arab Emirates,mofaic_uae,Government,10
KE-NCB-2180511304359047,Population Services Kenya,active,Kenya,pskenya_19,National NGO,22
KE-NCB-2180511403539790,Faith to Action Network,active,Kenya,f2a,International NGO,21
UG-NGO-3329,Instituto Auschwitz para la Prevención del Genocidio y Atrocidades Masivas,active,Uganda,aipr,"Academic, Training and Research",80
KE-NCB-218051200501953650,HealthRight International Kenya,active,Kenya,hri,National NGO,22
CN-SAIC-9111010506489375XP,Carbon Trust (Beijing) Consulting Limited,active,China,ctbeijing,Private Sector,70
GB-COH-OC364842,,active,United Kingdom,mcs_new,Private Sector,70
LB-MOI-6491,Restart Center,active,Lebanon,restartcenter,National NGO,22
GB-CHC-297716,Business in the Community,active,United Kingdom,bitc,International NGO,21
GB-CHC-1141552,Balloon Ventures Foundation,active,United Kingdom,bvf,International NGO,21
ZA-CIP-2007-0308903-08,African Parks Network,active,South Africa,african_parks,International NGO,21
GB-COH-06581421,Instituto para el Diálogo Estratégico,active,United Kingdom,isdglobal,"Academic, Training and Research",80
ML-NIF-055000335T,Near East Foundation Malí (NEF Mali),active,Mali,nef_mali,International NGO,21
NL-KVK-41186799,Women Engage for a Common Future,active,Netherlands,wecf,International NGO,21
US-EIN-52-5170039,International Crisis Group,active,Belgium,crisisgroup,International NGO,21
FR-RCS-49962201700014,Bibliotecas sin Fronteras,active,France,bsf1,International NGO,21
SE-ON-802425-8702,Instituto Internacional del Agua de Estocolmo,active,Sweden,siwi,International NGO,21
GH-RGD-CG077262013,Nature and Development Foundation,active,Ghana,ndf_fgm,National NGO,22
BD-NAB-2004,"Centre for Injury Prevention and Research, Bangladesh (CIPRB)",active,Bangladesh,ciprb,National NGO,22
XI-IATI-RUF,,active,Netherlands,ruf,Foundation,60
XM-DAC-40-3,,active,Greece,greece_mfa,Government,10
XI-BRIDGE-1812689272,The Mailman School of Public Health,active,United States,mailman_school_of_public_health,"Academic, Training and Research",80
US-EIN-04-2103547,Universidad de Boston,active,United States,bu-carbx-admin,"Academic, Training and Research",80
LB-MOI-110,René Moawad Foundation,active,Lebanon,rmf-lb,National NGO,22
GB-CHC-1173827,Accountable Now,active,United Kingdom,accountablenow,International NGO,21
NL-KVK-30157019,Larive International,active,Netherlands,larive,Private Sector,70
NG-CAC-57289,Environmental Centre for Oil Spills and Gas Flaring (NACGOND),active,Nigeria,nacgond-,National NGO,22
US-GOV-13,,active,United States,usadf,Government,10
US-GOV-13-ADF,,withdrawn,United States,usadf,Government,10
FR-RCS-519655997,Handicap International Federation,active,France,hi_fed,International NGO,21
US-EIN-82-3941326,Luminate Foundation Inc.,active,United States,luminate,Foundation,60
US-EIN-98-0513530,Alianza para una Revolución Verde en África,active,United States,agra,International NGO,21
GB-COH-08567792,Behavioural Insights Team,active,United Kingdom,bit,Private Sector,70
NP-SWC-24,Nepal Netra Jyoti Sangh,active,Nepal,nnjs_nepal,National NGO,22
KE-KRA-P051161193S,Trust for Indigenous Culture and Health,active,Kenya,ticah,International NGO,21
CO-RUE-830140714-1,Brújula Comunicaciones Estratégicas SAS,active,Colombia,brujula,Private Sector,70
XI-GRID-grid.11194.3c,Escuela de Salud Pública de la Universidad de Makerere,active,Uganda,maksph,"Academic, Training and Research",80
UG-NGB-12317,Reach A Hand Uganda,active,Uganda,rahuug,National NGO,22
GB-COH-08567552,Red Local del Pacto Mundial de las Naciones Unidas (Reino Unido),active,United Kingdom,ungc-uk,Multilateral,40
NL-KVK-815165924,STC International,active,Netherlands,stc-international,"Academic, Training and Research",80
NP-SWC-17775,The Leprosy Mission Nepal,active,Nepal,tlmnepal,National NGO,22
LB-MOI-25465,Fiftyfifty,active,Lebanon,fiftyfifty-lb,National NGO,22
GB-CHC-1172875,East African Playgrounds,active,United Kingdom,eap,International NGO,21
XM-DAC-41130,Organismo de Obras Públicas y Socorro de las Naciones Unidas para los Refugiados de Palestina en el Cercano Oriente (UNRWA),active,(No country assigned),unrwa,Multilateral,40
BD-NAB-0918,Centro para el Diálogo sobre Políticas,active,Bangladesh,cpd,National NGO,22
KE-KRA-P000634725S,African Women's Development and Communication Network,active,Kenya,femnet,Regional NGO,23
UG-NGO-2292,,active,Uganda,wipc,International NGO,21
US-EIN-37-1552838,GSMA Foundation,active,United States,gsma_foundation,Foundation,60
CH-FDJP-CHE296622304,Iniciativa Mundial contra la Delincuencia Organizada Transnacional,active,Switzerland,gi-toc,Other Public Sector,15
BE-BCE_KBO-0434417468,CODEART ASBL,active,Belgium,codeart,National NGO,22
LB-MOI-1-100,Al Majmoua,active,Lebanon,al_majmoua,National NGO,22
XI-IATI-ESFD,Economic and Social Fund for Development,active,Lebanon,esfd,Government,10
XI-IATI-DKTDRC,,active,Congo (Democratic Republic of the),dkt_drc,National NGO,22
JO-CCD-200104681,Leaders of Tomorrow,active,Jordan,sqf,Private Sector,70
AE-HFZA-1526,Altai Consulting,active,United Arab Emirates,altai,Private Sector,70
CA-CRA_ACR-811793611,Grand Challenges Canada,active,Canada,hgc,National NGO,22
NP-CRO-83836,,withdrawn,(No country assigned),7272,Other Public Sector,15
YE-MSAL-473-2001,Family Counseling and Development Foundation,active,Yemen,fcdf,National NGO,22
ET-CSA-1327,,active,Ethiopia,jfa-pfe,National NGO,22
CH-FDJP-CHE331930936,Global Antibiotic Research and Development Partnership,active,Switzerland,gardp,Public Private Partnership,30
US-EIN-47-5049026,International Youth Alliance for Family Planning,active,United States,iyafp,International NGO,21
UG-NGB-1277,Forum for women in democracy,active,Uganda,fowode,National NGO,22
RW-RGB-114-RGB-RGO-2013,The Legal Aid Forum,active,Rwanda,laf,National NGO,22
AE-ADCD-64747,,withdrawn,(No country assigned),72728,International NGO,21
NL-KVK-30114696,Palladium Europe,active,Netherlands,palladium_eur,Private Sector,70
NL-KVK-50744984,BoP Innovation Center,active,Netherlands,bopinc,Foundation,60
CO-RUE-900619925-0,,active,Colombia,awaketravel,Private Sector,70
YE-MSAL-18-2013,Mwatana for Human Rights,active,Yemen,mwatana,National NGO,22
GB-CHC-1122330,CDP Worldwide,active,United Kingdom,cdp,International NGO,21
GB-COH-RC000541,,active,United Kingdom,soas,"Academic, Training and Research",80
NL-KVK-41169658,Stichting Fern,active,Netherlands,stichtingfern,International NGO,21
GB-CHC-1154413,,active,(No country assigned),cbi,International NGO,21
FI-PRO-0998454-4,Finn Church Aid (Kirkon Ulkomaanapu sr),active,Finland,fca,International NGO,21
GB-COH-06069322,Development Media International,active,United Kingdom,dmi_admin,International NGO,21
US-EIN-47-3511012,"SDSN Association, Inc.",active,United States,sdsna,International NGO,21
BE-BCEKB0-0537407021,,active,Belgium,wapa,National NGO,22
XI-GRID-grid.7247.6,Universidad de los Andes,active,Colombia,uand_2020,"Academic, Training and Research",80
NL-KVK-74064800,Programming Their Future,active,Netherlands,p-t-f-,"Academic, Training and Research",80
US-EIN-13-1740011,Wildlife Conservation Society,active,United States,wcs,International NGO,21
NL-KVK-27186453,Netherlands Water Partnership,active,Netherlands,nwp,Foundation,60
GB-COH-02962250,Foro de las Administraciones Locales del Commonwealth,active,United Kingdom,clgf_data,International NGO,21
NL-KVK-64460789,Coöperatief Climate Fund Managers U.A.,active,Netherlands,cfm,Private Sector,70
CH-FDJP-CHE251665168,Earthworm Foundation,active,Switzerland,ewf,International NGO,21
GB-CHC-1082139,Thomson Reuters Foundation,active,United Kingdom,trf,Foundation,60
GB-LAE-LND,Ayuntamiento de la City de Londres,active,United Kingdom,col-greenfinance,Other Public Sector,15
GB-CHC-1160263,WasteAid Reino Unido,active,United Kingdom,wasteaid,International NGO,21
GB-COH-RC000660,Universidad de Liverpool,active,United Kingdom,uol,"Academic, Training and Research",80
MU-CR-C134274,Shortlist Professionals Limited,active,Mauritius,shortlistogti,Private Sector,70
GB-CHC-1187935,International Campaign Women´s Right to Safe Abortion,active,United Kingdom,icwrsa,National NGO,22
GB-CHC-208223,Instituto Real de Asuntos Internacionales,active,United Kingdom,riia,"Academic, Training and Research",80
DE-CR-RA000220-VR9971,"CARPO, Center for Applied Research in Partnership with the Orient",active,Germany,carpo,International NGO,21
GB-CHC-1150964,inHive,active,United Kingdom,inhive,International NGO,21
BE-BCE-KBO-0461977940,,active,Belgium,fdhommes,National NGO,22
GB-COH-11116719,,active,United Kingdom,brink_innovation,Private Sector,70
GB-CHC-1079752,RedR UK,active,United Kingdom,redruk,International NGO,21
XI-IATI-WBTF,Fondos fiduciarios del Banco Mundial,active,United States,wbtf,Multilateral,40
GB-COH-11373728,Cowater UK Limited,active,United Kingdom,cowateruk,Private Sector,70
ZA-CIP-M2005001486,Sexual Reproductive Health and Rights Africa Trust,active,South Africa,srhr_africa_trust,Regional NGO,23
US-EIN-61-1725201,"Field Ready, Estados Unidos",active,United States,field_ready,International NGO,21
GB-UKPRN-10007141,Universidad de Lancashire Central,active,United Kingdom,uclan,"Academic, Training and Research",80
ML-NIF-084106436R,Conseil et Appui pour l'Education à la Base Mali,active,Mali,caeb_mali,National NGO,22
XM-OCHA-7482,World Vision Central African Republic,active,Central African Republic,wv_cf,International NGO,21
GB-COH-07840888,MedicineAfrica Ltd.,active,United Kingdom,medafrica,"Academic, Training and Research",80
CA_ON-ONT-1597880,CANADEM,active,Canada,canadem,International NGO,21
ET-CSA-1351,Ethiopian Public Health Association,active,Ethiopia,epha,Other Public Sector,15
NL-KVK-68758766,CAPABUILD,active,Netherlands,capabui,International NGO,21
NL-KVK-72908114,AGRI3 Fund,active,Netherlands,agri3_fund,Public Private Partnership,30
NL-KVK-729081140000,AGRI3 Fund,withdrawn,Netherlands,,Public Private Partnership,30
YE-MSAL-49-M-2019,Centro de Estudios Estratégicos de Saná,active,Yemen,scss,National NGO,22
XI-IATI-BBDN,Bangladesh Business and Disability Network,active,Bangladesh,bbdn,National NGO,22
GB-UKPRN-10007164,"Universidad del Oeste de Inglaterra, Bristol",active,United Kingdom,uwe,"Academic, Training and Research",80
MX-RFC-ICM160118IZ1,Iniciativa Climática de México,active,Mexico,icm_mx,National NGO,22
XM-DAC-7-PPR-4000002938,Global Water Partnership,active,Sweden,gwp,International NGO,21
JO-CCD-200006694,Entiqal for Training “Partners for Good”,active,Jordan,pfg,National NGO,22
XI-IATI-WVDRC,World Vision Democratic Republic of Congo,active,Congo (Democratic Republic of the),wv_cd,International NGO,21
ID-KHH-5018112631240040,NLR Indonesia,active,Indonesia,nlr_indonesia,National NGO,22
GB-CHC-1076722,TRAFFIC International,active,United Kingdom,traffic,"Academic, Training and Research",80
US-EIN-81-2339233,Youth Development Labs Inc,active,United States,ylabs,International NGO,21
AM-SRALE-222.160.00823,Eurasia Partnership Foundation,active,Armenia,epf,Foundation,60
US-EIN-83-3580499,,active,United States,orraa_inc,International NGO,21
GB-CHC-1177110,Elrha,active,United Kingdom,elrha,International NGO,21
GB-CHC-206504,Instituto Internacional de Estudios Estratégicos,active,United Kingdom,iiss,"Academic, Training and Research",80
XI-GRID-grid.8652.9,,active,Ghana,ugorid,"Academic, Training and Research",80
NL-KVK-30114598,Rabo Partnerships,active,Netherlands,rabo_partnerships,Private Sector,70
IE-CHY-20041069,Ethiopiaid Ireland,active,Ireland,ethiopiaidireland,International NGO,21
GB-GOV-1,"Reino Unido: Ministerio de Relaciones Exteriores, del Commonwealth y de Desarrollo",active,United Kingdom,fcdo,Government,10
XM-OCHA-HPC9829,IMPACT Initiatives,active,Switzerland,impact_initiatives,International NGO,21
US-EIN-82-0644678,Synergía - Initiatives for Human Rights,active,United States,synergiaihr,International NGO,21
GB-COH-11594545,McKinsey Development Partners,active,United Kingdom,mdp,Private Sector,70
XI-GRID-grid.7836.a,Universidad de Ciudad del Cabo,active,South Africa,uct,"Academic, Training and Research",80
XI-IATI-KHF,King Hussein Foundation,active,Jordan,khf,National NGO,22
GB-COH-04465125,"Imperial College of Science, Technology and Medicine",active,United Kingdom,imperial,"Academic, Training and Research",80
GB-CHC-1158838,The Freedom Fund,active,United Kingdom,tff,International NGO,21
CA-CRA_ACR-119075091,Oxfam-Québec,active,Canada,oqc,International NGO,21
GB-CHC-1175658,The global steering group for impact investment,active,United Kingdom,gsg,International NGO,21
ID-KHH-6014052331100057,Kemitraan Bagi Pembaruan Tata Pemerintahan,active,Indonesia,kemitraan,National NGO,22
MX-RFC-SLP1412039F3,Soluciones en Legislación y Política Ambiental AC,active,Mexico,polea,National NGO,22
GB-CHC-1166956,UK-Med,active,United Kingdom,uk-med,International NGO,21
JO-CCD-45293,Sowt podcasting and training L.L.C,active,Jordan,sowt,Private Sector,70
BD-NAB-2686,Bangladesh Youth Leadership Center,active,Bangladesh,bylc,National NGO,22
US-EIN-27-3166994,Global Impact Investing Network,active,United States,giin,National NGO,22
MX-RFC-IIN920701G55,IDOM INGENIERÍA,active,Mexico,idom_mx,Private Sector,70
ID-DJP-312529852906000,Asia Justice and Rights,active,Indonesia,ajar,Regional NGO,23
CH-FDJP-CHE105829963,Solidar Suisse,active,Switzerland,solidarsuisse,International NGO,21
GB-UKPRN-10007790,Universidad de Edimburgo,active,United Kingdom,uoe,"Academic, Training and Research",80
KE-KRA-P051335339D,Instituto Africano de Políticas de Desarrollo,active,Kenya,afidep,International NGO,21
JO-CCD-200167994,,active,Jordan,lifed_admin,International NGO,21
NL-KVK-27363950,Sociaal-Economische Raad,active,Netherlands,ser,Other Public Sector,15
KE-KRA-P051172537S,,active,Kenya,fsdk,Other Public Sector,15
GB-COH-10516061,Cobra Collective CIC,active,United Kingdom,cobracollective,International NGO,21
GB-GOR-OT1175,Northern Ireland Cooperation Overseas Ltd,active,United Kingdom,nico,Other Public Sector,15
AT-ZVR-315688676,,active,Austria,lftw-int,International NGO,21
XI-GRID-grid.473464.6,Centro de Recursos Hídricos y Terrestres de la Universidad de Adís Abeba,active,Ethiopia,wlrc_aau,"Academic, Training and Research",80
NG-CAC-30547,Paradigm Initiative,active,Nigeria,paradigm,International NGO,21
JO-MSD-200159274,JoWomenomics,active,Jordan,jowomenomics,National NGO,22
NL-KVK-09108013,Advance Consulting,active,Netherlands,ac1999,Private Sector,70
XI-GRID-grid.11835.3e,Universidad de Sheffield,active,United Kingdom,tuos,"Academic, Training and Research",80
XM-DAC-47015,CGIAR,active,France,cgiar,"Academic, Training and Research",80
UG-RSB-197310,Financial Sector Deepening Uganda,active,Uganda,fsduganda,National NGO,22
NL-KVK-41192276,Stichting Wilde Ganzen/ IKON,active,Netherlands,nl_wg,National NGO,22
ZM-PCR-12015013762,Prospero Limited,active,Zambia,prospero,National NGO,22
GB-COH-RC000679,Universidad de York,active,United Kingdom,uoy,"Academic, Training and Research",80
ZA-NPO-081-788,,active,South Africa,sustainable_livelihoods_foundation,International NGO,21
XM-DAC-41149,Oficina de Coordinación del Desarrollo de las Naciones Unidas,active,United States,undco,Other Public Sector,15
GB-COH-02871809,Global Witness,active,United Kingdom,globalwitness,International NGO,21
GB-CHC-1175791,Global Anaesthesia Development Partnerships,active,United Kingdom,gadp,"Academic, Training and Research",80
US-EIN-042103594,Abdul Latif Jameel Poverty Action Lab at MIT,active,United States,jpal,"Academic, Training and Research",80
MW-RG-1011251,Wala Ltd,active,Malawi,walaltd,Private Sector,70
US-EIN-83-1236759,,active,United States,neopenda,Private Sector,70
US-EIN-53-0235320,Pathfinder International,active,United States,pathfinder1,International NGO,21
BI-NIF-4000742330,AUXFIN Burundi,active,Burundi,auxfinbi,Private Sector,70
MZ-MOJ100094525,Micaia Foundation,active,Mozambique,micfound,National NGO,22
MY-SSM-1172311D,Forever Sabah,active,Malaysia,fs,National NGO,22
UA-EDR-9795443,Centre for Economic Strategy Ukraine,active,Ukraine,ces-ua,National NGO,22
FR-INSEE-31827645800037,"Association de solidarité internationale, Agriculteurs français et développement international (Afdi) France",active,France,afdi-fr,Other Public Sector,15
GB-CHC-1017336,Elton John AIDS Foundation,active,United Kingdom,ejaf,Foundation,60
CA_AB-ABT-203435797,Alinea International Ltd.,active,Canada,alineainternational_2020,Private Sector,70
GB-CHC-1188731,Sustainable Hospitality Alliance,active,United Kingdom,sha,International NGO,21
BR-CNPJ-14.563.354/0001-50,Instituto BVRio,active,Brazil,bvrio,International NGO,21
NL-KVK-861193660,OurLoop Stitchting,active,Netherlands,loop,Foundation,60
GB-CHC-1137523,The Proforest Initiative UK,active,United Kingdom,pi-uk,"Academic, Training and Research",80
US-EIN-13-1623838,EngenderHealth,active,United States,ehorg,International NGO,21
US-EIN-843236198,Corus International,active,United States,corus,International NGO,21
US-EIN-52-2135531,Forest Trends Association,active,United States,forest-trends,International NGO,21
GB-CHC-1074857,Consejo de Arzobispos de la Iglesia de Inglaterra,active,United Kingdom,coe-abc,"Academic, Training and Research",80
GB-COH-02515034,Timber Trade Federation Ltd.,active,United Kingdom,ttf,Private Sector,70
US-EIN-38-2846307,Mercy-USA for Aid and Development,active,United States,mercy-usa,International NGO,21
US-EIN-13-4052259,Media Development Investment Fund,active,United States,mdif,International NGO,21
KE-RCO-PLC-MYSMV2,,active,Kenya,eabx,Private Sector,70
GB-CHC-1144091,,active,United Kingdom,nesta,Other Public Sector,15
GB-NIC-073343,Global Fund for Community Foundations,active,United Kingdom,gfcf,Foundation,60
GB-CHC-1123384,Foundation for Social Improvement,active,United Kingdom,the_fsi,"Academic, Training and Research",80
ES-NIF-G02766913,Fields Data,withdrawn,Spain,fd-es,International NGO,21
ES-NIF-G79408852,Médicos del Mundo,active,Spain,mdm_spain,International NGO,21
BE-BCE_KBO-0464147473,Laïcité et Humanisme en Afrique Centrale (LHAC),active,Belgium,lhac,National NGO,22
KE-RCO-CPR-2010-28036,Open Capital Advisors,active,Kenya,oca,Private Sector,70
GB-COH-RC000652,,active,United Kingdom,university_of_essex,"Academic, Training and Research",80
GE-RS-406061513,,active,Georgia,cpd_2021,National NGO,22
US-EIN-30-0805768,,active,United States,tffus,International NGO,21
ZA-NPO-053-456,,active,South Africa,cegaa,National NGO,22
KE-NCB-OP-218-051-9994-1329,,active,Kenya,creawkenya,National NGO,22
NP-CRO-1158-065-066,Kathmandu Medical College Public Limited,active,Nepal,kmc,"Academic, Training and Research",80
ZA-CIT-9415005603,Universidad de Stellenbosch,active,South Africa,su-impala,"Academic, Training and Research",80
GB-COH-RC000668,,active,United Kingdom,soton,"Academic, Training and Research",80
NG-CAC-37051,,active,Nigeria,dsfn,National NGO,22
GB-CHC-1173320,South West International Development Network,active,United Kingdom,swidn,"Academic, Training and Research",80
GB-HESA-10004113,Universidad de Loughborough,active,United Kingdom,lboro,"Academic, Training and Research",80
CA-CC-13474046,,active,Canada,transparently_lebanese,National NGO,22
CH-FDJP-106756410,,active,Switzerland,world_ywca,International NGO,21
CH-660-0294975-4,World Young Women's Christian Association,withdrawn,Switzerland,world_ywca,International NGO,21
NP-IRD-301131441,,active,Nepal,aain,International NGO,21
SN-NINEA-004487121,,active,Senegal,awa_sn,International NGO,21
KE-NCB-218051981161116,Equality Now,active,Kenya,e_n,International NGO,21
UG-NGO-1317,,active,Uganda,siharegional,Regional NGO,23
GH-RGD-CG001532017,PPAG,active,Ghana,ppag_123,National NGO,22
NL-KVK-69759103,,active,Netherlands,laterite_bv,Private Sector,70
XM-OCHA-585,,active,Austria,icmpd,Multilateral,40
NL-KVK-27293917,The Hague Academy for Local Governance,active,Netherlands,tha,"Academic, Training and Research",80
IT-CF-80017510225,,active,Italy,sosvdb_italia,National NGO,22
KE-NCB-218-051-9263-33,Young Women's Christian Association de Kenya,active,Kenya,ywcakenya,National NGO,22
SS-RRC-342,Young Women Christian Association of South Sudan (YWCA SS),active,South Sudan,ywcass,National NGO,22
NL-KVK-74983393,IDH Investment Management B.V.,active,Netherlands,idh_im,Private Sector,70
UG-RSB-229709,Mango Tree Property Management LTD,active,Uganda,mangotree,Private Sector,70
NL-KVK-41039028,Stichting Leprazending Nederland - The Leprosy Mission Netherlands,active,Netherlands,leprazending-tlm-nl,Foundation,60
XI-IATI-SPR,,active,Congo (Democratic Republic of the),spr,Regional NGO,23
SS-RRC-465,Assistance Mission for Africa,active,South Sudan,ama-south-sudan,National NGO,22
UG-NGO-3580,,active,Uganda,amwa,International NGO,21
JO-CCD-200178924,,active,Jordan,ktk,International NGO,21
ID-KHH-AHU-0013363.AH.01.04,,active,Indonesia,pekka_21,National NGO,22
NG-CAC-IT-NO96562,Olamma Cares Foundation,active,Nigeria,olammacares,National NGO,22
SS-RRC-405,Eve Organization for Women Development,active,South Sudan,eveowd,National NGO,22
DE-CR-RA000220-HRB7745,Forschungsinstitut zur Zukunft der Arbeit GmbH (IZA),active,Germany,iza,"Academic, Training and Research",80
CA_ON-ONT-1783682,,active,Canada,genderatwork,International NGO,21
NL-KVK-74799525,Legal Action Worldwide,active,Netherlands,law,International NGO,21
ZA-NPO-189357,,active,South Africa,sisonke,National NGO,22
UG-204CBO-JJA02202000348,,active,Uganda,jidu2021,Regional NGO,23
GB-COH-RC000721,Escuela de Negocios de Londres,active,United Kingdom,lbs,"Academic, Training and Research",80
IN-MHA-083930147,,withdrawn,India,kemhrc,"Academic, Training and Research",80
XI-GRID-grid.10347.31,,active,Malaysia,rmc_um,"Academic, Training and Research",80
XI-GRID-grid.11142.37,,active,Malaysia,upm,"Academic, Training and Research",80
PS-MOI-QR-1420-C,,active,"Palestine, State of",ywca,National NGO,22
EG-MOSS-3959350,,active,Egypt,imc-2021,National NGO,22
US-EIN-13-3615533,,active,United States,educomm,"Academic, Training and Research",80
BD-ROC-C-107131,Light Castle Partners,active,Bangladesh,lcp,Private Sector,70
US-EIN-522042014,GoodWeave International,active,United States,goodweave_intl,International NGO,21
TH-TIN-0993000190092,Coalición Asiática para el Derecho a la Vivienda,active,Thailand,achr,Regional NGO,23
GB-COH-OC359103,,active,United Kingdom,bcg,Private Sector,70
JO-CCD-58307,,active,Jordan,7iberdotcom,Private Sector,70
KE-NCB-WDCBO542010192,Women Challenged to Challenge,active,Kenya,wctc,National NGO,22
UG-NGO-S59143785,,active,Uganda,nuwodu,National NGO,22
ET-CSA-1128,,active,Ethiopia,ewla,National NGO,22
et-CSA-0444,,active,Ethiopia,ewdna2025,National NGO,22
NL-KVK-83517626,,active,Netherlands,investinternational,Private Sector,70
NL-KVK-77583442,,active,Netherlands,ti_nl,Government,10
XM-OCHA-4438,,active,Bangladesh,icddrb,"Academic, Training and Research",80
GB-COH-10959095,,active,United Kingdom,thefaradayinstitution,"Academic, Training and Research",80
HK-CR-2288921,,active,Hong Kong,elevatelimited,Private Sector,70
NL-KVK-80547745,,active,Netherlands,traide_foundation,Foundation,60
MZ-NUIT-700089584,,active,Mozambique,cesc,National NGO,22
US-EIN-04-3309296,,active,United States,pilpg,National NGO,22
MY-SSM-1162174T,,active,Malaysia,musawah,International NGO,21
ZA-NPO-213-268,,active,South Africa,sanpud,National NGO,22
US-EIN-74-2244146,,active,United States,rmi,International NGO,21
GH-RGD-CG200980721,,active,Ghana,isdao,International NGO,21
IN-MHA-094421114,,active,India,itforchange,"Academic, Training and Research",80
XM-DAC-46012,,active,United States,idbinvest,Multilateral,40
TZ-NNCB-INGOR2000123,,active,"Tanzania, United Republic of",apn,International NGO,21
PA-PRP-5789,,active,Panama,fundacionavina,Foundation,60
BR-CNPJ-26990192000114,,active,Brazil,wwfbr,International NGO,21
UG-NGO-3690,,withdrawn,Uganda,rv-ww2,International NGO,21
GH-DSW-7992,,active,Ghana,assn,National NGO,22
XM-DAC-46025,,active,Saudi Arabia,isdb,Multilateral,40
ID-DJP-018321174017000,,active,Indonesia,wwf_id,International NGO,21
TN-RNE-1540791FPN000,,active,Tunisia,wwfna,International NGO,21
PH-SEC-CN200340507,,active,Philippines,samdhana_institute,Regional NGO,23
PK-NTN-1433899-8,,active,Pakistan,pill,National NGO,22
ZM-PCR-10102712014,,active,Zambia,wwfzambia,International NGO,21
KE-KRA-P051326872M,,active,Kenya,sdi-k,National NGO,22
ID-DJP-023047012526000,,active,Indonesia,bwi,National NGO,22
GB-CHC-1102909,,active,United Kingdom,climate-group,International NGO,21
BR-CNPJ-09294138-0001-15,,active,Brazil,agroicone,Private Sector,70
GH-DSW-1334,,active,Ghana,wanep,Regional NGO,23
NG-CAC-11660,,active,Nigeria,crerd_ng,National NGO,22
KE-NCB-OP2180511619410357,,active,Kenya,wwf-kenya,National NGO,22
PH-SEC-CN200324943,,active,Philippines,ntfp-ep,Regional NGO,23
CO-RUE-8300033586,,active,Colombia,gaia,Regional NGO,23
BF-MATD-2407,,active,Burkina Faso,spong-burkina,National NGO,22
GH-RGD-CG159432015,,active,Ghana,gnbcc,National NGO,22
LR-MFDPNGO-0961,,active,Liberia,sdi,Regional NGO,23
MY-SSM-199601006465,,active,Malaysia,iwrawasiapacific,International NGO,21
US-EIN-83-3732786,,active,United States,agwa,International NGO,21
IN-MHA-1070-99-2000,,active,India,cividep,National NGO,22
KE-NCB-218051200602584403,,active,Kenya,ad,National NGO,22
BJ-IFU-6201500233008,,active,Benin,pascib_benin,National NGO,22
ML-MAT-028-MAT-DNIC-DAG,,active,Mali,seco-ong-mali,National NGO,22
XI-GRID-grid4157124,,active,Pakistan,iop-rmu,"Academic, Training and Research",80
XM-DAC-46021,,active,Togo,boadiita,Multilateral,40
YE-MSAL-288-2013,,active,Yemen,ywbod,National NGO,22
SG-ACRA-201507403G,,active,Singapore,growasia,Regional NGO,23
US-EIN-20-3074517,,active,United States,trustafrica,International NGO,21
PK-SEC-0108318,,active,Pakistan,tfp,National NGO,22
ZA-CIP-2021-421804-08,,active,South Africa,sdi-int,International NGO,21
BD-ROC-C-104266,,active,Bangladesh,redorange,Private Sector,70
ZA-NPO-155-669,,active,South Africa,pai155669,Regional NGO,23
ET-CSA-1424,,active,Ethiopia,corha,National NGO,22
KE-RCO-155081,,active,Kenya,fsdafrica,International NGO,21
BI-NIF-4001055070,,active,Burundi,j2022,National NGO,22
AF-MOE-611,,active,Afghanistan,tlo,National NGO,22
PY-RUC-80025907-6,,active,Paraguay,wwf-py,International NGO,21
TN-RNE-1027578P,,active,Tunisia,cemi,National NGO,22
SN-NINEA-21516110A0,,active,Netherlands,gorin,National NGO,22
NL-KVK-54749484,,active,Netherlands,fc-f,International NGO,21
PS-MOI-RA279C,,active,"Palestine, State of",pwwsd_2022,National NGO,22
LB-MOI-30-ED,,active,Lebanon,skf,National NGO,22
TH-MOI-KhorThor2882,,active,Thailand,ilgaasia,Regional NGO,23
BI-NIF-4000450306,,active,Burundi,bltp,National NGO,22
FI-PRO3087706-5,,active,Finland,riverrecycle,Private Sector,70
LB-MOI-3567,,active,Lebanon,crtda,National NGO,22
JO-MSD-19700011100010,,active,Jordan,awo2022,National NGO,22
MM-MHA-0295,,active,Netherlands,gen,National NGO,22
CO-RUE-830053223,,active,Colombia,limpal-colombia,National NGO,22
GB-GOV-11,,active,United Kingdom,cbu_hmrc,Government,10
MY-SSM-256530H,,active,Malaysia,my-ssm,Regional NGO,23
RW-RGB-020-17,,active,Rwanda,profemmes,National NGO,22
CO-RUES-800121811,,active,Colombia,codacop,National NGO,22
DK-CVR-42047007,,active,Denmark,icars,"Academic, Training and Research",80
SS-RRC-140,,active,South Sudan,avsi-ssd,International NGO,21
DK-CVR-25825012,,active,Denmark,sosdk,International NGO,21
US-EIN-81-2108637,,active,United States,dalbergcatalyst,International NGO,21
BJ-IFU-6201810257535,,active,Benin,abms,National NGO,22
BF-MATD-N00000408001,,active,Burkina Faso,sosjd6,National NGO,22
US-EIN-061805406,,active,United States,hc2022,International NGO,21
CH-FDJP-CHE10092705,,active,Switzerland,wilpf_22,International NGO,21
ID-DJP-030079198015000,,active,Indonesia,pattiro,National NGO,22
NL-KVK-41226182,,active,Netherlands,hfhnl,National NGO,22
US-GOV-11,,active,United States,state,Government,10
US-GOV-32,,active,United States,epa,Government,10
US-GOV-16,,active,United States,doc,Government,10
US-GOV-12,,active,United States,ustda,Government,10
US-GOV-2,,active,United States,usda,Government,10
US-GOV-10,,active,United States,peace,Government,10
US-GOV-21,,active,United States,iaf,Government,10
US-GOV-26,,active,United States,dot,Government,10
US-GOV-14,,active,United States,hhs,Government,10
US-GOV-15,,active,United States,doj,Government,10
IN-MCA-U74999MH2015PTC264094,,active,India,ddsolar,Private Sector,70
US-GOV-9,,active,United States,doi,Government,10
US-GOV-7,,active,United States,dod,Government,10
US-GOV-20,,active,United States,doe,Government,10
US-GOV-19,,active,United States,dhs,Government,10
XM-OCHA-HP3664,,active,Jordan,jrf_2022,National NGO,22
US-EIN-83-2847769,,active,United States,60db,Private Sector,70
ci-moi-474-mis-dgat-dag-sdva,,active,Côte D'Ivoire,csci_benkadi,National NGO,22
SS-RRC-652,,active,South Sudan,siha-southsudan,National NGO,22
ID-KHH-01060014412,,active,Indonesia,tifa_foundation,National NGO,22
061660068,,active,United States,ipa_,International NGO,21
TZ-NNCB-00NGO-R2-00056,,active,"Tanzania, United Republic of",wajibu,National NGO,22
NP-SWC-19781,,active,Nepal,infnepal,National NGO,22
NL-KVK-40539494,,active,Netherlands,mdmnl,International NGO,21
US-EIN-84-3344516,,active,United States,aceliafrica,International NGO,21
NL-KVK-76050475,,active,Netherlands,gca,International NGO,21
GB-CHC-1187721,,active,United Kingdom,uws,International NGO,21
ID-KHH-0018020.AH.01.07,,active,Indonesia,hrwg_indonesia,National NGO,22
CO-CCB-0008863,,active,Colombia,opepa,National NGO,22
CH-FDJP-110.162.567,,active,Switzerland,finddiagnostics,Foundation,60
GB-COH-02742969,,active,United Kingdom,grl,"Academic, Training and Research",80
PS-MOI-QR177HR,,active,"Palestine, State of",miftah,National NGO,22
KH-INGO-20201231,,active,Cambodia,aac,International NGO,21
GH-DSW-4004,,active,Ghana,mfwa,Regional NGO,23
IL-RA-580675486,,active,Israel,t2p,National NGO,22
XM-DAC-47062,,active,Nigeria,iita_2022,International NGO,21
JO-COA-0301-57112,,active,Jordan,inwrdam,Multilateral,40
KH-INGO,,withdrawn,Cambodia,aac,International NGO,21
CO-RUE-8600286699,,active,Colombia,fedesarrollo,Private Sector,70
NL-KVK-24428291,,active,Netherlands,aw,Private Sector,70
NL-KVK-58076573,,active,Netherlands,auxfinintl,Private Sector,70
GB-UKPRN-10007783,,active,United Kingdom,uoa,"Academic, Training and Research",80
US-EIN-23-6393344,,active,United States,worldrelief,International NGO,21
GH-RGD-CG056382017,,active,Ghana,globalshea,Regional NGO,23
CO-CCB-01952534,,active,Colombia,grupoe3,Private Sector,70
CO-RUE-901337512,,active,Colombia,iclei,National NGO,22
GB-SC-SC015263,,active,United Kingdom,strathclyde,"Academic, Training and Research",80
CH-FDJP-CHE-109-991-002,,active,Switzerland,basel_institute,Foundation,60
BJ-IFU-6202112757059,,active,Benin,igd_benin,National NGO,22
LB-MOI-37-AD,,active,Lebanon,rabi3,National NGO,22
BJ-IFU-6201001214905,,active,Benin,abpf,National NGO,22
GB-COH-RC000653,,active,United Kingdom,uoex,"Academic, Training and Research",80
AE-DMCC-23550,,active,United Arab Emirates,arkgroupdmcc1,Private Sector,70
US-EIN-52-1497470,,active,United States,c_i_f,International NGO,21
GB-CHC-1112404,,active,United Kingdom,rtp_uk,International NGO,21
GB-COH-01250443,,active,United Kingdom,niras_uk,Private Sector,70
MZ-NUIT-700061787,,active,Mozambique,grp,Public Private Partnership,30
GB-COH-RC000659,,active,United Kingdom,leics,"Academic, Training and Research",80
ET-MFA-150317,,active,Ethiopia,et-adf-0317,Regional NGO,23
GB-CHC-1162997,,active,United Kingdom,pci,International NGO,21
NL-KVK-41199142,,active,Netherlands,rabofoundation,Foundation,60
BI-NIF-4000039331,,active,Burundi,twz1,National NGO,22
KE-NCB-10488,,active,Kenya,sp,National NGO,22
NG-CAC-RC-1368639,,active,Nigeria,infracredit,Private Sector,70
GB-CHC-1050821,,active,United Kingdom,tzuchiuk,National NGO,22
LB-MOI-17312,,active,Lebanon,female,National NGO,22
NL-KVK-60351489,,active,Netherlands,frontclear_ftap,Private Sector,70
GB-COH-10781862,,active,United Kingdom,svrg,Private Sector,70
US-EIN-47-4606264,,active,United States,hala_systems,Private Sector,70
LB-MOI-2402520,,active,Lebanon,smex,Regional NGO,23
DE-CR-RA000355-HRB726528,,active,Germany,fosaa,"Academic, Training and Research",80
UG-RSB-80020000583761,,active,Uganda,ep,Private Sector,70
DK-CVR-78920610,,active,Denmark,fowdk,International NGO,21
CH-FDJP-CHE455926653,,active,Switzerland,ilgaworld,International NGO,21
DE-CR-RA000299-HRB20002,,active,Germany,sce-gmbh,Private Sector,70
PE-SUNARP-03024345,,active,Peru,investigacion_cayetano,"Academic, Training and Research",80
GB-COH-05712574,,active,United Kingdom,pul,Private Sector,70
US-EIN-45-4535664,,active,United States,harvard_global,International NGO,21
KE-NCB-218051200201502367,,active,Kenya,lvct,National NGO,22
XM-DAC-47149,,active,Netherlands,icmp,Other Public Sector,15
GB-UKPRN-10007786,,active,United Kingdom,unibristol,"Academic, Training and Research",80
KE-KRA-P052188980R,,active,(No country assigned),bfa_global,Private Sector,70
KE-RCO-CF2015185025,,active,Kenya,ga,Foundation,60
AF-MOE-947,,active,Afghanistan,947,National NGO,22
CH-FDJP-CHE326267730,,active,Switzerland,trial,International NGO,21
AF-MOE-118,,active,Afghanistan,sca_afghanistan,International NGO,21
US-EIN-52-1527835,,active,United States,ifes,International NGO,21
KE-KRA-P052007235U,,active,Kenya,imfact2022,Private Sector,70
US-EIN-262048480,,active,United States,ia,International NGO,21
PH-SEC-CN201214699,,active,(No country assigned),crcasia,Regional NGO,23
NA-NAMRA-04413362,,active,Namibia,arasaregional,Regional NGO,23
SO-COA-107-0081-2023,,active,Somalia,iffoundation12,National NGO,22
US-EIN-26-0126537,,active,United States,gi,International NGO,21
KE-KRA-P051698850Z,,active,Kenya,ddfkenya,Private Sector,70
GB-COH-07177839,,active,United Kingdom,bboxx,Private Sector,70
SN-NINEA-50255162X2,,active,Senegal,sn-ninea-50255162x2,Private Sector,70
ID-DJP-032441156063000,,active,Indonesia,ptarupidn,Private Sector,70
GB-COH-12675400,,active,United Kingdom,cir,International NGO,21
BR-CNPJ-30619995-0001-34,,active,Brazil,cit_brazil,"Academic, Training and Research",80
NG-CAC-RC-929657,,active,Nigeria,fmdqgroupplc_2013,Private Sector,70
GB-CHC-1146162,,active,United Kingdom,rstmh,International NGO,21
PK-NTN-9051408-4,,active,Pakistan,kmu,"Academic, Training and Research",80
XM-DAC-46008,,active,Venezuela (Bolivarian Republic of),caf,Multilateral,40
BD-ROC-S-5933,,active,Bangladesh,chpd_ulab,"Academic, Training and Research",80
NL-KVK-51837609,,active,Netherlands,upinion,Private Sector,70
NP-IRD-201252183,,active,Nepal,bpkihs_dharan,"Academic, Training and Research",80
BO-NIT-351775028,,active,Bolivia,conexionla,Regional NGO,23
LK-DRC-GA635,,active,Sri Lanka,irdsrilanka-1997,"Academic, Training and Research",80
NG-CAC-1075488,,active,Nigeria,nvd_12,Private Sector,70
KE-KRA-P051883897F,,active,Kenya,adili_sh,Private Sector,70
GB-CHC-1030884,,active,United Kingdom,gb-chc-1030884,International NGO,21
KE-KRA-P052141361L,,active,Kenya,cap-a,National NGO,22
GB-GOR-PB508,,active,United Kingdom,rbg_kew,"Academic, Training and Research",80
XI-DUNS-645826186,,active,Pakistan,stmu01,"Academic, Training and Research",80
IN-MCA-U74900TN2013PTC093426,,active,India,bepl,Private Sector,70
GH-RGD-CG034642016,,active,Ghana,ukgcc,National NGO,22
BE-BCE_KB0-0421408778,,active,Belgium,ipis,National NGO,22
XI-IATI-KHF_IFH,,active,Jordan,khf_ifh,National NGO,22
PS-TIN-888005972,,active,"Palestine, State of",wsrc1,Other Public Sector,15
NL-KVK-57504091,,active,Netherlands,stichting_cd,Foundation,60
GB-COH-05572704,,active,United Kingdom,aceruk,Private Sector,70
BR-CNPJ-62579164-0001-72,,active,Brazil,_cebrap,"Academic, Training and Research",80
NL-KVK-34123218,,active,Netherlands,rabk,"Academic, Training and Research",80
YE-MSAL-220,,active,Yemen,bfdyemen,National NGO,22
ZA-CIP-2011-003386-08,,active,South Africa,cisl,"Academic, Training and Research",80
GB-GOV-25,,active,United Kingdom,desnz,Government,10
ZA-CIP-2002-007758-08,,active,South Africa,icleiafrica,International NGO,21
GB-COH-OC422288,,active,United Kingdom,thc,Private Sector,70
YE-CR-17952,,active,Yemen,dr,Private Sector,70
UA-EDR-36159679,,active,Ukraine,dixigroup,National NGO,22
TN-RNE-1526532C,,active,Tunisia,wwc_27068084,National NGO,22
NL-KVK-41150792,,active,Netherlands,jp-nl,International NGO,21
UG-NGO-INDR45161196NB,,active,Uganda,actade,National NGO,22
GB-GOV-26,,active,United Kingdom,dsit,Government,10
PS-MOI-QR-0049-F,,active,"Palestine, State of",welfare_taawon,International NGO,21
MG-NIF-4003264720,,active,Madagascar,pjl,National NGO,22
YE-MSAL-19,,active,Yemen,rymn,National NGO,22
GB-COH-02412299,,active,United Kingdom,stonewa11,International NGO,21
HK-CR-2436455,,active,Hong Kong,agsollimited,Private Sector,70
FR-RCS-53119997400027,,active,France,premiere-urgence,International NGO,21
BD-ROC-C-150855,,active,Bangladesh,yy_ventures,Private Sector,70
BD-NAB-0841,,active,Bangladesh,cnrs,National NGO,22
GB-COH-12482833,,active,United Kingdom,amplifychange,International NGO,21
SZ-CIT-201710132021804,,active,eSwatini,wu,National NGO,22
BD-NAB-0004,,active,Bangladesh,carebd,International NGO,21
NG-CAC-69519,,active,Nigeria,cjid_ng,National NGO,22
BD-NAB-0577,,active,Bangladesh,dsk,National NGO,22
BD-NAB-1748,,active,Bangladesh,fb_2023,National NGO,22
NL-KVK-91420784,,active,Netherlands,wcaf,International NGO,21
YE-MSAL-32-M-2008,,active,Yemen,semc-yemen,National NGO,22
GB-GOR-EA53,,active,United Kingdom,cefas,Government,10
IN-MCA-U74900TG2007NPL055085,,active,India,tgi_india,"Academic, Training and Research",80
GB-CHC-298375,,active,United Kingdom,cls,Regional NGO,23
IN-MHA-083780010,,active,India,sparc_iati,National NGO,22
NL-KVK-75373750,,active,Netherlands,ic-bs_24,International NGO,21
PK-NTN-2158581-4,,active,Pakistan,shirkatgah,National NGO,22
NL-KVK-81042582,,active,Netherlands,thenab,National NGO,22
GB-COH-4625800,,active,United Kingdom,iseal,International NGO,21
GB-CHC-1174610,,active,United Kingdom,thinkequal,Other Public Sector,15
KE-NCB-218051200301082704,,active,Kenya,imlu,National NGO,22
PS-TIN-562780742,,active,"Palestine, State of",tap,Private Sector,70
UG-RSB-80010000758365,,active,Uganda,in,Private Sector,70
XM-OCHA-HPC8773,,active,(No country assigned),ecw,Multilateral,40
US-EIN-46-3995547,,active,United States,ibp,International NGO,21
ID-KHH-AHU-0000401.AH.01.07,,active,Indonesia,safenet,National NGO,22
IT-CF-97050280581,,active,Italy,cispngo,International NGO,21
NG-CAC-6896199,,active,Nigeria,obodo_ng,National NGO,22
IN-MHA-083930308,,active,India,masumpune_87,National NGO,22
MW-NBM-NGO-L-13-059,,active,Malawi,wolrec,National NGO,22
GH-RGD-ET000570722,,active,Ghana,idh-ghana,International NGO,21
US-EIN-042241718,,active,United States,edc,International NGO,21
GB-COH-08100658,,active,United Kingdom,via,Private Sector,70
GB-COH-05380206,,active,United Kingdom,jncc,Other Public Sector,15
GB-COH-02525806,,active,United Kingdom,acs_group,Private Sector,70
UG-RSB-125289,,active,Uganda,pcp-ug_125289,Private Sector,70
US-EIN-47-2326975,,active,(No country assigned),cadasta,International NGO,21
BI-NIF-4001458845,,active,Burundi,ajebudi_2024,National NGO,22
CH-FDJP-CHE-390.672.238,,active,Switzerland,nf2022,International NGO,21
RW-RRA-121040504,,active,Rwanda,acv,Private Sector,70
ID-DJP-016993966411000,,active,Indonesia,ppim,"Academic, Training and Research",80
CA-CC-020387-4,,active,Canada,ef,International NGO,21
GB-CHC-1174115,,active,United Kingdom,ceobs,National NGO,22
KE-RCO-PVT-2016-025726,,active,Kenya,apolloagriculture,Private Sector,70
JO-CCD-181612,,active,Jordan,mset,Private Sector,70
MU-CR-C191439,,active,Mauritius,blue,Private Sector,70
KE-RCO-BN-J9S5BMEB,,active,Kenya,ecovega,Private Sector,70
AU-ABN-94642321640,,active,Australia,cra,Regional NGO,23
SE-ON-802401-6134,,active,Sweden,ktk_ho,International NGO,21
CA-CRA_ACR-827142530RR0001,,active,Canada,rr_qfdi,International NGO,21
GB-CHC-1191805,,active,United Kingdom,sidcn,National NGO,22
GB-COH-14411359,,active,United Kingdom,chemonics_uk,Private Sector,70
NL-KVK-27364265,,active,(No country assigned),nl_tud,"Academic, Training and Research",80
CH-FDJP-6602621019-7,,active,Switzerland,ffh,International NGO,21
CO-RUE-90020089,,active,Colombia,feadin,Regional NGO,23
BF-MATD-1131,,active,Burkina Faso,240001090,National NGO,22
GB-COH-01630501,,active,United Kingdom,mko,Private Sector,70
EG-CR-42812,,active,Egypt,outreach_egypt,Private Sector,70
KE-KRA-P052193943Z,,active,Kenya,theclimatenetwork,National NGO,22
GB-COH-04481639,,active,United Kingdom,alinea_uk,Private Sector,70
BF-MATD-118884808RR0001,,active,Burkina Faso,bfrri,National NGO,22
GB-UKPRN-10007789,,active,United Kingdom,uea_uk,"Academic, Training and Research",80
GB-UKPRN-10000824,,active,United Kingdom,bournemouth_university,"Academic, Training and Research",80
BD-NAB-557,,active,Bangladesh,thpdb,International NGO,21
UG-NGO-INDR21712234NB,,active,Uganda,ngoforum_01,National NGO,22
ZA-NPO-IT7504-1992-PMB,,active,South Africa,accord_2024,Regional NGO,23
ZA-CIP-1997-015443-07,,active,South Africa,whc,Private Sector,70
GB-CHC-1186748,,active,United Kingdom,nt_2024,International NGO,21
GB-CHC-1159990,,active,United Kingdom,ssap,National NGO,22
GB-COH-09902551,,active,United Kingdom,camco,Private Sector,70
XM-DAC-962,,active,Switzerland,unctad,Multilateral,40
AR-CUIT-30-70806240-1,,active,Argentina,iecs-2024,International NGO,21
GB-HESA-0163,,active,United Kingdom,warwickpub123,"Academic, Training and Research",80
GT-RPJ-21339045,,active,Guatemala,fafg,International NGO,21
XI-ROR-01wk3d929,,active,Indonesia,medicine_ub,"Academic, Training and Research",80
GB-COH-OC423567,,active,United Kingdom,gridworkspartners,Private Sector,70
GB-GOV-27,,active,United Kingdom,mhclg,Government,10
PE-SUNARP-11582738,,active,Peru,cientifica-pe,"Academic, Training and Research",80
PK-VSWA-2028-2002,,active,Pakistan,bveins,National NGO,22
AT-ZVR-482616437,,active,Austria,hope87,National NGO,22
GB-CHC-313392,,active,United Kingdom,nfer,"Academic, Training and Research",80
KE-KRA-P051102229I,,active,Kenya,tdb01,Multilateral,40
GE-NAPR-367,,active,Georgia,curatio,National NGO,22
GB-COH-13697512,,active,United Kingdom,2xglobal,Private Sector,70
SS-RRC-294,,active,South Sudan,capad,National NGO,22
UA-EDR-24719411,,active,Ukraine,argus_kyiv,Private Sector,70
CA-CRA_ACR-892100884,,active,Canada,col,Other Public Sector,15
GB-CHC-210639,,active,United Kingdom,rusi,National NGO,22
XM-OCHA-HPC1888,,active,Somalia,inforaas,National NGO,22
XM-OCHA-HPC6052,,active,Somalia,hirda,National NGO,22
BE-BCE_KBO-0665.649.335,,active,Belgium,seefarfoundation,International NGO,21
XM-OCHA-HPC5902,,active,Somalia,pac_som,International NGO,21
XM-OCHA-HPC3382,,active,Somalia,scc_2025,National NGO,22
SO-COA-107-0079-2025,,active,Somalia,kardo-somalia,National NGO,22
XM-OCHA-HPC10477,,active,Somalia,swvsom,National NGO,22
GB-COH-08524506,,active,United Kingdom,commonseas,Private Sector,70
IN-MHA-5897,,active,India,tlmti,National NGO,22
GH-RGD-CG016822016,,active,Ghana,cdd_admin,National NGO,22
GB-COH-03591514,,active,United Kingdom,tlm_io,International NGO,21
CH-FDJP-CHE109810537,,active,Switzerland,fsd-switzerland_2025,Foundation,60
US-EIN-11-2724905,,active,United States,icfj,International NGO,21
BR-CNPJ-45358058000140,,active,Brazil,ufscar_brasil,"Academic, Training and Research",80
ZA-NPO-012983,,active,South Africa,sci2025,National NGO,22
ZA-CIP-2007-012585-08,,active,South Africa,rdh,International NGO,21
US-EIN-53-0196603,,active,United States,georgetown,"Academic, Training and Research",80
US-EIN-113816205,,active,United States,independent_diplomat,International NGO,21
GB-CHC-1159483,,active,United Kingdom,start-network,International NGO,21
GH-RGD-CG081931122,,active,Ghana,ews-kt_gh,Foundation,60
FR-RCS-42956525200054,,active,France,ri_france,International NGO,21
SO-COA-107-0290-2025,,active,Somalia,hu,National NGO,22
NG-CAC-8270899,,active,Nigeria,sgal,Private Sector,70
US-EIN-52-1398742,,active,United States,cipe_1983,International NGO,21
NL-KVK-32160247,,active,Netherlands,scopeinsight,Private Sector,70
US-EIN-521338892,,active,United States,ndi,International NGO,21
RW-RRA-102234096,,active,Rwanda,afrwanda,Private Sector,70
UG-RSB-80010004091376,,active,Uganda,dwb_africa,Private Sector,70
XI-DUNS-499432771,,active,Ghana,nhrc,"Academic, Training and Research",80
US-SAM-VJ8RGVMEPAT7,,active,United States,new_digital_trade_coalition,National NGO,22
US-EIN-770155782,,active,United States,globalfundforwomen,International NGO,21
MW-NBM-20125698,,active,Malawi,mlw,International NGO,21
XM-DAC-46027,,active,Bolivia,fonplata,Multilateral,40
BF-MATD-N4217,,active,Burkina Faso,abbef,National NGO,22
XI-ROR-04pznsd21,,active,Lebanon,auob,Private Sector,70
XI-IATI-CLAD,,active,Venezuela (Bolivarian Republic of),clad,Multilateral,40
GB-CHC-1180966,,active,United Kingdom,mtuk,National NGO,22
GB-COH-05327824,,active,United Kingdom,tjn,International NGO,21
ZA-CIP-2022-449689-08,,active,South Africa,energycouncilsa,Private Sector,70
FR-INSEE-93282389100019,,active,(No country assigned),piermarc,International NGO,21
KE-RCO-CPR-2014-161876,,active,Kenya,mwa_kenya,National NGO,22
NL-KVK-86795341,,active,Netherlands,clim-eat,Foundation,60
SL-NRA-1136607-8,,active,Sierra Leone,igchr_sierraleone,National NGO,22
SL-OARG-2420280,,active,Sierra Leone,codohsapa,National NGO,22
GB-COH-08195029,,active,United Kingdom,finance_earth,Private Sector,70
US-EIN-52-1780162,,active,United States,ef-2025,International NGO,21
US-EIN-35-2725269,,active,(No country assigned),sfa_foundation,International NGO,21
UG-NGO-INDP51781129NB,,active,Uganda,rac-001,Regional NGO,23
UA-EDR-42661077,,active,Ukraine,imtd_int_11,National NGO,22
GB-COH-00559784,,active,United Kingdom,pirbright_institute,"Academic, Training and Research",80
ET-ERCA-0056106666,,withdrawn,Ethiopia,et-adf-0317,Regional NGO,23
GB-1-201879-115,"Wheeler Institute for Business and Development, Escuela de Negocios de Londres",withdrawn,United Kingdom,wheeler,"Academic, Training and Research",80
