code,name,status,codeforiati:registry-identifier,codeforiati:organisation-type-code,codeforiati:hq-country-or-region,codeforiati:organisation-type
AU-5,Australia - Department of Foreign Affairs and Trade,active,ausgov,10,Australia,Government
44000,The World Bank,active,worldbank,40,(No country assigned),Multilateral
US-EIN-941655673,The William and Flora Hewlett Foundation,active,hewlett-foundation,60,United States,Foundation
41AAA,United Nations Office for Project Services (UNOPS),active,unops,40,(No country assigned),Multilateral
GB-CHC-1038860,Frontline AIDS,active,f-aids,21,United Kingdom,International NGO
XI-IATI-EC_INTPA,European Commission - International Partnerships,active,ec-intpa,15,(No country assigned),Other Public Sector
XI-IATI-EC_DEVCO,European Commission - International Cooperation and Development,withdrawn,ec-devco,15,(No country assigned),Other Public Sector
SE-0,"Sweden, through Swedish International Development Cooperation Agency (Sida)",active,sida,10,Sweden,Government
CA-CRA-89980-1815-RR0001,Engineers Without Borders Canada,active,ewb_canada,21,Canada,International NGO
XM-DAC-41114,United Nations Development Programme (UNDP),active,undp,40,(No country assigned),Multilateral
GB-CHC-1075920,Indigo Trust,active,indtrust,60,United Kingdom,Foundation
GB-CHC-202918,Oxfam GB,active,oxfamgb,21,United Kingdom,International NGO
FI-3,Finland - Ministry for Foreign Affairs,active,finland_mfa,10,Finland,Government
IE-CHY-6663,Self Help Africa,active,self-help-africa,21,Ireland,International NGO
47045,"The Global Fund to Fight AIDS, Tuberculosis and Malaria",active,theglobalfund,40,Switzerland,Multilateral
XM-DAC-46004,Asian Development Bank,active,asdb,40,(No country assigned),Multilateral
46004,Asian Development Bank,withdrawn,asdb,40,(No country assigned),Multilateral
GB-COH-07676886,Publish What You Fund,active,pwyf,21,United Kingdom,International NGO
NO-BRC-977538319,Norwegian Refugee Council,active,nrc,21,Norway,International NGO
NL-KVK-41213450,SPARK,active,spark,21,Netherlands,International NGO
XM-DAC-3-1,"Denmark - Ministry of Foreign Affairs, Danida",active,danida,10,Denmark,Government
GB-CHC-285776,Catholic Agency For Overseas Development (CAFOD),active,cafod,21,United Kingdom,International NGO
47122,"Gavi, the vaccine alliance",active,gavi,30,Switzerland,Public Private Partnership
US-EIN-300108263,GlobalGiving.org,active,globalgiving,21,United States,International NGO
GB-CHC-1029161,Camfed International,active,camfed,21,United Kingdom,International NGO
GB-CHC-291691,All We Can (formerly Methodist Relief and Development Fund),active,allwecan,21,United Kingdom,International NGO
GB-CHC-1074937,ADRA-UK,active,adrauk,21,United Kingdom,International NGO
GB-CHC-1017255,Homeless International,active,hi,21,United Kingdom,International NGO
GB-COH-4905100,Resource Extraction Monitoring,active,rem,21,United Kingdom,International NGO
NP-CRO-45995/063/064,Young Innovations Pvt. Ltd,active,yipl,80,Nepal,"Academic, Training and Research"
GB-CHC-327421,Article19,active,art19,21,United Kingdom,International NGO
GB-CHC-328434,ChildHope UK,active,childhopeuk,21,United Kingdom,International NGO
GB-CHC-1092236,Concern Worldwide UK,active,concernuk,21,United Kingdom,International NGO
GB-COH-4075590,LEAD International,active,lead_international,21,United Kingdom,International NGO
XM-DAC-21033,Transparency International Secretariat,active,transparency-international,21,Germany,International NGO
GB-CHC-1141028,AfriKids,active,afrikids,21,United Kingdom,International NGO
GB-CHC-1089879,EveryChild,active,evc,21,United Kingdom,International NGO
GB-CHC-1126727,MapAction,active,mapaction,21,United Kingdom,International NGO
GB-CHC-254781,The International Children's Trust,active,theict,21,United Kingdom,International NGO
GB-COH-NI21482,Trocaire (Northern Ireland),active,troc,21,United Kingdom,International NGO
GB-CHC-1001698,Interact Worldwide,active,iww_publish,21,United Kingdom,International NGO
GB-CHC-1837621,Health Poverty Action,active,hpa,21,United Kingdom,International NGO
GB-CHC-313139,Africa Educational Trust,active,aet,21,United Kingdom,International NGO
GB-CHC-800672,Living Earth Foundation,active,livingearth12,21,United Kingdom,International NGO
GB-COH-0277068,Fauna & Flora International,active,ffi_publisher,21,United Kingdom,International NGO
GB-CHC-1020488,Children in Crisis,active,cic,21,United Kingdom,International NGO
GB-CHC-1090745,ICA:UK,active,icauk,22,United Kingdom,National NGO
GB-CHC-298316,Build Africa,active,buildafrica,21,United Kingdom,International NGO
GB-CHC-265464,Tearfund,active,tearfund,21,United Kingdom,International NGO
GB-CHC-208724,War on Want,active,waronwant,21,United Kingdom,International NGO
GB-COH-06587734,InterClimate Network,active,icn,21,United Kingdom,International NGO
GB-COH-2082273,World Association for Christian Communication (UK),active,wacc-uk,21,United Kingdom,International NGO
GB-CHC-1064413,African Initiatives,active,ai_1064413,21,United Kingdom,International NGO
GB-COH-05322719,Opportunity International UK,active,opportunity-international-uk,21,United Kingdom,International NGO
GB-SC-SC030289,Mercy Corps Europe,active,mce,21,United Kingdom,International NGO
GB-COH-1100897,Aga Khan Foundation (United Kingdom),active,akfuk73,21,United Kingdom,International NGO
GB-CHC-1001349,Samaritan's Purse UK,active,spuk,21,United Kingdom,International NGO
GB-CHC-327461,Karuna Trust,active,karuna,21,United Kingdom,International NGO
GB-COH-4887855,HealthProm,active,hp_12,21,United Kingdom,International NGO
GB-CHC-207076,Royal Society for the Protection of Birds,active,rspb_,21,United Kingdom,International NGO
GB-CHC-299717,Send a Cow,active,sendacow,21,United Kingdom,International NGO
GB-CHC-1069208,Trust for Africa's Orphans,active,tao-03473165,21,United Kingdom,International NGO
GB-CHC-283302,Agency for Cooperation and Research in Development (ACORD),active,acord,21,United Kingdom,International NGO
GB-CHC-1068839,Bond,active,bond,22,United Kingdom,National NGO
GB-CHC-291824,Twin,active,twin-iati,21,United Kingdom,International NGO
GB-CHC-1059996,Power International,active,power,21,United Kingdom,International NGO
GB-CHC-1102028,Canon Collins Trust,active,canoncollinstrust,21,United Kingdom,International NGO
GB-COH-5419428,Water & Sanitation for the Urban Poor (WSUP),active,wsup,30,United Kingdom,Public Private Partnership
GB-COH-03877777,British International Investment plc,active,bii,15,United Kingdom,Other Public Sector
GB-CHC-328206,Womankind Worldwide,active,womankindworld,21,United Kingdom,International NGO
GB-CHC-281681,"Friends of the Earth England, Wales and Northern Ireland",active,foe_ewni,22,United Kingdom,National NGO
GB-CHC-272465,United Purpose,active,cu,21,United Kingdom,International NGO
GB-CHC-1125948,PONT,active,pont,21,United Kingdom,International NGO
GB-CHC-1138287,Rainforest Foundation UK,active,rfuk,21,United Kingdom,International NGO
41120,UN-Habitat,active,unhabitat,40,(No country assigned),Multilateral
GB-COH-04154075,Penal Reform International,active,pri,21,United Kingdom,International NGO
GB-CHC-288701,WaterAid,active,wateraid,21,United Kingdom,International NGO
GB-CHC-291167,Jeevika Trust,active,jeevika_trust,21,United Kingdom,International NGO
GB-CHC-313757,Voluntary Service Overseas (VSO),active,vso,21,United Kingdom,International NGO
GB-COH-1364201,Plan International UK,active,plan_uk,21,United Kingdom,International NGO
XM-DAC-21032,Population Service International,active,psi,21,United States,International NGO
21032,Population Service International,withdrawn,psi,21,United States,International NGO
GB-COH-213890,Save the Children UK,active,scuk,21,United Kingdom,International NGO
NL-KVK-41198677,Hivos,active,stichting_hivos,21,Netherlands,International NGO
ZA-NPO-061-870,Southern African Catholic Bishops' Conference Aids Office,active,sacbc,23,South Africa,Regional NGO
CH-FDJP-CHE-110347351,The Global Alliance for Improved Nutrition,active,gain,21,Switzerland,International NGO
30001,The Global Alliance for Improved Nutrition,withdrawn,,21,Switzerland,International NGO
GB-CHC-1127206,StreetInvest,active,si,21,United Kingdom,International NGO
GB-CHC-1055436,Conciliation Resources,active,cr,21,United Kingdom,International NGO
GB-CHC-1115482,BRAC UK,active,bracuk,21,United Kingdom,International NGO
ZA-NPO-036-515,Gender Links,active,gl,23,South Africa,Regional NGO
ZA-CIP-2001-005850-08,Gender Links,withdrawn,gl,23,South Africa,Regional NGO
ZA-CIPC-2001/005850/08,Gender Links,withdrawn,gl,23,South Africa,Regional NGO
GB-CHC-218186,Leonard Cheshire Disability,active,lcd_admin,21,United Kingdom,International NGO
GB-COH-3008440,Forests Monitor,active,fm,21,United Kingdom,International NGO
GB-COH-2100867,SOS Sahel International UK,active,sossaheluk,21,United Kingdom,International NGO
GB-CHC-1065705,Survivors Fund (SURF),active,surf,21,United Kingdom,International NGO
GB-CHC-1122924,Developments In Literacy Trust UK,active,diltuk,21,United Kingdom,International NGO
GB-CHC-292506,CARE International UK,active,ciuk,21,United Kingdom,International NGO
GB-CHC-328158,Islamic Relief Worldwide,active,irw,21,United Kingdom,International NGO
GB-CHC-229476,International Planned Parenthood Federation,active,ippf,21,United Kingdom,International NGO
GB-CHC-326568,Charity Projects Ltd (Comic Relief),active,cprojects,60,United Kingdom,Foundation
XM-DAC-41111,United Nations Capital Development Fund,active,uncdf,40,United States,Multilateral
NL-CCI-20081098,BRAC International,withdrawn,bracintl,21,Netherlands,International NGO
GB-CHC-1098106,Relief International UK,active,ri-uk,21,United Kingdom,International NGO
GB-CHC-1071886,TB Alert,active,tbalert,21,United Kingdom,International NGO
XM-DAC-41146,UN Women,active,unw,40,(No country assigned),Multilateral
TZ-BRE-63966,Twaweza,active,twaweza,23,"Tanzania, United Republic of",Regional NGO
GB-CHC-1104287,MicroLoan Foundation,active,mlf,21,United Kingdom,International NGO
GB-CHC-1152010,Child-to-Child,active,ctc,21,United Kingdom,International NGO
GB-CHC-1105851,Christian Aid,active,caid,21,United Kingdom,International NGO
GB-CHC-1139083,Grow Movement,active,growmovement_admin,80,United Kingdom,"Academic, Training and Research"
GB-CHC-1079358,Motivation,active,motivation,21,United Kingdom,International NGO
US-EIN-27-5026293,Disability Rights Fund,active,drf,21,United States,International NGO
US-USAGOV,United States,withdrawn,unitedstates,10,United States,Government
GB-CHC-1081247,WWF-UK,active,wwf-uk,21,United Kingdom,International NGO
GB-COH-1102208,MSI Reproductive Choices,active,msi,21,United Kingdom,International NGO
GB-CHC-207544,Sightsavers,active,ss-org,21,United Kingdom,International NGO
GB-COH-03788027,Triple Line,active,tripleline_crownagents,70,United Kingdom,Private Sector
GB-CHC-1058991,Railway Children,active,rc,21,United Kingdom,International NGO
GB-CHC-1140123,Vision for a Nation Foundation,active,vfan,21,United Kingdom,International NGO
21-PK-WWF,World Wide Fund for Nature - Pakistan,active,wwfpakistan,21,Pakistan,International NGO
NL-KVK-27264198,ActionAid International,active,aai,21,Netherlands,International NGO
XI-IATI-IADB,Inter-American Development Bank,active,iadb,40,(No country assigned),Multilateral
GB-CHC-327519,Zimbabwe Educational Trust,active,zet,21,United Kingdom,International NGO
GB-COH-871954,Practical Action,active,pa,21,United Kingdom,International NGO
GB-CHC-1127488,Restless Development,active,restless,21,United Kingdom,International NGO
GB-COH-2153193,International Alert,active,international-alert,21,United Kingdom,International NGO
DE-1,Germany - Ministry for Economic Cooperation and Development,active,bmz,10,Germany,Government
GB-CHC-1099776,Malaria Consortium,active,malariaconsortium,21,United Kingdom,International NGO
GB-CHC-1078768,People In Aid,active,peopleinaid,21,United Kingdom,International NGO
47135,Climate Investment Funds,active,cif,40,"Bilateral, unspecified",Multilateral
IN-,MAMTA - Health Institute for Mother and Child,active,mamta_himc,22,India,National NGO
ciks,Centre for Indian Knowledge Systems,active,ciks,80,India,"Academic, Training and Research"
GB-CHC-1070684,Cord,active,cord,23,United Kingdom,Regional NGO
GB-GOV-6,UK - Home Office,active,homeoffice,10,United Kingdom,Government
US-EIN-13-2702768,Pact,active,pact,21,United States,International NGO
GB-CHC-1071659,War Child UK,active,wcuk,21,United Kingdom,International NGO
GB-CHC-1107403,GOAL,active,goal,21,Ireland,International NGO
GB-COH-3578127,Ethical Trading Initiative,active,eti,21,United Kingdom,International NGO
GPAF-IMP-031,Development Aid from People to People (DAPP) Malawi,active,dapp,22,Malawi,National NGO
XM-DAC-41122,United Nations Children's Fund (UNICEF),active,unicef,40,(No country assigned),Multilateral
US-IRS-562339052,CDA Collaborative Learning Projects,active,cda,21,United States,International NGO
SL-NRA-1001562-8,"Medical Research Centre (MRC), Sierra Leone",active,mrc-sierra-leone,22,Sierra Leone,National NGO
GB-SC-SC035314,Scotland's International Development Alliance,active,sinda,23,United Kingdom,Regional NGO
XM-DAC-41140,United Nations World Food Programme (WFP),active,wfp,40,Italy,Multilateral
BE-BCE_KBO-0462279234,ACODEV,active,acodev,22,Belgium,National NGO
IE-CHY-6410,Dóchas - Irish Association of Non Governmental Development Organisations,active,dochas,22,Ireland,National NGO
GB-COH-01926828,Farm Africa,active,fa,21,United Kingdom,International NGO
IN-AR-775,Pragya India,active,pragya,22,India,National NGO
GB-CHC-1109789,Y Care International,active,ycare,21,United Kingdom,International NGO
GB-CHC-1115109,Women for Women International (UK),active,wfwiuk,21,United Kingdom,International NGO
GB-CHC-274467,ActionAid UK,active,aauk,21,United Kingdom,International NGO
NG-CAC-5938,Association for Reproductive and Family Health,active,arfh,22,Nigeria,National NGO
XM-DAC-46002,African Development Bank,active,afdb,40,(No country assigned),Multilateral
46002,African Development Bank,withdrawn,afdb,40,(No country assigned),Multilateral
NL-KVK-27327087,Akvo Foundation,active,akvo,21,Netherlands,International NGO
GB-CHC-1043843,Saferworld,active,saferworld,21,United Kingdom,International NGO
XM-DAC-41119,United Nations Population Fund,active,unfpa,40,(No country assigned),Multilateral
41119,United Nations Population Fund,withdrawn,unfpa,40,(No country assigned),Multilateral
NP-DAO-27-127/062/063,Freedom Forum,active,ff,22,Nepal,National NGO
GB-CHC-1045348,Afghanaid,withdrawn,afghanaid,21,United Kingdom,International NGO
NZ-1,New Zealand - Ministry of Foreign Affairs and Trade - New Zealand Aid Programme,active,mfat,10,New Zealand,Government
CA-3,Canada - Global Affairs Canada | Affaires mondiales Canada,active,gac-amc,10,Canada,Government
XI-IATI-EC_FPI,European Commission - Service for Foreign Policy Instruments,active,ec-fpi,15,"Europe, regional",Other Public Sector
XI-IATI-EC_NEAR,European Commission - Neighbourhood and Enlargement Negotiations,active,ec-near,15,(No country assigned),Other Public Sector
ES-DIR3-E04585801,Spain - Ministry of Foreign Affairs and Cooperation,active,maec,10,Spain,Government
GB-COH-1762840,HelpAge International,active,helpage_international,21,United Kingdom,International NGO
SACU,Send a Cow Uganda,active,sacu,22,Uganda,National NGO
XM-DAC-21-1,Ireland - Department of Foreign Affairs,active,irishaid,10,Ireland,Government
GB-GOV-9,UK - Department for Work and Pensions,active,dwp,10,United Kingdom,Government
GB-GOV-GB-9,UK - Department for Work and Pensions,withdrawn,dwp,10,United Kingdom,Government
GB-9,UK - Department for Work and Pensions,withdrawn,dwp,10,United Kingdom,Government
GB-CHC-1120932,Network for Africa,active,network4africa,21,United Kingdom,International NGO
GB-CC-1098893,Blue Ventures Conservation,active,blueventures,21,United Kingdom,International NGO
GB-CHC-1114944,iPartner India,active,ip-india,21,United Kingdom,International NGO
GB-SC-SC037959,Link Community Development Scotland,active,lcds,21,United Kingdom,International NGO
GB-COH-07629751,Digital Campus,active,dc,80,United Kingdom,"Academic, Training and Research"
ZA-NPO-013484,Heifer International South Africa,active,hsa,22,South Africa,National NGO
XI-IATI-EC_ECHO,European Commission - Humanitarian Aid & Civil Protection,active,ec-echo,15,(No country assigned),Other Public Sector
TN-TIN-102123727,CUAMM Trustees,active,cuammtrustees,22,"Tanzania, United Republic of",National NGO
GB-GOV-10,UK - Department of Health and Social Care (DHSC),active,dhsc,10,United Kingdom,Government
GB-CHC-1120413,MICAIA,active,mic-uk,21,United Kingdom,International NGO
US-IRS-13-5661832,Plan International USA,active,plan_usa,21,United States,International NGO
GB-CHC-1096908,Afghanistan and Central Asian Association,active,acaa,21,United Kingdom,International NGO
GB-COH-RC000346,UK - Medical Research Council,active,mrc,10,United Kingdom,Government
KE-NGC-3372,I Choose Life Africa,active,ke-ngc-3372,22,Kenya,National NGO
GB-CHC-1065972,International Rescue Committee UK,active,irc_uk,21,United Kingdom,International NGO
GB-COH-06407873,HTSPE,active,htspe,70,United Kingdom,Private Sector
GB-CHC-1024903,Hospice Africa Ltd,active,hauk,80,United Kingdom,"Academic, Training and Research"
GB-CHC-326859,Able Child Africa,active,ablechildafrica,21,United Kingdom,International NGO
NP-SWC-13712,Global Action Nepal,active,gan,22,Nepal,National NGO
GB-COH-2732176,Adam Smith International,active,asi,70,United Kingdom,Private Sector
US-EIN-131837418,The Foundation Center,active,foundation_center,21,United States,International NGO
GB-COH-4884328,Integrity Action,active,integrity_action,21,United Kingdom,International NGO
CH-4,Switzerland - Swiss Agency for Development and Cooperation (SDC),active,sdc_ch,10,Switzerland,Government
GB-CHC-1078803,Bees for Development Trust,active,beesfordevelopment,21,United Kingdom,International NGO
FR-SIRET-4028868160030,ACTED,active,acted,21,France,International NGO
XM-DAC-7,Netherlands - Ministry of Foreign Affairs,active,minbuza_nl,10,Netherlands,Government
GB-CHC-289036,Emmanuel International UK,active,eiuk,21,United Kingdom,International NGO
GB-CHC-291333,Feed the Minds,active,ftm-291333,21,United Kingdom,International NGO
NP-DAO-27-689/063/064,NGO Federation of Nepal,active,nfn,22,Nepal,National NGO
GB-COH-03259922,Crown Agents Limited,active,cal,70,United Kingdom,Private Sector
GB-COH-04589451,ARK (Absolute Return for Kids),active,ark,21,United Kingdom,International NGO
GB-CHC-290836,APT Action on Poverty,active,apt,21,United Kingdom,International NGO
KE-NGCB-149,SOS Children's Villages Kenya,active,soscvkenya,21,Kenya,International NGO
GB-CHC-1083008,MAG,active,mag,21,United Kingdom,International NGO
GB-CHC-1098752,Target TB,active,targettb,21,United Kingdom,International NGO
XM-DAC-41127,United Nations Office for the Coordination of Humanitarian Affairs (OCHA),active,unocha,40,Switzerland,Multilateral
GB-COH-1858644,DAI Global UK,active,dai-e,70,United Kingdom,Private Sector
GB-CHC-1087997,Stars Foundation,active,starsfoundation,60,United Kingdom,Foundation
NP-SWC-19336,PHASE Nepal,active,phase-nepal,22,Nepal,National NGO
NP-DAO-531/062/063,PHASE Nepal,withdrawn,phase-nepal,22,Nepal,National NGO
FR-6,France - Ministry for Europe and Foreign Affairs,active,france,10,France,Government
XI-IATI-035026724,Hilfswerk Austria Zimbabwe,active,hwa-zm,21,Zimbabwe,International NGO
IE-CHY-15037,Plan Ireland Charitable Assistance Limited,active,plan_ireland,21,Ireland,International NGO
FR-3,Agence Française de Développement,active,afd,15,France,Other Public Sector
GB-CHC-209131,British Council,active,britishcouncil,15,United Kingdom,Other Public Sector
GB-CHC-1128536,Street Child,active,street_child,21,United Kingdom,International NGO
GB-CHC-1081695,Vision Aid Overseas,active,vao,21,United Kingdom,International NGO
GB-COH-03580586-GEC,Girls’ Education Challenge – Fund Manager PwC,active,gecfundmanagerpwc,70,United Kingdom,Private Sector
GB-COH-07669775,GEMS Education Solutions,active,mgcubed,70,Ghana,Private Sector
US-EIN-54-0536100,ChildFund International,active,childfund,21,United States,International NGO
NP-DAO-DANG-18-046/47,Backward Society Education (BASE),active,base_22,22,Nepal,National NGO
GB-CHC-1104458,Theatre for a Change UK,active,tfac,21,United Kingdom,International NGO
GB-CHC-1093861,International Medical Corps UK,active,imc_uk,21,United Kingdom,International NGO
GB-COH-7557881,Social Impact Lab CIC,active,simlab,21,United Kingdom,International NGO
KE-RCO-270901,Education Development Trust,withdrawn,edt_kenya,21,Kenya,International NGO
GB-CHC-213251,Lepra,active,lepra,21,United Kingdom,International NGO
NL-KVK-51018586,Zimmerman Zimmerman,withdrawn,zimmzimm,70,Netherlands,Private Sector
JO-CCD-50544,Arab Reporters for Investigative Journalism,active,arij,80,Jordan,"Academic, Training and Research"
NL-KVK-41188664,ICS,active,ics,21,Netherlands,International NGO
DAC-1601,Gates Foundation,active,bmgf,60,United States,Foundation
NP-SWC-00589,Shtrii Shakti,active,shtrii_shakti,22,Nepal,National NGO
GB-CHC-1085096,Women and Children First (UK),active,wcf,21,United Kingdom,International NGO
MW-NBM-00139,Theatre for a Change Malawi,active,tfacmalawi,22,Malawi,National NGO
NL-KVK-41166983,Center for International Legal Cooperation (CILC),active,cilc,60,Netherlands,Foundation
GB-CHC-1135156,TREE AID,active,treea,21,United Kingdom,International NGO
CA-CRA_ARC-119304848,World University Service of Canada,active,wusc,21,Canada,International NGO
GB-CHC-1154085,Exeter Ethiopia Link,active,eel,21,United Kingdom,International NGO
TZ-BRLA-36057,KPMG Advisory Limited (Tanzania),active,kpmgea,70,"Tanzania, United Republic of",Private Sector
GB-CHC-1053389,Viva,active,viva,21,United Kingdom,International NGO
XM-DAC-47111,Adaptation Fund,active,af,40,United States,Multilateral
47111,Adaptation Fund,withdrawn,af,40,United States,Multilateral
DK-CVR-33985339,Trianglen,active,trianglen,22,Denmark,National NGO
GB-CHC-1094478,Excellent Development,active,excellent,21,United Kingdom,International NGO
GB-CHC-1047501,Action Against Hunger UK,active,acf,21,United Kingdom,International NGO
CA-4,Canada Department of Finance / Ministère des Finances Canada,active,finance_canada,10,Canada,Government
GB-CHC-1105489,Sabre Education Limited,active,sct,21,United Kingdom,International NGO
DE-AG-VR7795,Fairtrade Labelling Organizations International e.V.,active,fairtrade_international,21,Germany,International NGO
NL-KVK-41210098,Both ENDS,active,bothends,22,Netherlands,National NGO
NL-KVK-20093733,Heifer Nederland,active,heifernederland,22,Netherlands,National NGO
GB-CHC-1112699,Teach A Man To Fish,active,tamtf,21,United Kingdom,International NGO
NL-KVK-34141098,Fairfood International,active,fairfood,22,Netherlands,National NGO
NL-KVK-41201806,Transnational Institute,active,tni,60,Netherlands,Foundation
GB-CHC-261488,Amref Health Africa - UK,active,amrefha,21,United Kingdom,International NGO
XI-IATI-CHSA,Association CHS Alliance,active,chs_alliance,21,Switzerland,International NGO
NL-KVK-40535338,Friends of the Earth International,active,foei,21,Netherlands,International NGO
PK-MSW-633-1965,Rahnuma-Family Planning Assocation of Pakistan,active,rfpap,22,Pakistan,National NGO
GB-CHC-1147083,Rojiroti UK,active,rojiroti,21,United Kingdom,International NGO
GB-CHC-1125512,Lively Minds,active,livelyminds,21,United Kingdom,International NGO
NL-KVK-27108436,Oxfam Novib,active,onl,21,Netherlands,International NGO
GB-COH-877338,Institute of Development Studies,active,ids,80,United Kingdom,"Academic, Training and Research"
GB-SC-SC032327,EMMS International,active,emms,21,United Kingdom,International NGO
US-EIN-522043740,"Discovery Learning Alliance, Inc.",active,dla,21,United States,International NGO
GB-CHC-1128267-8,HelpAge International UK,active,ageintl,22,United Kingdom,National NGO
GB-CHC-293734,Christian Engineers in Development,active,ced,21,United Kingdom,International NGO
GB-GOV-7,"UK - Department for Environment, Food and Rural Affairs",active,defra_transparency,10,United Kingdom,Government
BE-BCE_KBO-0447404580,Avocats Sans Frontières,active,asf,22,Belgium,National NGO
US-501c3-522318905,AidData,active,aiddata,80,United States,"Academic, Training and Research"
XM-DAC-701-8,Japan International Cooperation Agency (JICA),active,jica,10,Japan,Government
GB-SC-037597,CIFAL Scotland,active,cifal,80,United Kingdom,"Academic, Training and Research"
GH-RGD-CG220182018,STAR-Ghana Foundation,active,star_ghanafoundation,60,Ghana,Foundation
US-EIN-84-1166148,Water for People,active,w4p,21,United States,International NGO
NL-KVK-27248417,Aqua for All,active,aqua4all,60,Netherlands,Foundation
GB-CHC-1112734,PHASE Worldwide,active,phase_worldwide,21,United Kingdom,International NGO
KE-NGC-9381,Across,active,across,21,Kenya,International NGO
GB-CHC-295224,Muslim Aid,active,muslimaid,21,United Kingdom,International NGO
GB-CHC-250456,Find Your Feet,active,fyf,21,United Kingdom,International NGO
XM-DAC-47501,Global Partnership for Education,active,gpe,40,United States,Multilateral
GB-CHC-1086159,One to One Children's Fund,active,onetoonecf,21,United Kingdom,International NGO
IN-ITA-1886,Micro Insurance Academy,active,mia_india,80,India,"Academic, Training and Research"
GB-CHC-1121273,FRANK Water,active,frankwater,21,United Kingdom,International NGO
GB-COH-3799145,Coffey International Development,active,coffey,70,United Kingdom,Private Sector
GB-COH-04276635,act4africa,active,act4africa,21,United Kingdom,International NGO
NL-KVK-41022454,Stichting Red een Kind,active,redeenkind,21,Netherlands,International NGO
GB-CHC-1096479,ShelterBox,active,shelterbox,21,United Kingdom,International NGO
GB-CHC-1108464,Bees Abroad UK,active,bauk,21,United Kingdom,International NGO
US-EIN-13-5563422,Catholic Relief Services,active,crs,21,United States,International NGO
XM-DAC-41108,International Fund for Agricultural Development (IFAD),active,ifad,40,(No country assigned),Multilateral
GB-CHC-1001813,The HALO Trust,active,halo,21,United Kingdom,International NGO
NL-KVK-56484038,ICCO Cooperation,active,icco-cooperation,21,Netherlands,International NGO
GB-CHC-1077889,Pump Aid,active,pumpaid,21,United Kingdom,International NGO
GB-CHC-328273,Food for the Hungry UK,active,fh,21,United Kingdom,International NGO
GB-CHC-1126550,PEAS (Promoting Equality in African Schools),active,peas,21,United Kingdom,International NGO
UA-EDR-37199602,Kyiv School of Economics and Management,active,kse,80,Ukraine,"Academic, Training and Research"
GB-CHC-270901,Education Development Trust,active,eddevtrust,21,United Kingdom,International NGO
GB-CHC-1122799,Retrak,active,retrak,21,United Kingdom,International NGO
XM-DAC-30010,UNITAID,active,utd,40,Switzerland,Multilateral
GB-SC-044007,Bioclimate Research and Development,active,bioclimate,21,United Kingdom,International NGO
GB-CHC-220949,British Red Cross,active,gb-chc-220949,21,United Kingdom,International NGO
NL-KVK-32108345,CHOICE for Youth and Sexuality,active,cfyas,21,Netherlands,International NGO
NL-KVK-27378529,Netherlands Enterprise Agency (RVO),active,rvo,10,Netherlands,Government
NL-KVK-41180500,SeeYou Foundation,active,syf,21,Netherlands,International NGO
XM-DAC-47086,Private Infrastructure Development Group,active,pidg,40,United Kingdom,Multilateral
GB-CHC-1079599,BasicNeeds,active,basicneeds,21,United Kingdom,International NGO
GB-CHC-1071660,Cecily's Fund,active,cecily,21,United Kingdom,International NGO
NL-KVK-41150298,Amref Health Africa NL,active,amrefnl,22,Netherlands,National NGO
XM-DAC-301-2,Canada - International Development Research Centre/Centre de recherches pour le développement international,active,idrccrdi,15,Canada,Other Public Sector
GB-CHC-1000717,CODA International,active,coda,21,United Kingdom,International NGO
US-EIN-13-3287064,InterAction,active,interaction,21,United States,International NGO
ZA-ROC-1999/05072/08,Desmond Tutu HIV Foundation,active,dthfxx12,80,South Africa,"Academic, Training and Research"
GB-CHC-1143852,Hagar International UK,active,hagar_uk,21,United Kingdom,International NGO
GB-COH-353570,Water Witness International,active,water-witness-international,21,United Kingdom,International NGO
NL-KVK-34200988 (deprecated),RAIN Foundation (former),active,rainfoundation,21,Netherlands,International NGO
NL-KVK-34229026,Stichting Aflatoun International,active,aflatoun,21,Netherlands,International NGO
GB-GOV-8,UK - Ministry of Defence,active,ukmod,10,United Kingdom,Government
ZA-NPO-025-359,mothers2mothers,active,m2m_sa,21,South Africa,International NGO
NL-KVK-34214586,partos,active,partos_nl,22,Netherlands,National NGO
XM-DAC-41304,"United Nations Educational, Scientific and Cultural Organization (UNESCO)",active,unesco,40,France,Multilateral
GB-CHC-1157009,Abaseen Foundation UK,active,abaseen,21,United Kingdom,International NGO
ML-NIF-086108989R,Association de Soutien au Développement des Activités de Population,active,asdap,22,Mali,National NGO
BD-NAB-0203,"Association for Prevention of Septic Abortion, Bangladesh (BAPSA)",active,bapsa,22,Bangladesh,National NGO
GB-CHC-1069182,International Service,active,unais,21,United Kingdom,International NGO
GB-COH-06133927,Avanti Communications Plc,active,ava_admin,70,United Kingdom,Private Sector
GH-DSW-258,Friends of the Earth-Ghana,active,foe-ghana,22,Ghana,National NGO
XM-DAC-918-3,European Investment Bank,active,eib,40,(No country assigned),Multilateral
GB-CHC-1084729,World Child Cancer UK,active,wccuk,21,United Kingdom,International NGO
MZ-MOJ-F2G1No4,Magariro,active,magariro,22,Mozambique,National NGO
XI-IATI-EBRD,European Bank for Reconstruction and Development,active,ebrd,40,"Bilateral, unspecified",Multilateral
GB-CHC-000391,The Open University,active,open_university,80,United Kingdom,"Academic, Training and Research"
GB-CHC-1038785,Mifumi UK,active,mifumi_uk,21,United Kingdom,International NGO
GB-CHC-1094272,Project Harar,active,phe,21,United Kingdom,International NGO
XM-DAC-77,Romania Ministry of Foreign Affairs,active,uasd,10,Romania,Government
XI-IATI-1001,The Coca-Cola Export Corporation,active,tccec,70,United States,Private Sector
GB-CHC-1125217,Welbodi Partnership,active,welbodipartnership,80,United Kingdom,"Academic, Training and Research"
FI-PRO-143138,Kepa ry,active,kepa,22,Finland,National NGO
KE-NCB-OP/218/051/915/65,Windle Trust Kenya,active,wtk,22,Kenya,National NGO
NL-KVK-41048542,Stichting Agriterra,active,agriterra,60,Netherlands,Foundation
UG-NGB-5914-7209,Cheshire Services Uganda,withdrawn,csu,22,Uganda,National NGO
GB-CHC-1150214,Carers Worldwide,active,cww,21,United Kingdom,International NGO
GB-CHC-1054369,KwaAfrica,active,kwaafrica,21,United Kingdom,International NGO
KE-NGC-663,Adventist Development and Relief Agency (ADRA Somalia),active,adrasom,21,Somalia,International NGO
MZ-MOJ-F30G1No89,ANDA,active,anda,22,Mozambique,National NGO
GB-CHC-1117528,Haiti Hospital Appeal,active,hha,21,United Kingdom,International NGO
NL-KVK-30285304,Stichting Humana,active,humana_houben,21,Netherlands,International NGO
GB-CHC-1148404,Internews Europe,active,ieu,21,United Kingdom,International NGO
NL-KVK-41217404,GPPAC Foundation,active,gppac,21,Netherlands,International NGO
GB-COH-NI011322,War on Want NI,active,wowni,21,United Kingdom,International NGO
GB-CHC-1123946,Youth Business International,active,ybi,21,United Kingdom,International NGO
GB-CHC-1049160,Anti-Slavery International,active,asil,21,United Kingdom,International NGO
XM-DAC-2-10,Belgian Development Cooperation,active,be-dgd,10,Belgium,Government
GB-COH-1110949,Mott MacDonald Limited,active,mml,70,United Kingdom,Private Sector
US-EIN-941191246,The Asia Foundation,active,taf,21,United States,International NGO
GB-CHC-1129603,Cyan International,active,cyan,21,United Kingdom,International NGO
GB-SC-SC012302,Scottish Catholic International Aid Fund (SCIAF),active,sciaf,21,United Kingdom,International NGO
GB-CHC-1151615,Signal,active,signal,21,United Kingdom,International NGO
CH-FDJP-CHE109668357,Lemann Foundation,active,lemann,60,Switzerland,Foundation
UG-NGB-5914-9186,CRANE,active,crane,22,Uganda,National NGO
GB-CHC-1076235,BBC Media Action,active,bbcmediaaction,21,United Kingdom,International NGO
US-EIN-20-4451390,Natural Resource Governance Institute (NRGI),active,nrgi,21,United States,International NGO
SK-ZRSR-31784828,Pontis Foundation,active,pontis,60,Slovakia,Foundation
NO-BRC-971277882,Norad - Norwegian Agency for Development Cooperation,active,norad,10,Norway,Government
US-EIN-20-3690821,Rights and Resources Initaitive,active,rri,21,United States,International NGO
KE-RCO-C95110,Kenya Community Development Foundation,active,kcdf,60,Kenya,Foundation
US-EIN-81-3014704,Syria Justice and Accountability Centre (SJAC),active,sjac,22,United States,National NGO
XI-IATI-5914-1107,Stromme Foundation,active,stromme_ug,22,Uganda,National NGO
GB-CHC-1122299,interburns,active,interburns,21,United Kingdom,International NGO
GB-COH-06368740,Development Initiatives Poverty Research,active,dipr,21,United Kingdom,International NGO
GB-CHC-294329,Progressio (closed),active,progressio,21,United Kingdom,International NGO
US-EIN-52-1826242,Tanager,active,tan,21,United States,International NGO
CA-CRA_ACR-127202349,The International Institute for Sustainable Development,active,iisd,21,Canada,International NGO
GB-GOV-24,Office for National Statistics,active,ons,10,United Kingdom,Government
GB-CHC-285908,World Vision UK,active,wvuk,21,United Kingdom,International NGO
GB-COH-3031674,Traidcraft Exchange,active,traidcraft,21,United Kingdom,International NGO
DE-CR-RA000217-HRB157125B,Wayamo Foundation,active,wayamo,21,Germany,International NGO
GB-COH-294860,ADD International (Action on Disability and Development),active,addinternational,21,United Kingdom,International NGO
GB-CHC-1076497,Sense International,active,sense_international,21,United Kingdom,International NGO
GB-CHC-1142476,Friends of Kipkelion,active,kipkelion,23,Kenya,Regional NGO
GB-CHC-1050327,The Leprosy Mission England and Wales,active,tlmew,21,United Kingdom,International NGO
NL-KVK-41155934,Stichting VSO Nederland,active,vso_nl,21,Netherlands,International NGO
GB-CHC-1089490,Hope and Homes for Children,active,hhc,21,United Kingdom,International NGO
GB-CHC-1156822,Welsh Centre for International Affairs,active,wcia,22,United Kingdom,National NGO
KE-NCB-OP218051200904966065,Pan African Climate Justice Alliance,active,pacja,21,Kenya,International NGO
GB-COH-11126312,Global Disability Innovation Hub,active,gdihub,80,United Kingdom,"Academic, Training and Research"
GB-COH-OC301540,KPMG LLP,active,kpmgllp,70,United Kingdom,Private Sector
GB-COH-05393391,Global Alliance for Livestock Veterinary Medicines,active,galvmed,21,United Kingdom,International NGO
GB-CH-05393391,Global Alliance for Livestock Veterinary Medicines,withdrawn,galvmed,21,United Kingdom,International NGO
UG-NGB-63360,Protecting Families Against HIV/AIDS,active,prefa_1,22,Uganda,National NGO
NL-KVK-27293385,"WO=MEN, Dutch Gender Platform",active,wo-men,22,Netherlands,National NGO
VN-MOST-A399,Center for Development and Integration,active,cdi_vn_2021,22,Viet Nam,National NGO
IN-MCA-U74999DL2004NPL131340,Oxfam India,active,oxfamindia,22,India,National NGO
GB-SC-035056,International Primary Care Respiratory Group,active,ipcrg,80,United Kingdom,"Academic, Training and Research"
NL-KVK-41217595,Stichting ActionAId,active,aanl,21,Netherlands,International NGO
DK-CVR-88136411,Oxfam IBIS,active,ibis_denmark,21,Denmark,International NGO
NL-KVK-41160054,Cordaid,active,cordaid,21,Netherlands,International NGO
NP-SWC-27693,Aasaman Nepal,active,aasaman,22,Nepal,National NGO
MZ-MOJ-203D,Alfalit,active,alfalit,22,Mozambique,National NGO
NL-KVK-08215619-201210000,Kadaster International,active,kad,10,Netherlands,Government
NL-KVK-41077447,ECDPM,active,ecdpm,80,Netherlands,"Academic, Training and Research"
GB-CHC-1067406,Doctors of the World UK,active,dotw_uk,21,United Kingdom,International NGO
GB-CHC-1046001,Disability and Development Partners,active,ddp,21,United Kingdom,International NGO
PK-NTN-6110190392611,Allergy and Asthma Institute Pakistan,active,aaip,80,Pakistan,"Academic, Training and Research"
GB-CHC-1113868,Hand in Hand International,active,handinhand,21,United Kingdom,International NGO
BD-NAB-1301,Transparency International Bangladesh,active,tib,22,Bangladesh,National NGO
BE-BCE_KBO-0464019195,APOPO,active,apopo,21,Belgium,International NGO
NL-KVK-61172863,Stichting fondsbeheer DGGF lokaal MKB,active,dggf_financing_local_smes,60,Netherlands,Foundation
US-EIN-042347643,Abt Associates Inc,active,abt,70,United States,Private Sector
XM-DAC-84,"Lithuania, Ministry of Foreign Affairs",active,lithuania_mfa,10,Lithuania,Government
IE-CHY-6998,Christian Aid Ireland,active,caid_ireland,21,Ireland,International NGO
NL-KVK-34308169,Free a Girl,active,freeagirl,60,Netherlands,Foundation
XI-IATI-1002,United Mission to Nepal,active,umn,21,Nepal,International NGO
GB-COH-1134415,MADE in Europe,active,mie-1134415,21,United Kingdom,International NGO
GB-CHC-214779,The Salvation Army International Development UK,active,said-uk,21,United Kingdom,International NGO
US-EIN-13-3287064NAM,InterAction's NGO Aid Map,withdrawn,ia_nam,21,United States,International NGO
GB-CHC-1145119,Varkey Foundation,active,varkeyfoundation,21,Ghana,International NGO
NL-KVK-34197379,dance4life,active,dance4life,21,Netherlands,International NGO
US-EIN-95-3202116,World Vision International,active,wvi,21,United States,International NGO
GB-CHC-1105277,Learning for Life,active,learningforlife,21,United Kingdom,International NGO
GB-CHC-1061352,Orbis Charitable Trust,active,orbis_uk,21,United Kingdom,International NGO
GB-GOV-21,UK - Scottish Government,active,scottish_government,10,United Kingdom,Government
GB-COH-2695347,Options Consultancy Services,active,options,70,United Kingdom,Private Sector
NL-KVK-41149287,Terre des Hommes Netherlands,active,tdh_nl,21,Netherlands,International NGO
GB-CHC-1110434,Wellfound,active,wellfound,21,United Kingdom,International NGO
NL-KVK-41149486,Stichting Vluchteling,active,st_vluchteling,21,Netherlands,International NGO
GB-CHC-1133342,Zing,active,zing,60,United Kingdom,Foundation
NL-KVK-41009723,ZOA,active,zoa,21,Netherlands,International NGO
NL-KVK-41223308,Stichting Onderzoek Multinationale Ondernemingen (SOMO),active,somo,80,Netherlands,"Academic, Training and Research"
NL-KVK-06702132,WYG International B.V.,active,wygi,70,United Kingdom,Private Sector
GB-COH-1869600,Itad,active,itad,70,United Kingdom,Private Sector
GB-COH-03122495,Oxford Policy Management,active,opml,70,United Kingdom,Private Sector
GB-COH-SC301345,Upper Quartile,active,uq,70,United Kingdom,Private Sector
NL-KVK-32037590,International Procurement Agency,active,ipa,70,Netherlands,Private Sector
GB-COH-02768268,Cadmus International UK Limited,active,nathan,70,United Kingdom,Private Sector
GB-COH-5155300,Alcis Holdings Limited,active,alcis,70,United Kingdom,Private Sector
mz-moj-64vq1,Ajuda de Desenvolvimento de Povo para Povo (ADPP),active,adpp,22,Mozambique,National NGO
GB-COH-2394229,Palladium International Ltd (UK),active,palladium,70,United Kingdom,Private Sector
FI-PRO-1498487-2,Plan International Finland,active,planinternationalfinland,21,Finland,International NGO
NL-KVK-41193594,Rutgers,active,rutgers,21,Netherlands,International NGO
GB-COH-00637978,Maxwell Stamp PLC,active,mstamp,70,United Kingdom,Private Sector
KE-NCB-218-051-9341-334,African Academy of Sciences,active,aas,21,Kenya,International NGO
GB-CHC-1101217,LAMB Health Care Foundation,active,lhcf,22,United Kingdom,National NGO
GB-COH-03580586,PwC,active,pwc,70,United Kingdom,Private Sector
GB-CHC-1048007,Link Community Development International,active,lcdi_admin,21,United Kingdom,International NGO
NG-CAC-RC481360,The Convention on Business Integrity,active,cbi-nigeria,21,Nigeria,International NGO
GB-COH-1574821,Landell Mills,active,landell-mills,70,United Kingdom,Private Sector
GB-COH-00986729,"Natural Resources Institute, University of Greenwich.",active,nri,80,United Kingdom,"Academic, Training and Research"
NL-KVK-41215393,War Child Netherlands,active,warchildholland,21,Netherlands,International NGO
GB-COH-01245534,Atos IT Services Ltd,active,atosuk,70,United Kingdom,Private Sector
NL-KVK-41158230,CARE Nederland,active,carenederland,21,Netherlands,International NGO
GB-COH-03613839,IOD PARC,active,iodparc,70,United Kingdom,Private Sector
NL-KVK-41210820,Clean Clothes Campaign,active,ccc,21,Netherlands,International NGO
GB-COH-FC012665,McKinsey & Company,active,mck,70,(No country assigned),Private Sector
GB-COH-08327972,Aktis Strategy Ltd,active,aktis,70,United Kingdom,Private Sector
NL-KVK-41236410,Dorcas Aid International,active,dai,21,Netherlands,International NGO
US-GOV-18,Millennium Challenge Corporation,active,millenniumchallenge,10,United States,Government
US-18,Millennium Challenge Corporation,withdrawn,millenniumchallenge,10,United States,Government
NL-KVK-41202535,Mama Cash,active,mamac,60,Netherlands,Foundation
GB-COH-8835431,Simprints,active,simprints,21,United Kingdom,International NGO
GB-CHC-1158206,Water Works,active,waterworks,21,United Kingdom,International NGO
NL-KVK-30214009,PAX,active,pax,21,Netherlands,International NGO
NL-KVK-27284008,DECP,active,decp,22,Netherlands,National NGO
CO-CCB-00159397,Urgent Action Fund Latin America and the Caribbean,active,uafla,23,Colombia,Regional NGO
US-EIN-03-0419743,Urgent Action Fund for Women's Human Rights,active,uaf,21,United States,International NGO
NL-KVK-41177385,TEAR fund Nederland,active,tear,22,Netherlands,National NGO
NL-KVK-41152786,SNV Netherlands Development Organisation,active,snv,21,Netherlands,International NGO
NL-KVK-41167934,Stichting Kinderpostzegels Nederland,active,skn,21,Netherlands,International NGO
US-EIN-522044704,Aeras,active,aeras,21,United States,International NGO
US-EIN-06-1597-668,Just Associates,active,jass,21,United States,International NGO
IN-MHA-083781496,Fight Hunger Foundation,active,fhf,22,India,National NGO
US-EIN-521291786,Association for Women's Rights in Development (AWID),active,awid,21,United States,International NGO
NL-KVK-41179943,World Vision Netherlands,active,wvnld,60,Netherlands,Foundation
NL-KVK-41201463,Save the Children Netherlands,active,scnl,21,Netherlands,International NGO
NL-KVK-41151952,IRC,active,irc,21,Netherlands,International NGO
XM-OCHA-CERF,United Nations Central Emergency Response Fund (CERF),active,cerf,40,United States,Multilateral
NL-KVK-34106722,AWEPA,active,awepa,21,Netherlands,International NGO
NL-KVK-40594571,Simavi,active,simavi,60,Netherlands,Foundation
NL-KVK-41118168,Stichting Woord en Daad,active,w-d,21,Netherlands,International NGO
NL-KVK-41198890,Plan International Netherlands,active,plannlno,21,Netherlands,International NGO
XI-IATI-OFID,The OPEC Fund for International Development (OFID),active,ofid,40,Austria,Multilateral
XI-IATI-CWSEC,The Commonwealth Secretariat,active,commonwealthsecretariat,40,(No country assigned),Multilateral
NL-KVK-41201644,Wemos Foundation,active,wemos,21,Netherlands,International NGO
US-EIN-26-1931968,Promundo-US,active,pmo-us,21,United States,International NGO
NL-KVK-33185213,Royal Tropical Institute,active,kit,21,Netherlands,International NGO
NL-KVK-41207580,Stichting Health Action International,active,hai,60,Netherlands,Foundation
NI-MIGOB-3602,Fondo Centroamericano de Mujeres,active,fcam,60,Nicaragua,Foundation
NL-KVK-34159275,UTZ,active,utz,21,Netherlands,International NGO
NL-KVK-41207989,Aidsfonds - Soa Aids Nederland,active,nl-kvk-41207989,21,Netherlands,International NGO
UG-RSB-73316,African Centre for Global Health and Social Transformation,active,achest,21,Uganda,International NGO
ZW-PVO-WO1789,Family Aids Caring Trust,active,fact,22,Zimbabwe,National NGO
GB-CHC-222655,Liverpool School of Tropical Medicine,active,lstm,80,United Kingdom,"Academic, Training and Research"
KE-NCB-200201282375,Urgent Action Fund-Africa,active,uaf-africa,23,Kenya,Regional NGO
GB-CHC-1142516,ColaLife,active,colalife,22,United Kingdom,National NGO
XM-DAC-47059,International Development Law Organization (IDLO),active,idlo,40,Italy,Multilateral
NL-KVK-41149831,Mensen met een Missie,active,mm1,22,Netherlands,National NGO
NL-KVK-30204842,Netherlands Food Partnership,active,nfp,60,Netherlands,Foundation
NL-KVK-41208813,Defence for Children International Netherlands - ECPAT Netherlands,active,dciecpatnl,22,Netherlands,National NGO
XM-DAC-41302,International Labour Organization (ILO),active,ilo,40,Switzerland,Multilateral
NL-KVK-27189542,Netherlands Institute for Multiparty Democracy (NIMD),active,nimd-hq,21,Netherlands,International NGO
NL-KVK-40530467,Milieudefensie,active,foenl,22,Netherlands,National NGO
US-EIN-47-4128047,Friends of Publish What You Fund,active,friendsofpwyf,21,United States,International NGO
BD-ROC-S-12313,Bangladesh Primary Care Respiratory Society,active,bpcrs,80,Bangladesh,"Academic, Training and Research"
NL-KVK-58183167,Healthy Entrepreneurs Foundation,active,hefoundation,60,Netherlands,Foundation
KE-NCB-93175,Amref Health Africa in Kenya,active,amrefkenya,21,Kenya,International NGO
NL-KVK-41150939,Solidaridad Europe,active,solidaridad-europe,21,Netherlands,International NGO
UG-RSB-29587,The Uganda Association of Women Lawyers ( FIDA Uganda),active,fidauganda,22,Uganda,National NGO
US-EIN-31-1812979,CREA,active,creausa-org,21,India,International NGO
NL-KVK-52957535,Free Press Unlimited,active,free_press_unlimited,21,Netherlands,International NGO
NL-KVK-41172933,WASTE advisers on urban environment and development,active,waste,60,Netherlands,Foundation
FR-SIRET-77566669600015,SECOURS CATHOLIQUE - CARITAS FRANCE,active,sccf,21,France,International NGO
GB-CHC-1062638,Disasters Emergency Committee,active,dec-uk,22,United Kingdom,National NGO
US-EIN-91-1179750,Peace Brigades International,active,pbi_io,21,United States,International NGO
NL-KVK-40409352,Netherlands Red Cross,active,nlrc,21,Netherlands,International NGO
XI-IATI-IKI,International Climate Initiative / BMU - IKI Secretariat,active,bmu_iki,10,Germany,Government
NL-KVK-51756811,Solidaridad,active,solidaridad,21,Netherlands,International NGO
NL-KVK-34111374,Fair Wear Foundation,active,fwf,21,Netherlands,International NGO
NL-KVK-40530953,Amnesty International The Netherlands,active,amnesty,21,Netherlands,International NGO
NL-KvK-41177601,Mondiaal FNV (Stichting),active,mondiaalfnv,22,Netherlands,National NGO
NL-KVK-41177588,WNF Wereld Natuur Fonds,active,wnf,21,Netherlands,International NGO
AU-ACNC-19242959685,International Women's Development Agency,active,iwda,21,Australia,International NGO
NL-KVK-41180885,IUCN Nederlands Comité,active,iucn_nl,21,Netherlands,International NGO
NL-KVK-41155305,Tropenbos International,active,tbi,21,Netherlands,International NGO
ZA-PBO-064-502,Sonke Gender Justice,active,sjg,21,South Africa,International NGO
NL-KVK-27267681,Red Cross Red Crescent Climate Centre,active,climate_centre,21,Netherlands,International NGO
NL-KVK-9099028,Wetlands International,active,wi,21,(No country assigned),International NGO
PK-VSWA-511-2007,Acid Survivors Foundation,active,_admin,22,Pakistan,National NGO
NL-KVK-54436222,CNV Internationaal,active,nl-kvk-54436222-27541,22,Netherlands,National NGO
GB-COH-01846493,AECOM,active,aecom,70,United Kingdom,Private Sector
GB-CHC-1160256,READ Foundation,active,read-foundation,21,United Kingdom,International NGO
BE-BCE_KBO-0410057701,Institute of Tropical Medicine,active,itm,15,Belgium,Other Public Sector
ZW-ROD-2172,GALZ,active,galz,22,Zimbabwe,National NGO
BE-BCE_KBO-0264814354,Belgian development agency (Enabel),active,enabel,10,Belgium,Government
GB-CHC-287287,Centre for Economic Policy Research,active,cepr,22,United Kingdom,National NGO
NL-KVK-41197577,SOS Children's Villages The Netherlands,active,sosnl,60,Netherlands,Foundation
NL-KVK-41211943,HealthNet TPO,active,healthnet,21,Netherlands,International NGO
GB-SC-SCO45223,Mary's Meals,active,marysmeals,21,United Kingdom,International NGO
AF-MOE-1212,Afghanistan Public Policy Research Organization (APPRO),active,appro-af,80,Afghanistan,"Academic, Training and Research"
GB-COH-04105827,MannionDaniels,active,manniondaniels,70,United Kingdom,Private Sector
BE-GTCF-630789842,APPRO-Europe,active,appro-eu,80,Belgium,"Academic, Training and Research"
NL-KVK-27195046,VNG International,active,vngi,15,Netherlands,Other Public Sector
KE-RCO-C1-61,Amref Health Africa Headquarters,active,amrefhq,21,Kenya,International NGO
NL-KVK-09098104,Wageningen University & Research - Stichting Wageningen Research,active,wageningen_ur,80,Netherlands,"Academic, Training and Research"
NL-KVK-27078545,FMO,active,fmo,30,Netherlands,Public Private Partnership
GB-COH-03846881,Social Development Direct Limited,active,sddirect,70,United Kingdom,Private Sector
XI-IATI-CABI,CABI,active,cabi,40,(No country assigned),Multilateral
US-EIN-52-1764268,BSR,active,bsr_admin,21,United States,International NGO
GB-COH-07964746,Satellite Applications Catapult Ltd,active,satelliteapplicationscatapultltd,70,United Kingdom,Private Sector
GB-COH-11080032,MedAccess Guarantee Limited,active,medaccess,70,United Kingdom,Private Sector
NL-KVK-40530156,COC Nederland,active,cocnl_publisher,22,Netherlands,National NGO
NL-KVK-41078390,European Journalism Centre,active,ejc,22,Netherlands,National NGO
KR-GOV-010,Republic of Korea,active,odakorea,10,Korea (Republic of),Government
ET-MFA-0001989741,Amref Health Africa in Ethiopia,active,amrefeth,21,Ethiopia,International NGO
GB-COH-02651349,DT Global UK,active,imcw_admin,70,United Kingdom,Private Sector
IN-MCA-U74140DL1998PLC097579,IPE Global Limited,active,ipeglobal,70,India,Private Sector
GB-CHC-209603,Royal National Lifeboat Institution (RNLI),active,rnli_international,21,United Kingdom,International NGO
GB-COH-05543952,Cardno Emerging Markets,active,cardnoem,70,United Kingdom,Private Sector
MW-NBM-R1527,Amref Health Africa Malawi,active,amrefmw,22,Malawi,National NGO
XI-IATI-WAI,WASH Alliance International,active,wai,21,Netherlands,International NGO
GB-CHC-1148143,Stakeholder Democracy Network,active,sdn,21,United Kingdom,International NGO
GB-COH-04354941,Sound Seekers Limited,active,soundseekers,21,United Kingdom,International NGO
US-DOS-64562614,One Acre Fund,active,oneacrefund,21,(No country assigned),International NGO
MW-CNM-BCM-CF,Baylor College of Medicine Children's Foundation Malawi,active,bcm-cf,22,Malawi,National NGO
UG-NGB-5914-252,Amref Health Africa in Uganda,active,amrefug,22,Uganda,National NGO
GB-CHC-228248,ODI Global,active,odi,80,United Kingdom,"Academic, Training and Research"
NL-KVK-53521129,"IDH, the Sustainable Trade Initiative",active,idh,21,Netherlands,International NGO
MW-CNM-C076-1999,Youth Net and Counselling - YONECO,active,yoneco1997,22,Malawi,National NGO
XM-DAC-69-1,Ministry of Foreign and European Affairs of the Slovak Republic,active,slovakaid,10,Slovakia,Government
US-EIN-20-1173866,Omidyar Network Fund Inc.,active,omidyarnetwork,60,United States,Foundation
CA-CRA_ACR-101182509,Cowater International Inc,active,cowater,70,Canada,Private Sector
ZA-NPO-057-611,Natural Justice,active,nj_1,23,South Africa,Regional NGO
FI-PRO-139407,Caritas Finland,active,caritasfin,22,Finland,National NGO
XM-DAC-903,International Finance Corporation,active,ifcwbg,40,United States,Multilateral
US-EIN-550825466,IntraHealth International,active,intrahealth,21,United States,International NGO
NL-KVK-855689493,Stichting Mayday Rescue Foundation,active,maydayrescue,60,Netherlands,Foundation
GB-COH-08828458,International Network of People who Use Drugs (INPUD),active,inpud_admin,21,United Kingdom,International NGO
US-EIN-13-4128413,Global Alliance for TB Drug Development,active,tb-a,80,United States,"Academic, Training and Research"
NL-KVK-41146461,Stichting Deltares,active,deltares,60,Netherlands,Foundation
NO-BRC-871033552,Norwegian People's Aid,active,npa,21,Norway,International NGO
GB-CHC-1145640,The Queen Elizabeth Diamond Jubilee Trust,active,qedjt,60,United Kingdom,Foundation
ZA-PBO-930040668,Orbis Africa,active,orbis_africa,21,South Africa,International NGO
XM-DAC-1409,Enhanced Integrated Framework,active,eif,40,Switzerland,Multilateral
IM-CR-024714B,openmindedly,active,openmindedly,70,Isle of Man,Private Sector
GB-COH-08333641,Delivery Associates Ltd,active,delivery_associates,70,United Kingdom,Private Sector
XM-DAC-41110,United Nations Joint Programme on HIV and AIDS Secretariat (UNAIDS),active,unaids,40,Switzerland,Multilateral
NL-KVK-41209946,Mainline,active,mainline,60,Netherlands,Foundation
GB-COH-SC100833,LTS International Limited,active,lts,70,United Kingdom,Private Sector
GB-CHC-1126281,Human Relief Foundation,active,hrf,21,United Kingdom,International NGO
US-EIN-262681792,International Initiative for Impact Evaluation,active,3ie,21,United States,International NGO
BE-BCE_KBO-0453975341,Search for Common Ground (SFCG),active,sfcg,21,Belgium,International NGO
BE-BCE_KBO-0453475391,Search for Common Ground (SFCG),withdrawn,sfcg,21,Belgium,International NGO
US-EIN-13-5660870,The International Rescue Committee,active,irc_inc,21,United States,International NGO
NP-SWC-27288,Burns Violence Survivors - Nepal,active,bvs-nepal,22,Nepal,National NGO
US-EIN-13-3960591,Social Accountability International,active,social_accountability_international,21,United States,International NGO
NL-KVK-56083459,Women Peacemakers Program,active,wpp,21,Netherlands,International NGO
GB-COH-01650169,Ecorys UK,active,ecuk,70,United Kingdom,Private Sector
US-EIN-471065461,The Global Forum on MSM & HIV (MSMGF),active,msmgf,21,United States,International NGO
US-EIN-56-1071085,Ipas,active,ipas,21,United States,International NGO
NG-CAC-495140,Women Environmental Programme,active,wep,22,Nigeria,National NGO
DK-CVR-36980214,DanChurchAid,active,dca,21,Denmark,International NGO
NL-KVK-41214768,Global Network of People Living with HIV (GNP+),active,gnpplus,21,Netherlands,International NGO
BO-NIT-1013209020,"World Wildlife Fund Inc, Bolivia Program Office",active,wwf_bolivia,21,Bolivia,International NGO
GB-COH-08705643,Innovate UK KTN,active,ktn,15,United Kingdom,Other Public Sector
GB-COH-SC349355,Global Network of Sex Work Projects (NSWP),active,nswp,21,United Kingdom,International NGO
NL-KVK-34219433,Max Foundation,active,max-foundation,60,Netherlands,Foundation
CH-FDJP-66029860165,INTERNATIONAL DISABILITY ALLIANCE,active,ida,21,Switzerland,International NGO
US-EIN-27-5026463,Disability Rights Advocacy Fund,active,draf,21,United States,International NGO
DK-CVR-29439915,Caritas Denmark,active,caritas_denmark,22,Denmark,National NGO
NL-KVK-66926262,Win Win Strategies,active,wws,21,Netherlands,International NGO
GB-COH-03054929,DAI Global Health,active,healthpartners-international,70,United Kingdom,Private Sector
GB-COH-OC305127,BDO LLP,active,bdo,70,United Kingdom,Private Sector
US-EIN-203908371,World Economic Forum,active,worldeconomicforum,21,United States,International NGO
BW-CIPA-CO20151011,International Treatment Preparedness Coalition (ITPC),active,itpc,21,Botswana,International NGO
TZ-BRLA-4368,Amref Health Africa in Tanzania,active,amreftz,21,"Tanzania, United Republic of",International NGO
US-EIN-52-1238773,Women's Environment & Development Organization,active,wedo,21,United States,International NGO
GB-COH-NI630024,Siren Associates,active,siren,70,United Kingdom,Private Sector
GB-COH-8159144,Construction Sector Transparency Initiative (CoST),active,cost_uk,21,(No country assigned),International NGO
NL-KVK-32022621,Stichting RNW Media,active,rnw_org,21,Netherlands,International NGO
BE-BCE_KBO-0550758080,European Institute of Peace,active,eip,15,Belgium,Other Public Sector
NL-KVK-33226495,Atradius Dutch State Business,active,adsb,70,Netherlands,Private Sector
ZA-NPO-029-864,CIVICUS World Alliance for Citizen Participation,active,civicus,21,South Africa,International NGO
NG-CAC-IT-23286,Centre For Citizens With Disabilities,active,ccdnigeria,22,Nigeria,National NGO
XI-IATI-UNPF,UN Pooled Funds,active,unpf,40,(No country assigned),Multilateral
CH-FDJP-66006990023,ACT Alliance,active,act_alliance,21,Switzerland,International NGO
NL-KVK-30258482,Kerk in Actie,active,kerk_in_actie,21,Netherlands,International NGO
XM-DAC-47064,International Network for Bamboo and Rattan (INBAR),active,inbar,40,(No country assigned),Multilateral
NL-KVK-27251823,Support Trust for Africa Development (STAD),active,stad,21,Netherlands,International NGO
XM-DAC-5-52,Germany GIZ Non BMZ,active,giz,15,Germany,Other Public Sector
XM-DAC-236,Ministère de l'Economie et des Finances du Bénin,active,mefbenin,10,Benin,Government
DK-CVR-44623528,COWI,active,cowi,15,Denmark,Other Public Sector
NL-KVK-34148682,AFEW International,active,afewinternational,21,Netherlands,International NGO
XM-DAC-30011,International Union for Conservation of Nature and Natural Resources,active,iucn,15,Switzerland,Other Public Sector
BJ-IFU-3200700033415,Société Nationale des eaux du Bénin (SONEB),active,soneb-benin,15,Benin,Other Public Sector
LB-MOI-18291,Arab foundation for freedoms and equality,active,afemena,23,Lebanon,Regional NGO
US-GOV-1,United States Agency for International Development (USAID),active,usaid,10,United States,Government
GB-COH-07321996,Integrity Research and Consultancy Ltd,active,integrity,70,United Kingdom,Private Sector
CH-FDJP-109458452,DCAF - Geneva Centre for Security Sector Governance,active,dcaf,60,Switzerland,Foundation
US-EIN-943287156,Association for Progressive Communication,active,apc,21,United States,International NGO
KE-RCO-201036685,UHAI EASHRI,active,uhai-eashri,60,Kenya,Foundation
CZ-ICO-25755277,People in Need,active,pin,21,Czechia,International NGO
ZA-NPO-060766,Coalition of African Lesbians (CAL),active,cal_2000-pu,21,South Africa,International NGO
BE-BCE_KBO-0427736148,Trias,active,trias,22,Belgium,National NGO
IE-CHY-20009601,Trocaire,active,trocaire,21,Ireland,International NGO
GB-CHC-1171353,Global Innovation Fund,active,gif,21,United Kingdom,International NGO
GB-COH-04161656,ICF Consulting Services Ltd,active,icf,70,United Kingdom,Private Sector
BJ-IFU-6201408024805,The National Association of Municipalities of Benin (ANCB),active,ancb_benin,22,Benin,National NGO
US-EIN-13-2890727,Guttmacher Institute,active,guttmacher,21,United States,International NGO
XM-DAC-41301,Food and Agriculture Organization of the United Nations (FAO),active,fao,40,Italy,Multilateral
CH-FDJP-106064950,Medair,active,medair,21,Switzerland,International NGO
NL-KVK-27302841,Giro555 (Stichting Samenwerkende Hulporganisaties),active,giro555,21,Netherlands,International NGO
GB-COH-RC000053,The British Academy,active,thebritishacademy,80,United Kingdom,"Academic, Training and Research"
XM-DAC-928,World Health Organization (WHO),active,who,40,Switzerland,Multilateral
GB-CHC-1154230,Girls Not Brides: The Global Partnership to End Child Marriage,active,girlsnotbrides,21,United Kingdom,International NGO
NL-KVK-41152832,Stichting Nederlands Instituut voor Internationale Betrekkingen 'Clingendael',active,clingendael,80,Netherlands,"Academic, Training and Research"
IN-MCA-U74900MH2015PTC310042,Intellecap Advisory Services Private Limited,withdrawn,intellecap,70,India,Private Sector
NL-KVK-41160229,PUM Netherlands,active,pumnl,21,Netherlands,International NGO
NL-KVK-41153698,World Federalist Movement - Institute for Global Policy,active,wfm-igp,21,Netherlands,International NGO
GB-CHC-1091105,Meningitis Research Foundation,active,mrf,21,United Kingdom,International NGO
PH-SEC-FN200806591,Women's Global Network on Reproductive Rights,active,wgnrr_iati,21,Philippines,International NGO
US-EIN-27-3755556,IDEO.org,active,ideo_org,21,United States,International NGO
ET-CSA-0081,siiqqee Women's Development Association,active,swda,22,Ethiopia,National NGO
CH-FDJP-66004229946,World Economic Forum Geneva,active,weforum_geneva,21,Switzerland,International NGO
BE-BCE_KBO-0410644946,Caritas International (Belgium),active,cibe,22,Belgium,National NGO
CH-FDJP-CHE105834763,Helvetas Swiss Intercooperation,active,hsi,21,Switzerland,International NGO
NL-KVK-30195730,MVO Nederland,active,mvo_nederland,15,Netherlands,Other Public Sector
ML-NIF-400100027H,DNH Mali (Direction Nationale de l’Hydraulique du Mali),active,pca-gire,10,Mali,Government
US-EIN-13-1624114,Near East Foundation (NEF USA),active,nef_usa,21,United States,International NGO
US-EIN-58-1454716,The Carter Center,active,carter-center,21,United States,International NGO
NL-KVK-41169161,International Child Development Initiatives,withdrawn,icdi,21,Netherlands,International NGO
NL-KVK-27290536,HiiL innovating Justice,active,hiil_mfa,60,Netherlands,Foundation
PS-MOI-RA-22220-A,Union of Agricultural Work Committees,active,uawc,22,"Palestine, State of",National NGO
NL-KVK-53815211,Vrije Universiteit Amsterdam,active,acwfs_vu,80,Netherlands,"Academic, Training and Research"
ET-MOT-020/4/007,Ethiopian Horticulture Producer Exporters Association (EHPEA),active,ehpea,22,Ethiopia,National NGO
NL-KVK-41197411,International Bureau of Fiscal Documentation (IBFD),active,ibfd,80,Netherlands,"Academic, Training and Research"
NL-KVK-67143555,United Work,active,united_work,22,Netherlands,National NGO
NL-KVK-27102631,UNICEF Netherlands National Committee,active,unicefnl,22,Netherlands,National NGO
XM-DAC-6-4,AICS - Agenzia Italiana per la Cooperazione allo Sviluppo / Italian Agency for Cooperation and Development,active,aics,10,Italy,Government
US-EIN-26-4129153,Climate Policy Initiative,active,cpi,80,United States,"Academic, Training and Research"
LR-MPEA-NGO-AC-0298,YMCA of Liberia,active,libymca,22,Liberia,National NGO
KE-RCO-CPR-2009-5689,Trademark Africa,active,tma,23,Kenya,Regional NGO
KE-RCO-CPR/2009/5689,TradeMark East Africa,withdrawn,tmea,23,Kenya,Regional NGO
TR-MOI-27-018-163,Local Development and Small Projects Support,active,ldsps,22,Turkey,National NGO
BE-BCE_KBO-0418766123,Vlaamse Interuniversitaire Raad voor Universitaire Ontwikkelingssamenwerking (VLIR-UOS),active,vlir-uos,80,Belgium,"Academic, Training and Research"
ET-CSA-0009,Development Expertise Center,active,dec_ethiopia,22,Ethiopia,National NGO
AR-CENOC-16969-A,Fundación Fondo Mujeres del Sur,active,fms,60,Argentina,Foundation
US-EIN-58-2368165,United Nations Foundation,active,unf,22,United States,National NGO
XM-DAC-47058,International IDEA,active,idea,40,Sweden,Multilateral
NL-KVK-41146484,IHE Delft Institute for Water Education,active,ihedelft,80,Netherlands,"Academic, Training and Research"
US-EIN-13-2626135,TechnoServe,active,tns,21,United States,International NGO
MZ-NUIT-700098168,Administração de Infra-Estruturas de Águas e Saneamento,active,aias,10,Mozambique,Government
XM-DAC-46009,Caribbean Development Bank (CDB),active,caribank,40,(No country assigned),Multilateral
US-EIN-463668128,Women's Refugee Commission,active,w_r_c,21,United States,International NGO
MZ-NUIT-50039061,Agência de Desenvolvimento do Vale do Zambeze,active,agencia_do_zambeze,10,Mozambique,Government
US-EIN-56-2460366,Conflict Dynamics International,active,cdi,21,United States,International NGO
GB-COH-RC000658,University of Leeds,active,leedsuni,80,United Kingdom,"Academic, Training and Research"
MW-MRA-20125995,Mulanje Mission Hospital,active,mmh,22,Malawi,National NGO
NL-KVK-73728489,International NGO Safety Organisation,active,inso,21,Netherlands,International NGO
GB-CHC-1140276,International NGO Safety Orgnisation,withdrawn,inso,21,United Kingdom,International NGO
XM-DAC-41116,United Nations Environment Programme (UNEP),active,un-environment,40,(No country assigned),Multilateral
MW-RG-2977,Palliative Care Support Trust,active,pcst,22,Malawi,National NGO
GB-CHC-802353,Ethiopiaid UK,active,ethiopiaiduk,21,United Kingdom,International NGO
NL-KVK-70292361,Access to Seeds Foundation,active,atsf,21,Netherlands,International NGO
BE-BCE_KBO-0408643875,Oxfam Solidarité-Solidariteit,active,oxsol,22,Belgium,National NGO
US-EIN-33-1112770,CLASP,active,clasp,21,United States,International NGO
NL-KVK-58279199,The Access to Nutrition Foundation,active,atnf,21,Netherlands,International NGO
GB-CHC-1106349,International Network for Advancing Science and Policy,active,inasp,21,United Kingdom,International NGO
BD-NAB-1102,Population Services and Training Centre (PSTC),active,pstc_1102,22,Bangladesh,National NGO
JO-CCD-200138796,Horizons for Green Development,active,horizons,22,Jordan,National NGO
GB-CHC-1082565,Handicap International UK,active,hiuk,80,United Kingdom,"Academic, Training and Research"
ET-CSA-0638,Send a Cow Ethiopia,active,sacethiopia,22,Ethiopia,National NGO
RS-APR-17062603,Caritas Serbia,active,caritas_serbia,22,(No country assigned),National NGO
NL-KVK-41185216,Netherlands Commission for Environmental Assessment,active,ncea,60,Netherlands,Foundation
US-EIN-23-7069110,Oxfam America,active,oxfamus,21,United States,International NGO
KE-NCB-218/051/15179/10159,Kesho Kenya,active,kesho_kenya,22,Kenya,National NGO
KE-NCB-OP21805193101154,Ananda Marga Universal Relief Team (AMURT) Africa,active,amurt_kenya,22,Kenya,National NGO
KE-NCB-KENCBOP218051200802235390,Pastoralist Girls Initiative,active,pgi_kenya,22,Kenya,National NGO
LB-MOI-26_AD,Berytech Foundation,active,berytech,60,Lebanon,Foundation
NL-KVK-64680029,Stichting Wings For Aid Foundation,active,wfaf,60,Netherlands,Foundation
NL-KVK-41150085,Nuffic,active,nuffic20171017,80,Netherlands,"Academic, Training and Research"
BJ-IFU-6201200599008,ONG ALCRER,active,alcrer-1,22,Benin,National NGO
SE-ON-802017-3517,Diakonia (Sweden),active,diakonia-sweden,21,Sweden,International NGO
BJ-IFU-6201101048400,Social Watch Benin,active,swb_1,22,Benin,National NGO
GB-GOV-13,"UK - Department for Business, Energy and Industrial Strategy (BEIS)",active,beis,10,United Kingdom,Government
US-EIN-13-1687001,"The Population Council, Inc.",active,populationcouncil,80,United States,"Academic, Training and Research"
SN-NINEA-621108990A0,Panos Institute West Africa (PIWA),active,ipao,21,Senegal,International NGO
NL-KVK-41159889,Prince Claus Fund,active,pcf,21,Netherlands,International NGO
US-EIN-11-3803281,African Center for Economic Transformation (ACET),active,acet,23,United States,Regional NGO
GB-COH-09288843,The Power of Nutrition,active,the_power_of_nutrition,60,United Kingdom,Foundation
DK-CVR-20699310,Danish Refugee Council,active,drc,21,Denmark,International NGO
GB-CHC-1051681,Amnesty International UK Section Charitable Trust,active,aiuk,21,United Kingdom,International NGO
GB-EDU-133784,University of Birmingham,active,universityofbirmingham,80,United Kingdom,"Academic, Training and Research"
MZ-NUIT-600000381,Fundo de Investimento e Patrimonio do Abastecimento de Água (FIPAG),active,fipag,15,Mozambique,Other Public Sector
ZW-PVO-15/2003,CARE International in Zimbabwe,active,ciz,21,Zimbabwe,International NGO
US-EIN-521257057,World Resources Institute,active,wri,21,United States,International NGO
KE-RSO-14210,United Disabled Persons of Kenya,withdrawn,udpk,22,Kenya,National NGO
BE-BCE_KBO-0435563751,Memisa,active,memisa,80,Belgium,"Academic, Training and Research"
ZW-PVO-26/79,World Vision Zimbabwe,active,wvz-gec,21,Zimbabwe,International NGO
NL-KVK-34271281,World Waternet,active,worldwaternet,60,Netherlands,Foundation
NL-KVK-24316726,Ecorys Nederland B.V.,active,ecorysnl,70,Netherlands,Private Sector
XM-DAC-47136,Global Green Growth Institute (GGGI),active,gggi,40,(No country assigned),Multilateral
BE-BCE_KBO-0448755949,Collectif Stratégies Alimentaires,active,csa,22,Belgium,National NGO
NL-KVK-34370207,University of Amsterdam,active,uva_org,80,Netherlands,"Academic, Training and Research"
NL-KVK-41201198,The Hunger Project Netherlands,active,thp_org,21,Netherlands,International NGO
BE-BCE_KBO-0451857573,VVSG - Vereniging van Vlaamse Steden en Gemeenten,active,vvsg,15,Belgium,Other Public Sector
BE-BCE_KBO-0425410524,SOS FAIM - SOS HUNGER,active,sosfaim,22,Belgium,National NGO
ET-CSA-0486,Wolayita Development Association,active,woda_0486,80,Ethiopia,"Academic, Training and Research"
BE-BCE_KBO-0423616717,VVOB Education for Development,active,vvob,15,Belgium,Other Public Sector
BE-BCE_KBO-0423588904,Autre Terre asbl,active,a-t,80,Belgium,"Academic, Training and Research"
BE-BCE_KBO-0449400604,Ngo-federatie (Vlaamse federatie van ngo's voor ontwikkelingssamenwerking),active,ngo-federatie,22,Belgium,National NGO
CA-CRA_ACR-872374426,War Child Canada,active,wcc,21,Canada,International NGO
KE-NCB-218/051/93132/90,Federation of Women Lawyers Kenya,active,fida,22,Kenya,National NGO
IN-MCA-U74140WB1983PTC036093,PricewaterhouseCoopers Private Limited India,active,pwcplindia,70,India,Private Sector
ET-CSA-1063,Orbis Ethiopia,active,orbis_ethiopia,22,Ethiopia,National NGO
BE-BCE_KBO-0461076236,Centre Tricontinental - CETRI,active,ct-admin,22,Belgium,National NGO
BE-BCE_KBO-0418015461,Entraide et Fraternité,active,ef_,22,Belgium,National NGO
GB-CHC-1076822,Save the Children International,active,sci,21,United Kingdom,International NGO
BE-BCE_KBO-0422717486,Louvain Coopération,active,lc,22,Belgium,National NGO
BE-BCE_KBO-0451516390,Brulocalis,active,brulocalis,15,Belgium,Other Public Sector
BE-BCE_KBO-0421207751,Centre National de Coopération au Développement (CNCD-11.11.11),active,cncd,22,Belgium,National NGO
BE-BCE_KBO-0418282311,Viva Salud,active,g3w-m3m_admin,22,Belgium,National NGO
BE-BCE_KBO-0416486821,Oxfam-Magasins du monde (omdm),active,omdm,22,Belgium,National NGO
BE-BCE_KBO-0451461655,Union des Villes et Communes de Wallonie (UVCW),active,uvcw,15,Belgium,Other Public Sector
XM-OCHA-CBPF,OCHA Country Based Pooled Funds,active,unocha-cbpf,40,(No country assigned),Multilateral
BE-BCE_KBO-0424198222,Association for Cultural Technical and Educational Cooperation (ACTEC),active,actec,22,Belgium,National NGO
BE-BCE_KBO-0408908151,Iles de Paix,active,idp,22,Belgium,National NGO
NP-SWC-1844,Center for Research on Environment Health and Population Activities (CREHPA),active,crehpa,22,Nepal,National NGO
US-EIN-237297651,Orbis International,active,orbis_international,21,United States,International NGO
BE-BCE_KBO-0474198059,Africalia,active,africalia,15,Belgium,Other Public Sector
BE-BCE_KBO-0419872616,Tearfund VZW (TFBE),active,tfb_admin1,22,Belgium,National NGO
BE-BCE_KBO-0413986102,Wereldsolidariteit-Solidarité Mondiale (WSM),active,wsm,22,Belgium,National NGO
NG-CAC-692943,Academy for Health Development (AHEAD),active,ahead,80,Nigeria,"Academic, Training and Research"
BE-BCE_KBO-0461634084,Rode Kruis-Vlaanderen Internationaal vzw,active,rkiv,22,Belgium,National NGO
BE-BCE_KBO-0410661673,SCI Projets Internationaux ASBL_Service Civil International branche belge,active,scibelgium,22,Belgium,National NGO
BE-BCE_KBO-0432552989,Fonds voor Ontwikkelingssamenwerking - Socialistische Solidariteit VZW,active,fos,22,Belgium,National NGO
BE-BCE_KBO-0445412518,ACV-CSC International,active,iiwe,22,Belgium,National NGO
AF-MOE-138,Aga Khan Foundation Afghanistan,active,akf_afghanistan,60,Afghanistan,Foundation
BE-BCE_KBO-0415627875,ULB-Coopération,active,ulbcoop,22,Belgium,National NGO
DK-CVR-37295728,NIRAS A/S,active,niras,70,Denmark,Private Sector
NL-KVK-62066064,GOGLA - Global Off-Grid Lighting Association,active,gogla,70,Netherlands,Private Sector
US-EIN-06-1608361,African Population and Health Research Center,active,aphrc,21,United States,International NGO
BE-BCE_KBO-0409451054,Enfance Tiers Monde Kinderen Derde Wereld,active,etmkdw,22,Belgium,National NGO
ZW-ROD-MA988/87,Women's Action Group,active,wag-1983,22,Zimbabwe,National NGO
BE-BCE_KBO-0408628435,SOS Kinderdorpen België / SOS Villages d'Enfants Belgique,active,svdbskb_admin,21,Belgium,International NGO
ET-CSA-1233,EngenderHealth Ethiopia,active,engenderhealth_eth,21,Ethiopia,International NGO
US-EIN-52-2145827,Chemonics International Inc.,active,chemonics,70,United States,Private Sector
BE-BCE_KBO-0441988715,Fairtrade Belgium,active,fairtrade_be,22,Belgium,National NGO
LB-MOI-497,ABAAD - Resource Center for Gender Equality,active,arcfge,22,Lebanon,National NGO
ZM-PCR-10104052014,People's Process on Housing and Poverty in Zambia,active,pphpz,21,Zambia,International NGO
BE-BCE_KBO-0462132150,Croix-Rouge de Belgique Communauté francophone - Activités internationales ASBL,active,crb-ai_admin,22,Belgium,National NGO
BE-BCE_KBO-0431955945,Sensorial Handicap Cooperation,active,shc,80,Belgium,"Academic, Training and Research"
BE-BCE_KBO-0415880570,Association pour la Promotion de l'Education et de la Formation à l'Etranger,active,apefe,15,Belgium,Other Public Sector
BE-BCE_KBO-0433439550,Défi Belgique Afrique,active,dba,22,Belgium,National NGO
BE-BCE_KBO-0463455904,Chaîne de l'Espoir Belgique / Keten van Hoop België / Chain of Hope Belgium,active,cdeb-kvhb_admin,22,Belgium,National NGO
BE-BCE_KBO-0432235661,Handicap International Belgique,active,hib,22,Belgium,National NGO
BE-BCE_KBO-0415426155,Miel Maya Honing asbl,active,mmha,22,Belgium,National NGO
NL-KVK-34185938,Access to Medicine Foundation,active,atmf,60,Netherlands,Foundation
BE-BCE_KBO-0442168263,VETERINAIRES SANS FRONTIERES / DIERENARTSEN ZONDER GRENZEN - BELGIUM,active,vsfbelgium,22,Belgium,National NGO
BE-BCE_KBO-0419189557,Rotary Clubs For Development,active,rc4d,22,Belgium,National NGO
BE-BCE_KBO-0454555163,RCN Justice & Démocratie,active,rcn,22,Belgium,National NGO
BE-BCE_KBO-0460162753,Medecins du Monde Belgique - Dokters van de Wereld Belgïe,active,medecins,22,Belgium,National NGO
BE-BCE_KBO-0413119733,VIA Don Bosco,active,via-db,22,Belgium,National NGO
BE-BCE_KBO-0408022778,Djapo,active,djapo,22,Belgium,National NGO
BE-BCE_KBO-0420656336,Rikolto in Belgium,active,rikolto_belgium,22,Belgium,National NGO
BE-BCE_KBO-0407562029,Unicef Belgium National Committee,active,ub,22,Belgium,National NGO
BE-BCE_KBO-0662878501,Rikolto,active,rikolto,60,Belgium,Foundation
BE-BCE_KBO-0418088113,Broederlijk Delen,active,bd,22,Belgium,National NGO
BE-BCE_KBO-0417299047,Join For Water,active,protos,22,Belgium,National NGO
BE-BCE_KBO-0479866027,Studio Globo,active,sg,80,Belgium,"Academic, Training and Research"
BE-BCE_KBO-0478060441,Beweging voor Internationale Solidariteit - Mouvement pour la Solidarité Internationale,active,bismsi,22,Belgium,National NGO
BE-BCE_KBO-0479222461,BOS+ tropen,active,bos_plus_tropen,22,Belgium,National NGO
BE-BCE_KBO-0432622077,FIAN Belgium,active,fian-belgium,22,Belgium,National NGO
BE-BCE_KBO-0463729878,Benelux Afro Center,active,bac,22,Belgium,National NGO
BE-BCE_KBO-0432624255,Solsoc,active,solsoc,22,Belgium,National NGO
BE-BCE_KBO-0408095925,Auto-Développement Afrique (ADA),active,ada,22,Belgium,National NGO
CO-RUE-860013779-5,Asociación Profamilia,active,profamilia,70,Colombia,Private Sector
BE-BCE_KBO-0416934803,Forum Universitaire pour la Coopération Internationale au Développement -FUCID ASBL,active,fucid,22,Belgium,National NGO
BE-BCE_KBO-0418399305,COMMISSION JUSTICE ET PAIX ASBL (cjp),active,cjp,22,Belgium,National NGO
BE-BCE_KBO-0408656248,World Wide Fund for Nature Belgium (WWF-BE),active,wwf-be,22,Belgium,National NGO
BE-BCE_KBO-0472089102,GEOMOUN ASBL,active,geomoun,22,Belgium,National NGO
BE-BCE_KBO-0408256667,Congodorpen vzw,active,congodorpen,22,Belgium,National NGO
GB-COH-04644326,Agulhas Applied Knowledge,active,aak,70,United Kingdom,Private Sector
BE-BCE_KBO-0409597544,FONCABA ASBL KBA VZW,active,foncaba,22,Belgium,National NGO
BE-BCE_KBO-0432503697,Eclosio,active,eclosio,22,Belgium,National NGO
BE-BCE_KBO-0420790948,Universitair Centrum voor Ontwikkelingssamenwerking,active,ucos,22,Belgium,National NGO
XM-DAC-7-PPR-4000005312,Bani Abdurrahman Wahid Foundation (YBAW),active,ybawahid,60,Indonesia,Foundation
CO-RUE-900.683.942-8,Asociación Movimiento Feminista Por La Paz Ruta Pacífica de las Mujeres,active,rpm,30,Colombia,Public Private Partnership
BE-BCE_KBO-0421210424,Koepel van de Vlaamse Noord-Zuidbeweging 11.11.11 VZW,active,111111_publisher,22,Belgium,National NGO
BE-BCE_KBO-0415365777,Oxfam Wereldwinkels,active,oww,22,Belgium,National NGO
JO-MSD-2013011100066,Queen Rania Foundation for Education and Development,active,qrfed,22,Jordan,National NGO
KE-NCB-218-051-93197-173,Forum for Africa Women Educationalist Regional Secretariat,active,fawe-rs,23,Kenya,Regional NGO
KE-NCB-218.051.93197.173,Forum for Africa Women Educationalist Regional Secretariat,withdrawn,fawe-rs,23,Kenya,Regional NGO
NL-KVK-09119363,PRACTICA Foundation,active,practica,60,Netherlands,Foundation
JO-COA-1701-HPC,Higher Population Council,active,hpc,15,Jordan,Other Public Sector
US-EIN-22-3087809,IREX (International Research and Exchange Board),active,irex,21,United States,International NGO
XM-DAC-47066,International Organization for Migration (IOM),active,iom,40,Switzerland,Multilateral
BE-BCE_KBO-0416867297,KIYO,active,kiyo,21,Belgium,International NGO
US-EIN-900634376,C40 Cities Climate Leadership Group,active,c40cities,80,United States,"Academic, Training and Research"
GB-CHC-1135700,British & Irish Agencies Afghanistan Group,active,baag,21,United Kingdom,International NGO
BE-BCE_KBO-0546740696,Académie de recherche et d'enseignement supérieur,active,ares,80,Belgium,"Academic, Training and Research"
BE-BCE_KBO-0474912493,Dynamo International asbl,active,dynamo_international,22,Belgium,National NGO
BE-BCE_KBO-0445741823,Quinoa,active,quinoa,22,Belgium,National NGO
BE-BCE_KBO-0443262185,Echos Communication,active,ec,22,Belgium,National NGO
BE-BCE_KBO-0448723978,Médecins Sans Vacances,active,msv,22,Belgium,National NGO
BE-BCE_KBO-0446340550,Comité pour l'abolition des dettes illégitimes,active,cadtm,22,Belgium,National NGO
BE-BCE_KBO-0415499795,ITECO - Centre de formation pour le développement,active,iteco,22,Belgium,National NGO
NL-KVK-40478591,Royal Netherlands Football Association,active,knvb,15,Netherlands,Other Public Sector
ES-CIF-G81164105,ACTION AGAINST HUNGER SPAIN,active,acfspain,21,Spain,International NGO
BE-BCE_KBO-0406694670,Damiaanactie / Action Damien,active,damien-foundation,22,Belgium,National NGO
RW-RGB-101-RGB-NGO-2014,UWEZO Youth Empowerment,active,uwezo_youth_empowerment,22,Rwanda,National NGO
NL-KVK-41208024,Stichting Aidenvironment,active,aidenvironment,60,Netherlands,Foundation
BE-BCE_KBO-0425420917,Plan International Belgium,active,pib,22,Belgium,National NGO
NL-KVK-32102434,RUAF Foundation,active,ruaf,60,Netherlands,Foundation
US-EIN-030358029,Population Media Center,active,pmc,21,United States,International NGO
BE-BCE_KBO-0430826290,Le Monde selon les femmes asbl,active,mondefemmes,22,Belgium,National NGO
BE-BCE_KBO-0417549465,Coopération par l'Education et la Culture,active,cec,22,Belgium,National NGO
DK-CVR-25191501,Danmission,active,danmission,22,Denmark,National NGO
IN-MHA-337680017,Network For Enterprise Enhancement and Development Support,active,needs,22,India,National NGO
CO-RUE-860049972,Fundación Oriéntame,active,orientame,22,Colombia,National NGO
CH-FDJP-CHE102197003,International Federation of Accountants,active,ifac,21,Switzerland,International NGO
US-EIN-27-1414646,Clinton Health Access Initiative,active,chai,21,United States,International NGO
US-EIN-13-3327220,Action Against Hunger USA,active,aahusa,21,United States,International NGO
GB-COH-07157505,ODI Global Advisory Ltd,active,odi_sales_ltd,80,United Kingdom,"Academic, Training and Research"
UG-NGB-5914-129,AVSI FOUNDATION IN UGANDA,active,avsi_uganda,21,Uganda,International NGO
GH-DSW-2046,African Women's Development Fund,active,awdf,23,Ghana,Regional NGO
DE-CR-BonnVR8726,IFOAM - Organics International,active,ifoam,21,Germany,International NGO
GB-COH-05126149,The MENTOR Initiative,active,the_mentor_initiative,21,United Kingdom,International NGO
EG-CR-117508,Enroot,active,nroot,70,Egypt,Private Sector
BD-NAB-0271,Bangladesh Nari Progati Sangha,active,bnps,22,Bangladesh,National NGO
GB-CHC-1112842,Transparency International UK,active,ti-uk,21,United Kingdom,International NGO
GB-CHC-1119168,Energy 4 Impact,active,e4i,21,United Kingdom,International NGO
US-EIN-75-3130860,Center for Civilians in Conflict,active,civic_admin,21,United States,International NGO
GB-COH-RC000672,University of Sussex,active,uos,80,United Kingdom,"Academic, Training and Research"
GB-CHC-1047653,Raleigh International,active,raleigh_int,21,United Kingdom,International NGO
BE-BCE_KBO-0410757386,Solidagro,active,solidagro_admin,80,Belgium,"Academic, Training and Research"
NL-KVK-41199723,NLR,active,nlr,21,Netherlands,International NGO
TZ-TRA-101-091-759,Economic and Social Research Foundation (ESRF),active,esrf,80,"Tanzania, United Republic of","Academic, Training and Research"
NL-KVK-24365461,Right to Play Netherlands Foundation,active,rtp,21,Netherlands,International NGO
NL-KVK-08134161,VEI B.V.,active,vei_nl,70,Netherlands,Private Sector
XM-DAC-21018,International Federation of the Red Cross and Red Crescent (IFRC),active,ifrcrcs,21,Switzerland,International NGO
UG-NGB-10890,Bucks Community NGO,active,bucksfarm,22,Uganda,National NGO
XM-DAC-43000,International Monetary Fund,active,imf,40,United States,Multilateral
GB-CHC-314137,Association of Commonwealth Universities,active,acu,80,United Kingdom,"Academic, Training and Research"
NL-KVK-56185154,"NpM, Platform for Inclusive Finance",active,npm,22,Netherlands,National NGO
GB-CHC-1113101,Tropical Health and Education Trust,active,tropicalhealth,21,United Kingdom,International NGO
US-EIN-52-0595110,Johns Hopkins University,active,gi-jhu,80,United States,"Academic, Training and Research"
NL-KVK-56821743,MDF Global,active,mdf,60,Netherlands,Foundation
CH-FDJP-CHE100871337,International Council of Voluntary Agencies,active,icva,21,Switzerland,International NGO
US-EIN-521750875,Iraq Foundation,active,iraq_foundation,21,United States,International NGO
ES-CIF-G-8236803,Oxfam Intermón,active,oxfamintermon,21,Spain,International NGO
XM-DAC-41123,United Nations Industrial Development Organization (UNIDO),active,unido,40,(No country assigned),Multilateral
GH-DSW-4711,Savana Signatures,active,savsign-org,22,Ghana,National NGO
GB-COH-00041424,Unilever,active,ul,30,(No country assigned),Public Private Partnership
BD-NAB-0682,Development Organisation of the Rural Poor,active,dorp-org,22,Bangladesh,National NGO
BE-BCE_KBO-0453072647,Institut de Formation Syndical International - Internationaal Syndicaal Vormingsinstituut,active,ifsi_isvi,22,Belgium,National NGO
MW-CNM-C057/1998,the center for victimized women and children,active,cavwoc,22,Malawi,National NGO
NL-KVK-65306198,equileap,active,equileap,21,Netherlands,International NGO
UG-NGB-1826,Family Life Education Program,active,flepuganda,22,Uganda,National NGO
GB-COH-RC000631,University College London,active,ucl,80,United Kingdom,"Academic, Training and Research"
TZ-TRA-101-304-795,Chama cha Uzazi na Malezi Bora Tanzania (UMATI),active,umati,22,"Tanzania, United Republic of",National NGO
KE-NCB-218/051/96110/823,Centre for the Study of Adolescence,active,csa-kenya,80,Kenya,"Academic, Training and Research"
US-GOV-17,United States Department of Labor,active,dol,10,United States,Government
GB-CHC-1114727,Joshua Orphan and Community Care,active,jocc_uk,21,(No country assigned),International NGO
BE-BCE_KBO-0460240749,Light For The World Belgium,active,lftw-be,22,Belgium,National NGO
JO-CCD-2826,World Vision Syria,withdrawn,wvsyria,21,Syrian Arab Republic,International NGO
IN-MHA-231650063,Voluntary Health Association of India,active,vhai-org,80,(No country assigned),"Academic, Training and Research"
DK-CVR-20074035,ADRA Denmark,active,adra-dk,22,Denmark,National NGO
KE-RCO-78260,ADS-Nyanza,active,ads-nyanza,15,Kenya,Other Public Sector
HK-CR-1494242,Solidaridad South & South-East Asia,active,solidaridad-ssea,21,India,International NGO
GH-DSW-5574,Solidaridad West Africa,active,solidaridad-waf,21,Ghana,International NGO
XI-IATI-FIABEL,Fiabel,active,fiabel,22,Belgium,National NGO
KE-NCB-218/051/9384/74,CARE SOMALIA,active,csom1,22,Kenya,National NGO
GB-COH-07627789,D. Capital Partners,active,dcapitalpartners,30,United Kingdom,Public Private Partnership
JO-MSD-2009011100178,The Princess Alia Foundation,active,paf_2018,60,Jordan,Foundation
GB-CHC-1157722,Irise International,active,irise_int,21,United Kingdom,International NGO
TZ-TRA-102316134,"Iringa Development of Youth, Disabled and Children Care",active,idydc,22,"Tanzania, United Republic of",National NGO
TZ-TRA-116315386,Babawatoto Centre For Children and Youth,active,bawacecy-tz,22,"Tanzania, United Republic of",National NGO
TZ-TRA-110-664-087,Railway Children Africa,active,rc2africa,22,"Tanzania, United Republic of",National NGO
US-GOV-6,United States Department of the Treasury,active,treasury,10,United States,Government
US-EIN-14-1945286,"The Global Development Incubator, Inc",active,gdi,21,United States,International NGO
TZ-TRA-121406209,CHEKA SANA TANZANIA,active,cst,22,"Tanzania, United Republic of",National NGO
GB-COH-06735120,Worldwide Hospice Palliative Care Alliance,active,whpca,21,United Kingdom,International NGO
GB-COH-RC000797,The University of Manchester,active,uom,80,United Kingdom,"Academic, Training and Research"
IT-CF-97091470589,INTERSOS Onlus,active,intersos_main,21,Italy,International NGO
GB-GOV-14,UK – Department for Education,active,dfe,10,United Kingdom,Government
US-EIN-27-1661997,GiveDirectly,active,givedirectly,21,United States,International NGO
MM-MHA-1/Local/0047,Karuna Mission Social Solidarity - KMSS,active,kmss,22,Myanmar,National NGO
CA-CRA_ACR-817387277,Mastercard Foundation,active,mastercard-foundation,60,Canada,Foundation
BD-NAB-002,BRAC,active,brac_admin2,21,Bangladesh,International NGO
GB-CHC-223106,Royal College of General Practitioners (RCGP),active,rcgp-international,22,United Kingdom,National NGO
US-EIN-042312909,Brigham and Women's Hospital,active,bwh,80,United States,"Academic, Training and Research"
US-EIN-237413005,FHI360,active,fhi360,21,United States,International NGO
XM-DAC-47056,World Agroforestry Centre,active,icraf_,80,Kenya,"Academic, Training and Research"
GB-COH-10633588,Abt Britain Limited,active,abtbritain,70,United Kingdom,Private Sector
GB-CHC-213280,Royal College of Obstetricians & Gynaecologists,active,rcog_resilience_in_obstetric_skills,80,United Kingdom,"Academic, Training and Research"
GB-COH-02188452,International Institute for Environment and Development,active,iied,80,United Kingdom,"Academic, Training and Research"
KE-KRA-P051311853T,Northern Rangelands Trust,active,nrt-kenya,22,Kenya,National NGO
GB-CHC-1047608,Alliance of Religions and Conservation,active,alliance_of_religions_and_conservation,21,United Kingdom,International NGO
BD-NAB-051,YWCA of Bangladesh,active,ywcabd,22,Bangladesh,National NGO
PS-MOI-QR-209-HR,Women's Centre for Legal Aid and Counselling,active,wclac,22,"Palestine, State of",National NGO
XI-IATI-MIF,Multilateral Investment Fund,active,fomin,40,United States,Multilateral
IE-CHY-20009090,Concern Worldwide,active,concern_worldwide,21,Ireland,International NGO
XM-OCHA-FTS18563,"Social Fund for Development, Yemen",active,sfd-yemen,15,Yemen,Other Public Sector
US-EIN-63-0676451,International Fertilizer Development Center,active,ifdc-us,21,United States,International NGO
LB-MOI-14739,Marsa Sexual Health Center,active,marsa_welead,23,Lebanon,Regional NGO
US-EIN-134166228,Acumen,active,acumen,21,United States,International NGO
GB-CHC-1046579,Consortium for Street Children,active,csc,21,United Kingdom,International NGO
IN-MHA-147110006,CINI,active,cini_jhk,22,India,National NGO
SE-ON-802007-2446,Afrikagrupperna Sweden,active,afrikagrupperna,21,Sweden,International NGO
XI-IATI-OCHASDC,United Nations Office for the Coordination of Humanitarian Affairs (Specially-Designated Contributions),active,unocha-sdc,40,United States,Multilateral
GH-DSW-4834,NORSAAC,active,norsaac,22,Ghana,National NGO
GB-COH-04930461,Concordis International,active,concordis,21,United Kingdom,International NGO
CR-RPJ-3-006-125548,Fundacion Acceso,active,fundacion-acceso,23,Costa Rica,Regional NGO
US-GOV-23,United States Federal Trade Commission,active,ftc,10,United States,Government
US-GOV-TBD,United States Federal Trade Commission,withdrawn,ftc,10,United States,Government
US-EIN-91-1157127,PATH,active,_path_,21,United States,International NGO
DE-CR-VR32914,Water Integrity Network Association,active,win,21,Germany,International NGO
IL-RA-580166452,Musalaha Ministry of Reconciliation,active,mmr_admin2,80,Israel,"Academic, Training and Research"
AF-MOE-22,CARE International Afghanistan,active,ciafg,21,Afghanistan,International NGO
GB-COH-02622374,Energy Saving Trust,active,energy_saving_trust,15,United Kingdom,Other Public Sector
PK-SEC-0080655,DKT - (Pakistan),active,dkt,70,Pakistan,Private Sector
XI-GRID-grid.442465.5,Mzumbe University,active,m_u,80,"Tanzania, United Republic of","Academic, Training and Research"
US-EIN-32-0060251,AIDSPAN,active,aidspan,21,United States,International NGO
KE-KRA-P051119468K,Kisumu Medical and Education Trust,active,kmet,22,Kenya,National NGO
XM-DAC-45001,International Trade Centre (ITC),active,itc,21,Switzerland,International NGO
AU-ACNC-18055208636,Oxfam Australia,active,oau,21,Australia,International NGO
FR-RCS-389515180,Solidarites International,active,solidarites-international,21,France,International NGO
US-EIN-23-1352010,American Friends Service Committee,active,afsc,80,United States,"Academic, Training and Research"
XI-GRID-grid.52681.38,BRAC University,active,bu,80,Bangladesh,"Academic, Training and Research"
US-GOV-22,United States International Development Finance Corporation,active,dfc,10,United States,Government
KE-RCO-84486,Transparency International Kenya,active,ti_kenya,22,Kenya,National NGO
GB-CHC-1151219,DeafKidz International,active,dki1151219,21,United Kingdom,International NGO
LB-MOI-853,AVT-L Association of Victims of Terrorism Lebanon,active,avt-l,22,Lebanon,National NGO
IQ-NGO-1Z2634,"Rehabilitation, Education and Community Health (REACH)",active,reach-iraq,22,Iraq,National NGO
XM-DAC-41121,United Nations High Commissioner for Refugees (UNHCR),active,unhcr,40,Switzerland,Multilateral
US-EIN-58-1593137,DKT International,active,dkti,21,United States,International NGO
XM-DAC-701-2,Ministry of Foreign Affairs of Japan,active,mofa-jpn,10,Japan,Government
XI-IATI-AGR,AgResults Initiative,active,agresults,40,(No country assigned),Multilateral
BJ-IFU-4201710116446,"Institut National de l'Eau, Benin",active,ine_benin,80,Benin,"Academic, Training and Research"
BJ-IFU-4201710182326,Agence Nationale d'Approvisionnement en Eau Potable en Milieu Rural du Benin,active,anaepmr_benin,10,Benin,Government
GB-COH-02517018,Universities UK,active,uuk,22,United Kingdom,National NGO
NL-KVK-70292388,Index Initiative Foundation,active,iif,60,Netherlands,Foundation
US-EIN-13-5562308,New York University,active,nyu,80,United States,"Academic, Training and Research"
BJ-IFU-4201710012551,Commune de Dangbo - Benin,active,dangbo,15,Benin,Other Public Sector
BJ-IFU-6201810251129,Commune de Adjarra - Bénin,active,adjarra,15,Benin,Other Public Sector
BJ-IFU-6201000068802,Commune de Parakou - Bénin,active,parakou,15,Benin,Other Public Sector
BJ-IFU-5200081145006,Commune de Toffo - Bénin,active,toffo,15,Benin,Other Public Sector
BJ-IFU-6200901945503,Commune de Toviklin - Bénin,active,toviklin,15,Benin,Other Public Sector
BJ-IFU-6201101182902,Commune de Kpomassè - Bénin,active,kpomasse,15,Benin,Other Public Sector
BJ-IFU-6200801257400,Commune de Zè - Bénin,active,ze,15,Benin,Other Public Sector
BJ-IFU-6201501755307,Commune de Allada - Bénin,active,allada,15,Benin,Other Public Sector
BJ-IFU-6201001076902,Commune de Aplahoué - Bénin,active,aplahoue,15,Benin,Other Public Sector
BJ-IFU-6200901944805,Commune de Lalo - Bénin,active,lalo,15,Benin,Other Public Sector
GH-RGD-CG109732014,Third World Network Africa,active,twnafrica,23,Ghana,Regional NGO
BJ-IFU-6200901851300,Commune de Kétou - Bénin,active,ketou,15,Benin,Other Public Sector
BJ-IFU-5200801335602,Commune de Adjohoun - Bénin,active,adjohoun,15,Benin,Other Public Sector
BJ-IFU-6200901944008,Commune de Adja-Ouere - Bénin,active,adja-ouere,15,Benin,Other Public Sector
BJ-IFU-6201200579608,Commune de Pobè - Bénin,active,pobe,15,Benin,Other Public Sector
BJ-IFU-6200901944209,Commune de Bopa - Bénin,active,bopa,15,Benin,Other Public Sector
BJ-IFU-6201001843703,Commune de Akpro-Missérété - Bénin,active,akpro-misserete,15,Benin,Other Public Sector
BJ-IFU-6201000370801,Commune de Comè - Bénin,active,come,15,Benin,Other Public Sector
BJ-IFU-6201300688700,Commune de Avrankou - Bénin,active,avrankou,15,Benin,Other Public Sector
BJ-IFU-6201100143407,Commune de Ifangni - Bénin,active,ifangni,15,Benin,Other Public Sector
SE-ON-802004-1524,We Effect,active,weeffect,21,Sweden,International NGO
BJ-IFU-6201100034408,Commune de Klouékanmè - Bénin,active,klouekanme,15,Benin,Other Public Sector
KE-KRA-P051502549C,National Coalition of Human Rights Defenders - Kenya,active,nchrdk,22,Kenya,National NGO
ZA-NPO-006-981,Institute for Security Studies,active,issafrica,21,South Africa,International NGO
NP-SWC-10136,Nepal Disabled Human Rights Center,active,dhrc_nepal,22,Nepal,National NGO
IN-MCA-AAE-8458,Deloitte Touche Tohmatsu India LLP,active,dttillp,70,India,Private Sector
UG-NGO-1406,DefendDefenders,active,defenddefenders,80,Uganda,"Academic, Training and Research"
KE-NCB-2180511703310709,Send a Cow Kenya,active,sac_kenya,22,Kenya,National NGO
NL-KVK-70048436,Global Rights Compliance Foundation,active,grc2018,60,Netherlands,Foundation
US-EIN-11-3580024,International Center for Transitional Justice,active,ictj,21,United States,International NGO
DK-CVR-19348407,CISU,active,cisu,22,Denmark,National NGO
UG-NGB-0498,Mukisa Foundation,active,mukisa_foundation,22,Uganda,National NGO
NL-KVK-27367015,Netherlands Organisation for Scientific Research (NWO),active,nwo,10,Netherlands,Government
US-EIN-13-3377893,Rainforest Alliance,active,rainforest-alliance,21,United States,International NGO
GB-CHC-1127366,British Asian Trust,active,b_a_t,21,United Kingdom,International NGO
RW-RGB-002-RGB-NGO-2017,EDUCATION DEVELOPMENT TRUST - RWANDA,withdrawn,edt_rwanda,21,Rwanda,International NGO
GB-CHC-1058162,Christian Blind Mission (UK) Ltd.,active,cbm,21,United Kingdom,International NGO
US-EIN-53-0242652,The Nature Conservancy,active,the_nature_conservancy,21,United States,International NGO
GB-COH-RC000664,University of Nottingham,active,uni_of_nottingham,80,United Kingdom,"Academic, Training and Research"
LK-DRC-GA139,Women's Fund Asia,active,wf-asia,23,Sri Lanka,Regional NGO
HK-CR-2091642,Seefar,active,seefar,70,Hong Kong,Private Sector
SO-MPND-L43135002018MJ,NAGAAD,active,nagaad,22,Somalia,National NGO
GB-CHC-1118528,Child.org,active,child-dot_org,21,(No country assigned),International NGO
XI-IATI-DGF,Democratic Governance Facility,active,dgf,15,Uganda,Other Public Sector
NP-SWC-8220,Aapasi Sahayog Kendra Syangja Nepal (ASK Nepal),active,ask,22,Nepal,National NGO
NE-DGI-5355,Timidria,active,timidria,22,Niger,National NGO
DK-CVR-12006004,Center for Church-Based Development,active,cku,21,Denmark,International NGO
XI-GRID-grid.9829.a,Kwame Nkrumah University of Science and Technology,active,knust,80,Ghana,"Academic, Training and Research"
DK-CVR-63407216,Save the Children DK,active,redbarnet,21,Denmark,International NGO
GB-CHC-1089110,Global Canopy,active,globalcanopy,21,United Kingdom,International NGO
NL-KVK-60633468,Water Finance Facility,active,wff,70,Netherlands,Private Sector
GB-COH-10333897,Pegasys Limited,active,pegasys-eu,70,United Kingdom,Private Sector
XM-DAC-21016,International Committee of the Red Cross (ICRC),active,icrc,40,Switzerland,Multilateral
DK-CVR-40781218,World Wide Fund for Nature Denmark,active,wwfdk,60,Denmark,Foundation
DE-CR-RA000220-VR3810,Welthungerhilfe,active,whh,21,Germany,International NGO
MZ-NUIT-500004037,Direcção Provincial de Saúde de Nampula,active,dps-nampula,10,Mozambique,Government
KE-KRA-P051097200R,International Centre of Insect Physiology and Ecology (icipe),active,icipe,80,Kenya,"Academic, Training and Research"
DK-CVR-12921047,CARE Danmark Fonden for Frivillig Ulandsbistand,active,12921047,22,Denmark,National NGO
NL-KVK-27368929,Universiteit Leiden,active,universiteit_leiden,80,Netherlands,"Academic, Training and Research"
NL-KVK-72849770,Stichting Beheer Subsidiegelden DRA,active,stichting-subsidiegelden-dra,21,Netherlands,International NGO
KE-RCO-C110031,Farm Concern International,active,fci,23,Kenya,Regional NGO
ET-CSA-0976,Dawuro Development Association,active,dawuro_da,80,Ethiopia,"Academic, Training and Research"
DK-CVR-20453672,Danish Trade Union Development Agency (Ulandssekretariatet),active,loftf,21,Denmark,International NGO
DK-CVR-18243717,ActionAid Denmark (Mellemfolkeligt Samvirke),active,aadk,21,Denmark,International NGO
US-EIN-84-1648607,Educate!,active,educate,21,United States,International NGO
CH-FDJP-CHE232974628,Responsible Mining Foundation,active,rmf,60,Switzerland,Foundation
ID-KHH-0000871,Perhimpunan Pengembangan Media Nusantara,active,ja_ppmn,22,Indonesia,National NGO
DK-CVR-14723692,Mission Øst,active,missioneast,21,Denmark,International NGO
GB-COH-RC000297,King's College London,active,kingscollegelondon,80,United Kingdom,"Academic, Training and Research"
DK-CVR-16077593,Confederation of Danish Industry,active,di,70,Denmark,Private Sector
NL-KVK-50130536,University Twente,active,utwente,80,Netherlands,"Academic, Training and Research"
DK-CVR-31378028,3F International,active,3fi,22,Denmark,National NGO
DK-CVR-13078513,DUF - The Danish Youth Council,active,duf,22,Denmark,National NGO
GB-COH-07291220,50 Eight Limited,active,fifty_eight,70,United Kingdom,Private Sector
DK-CVR-58185728,Danish Family Planning Association,active,dfpa,22,Denmark,National NGO
RW-RGB-61-RGB-NGO-2017,ActionAid Rwanda,active,aar,22,Rwanda,National NGO
DK-CVR-35429867,Global Focus,active,globaltfokus,22,Denmark,National NGO
CH-FDJP-CHE109506789,Geneva International Centre for Humanitarian Demining,active,gichd,60,Switzerland,Foundation
DK-CVR-14766383,Disabled People's Organisations Denmark,active,dpod,22,Denmark,National NGO
GB-UKPRN-10007774,The University of Oxford,active,oxford,80,United Kingdom,"Academic, Training and Research"
GB-CHC-1077216,Compassion UK,active,comp_uk,21,United Kingdom,International NGO
GB-CHC-1016676,INTRAC,active,intrac,21,United Kingdom,International NGO
US-EIN-26-3933134,Special Hope Network,active,shn,21,United States,International NGO
GB-COH-08212556,PositiveNegatives,active,posneg,15,United Kingdom,Other Public Sector
NL-KVK-64763064,Data4Development,active,d4d,70,Netherlands,Private Sector
GB-CHC-1161729,Hope for Children,active,hfc,21,United Kingdom,International NGO
SE-ON-802005-9823,WWF Sweden,active,wwf-se,21,Sweden,International NGO
US-EIN-91-1148123,Mercy Corps Global,active,mcg,21,United States,International NGO
GB-CHC-1108718,African Revival,active,africanrevival,21,United Kingdom,International NGO
NL-KVK-30276595,Koninklijk Nederlands Meteorologisch Instituut,active,knmi,10,Netherlands,Government
PK-SEC-0105957,Sehat Kahani (Community Innovation Hub),active,sehatkahanicih,70,Pakistan,Private Sector
NL-KVK-70333564,Mercy Corps Netherlands,active,mcn,21,Netherlands,International NGO
PE-SUNARP-12623829,International Indigenous Women Forum,active,fimi_iiwf_2019,60,Peru,Foundation
XI-IATI-ACATBA,Association Centrafricaine de Traduction de la Bible et Alphabetisation,active,acatba,22,Central African Republic,National NGO
XI-GRID-grid.13001.33,University Of Zimbabwe,active,1-uz,80,Zimbabwe,"Academic, Training and Research"
CH-FDJP-CHE109994012,Interpeace,active,interpeace,21,Switzerland,International NGO
DK-CVR-20700211,Danish Red Cross,active,danishrc,22,Denmark,National NGO
MW-NBM-NGO/L/18/024,Palliative Care Association of Malawi,active,pacam,22,Malawi,National NGO
MW-MRA-20123139,NKHOMA MISSION HOSPITAL,active,nmhiati,22,Malawi,National NGO
MW-MRA-20120896,David Gordon Memorial Hospital,active,dgmh,80,Malawi,"Academic, Training and Research"
DE-CR-RA000243-HRB5459,Particip GmbH,active,particip,70,Germany,Private Sector
ML-NIF-082208943A,Groupe Pivot Santé Population,active,gpsp-org,80,Mali,"Academic, Training and Research"
MZ-NUIT-700179850,Plataforma Moçambicana da Água (PLAMA),active,plama,22,Mozambique,National NGO
NL-KVK-27310568,ARQ International,active,arq_intl,60,Netherlands,Foundation
UG-RSB-80010003259159/105066,SolarNow Services (U) Ltd,active,solarnowsofa,70,Uganda,Private Sector
GB-CHC-1145721,Zambia Orphans Aid UK,active,zoa_uk,21,United Kingdom,International NGO
dk-cvr-26487013,International Media Support,active,ims,21,Denmark,International NGO
US-EIN-22-2852248,Village Enterprise,active,villageenterprise,21,United States,International NGO
IT-RI-97241280151,We World - GVC Onlus,active,ww-gvc,21,Italy,International NGO
GB-CHC-1143797,Syria Relief,active,sr,22,United Kingdom,National NGO
TR-MOI-27-019-074,Emissa,active,emissa,22,Turkey,National NGO
US-EIN-52-1818273,International Center for Not-for-Profit Law,active,icnl_org,21,United States,International NGO
FI-PRO-1993025-9,European Forest Institute,active,efi,80,Finland,"Academic, Training and Research"
US-EIN-13-3622707,WSP USA Solutions Inc.,active,lbg,70,United States,Private Sector
CA-CRA_ACR-805837713,OpenNorth,active,opennorth,21,Canada,International NGO
DK-CVR-20356731,PlanBørnefonden,active,plb,21,Denmark,International NGO
NL-KVK-32092131,Edukans Foundation,active,edukans_foundation,21,Netherlands,International NGO
GB-CHC-1027201,Institute for War & Peace Reporting,active,iwpr,21,United Kingdom,International NGO
GB-CHC-1150993,Near East Foundation UK (NEF UK),active,nef-uk,21,United Kingdom,International NGO
FR-INSEE-32101874900127,Medecins du Monde France,active,mdm-fr,21,France,International NGO
NG-CAC-54522,Centre for Legal Research and Development,active,clerd-prpi,22,Nigeria,National NGO
GB-CHC-1140288,The Fred Hollows Foundation (UK),active,fhfuk,21,United Kingdom,International NGO
NL-KVK-34176587,Radio La Benevolencija,active,rlb,21,Netherlands,International NGO
NL-KVK-41081480,Stichting Liliane Fonds,active,slf,22,Netherlands,National NGO
XI-IATI-LPI,living peace institute,active,lpi,22,Congo (Democratic Republic of the),National NGO
US-EIN-30-0739799,Heartland Alliance International,active,ha-i,21,United States,International NGO
JE-FSC-NPO_1108,Irrawaddy Policy Exchange,active,ipe,80,United Kingdom,"Academic, Training and Research"
KE-NCB-OP/218/051/924/84,ACTIONAID INTERNATIONAL KENYA,active,aaik,21,Kenya,International NGO
US-EIN-45-5015494,Instiglio,active,instiglio,21,United States,International NGO
NG-CAC-73022,Niger Delta Stakeholders Initiative for Community Development and Empowerment,active,ndsicde,22,Nigeria,National NGO
XM-DAC-5-7,Germany - Federal Foreign Office,active,fo_germany,10,Germany,Government
US-EIN-27-4933181,IDinsight,active,idinsight,21,United States,International NGO
XM-DAC-61-2,Slovenia - Ministry of Foreign Affairs,active,si-mfa,10,Slovenia,Government
US-EIN-47-3594688,Global Fund to End Modern Slavery,active,gfems,22,United States,National NGO
US-EIN-45-2796201,"Namati, Inc",active,namati_inc,21,United States,International NGO
GB-COH-893249298,Grand Bargain Test,active,wrgb,80,(No country assigned),"Academic, Training and Research"
XI-IATI-NSO,Netherlands Space Office,active,nso,80,Netherlands,"Academic, Training and Research"
US-EIN-22-3900800,VisionFund International,active,vfi,21,United States,International NGO
CA-CRA_ACR-118846575,Center for International Studies and Cooperation,active,ceci,21,Canada,International NGO
GB-COH-07026479,AgDevCo,active,agdevco,70,United Kingdom,Private Sector
XM-DAC-47008,World Vegetable Center,active,worldveg,21,Taiwan (Province of China),International NGO
GB-CHC-1178168,CDAC Network,active,cdacnetwork,21,United Kingdom,International NGO
GH-DSW-1103,Regional Advisory Information and Network Systems,active,rains,22,Ghana,National NGO
KE-KRA-P051713416W,AFELT,active,afelt,80,Kenya,"Academic, Training and Research"
DE-CR-RA000217-HRB121747B,Democracy Reporting International gGmbH,active,dri,21,Germany,International NGO
BJ-IFU-5201000673108,CARE BENIN/TOGO,active,carebenintogo,21,United States,International NGO
GB-COH-02693163,Westminster Foundation for Democracy,active,wfd,15,United Kingdom,Other Public Sector
UG-RSB-80010000253134/25060,Uganda Martyrs University,active,umu,80,Uganda,"Academic, Training and Research"
XI-GRID-grid.442626.0,Gulu University,active,guluuni,80,Uganda,"Academic, Training and Research"
XI-GRID-grid.442459.a,"The University of Dodoma (UDOM), Tanzania",active,udom,80,"Tanzania, United Republic of","Academic, Training and Research"
KE-KRA-P051542095J,LIWA programme trust,active,liwa-admin,80,Kenya,"Academic, Training and Research"
GH-DSW-2000,Northern Network for Education Development,active,nned,22,Ghana,National NGO
US-EIN-45-4613016,Accountability Lab,active,alab,22,United States,National NGO
XI-GRID-grid.419346.d,International Food Policy Research Institute,active,ifpri,21,United States,International NGO
GH-RGD-99389,Opportunity International Savings and Loans Ltd,active,oisl_gh,70,Ghana,Private Sector
NG-CAC-1260478,Silsab Foundation,active,silsab1-_,22,Nigeria,National NGO
XI-BRIDGE-6385676864,GEF Secretariat,active,gef,40,United States,Multilateral
KE-NCB-21805120080955572,Ashoka East Africa,active,ashoka,21,Kenya,International NGO
GB-CHC-206658,World Horse Welfare,active,whw2019,21,United Kingdom,International NGO
US-EIN-522112460,IMA World Health,active,us-imawh,21,United States,International NGO
FR-RCS-78049888700022,Centre International de Développement et de Recherche,active,cidr,21,France,International NGO
GB-COH-RC000749,Zoological Society of London,active,zsl,21,United Kingdom,International NGO
XM-DAC-47080,OECD,active,oecd,40,France,Multilateral
ZA-NPO-048-364,SouthSouthNorth,active,ssn,21,South Africa,International NGO
CH-FDJP-258577051,Humanitarian Quality Assurance Initiative,active,hqai,21,Switzerland,International NGO
GB-GOV-2,HM Treasury,active,hmtfitb,10,United Kingdom,Government
NO-BRC-917687811,Coalition for Epidemic Preparedness Innovations,active,cepi,21,Norway,International NGO
GB-GOV-15,Department for International Trade,active,dit,10,United Kingdom,Government
GB-NIC-101412,Children in Crossfire,active,cicni,21,United Kingdom,International NGO
XM-OCHA-HPC3664,Jordan River Foundation,active,jrf,22,Jordan,National NGO
XM-OCHA-HPC6770,King Salman Humanitarian Aid and Relief Centre,active,ksrelief291,10,Saudi Arabia,Government
MZ-MOJ-100717344,IMD Moçambique,active,imdmozambique,22,Mozambique,National NGO
GB-CHC-1081769,Transform Africa,active,transafrica19,21,United Kingdom,International NGO
CH-FDJP-CHE107828868,Swisscontact,active,swisscontact,21,Switzerland,International NGO
CH-FDJP-CHE109947366,Fondation Hirondelle,active,fh_ch,21,Switzerland,International NGO
GB-CHC-1147298,One Young World,active,oyw,22,United Kingdom,National NGO
GB-EDU-133903,London School of Hygiene and Tropical Medicine,active,lshtm,80,United Kingdom,"Academic, Training and Research"
GB-GOV-12,"UK - Department for Digital, Culture, Media and Sport",active,dcms,10,United Kingdom,Government
GB-CHC-1117377,Village Water Ltd,active,villagewater,21,United Kingdom,International NGO
FR-RCS-31899089200065,Action Contre la Faim,active,acf-fr,21,France,International NGO
US-EIN-27-3440108,Vera Solutions,active,vera-solutions,70,United States,Private Sector
CA-CRA_ACR-107848319,Action Canada for Sexual Health and Rights,active,acfshr,21,Canada,International NGO
NP-IRD-302274734,CARE Nepal,active,cnepal,21,Nepal,International NGO
US-EIN-13-1804349,World Education Inc.,active,wei,80,United States,"Academic, Training and Research"
PK-VSWA-32-2004,Tameer-e-Khalaq Foundation,active,tkf1234,22,Pakistan,National NGO
NP-IRD-302113730,"Adventist Development and Relief Agency, Nepal",active,adra_nepal,21,Nepal,International NGO
IT-CF-95008730160,Cesvi,active,cesvi,21,Italy,International NGO
GB-CHC-282305,Minority Rights Group,active,mrg,21,United Kingdom,International NGO
XM-DAC-7-PPR-4000002894,Integrated Water Resources Management Programme,active,iwrm,10,Mozambique,Government
PE-SUNARP-11744379,Centro de Promocion y Defensa de los Derechos Sexuales y Reproductivos,active,promsex,23,Peru,Regional NGO
XM-OCHA-HPC8568,CARE international foundation Switzerland in Sudan,active,cis,21,Sudan,International NGO
UG-RSB-80020001996190,Linking Pin Africa Ltd,active,lpa,70,Uganda,Private Sector
RW-RGB-77-RGB-NGO-2013,Health Development Initiative,active,hdi,22,Rwanda,National NGO
KE-RCO-105217,Kenya Private Sector Alliance,active,kepsa,70,Kenya,Private Sector
KE-KRA-P051098561L,KITUO CHA SHERIA,active,kituo,22,Kenya,National NGO
FR-RCS-83764263600018,Syrian Center for Media and Freedom of Expression,active,scm,22,France,National NGO
SS-RRC-004,Nonviolent Peaceforce South Sudan,active,npss,21,South Sudan,International NGO
NL-KVK-31047672,Twynstra Gudde,active,twynstragudde,70,Netherlands,Private Sector
ID-KHH-AHU17AH0107,Institute for Policy Research and Advocacy (ELSAM),active,elsam,22,Indonesia,National NGO
GB-COH-00070527,London School of Economics and Political Science,active,lse,80,United Kingdom,"Academic, Training and Research"
GB-GOV-52,"Conflict, Stability and Security Fund",active,cssf,10,United Kingdom,Government
GB-GOV-50,Cross-Government Prosperity Fund,active,prosperityfund,10,United Kingdom,Government
GB-CHC-1174874,Royal Commonwealth Ex-Sevices League,active,rcel,21,United Kingdom,International NGO
CH-FDJP-CHE110141200,Drugs for Neglected Diseases initiative (DNDi),active,dndi_transparency,80,Switzerland,"Academic, Training and Research"
RW-RRA-103197639,Greater Virunga Transboundary Collaboration,active,gvtc,10,Rwanda,Government
NP-SWC-37725,South Asian Women Development Forum,active,sawdf-admin,80,(No country assigned),"Academic, Training and Research"
NP-SWC-46024,Accelerator Nepal,active,acceleratornepal,22,Nepal,National NGO
CA-CRA_ACR-869974816,Nutrition International,active,nutritionintl,21,Canada,International NGO
CH-FDJP-CHE-105181636,Centre for Humanitarian Dialogue (HD Centre),active,hdcentre,60,Switzerland,Foundation
US-EIN-13-3870223,International Aids Vaccine Initiative (IAVI),active,iavi,21,United States,International NGO
KE-RCO-CPR/2011/63463,Partnership for African Social & Governance Research (PASGR),active,pasgr,80,Kenya,"Academic, Training and Research"
NL-KVK-09181221,Resilience,active,resilience,80,Netherlands,"Academic, Training and Research"
NL-KVK-41145371,Maastricht School of Management,active,msm-ipd,60,Netherlands,Foundation
BF-MATD-RNRD00045-4000004688,Centre Diocésain de Communication de Ouahigouya,active,cdc_ohg,22,Burkina Faso,National NGO
GB-COH-06274284,Carbon Trust Advisory Ltd,active,carbontrustadvisory,70,United Kingdom,Private Sector
IN-MHA-231660927,PUBLIC HEALTH FOUNDATION OF INDIA,active,phfi,22,India,National NGO
GB-COH-07171834,TAG International Development Limited,active,taginternational,70,United Kingdom,Private Sector
GB-UKPRN-10007801,University of Plymouth,active,uop,80,United Kingdom,"Academic, Training and Research"
NA-NAMRA-04822224,Positive Vibes Trust,active,pv,21,Namibia,International NGO
ZA-CIP-2005-028883-23,Okapi Consulting,active,okapiconsulting,21,South Africa,International NGO
NL-KVK-34234456,Health Insurance Fund,active,hif,21,Netherlands,International NGO
GB-COH-OC350651,Montrose International LLP,active,montrose_llp,80,(No country assigned),"Academic, Training and Research"
GB-CHC-1013587,Chance for Childhood,active,chanceforchildhood,21,United Kingdom,International NGO
GB-COH-7207947,PRI Association,active,pri_icf,80,United Kingdom,"Academic, Training and Research"
NO-BRC-980997278,INTOSAI Development Initiative,active,idi,21,Norway,International NGO
JO-MSD-2011101100001,Jordan Open Source Association,active,josa,22,Jordan,National NGO
US-EIN-53-0196584,The George Washington University,active,gwu_gwi,80,United States,"Academic, Training and Research"
NL-KVK-30238214,Impunity Watch,active,iw_admin,21,Netherlands,International NGO
NG-CAC-83813,Neem Foundation,active,neem,22,Nigeria,National NGO
US-EIN-23-2220051,iDE,active,ide,21,United States,International NGO
FR-RCS-40885667200030,Triangle Génération Humanitaire,active,tgh,21,France,International NGO
AU-ABN-42097054165,Land Equity International,active,lei,70,Australia,Private Sector
GB-COH-RC000655,Keele University,active,keele-university,80,United Kingdom,"Academic, Training and Research"
US-EIN-20-8530747,Results for Development,active,r4d,21,United States,International NGO
XM-DAC-50-21,Spanish Agency for International Development Cooperation (AECID),active,aecid,10,Spain,Government
ES-DIR3-EA0035768,Spanish Agency for International Development Cooperation (AECID),withdrawn,aecid,10,Spain,Government
GH-DSW-3064,ActionAid Ghana,active,aag,22,Ghana,National NGO
NG-CAC-19258,Centre for Environment Human Rights and Development,active,cehrd1,21,Nigeria,International NGO
NL-KVK-53744993,World Benchmarking Alliance Foundation,active,wba,60,Netherlands,Foundation
XI-IATI-3435,SOS Sahel Sudan,active,sosss_admin,22,Sudan,National NGO
CO-CCB-S0052181,transforma,active,transforma,22,Colombia,National NGO
YE-MSAL-80/295,Yamaan Foundation for Health and Social Development,active,yffhsd,22,Yemen,National NGO
GB-COH-02863827,ClientEarth,active,clientearth-1,21,United Kingdom,International NGO
CH-FDJP-CHE106823242,Terre des hommes- Aide à l'enfance dans le monde- Fondation,active,tdh_foundation,21,Switzerland,International NGO
GB-SC-015096,University of Dundee,active,uodcepmlp,80,United Kingdom,"Academic, Training and Research"
ZW-ROD-MA0000405/2015,Young Africa International HUB,active,yai-hub,21,Zimbabwe,International NGO
XM-DAC-47021,International Potato Center,active,cip,40,Peru,Multilateral
ET-CSA-3994,Triggerise Ethiopia,active,trig,21,Ethiopia,International NGO
BD-NAB-0210,ActionAid Bangladesh,active,aab,21,Bangladesh,International NGO
US-EIN-45-2779314,Shift Project Ltd.,active,shiftproject,21,United States,International NGO
KE-KRA-P051155108P,Kenya National Commission on Human Rights,active,knchr,10,Kenya,Government
GB-CHC-290767,World Jewish Relief,active,wjr_001,21,United Kingdom,International NGO
ET-CSA-0062,DKT Ethiopia,active,dkt_ethiopia,21,Ethiopia,International NGO
NL-KVK-40407706,Unie van Waterschappen,active,uvw,15,Netherlands,Other Public Sector
GB-COH-03147724,Mercy Ships UK Limited,active,msuk,21,United Kingdom,International NGO
US-EIN-94-3045180,Rainforest Action Network,active,ran,21,United States,International NGO
XI-GRID-grid.9783.5,University of Kinshasa,active,dspd_unikin,80,Congo (Democratic Republic of the),"Academic, Training and Research"
GB-CHC-1106156,kidasha,active,kidasha,21,United Kingdom,International NGO
DE-CR-RA000209-VR1207,World Vision Germany,active,wv_de,21,Germany,International NGO
ET-CSA-0784,World Vision Ethiopia,active,wv_et_activities,21,Ethiopia,International NGO
IT-CF-00677540288,Doctors with Africa CUAMM,active,cuamm,21,Italy,International NGO
AT-UID-U74408937,Ground Truth Solutions,active,ground-truth-solutions,21,Austria,International NGO
XI-BRIDGE-3665722432,African Tax Administration Forum,active,ataf,21,South Africa,International NGO
GB-CHC-1123241,Peace Direct,active,peacedirect,21,(No country assigned),International NGO
XI-GRID-grid.8193.3,University of Dar es Salaam,active,udsm-cbs,80,"Tanzania, United Republic of","Academic, Training and Research"
XM-DAC-30009,Small Arms Survey,active,sas_sana,80,Switzerland,"Academic, Training and Research"
ET-CSA-0475,Family Guidance Association of Ethiopia,active,fgae_ethiopia,22,Ethiopia,National NGO
XM-DAC-576,Ministry of Foreign Affairs - United Arab Emirates (UAE),active,mofaic_uae,10,United Arab Emirates,Government
KE-NCB-2180511304359047,Population Services Kenya,active,pskenya_19,22,Kenya,National NGO
KE-NCB-2180511403539790,Faith to Action Network,active,f2a,21,Kenya,International NGO
UG-NGO-3329,Auschwitz Institute for the Prevention of Genocide and Mass Atrocities,active,aipr,80,Uganda,"Academic, Training and Research"
KE-NCB-218051200501953650,Healthright International-Kenya,active,hri,22,Kenya,National NGO
CN-SAIC-9111010506489375XP,Carbon Trust (Beijing) Consulting Limited,active,ctbeijing,70,China,Private Sector
GB-COH-OC364842,M&C Saatchi,active,mcs_new,70,United Kingdom,Private Sector
LB-MOI-6491,Restart Center,active,restartcenter,22,Lebanon,National NGO
GB-CHC-297716,Business in the Community,active,bitc,21,United Kingdom,International NGO
GB-CHC-1141552,Balloon Ventures Foundation,active,bvf,21,United Kingdom,International NGO
ZA-CIP-2007-0308903-08,African Parks Network,active,african_parks,21,South Africa,International NGO
GB-COH-06581421,The Institute for Strategic Dialogue,active,isdglobal,80,United Kingdom,"Academic, Training and Research"
ML-NIF-055000335T,Near East Foundation Mali (NEF Mali),active,nef_mali,21,Mali,International NGO
NL-KVK-41186799,Women Engage for a Common Future,active,wecf,21,Netherlands,International NGO
US-EIN-52-5170039,International Crisis Group,active,crisisgroup,21,Belgium,International NGO
FR-RCS-49962201700014,Bibliothèques Sans Frontières,active,bsf1,21,France,International NGO
SE-ON-802425-8702,Stockholm International Water Institute,active,siwi,21,Sweden,International NGO
GH-RGD-CG077262013,Nature and Development Foundation,active,ndf_fgm,22,Ghana,National NGO
BD-NAB-2004,"Centre for Injury Prevention and Research, Bangladesh (CIPRB)",active,ciprb,22,Bangladesh,National NGO
XI-IATI-RUF,Red Umbrella Fund,active,ruf,60,Netherlands,Foundation
XM-DAC-40-3,Greece - Ministry of Foreign Affairs,active,greece_mfa,10,Greece,Government
XI-BRIDGE-1812689272,The Mailman School of Public Health,active,mailman_school_of_public_health,80,United States,"Academic, Training and Research"
US-EIN-04-2103547,Boston University,active,bu-carbx-admin,80,United States,"Academic, Training and Research"
LB-MOI-110,Rene Moawad Foundation,active,rmf-lb,22,Lebanon,National NGO
GB-CHC-1173827,Accountable Now,active,accountablenow,21,United Kingdom,International NGO
NL-KVK-30157019,Larive International,active,larive,70,Netherlands,Private Sector
NG-CAC-57289,Environmental Centre for Oil Spills and Gas Flaring (NACGOND),active,nacgond-,22,Nigeria,National NGO
US-GOV-13,United States African Development Foundation,active,usadf,10,United States,Government
US-GOV-13-ADF,United States African Development Foundation,withdrawn,usadf,10,United States,Government
FR-RCS-519655997,Handicap International Federation,active,hi_fed,21,France,International NGO
US-EIN-82-3941326,Luminate Foundation Inc.,active,luminate,60,United States,Foundation
US-EIN-98-0513530,Alliance for a Green Revolution for Africa,active,agra,21,United States,International NGO
GB-COH-08567792,Behavioural Insights Team,active,bit,70,United Kingdom,Private Sector
NP-SWC-24,Nepal Netra Jyoti Sangh,active,nnjs_nepal,22,Nepal,National NGO
KE-KRA-P051161193S,Trust for Indigenous Culture and Health,active,ticah,21,Kenya,International NGO
CO-RUE-830140714-1,Brujula Comunicaciones Estrategicas SAS,active,brujula,70,Colombia,Private Sector
XI-GRID-grid.11194.3c,Makerere University,active,maksph,80,Uganda,"Academic, Training and Research"
UG-NGB-12317,Reach A Hand Uganda,active,rahuug,22,Uganda,National NGO
GB-COH-08567552,UN Global Compact Local Network UK,active,ungc-uk,40,United Kingdom,Multilateral
NL-KVK-815165924,STC International,active,stc-international,80,Netherlands,"Academic, Training and Research"
NP-SWC-17775,The Leprosy Mission Nepal,active,tlmnepal,22,Nepal,National NGO
LB-MOI-25465,Fiftyfifty,active,fiftyfifty-lb,22,Lebanon,National NGO
GB-CHC-1172875,East African Playgrounds,active,eap,21,United Kingdom,International NGO
XM-DAC-41130,The United Nations Relief and Works Agency for Palestine Refugees in the Near East (UNRWA),active,unrwa,40,(No country assigned),Multilateral
BD-NAB-0918,Centre for Policy Dialogue,active,cpd,22,Bangladesh,National NGO
KE-KRA-P000634725S,African Women's Development and Communication Network,active,femnet,23,Kenya,Regional NGO
UG-NGO-2292,Women's International Peace Centre,active,wipc,21,Uganda,International NGO
US-EIN-37-1552838,GSMA Foundation,active,gsma_foundation,60,United States,Foundation
CH-FDJP-CHE296622304,The Global Initiative Against Transnational Organized Crime,active,gi-toc,15,Switzerland,Other Public Sector
BE-BCE_KBO-0434417468,CODEART ASBL,active,codeart,22,Belgium,National NGO
LB-MOI-1-100,Al Majmoua,active,al_majmoua,22,Lebanon,National NGO
XI-IATI-ESFD,Economic and Social Fund for Development,active,esfd,10,Lebanon,Government
XI-IATI-DKTDRC,DKT RD Congo,active,dkt_drc,22,Congo (Democratic Republic of the),National NGO
JO-CCD-200104681,Leaders of Tomorrow,active,sqf,70,Jordan,Private Sector
AE-HFZA-1526,Altai Consulting,active,altai,70,United Arab Emirates,Private Sector
CA-CRA_ACR-811793611,Grand Challenges Canada,active,hgc,22,Canada,National NGO
NP-CRO-83836,pub_name,withdrawn,7272,15,(No country assigned),Other Public Sector
YE-MSAL-473-2001,Family Counseling and Development Foundation,active,fcdf,22,Yemen,National NGO
ET-CSA-1327,Justice For All Prison Fellowship Ethiopia,active,jfa-pfe,22,Ethiopia,National NGO
CH-FDJP-CHE331930936,Global Antibiotic Research and Development Partnership,active,gardp,30,Switzerland,Public Private Partnership
US-EIN-47-5049026,International Youth Alliance for Family Planning,active,iyafp,21,United States,International NGO
UG-NGB-1277,forum for women in democracy,active,fowode,22,Uganda,National NGO
RW-RGB-114-RGB-RGO-2013,The Legal Aid Forum,active,laf,22,Rwanda,National NGO
AE-ADCD-64747,pubname162,withdrawn,72728,21,(No country assigned),International NGO
NL-KVK-30114696,Palladium Europe,active,palladium_eur,70,Netherlands,Private Sector
NL-KVK-50744984,BoP Innovation Center,active,bopinc,60,Netherlands,Foundation
CO-RUE-900619925-0,Awake Travel,active,awaketravel,70,Colombia,Private Sector
YE-MSAL-18-2013,Mwatana for Human Rights,active,mwatana,22,Yemen,National NGO
GB-CHC-1122330,CDP Worldwide,active,cdp,21,United Kingdom,International NGO
GB-COH-RC000541,SOAS University of London,active,soas,80,United Kingdom,"Academic, Training and Research"
NL-KVK-41169658,Stichting Fern,active,stichtingfern,21,Netherlands,International NGO
GB-CHC-1154413,Climate Bonds Initiative,active,cbi,21,(No country assigned),International NGO
FI-PRO-0998454-4,Finn Church Aid (Kirkon Ulkomaanapu sr),active,fca,21,Finland,International NGO
GB-COH-06069322,Development Media International,active,dmi_admin,21,United Kingdom,International NGO
US-EIN-47-3511012,"SDSN Association, Inc.",active,sdsna,21,United States,International NGO
BE-BCEKB0-0537407021,WAPA International ASBL,active,wapa,22,Belgium,National NGO
XI-GRID-grid.7247.6,Universidad de los Andes,active,uand_2020,80,Colombia,"Academic, Training and Research"
NL-KVK-74064800,Programming Their Future,active,p-t-f-,80,Netherlands,"Academic, Training and Research"
US-EIN-13-1740011,Wildlife Conservation Society,active,wcs,21,United States,International NGO
NL-KVK-27186453,Netherlands Water Partnership,active,nwp,60,Netherlands,Foundation
GB-COH-02962250,Commonwealth Local Government Forum,active,clgf_data,21,United Kingdom,International NGO
NL-KVK-64460789,Coöperatief Climate Fund Managers U.A.,active,cfm,70,Netherlands,Private Sector
CH-FDJP-CHE251665168,Earthworm Foundation,active,ewf,21,Switzerland,International NGO
GB-CHC-1082139,Thomson Reuters Foundation,active,trf,60,United Kingdom,Foundation
GB-LAE-LND,City of London Corporation,active,col-greenfinance,15,United Kingdom,Other Public Sector
GB-CHC-1160263,WasteAid UK,active,wasteaid,21,United Kingdom,International NGO
GB-COH-RC000660,University Of Liverpool,active,uol,80,United Kingdom,"Academic, Training and Research"
MU-CR-C134274,Shortlist Professionals Limited,active,shortlistogti,70,Mauritius,Private Sector
GB-CHC-1187935,International Campaign Women´s Right to Safe Abortion,active,icwrsa,22,United Kingdom,National NGO
GB-CHC-208223,Royal Institute of International Affairs,active,riia,80,United Kingdom,"Academic, Training and Research"
DE-CR-RA000220-VR9971,CARPO - Center for Applied Research in Partnership with the Orient,active,carpo,21,Germany,International NGO
GB-CHC-1150964,inHive,active,inhive,21,United Kingdom,International NGO
BE-BCE-KBO-0461977940,Frères des Hommes,active,fdhommes,22,Belgium,National NGO
GB-COH-11116719,Brink Innovation,active,brink_innovation,70,United Kingdom,Private Sector
GB-CHC-1079752,RedR UK,active,redruk,21,United Kingdom,International NGO
XI-IATI-WBTF,World Bank Trust Funds,active,wbtf,40,United States,Multilateral
GB-COH-11373728,Cowater UK Limited,active,cowateruk,70,United Kingdom,Private Sector
ZA-CIP-M2005001486,Sexual Reproductive Health and Rights Africa Trust,active,srhr_africa_trust,23,South Africa,Regional NGO
US-EIN-61-1725201,"Field Ready, USA",active,field_ready,21,United States,International NGO
GB-UKPRN-10007141,University of Central Lancashire,active,uclan,80,United Kingdom,"Academic, Training and Research"
ML-NIF-084106436R,Conseil et Appui pour l'Education à la Base Mali,active,caeb_mali,22,Mali,National NGO
XM-OCHA-7482,World Vision Central African Republic,active,wv_cf,21,Central African Republic,International NGO
GB-COH-07840888,MedicineAfrica Ltd.,active,medafrica,80,United Kingdom,"Academic, Training and Research"
CA_ON-ONT-1597880,CANADEM,active,canadem,21,Canada,International NGO
ET-CSA-1351,Ethiopian Public Health Association,active,epha,15,Ethiopia,Other Public Sector
NL-KVK-68758766,CAPABUILD,active,capabui,21,Netherlands,International NGO
NL-KVK-72908114,The AGRI3 Fund,active,agri3_fund,30,Netherlands,Public Private Partnership
NL-KVK-729081140000,The AGRI3 Fund,withdrawn,,30,Netherlands,Public Private Partnership
YE-MSAL-49-M-2019,Sana'a Center for Strategic Studies,active,scss,22,Yemen,National NGO
XI-IATI-BBDN,Bangladesh Business and Disability Network,active,bbdn,22,Bangladesh,National NGO
GB-UKPRN-10007164,"The University of the West of England, Bristol",active,uwe,80,United Kingdom,"Academic, Training and Research"
MX-RFC-ICM160118IZ1,Iniciativa Climatica de Mexico,active,icm_mx,22,Mexico,National NGO
XM-DAC-7-PPR-4000002938,Global Water Partnership,active,gwp,21,Sweden,International NGO
JO-CCD-200006694,"Entiqal for Training ""Partners for Good""",active,pfg,22,Jordan,National NGO
XI-IATI-WVDRC,World Vision Democratic Republic of Congo,active,wv_cd,21,Congo (Democratic Republic of the),International NGO
ID-KHH-5018112631240040,NLR Indonesia,active,nlr_indonesia,22,Indonesia,National NGO
GB-CHC-1076722,TRAFFIC International,active,traffic,80,United Kingdom,"Academic, Training and Research"
US-EIN-81-2339233,Youth Development Labs Inc,active,ylabs,21,United States,International NGO
AM-SRALE-222.160.00823,Eurasia Partnership Foundation,active,epf,60,Armenia,Foundation
US-EIN-83-3580499,Ocean Risk and Resilience Action Alliance,active,orraa_inc,21,United States,International NGO
GB-CHC-1177110,Elrha,active,elrha,21,United Kingdom,International NGO
GB-CHC-206504,The International Institute for Strategic Studies,active,iiss,80,United Kingdom,"Academic, Training and Research"
XI-GRID-grid.8652.9,University of Ghana,active,ugorid,80,Ghana,"Academic, Training and Research"
NL-KVK-30114598,Rabo Partnerships,active,rabo_partnerships,70,Netherlands,Private Sector
IE-CHY-20041069,Ethiopiaid Ireland,active,ethiopiaidireland,21,Ireland,International NGO
GB-GOV-1,"UK - Foreign, Commonwealth and Development Office",active,fcdo,10,United Kingdom,Government
XM-OCHA-HPC9829,IMPACT Initiatives,active,impact_initiatives,21,Switzerland,International NGO
US-EIN-82-0644678,Synergía - Initiatives for Human Rights,active,synergiaihr,21,United States,International NGO
GB-COH-11594545,McKinsey Development Partners,active,mdp,70,United Kingdom,Private Sector
XI-GRID-grid.7836.a,University of Cape Town,active,uct,80,South Africa,"Academic, Training and Research"
XI-IATI-KHF,King Hussein Foundation,active,khf,22,Jordan,National NGO
GB-COH-04465125,"Imperial College of Science, Technology and Medicine",active,imperial,80,United Kingdom,"Academic, Training and Research"
GB-CHC-1158838,The Freedom Fund,active,tff,21,United Kingdom,International NGO
CA-CRA_ACR-119075091,Oxfam-Quebec,active,oqc,21,Canada,International NGO
GB-CHC-1175658,the global steering group for impact investment,active,gsg,21,United Kingdom,International NGO
ID-KHH-6014052331100057,Kemitraan Bagi Pembaruan Tata Pemerintahan,active,kemitraan,22,Indonesia,National NGO
MX-RFC-SLP1412039F3,Soluciones en Legislación y Política Ambiental AC,active,polea,22,Mexico,National NGO
GB-CHC-1166956,UK-Med,active,uk-med,21,United Kingdom,International NGO
JO-CCD-45293,Sowt podcasting and training L.L.C,active,sowt,70,Jordan,Private Sector
BD-NAB-2686,Bangladesh Youth Leadership Center,active,bylc,22,Bangladesh,National NGO
US-EIN-27-3166994,Global Impact Investing Network,active,giin,22,United States,National NGO
MX-RFC-IIN920701G55,IDOM INGENIERIA,active,idom_mx,70,Mexico,Private Sector
ID-DJP-312529852906000,Asia Justice and Rights,active,ajar,23,Indonesia,Regional NGO
CH-FDJP-CHE105829963,Solidar Suisse,active,solidarsuisse,21,Switzerland,International NGO
GB-UKPRN-10007790,University of Edinburgh,active,uoe,80,United Kingdom,"Academic, Training and Research"
KE-KRA-P051335339D,African Institute For Development Policy,active,afidep,21,Kenya,International NGO
JO-CCD-200167994,Leaders International,active,lifed_admin,21,Jordan,International NGO
NL-KVK-27363950,Sociaal-Economische Raad,active,ser,15,Netherlands,Other Public Sector
KE-KRA-P051172537S,Financial Sector Deepening Trust (Kenya),active,fsdk,15,Kenya,Other Public Sector
GB-COH-10516061,Cobra Collective CIC,active,cobracollective,21,United Kingdom,International NGO
GB-GOR-OT1175,Northern Ireland Cooperation Overseas Ltd,active,nico,15,United Kingdom,Other Public Sector
AT-ZVR-315688676,Light for the World International,active,lftw-int,21,Austria,International NGO
XI-GRID-grid.473464.6,Water & Land Resource Center,active,wlrc_aau,80,Ethiopia,"Academic, Training and Research"
NG-CAC-30547,Paradigm Initiative,active,paradigm,21,Nigeria,International NGO
JO-MSD-200159274,JoWomenomics,active,jowomenomics,22,Jordan,National NGO
NL-KVK-09108013,Advance Consulting,active,ac1999,70,Netherlands,Private Sector
XI-GRID-grid.11835.3e,The University of Sheffield,active,tuos,80,United Kingdom,"Academic, Training and Research"
XM-DAC-47015,CGIAR,active,cgiar,80,France,"Academic, Training and Research"
UG-RSB-197310,Financial Sector Deepening Uganda,active,fsduganda,22,Uganda,National NGO
NL-KVK-41192276,Stichting Wilde Ganzen/ IKON,active,nl_wg,22,Netherlands,National NGO
ZM-PCR-12015013762,Prospero Limited,active,prospero,22,Zambia,National NGO
GB-COH-RC000679,University of York,active,uoy,80,United Kingdom,"Academic, Training and Research"
ZA-NPO-081-788,Sustainable Livelihoods Foundation,active,sustainable_livelihoods_foundation,21,South Africa,International NGO
XM-DAC-41149,United Nations Development Coordination Office,active,undco,15,United States,Other Public Sector
GB-COH-02871809,Global Witness,active,globalwitness,21,United Kingdom,International NGO
GB-CHC-1175791,Global Anaesthesia Development Partnerships,active,gadp,80,United Kingdom,"Academic, Training and Research"
US-EIN-042103594,Abdul Latif Jameel Poverty Action Lab at MIT,active,jpal,80,United States,"Academic, Training and Research"
MW-RG-1011251,Wala Ltd,active,walaltd,70,Malawi,Private Sector
US-EIN-83-1236759,Neopenda,active,neopenda,70,United States,Private Sector
US-EIN-53-0235320,Pathfinder International,active,pathfinder1,21,United States,International NGO
BI-NIF-4000742330,AUXFIN Burundi,active,auxfinbi,70,Burundi,Private Sector
MZ-MOJ100094525,Micaia Foundation,active,micfound,22,Mozambique,National NGO
MY-SSM-1172311D,Forever Sabah,active,fs,22,Malaysia,National NGO
UA-EDR-9795443,Centre for Economic Strategy Ukraine,active,ces-ua,22,Ukraine,National NGO
FR-INSEE-31827645800037,"Association de solidarité internationale, Agriculteurs français et développement international (Afdi) France",active,afdi-fr,15,France,Other Public Sector
GB-CHC-1017336,Elton John AIDS Foundation,active,ejaf,60,United Kingdom,Foundation
CA_AB-ABT-203435797,Alinea International Ltd.,active,alineainternational_2020,70,Canada,Private Sector
GB-CHC-1188731,Sustainable Hospitality Alliance,active,sha,21,United Kingdom,International NGO
BR-CNPJ-14.563.354/0001-50,Instituto BVRio,active,bvrio,21,Brazil,International NGO
NL-KVK-861193660,OurLoop Stitchting,active,loop,60,Netherlands,Foundation
GB-CHC-1137523,The Proforest Initiative UK,active,pi-uk,80,United Kingdom,"Academic, Training and Research"
US-EIN-13-1623838,EngenderHealth,active,ehorg,21,United States,International NGO
US-EIN-843236198,Corus International,active,corus,21,United States,International NGO
US-EIN-52-2135531,Forest Trends Association,active,forest-trends,21,United States,International NGO
GB-CHC-1074857,Church of England - The Archbishops' Council,active,coe-abc,80,United Kingdom,"Academic, Training and Research"
GB-COH-02515034,Timber Trade Federation Ltd.,active,ttf,70,United Kingdom,Private Sector
US-EIN-38-2846307,Mercy-USA for Aid and Development,active,mercy-usa,21,United States,International NGO
US-EIN-13-4052259,Media Development Investment Fund,active,mdif,21,United States,International NGO
KE-RCO-PLC-MYSMV2,EABX,active,eabx,70,Kenya,Private Sector
GB-CHC-1144091,Nesta,active,nesta,15,United Kingdom,Other Public Sector
GB-NIC-073343,Global Fund for Community Foundations,active,gfcf,60,United Kingdom,Foundation
GB-CHC-1123384,Foundation for Social Improvement,active,the_fsi,80,United Kingdom,"Academic, Training and Research"
ES-NIF-G02766913,Fields Data,withdrawn,fd-es,21,Spain,International NGO
ES-NIF-G79408852,Medicos del Mundo,active,mdm_spain,21,Spain,International NGO
BE-BCE_KBO-0464147473,Laïcité et Humanisme en Afrique Centrale (LHAC),active,lhac,22,Belgium,National NGO
KE-RCO-CPR-2010-28036,Open Capital Advisors,active,oca,70,Kenya,Private Sector
GB-COH-RC000652,University of Essex,active,university_of_essex,80,United Kingdom,"Academic, Training and Research"
GE-RS-406061513,Center for Participation and Development,active,cpd_2021,22,Georgia,National NGO
US-EIN-30-0805768,The Freedom Fund (US),active,tffus,21,United States,International NGO
ZA-NPO-053-456,The Centre for Economic Governance and Accountability in Africa (CEGAA),active,cegaa,22,South Africa,National NGO
KE-NCB-OP-218-051-9994-1329,Centre for Rights Education and Awareness,active,creawkenya,22,Kenya,National NGO
NP-CRO-1158-065-066,Kathmandu Medical College Public Limited,active,kmc,80,Nepal,"Academic, Training and Research"
ZA-CIT-9415005603,Stellenbosch University,active,su-impala,80,South Africa,"Academic, Training and Research"
GB-COH-RC000668,University of Southampton,active,soton,80,United Kingdom,"Academic, Training and Research"
NG-CAC-37051,Down syndrome Foundation Nigeria,active,dsfn,22,Nigeria,National NGO
GB-CHC-1173320,South West International Development Network,active,swidn,80,United Kingdom,"Academic, Training and Research"
GB-HESA-10004113,Loughborough University,active,lboro,80,United Kingdom,"Academic, Training and Research"
CA-CC-13474046,Transparently Lebanese,active,transparently_lebanese,22,Canada,National NGO
CH-FDJP-106756410,World Young Women's Christian Association,active,world_ywca,21,Switzerland,International NGO
CH-660-0294975-4,World Young Women's Christian Association,withdrawn,world_ywca,21,Switzerland,International NGO
NP-IRD-301131441,ActionAid International Nepal,active,aain,21,Nepal,International NGO
SN-NINEA-004487121,Amref health Africa in Senegal,active,awa_sn,21,Senegal,International NGO
KE-NCB-218051981161116,Equality Now,active,e_n,21,Kenya,International NGO
UG-NGO-1317,SIHA Network,active,siharegional,23,Uganda,Regional NGO
GH-RGD-CG001532017,PPAG,active,ppag_123,22,Ghana,National NGO
NL-KVK-69759103,Laterite B.V.,active,laterite_bv,70,Netherlands,Private Sector
XM-OCHA-585,International Centre for Migration Policy Development,active,icmpd,40,Austria,Multilateral
NL-KVK-27293917,The Hague Academy for Local Governance,active,tha,80,Netherlands,"Academic, Training and Research"
IT-CF-80017510225,SOS Italia,active,sosvdb_italia,22,Italy,National NGO
KE-NCB-218-051-9263-33,Young Women's Christian Association of Kenya,active,ywcakenya,22,Kenya,National NGO
SS-RRC-342,Young Women Christian Association of South Sudan (YWCA SS),active,ywcass,22,South Sudan,National NGO
NL-KVK-74983393,IDH Investment Management B.V.,active,idh_im,70,Netherlands,Private Sector
UG-RSB-229709,Mango Tree Property Management LTD,active,mangotree,70,Uganda,Private Sector
NL-KVK-41039028,Stichting Leprazending Nederland - The Leprosy Mission Netherlands,active,leprazending-tlm-nl,60,Netherlands,Foundation
XI-IATI-SPR,Synergie des Femmes pour la Paix et la Réconciliation des Peuples des Grands Lacs d'Afrique,active,spr,23,Congo (Democratic Republic of the),Regional NGO
SS-RRC-465,Assistance Mission for Africa,active,ama-south-sudan,22,South Sudan,National NGO
UG-NGO-3580,Akina Mama wa Afrika,active,amwa,21,Uganda,International NGO
JO-CCD-200178924,Kvinna till Kvinna,active,ktk,21,Jordan,International NGO
ID-KHH-AHU-0013363.AH.01.04,Yayasan PEKKA,active,pekka_21,22,Indonesia,National NGO
NG-CAC-IT-NO96562,Olamma Cares Foundation,active,olammacares,22,Nigeria,National NGO
SS-RRC-405,Eve Organization for Women Development,active,eveowd,22,South Sudan,National NGO
DE-CR-RA000220-HRB7745,Forschungsinstitut zur Zukunft der Arbeit GmbH (IZA),active,iza,80,Germany,"Academic, Training and Research"
CA_ON-ONT-1783682,Gender at Work,active,genderatwork,21,Canada,International NGO
NL-KVK-74799525,Legal Action Worldwide,active,law,21,Netherlands,International NGO
ZA-NPO-189357,Sisonke National Sex Workers Movement,active,sisonke,22,South Africa,National NGO
UG-204CBO-JJA02202000348,Jinja district union of persons with disabilities,active,jidu2021,23,Uganda,Regional NGO
GB-COH-RC000721,London Business School,active,lbs,80,United Kingdom,"Academic, Training and Research"
IN-MHA-083930147,KEM HOSPITAL RESEARCH CENTRE,withdrawn,kemhrc,80,India,"Academic, Training and Research"
XI-GRID-grid.10347.31,Universiti Malaya,active,rmc_um,80,Malaysia,"Academic, Training and Research"
XI-GRID-grid.11142.37,University Putra Malaysia,active,upm,80,Malaysia,"Academic, Training and Research"
PS-MOI-QR-1420-C,YWCA Palestine,active,ywca,22,"Palestine, State of",National NGO
EG-MOSS-3959350,Ibrahimia Media Center,active,imc-2021,22,Egypt,National NGO
US-EIN-13-3615533,The Education Commission,active,educomm,80,United States,"Academic, Training and Research"
BD-ROC-C-107131,Light Castle Partners,active,lcp,70,Bangladesh,Private Sector
US-EIN-522042014,GoodWeave International,active,goodweave_intl,21,United States,International NGO
TH-TIN-0993000190092,Asian Coalition for Housing Rights,active,achr,23,Thailand,Regional NGO
GB-COH-OC359103,Boston Consulting Group UK LLP,active,bcg,70,United Kingdom,Private Sector
JO-CCD-58307,Hiber for Electronic Media,active,7iberdotcom,70,Jordan,Private Sector
KE-NCB-WDCBO542010192,Women Challenged to Challenge,active,wctc,22,Kenya,National NGO
UG-NGO-S59143785,National Union of Women With Disabilities of Uganda,active,nuwodu,22,Uganda,National NGO
ET-CSA-1128,Ethiopian Women Lawyers Association,active,ewla,22,Ethiopia,National NGO
et-CSA-0444,Ethiopian Women with Disabilities National Assocation,active,ewdna2025,22,Ethiopia,National NGO
NL-KVK-83517626,InvestInternational,active,investinternational,70,Netherlands,Private Sector
NL-KVK-77583442,Transition International,active,ti_nl,10,Netherlands,Government
XM-OCHA-4438,"International Centre for Diarrhoeal Disease Research, Bangladesh (icddr,b)",active,icddrb,80,Bangladesh,"Academic, Training and Research"
GB-COH-10959095,The Faraday Institution,active,thefaradayinstitution,80,United Kingdom,"Academic, Training and Research"
HK-CR-2288921,ELEVATE Hong Kong Holdings Limited,active,elevatelimited,70,Hong Kong,Private Sector
NL-KVK-80547745,TRAIDE Foundation,active,traide_foundation,60,Netherlands,Foundation
MZ-NUIT-700089584,Centro de Aprendizagem e Capacitação da Sociedade Civil,active,cesc,22,Mozambique,National NGO
US-EIN-04-3309296,Public International Law & Policy Group,active,pilpg,22,United States,National NGO
MY-SSM-1162174T,Musawah Global Vision Berhad,active,musawah,21,Malaysia,International NGO
ZA-NPO-213-268,South African Network of People who Use Drugs,active,sanpud,22,South Africa,National NGO
US-EIN-74-2244146,Rocky Mountain Institute,active,rmi,21,United States,International NGO
GH-RGD-CG200980721,Initiative Sankofa d'Afrique de l'Ouest,active,isdao,21,Ghana,International NGO
IN-MHA-094421114,IT for Change,active,itforchange,80,India,"Academic, Training and Research"
XM-DAC-46012,IDB Invest,active,idbinvest,40,United States,Multilateral
TZ-NNCB-INGOR2000123,Africa Philanthropy Network,active,apn,21,"Tanzania, United Republic of",International NGO
PA-PRP-5789,Fundación Avina,active,fundacionavina,60,Panama,Foundation
BR-CNPJ-26990192000114,WWF-BRASIL,active,wwfbr,21,Brazil,International NGO
UG-NGO-3690,Raising Voices,withdrawn,rv-ww2,21,Uganda,International NGO
GH-DSW-7992,African Security Sector Network,active,assn,22,Ghana,National NGO
XM-DAC-46025,Islamic Development Bank,active,isdb,40,Saudi Arabia,Multilateral
ID-DJP-018321174017000,WWF Indonesia,active,wwf_id,21,Indonesia,International NGO
TN-RNE-1540791FPN000,WWF TUNISIA,active,wwfna,21,Tunisia,International NGO
PH-SEC-CN200340507,The Samdhana Institute,active,samdhana_institute,23,Philippines,Regional NGO
PK-NTN-1433899-8,Pakistan Institute of Living & Learning,active,pill,22,Pakistan,National NGO
ZM-PCR-10102712014,World Wide Fund for Nature Zambia,active,wwfzambia,21,Zambia,International NGO
KE-KRA-P051326872M,Shack Dwellers International - Kenya,active,sdi-k,22,Kenya,National NGO
ID-DJP-023047012526000,Business Watch Indonesia,active,bwi,22,Indonesia,National NGO
GB-CHC-1102909,The Climate Change Organisation,active,climate-group,21,United Kingdom,International NGO
BR-CNPJ-09294138-0001-15,Agroicone,active,agroicone,70,Brazil,Private Sector
GH-DSW-1334,West Africa Network for Peacebuilding,active,wanep,23,Ghana,Regional NGO
NG-CAC-11660,"Center for Research, Evaluation Resources and Development (CRERD)",active,crerd_ng,22,Nigeria,National NGO
KE-NCB-OP2180511619410357,World Wide Fund for Nature - Kenya,active,wwf-kenya,22,Kenya,National NGO
PH-SEC-CN200324943,Non-Timber Forest Products Exchange Programme,active,ntfp-ep,23,Philippines,Regional NGO
CO-RUE-8300033586,Fundación Gaia Amazonas,active,gaia,23,Colombia,Regional NGO
BF-MATD-2407,Secrétariat Permanent des Organisation non-gouvernementales du Burkina Faso (SPONG-BURKINA),active,spong-burkina,22,Burkina Faso,National NGO
GH-RGD-CG159432015,GHANA NETHERLANDS BUSINESS & CULTURE COUNCIL,active,gnbcc,22,Ghana,National NGO
LR-MFDPNGO-0961,Sustainable Development Institute,active,sdi,23,Liberia,Regional NGO
MY-SSM-199601006465,International Women's Rights Action Watch Asia Pacific,active,iwrawasiapacific,21,Malaysia,International NGO
US-EIN-83-3732786,"Alliance for Global Water Adaptation, Inc",active,agwa,21,United States,International NGO
IN-MHA-1070-99-2000,CIVIL INITIATIVES FOR DEVELOPMENT AND PEACE INDIA,active,cividep,22,India,National NGO
KE-NCB-218051200602584403,Akili Dada,active,ad,22,Kenya,National NGO
BJ-IFU-6201500233008,Plateforme des Acteurs de la Société Civile au BENIN,active,pascib_benin,22,Benin,National NGO
ML-MAT-028-MAT-DNIC-DAG,Secrétariat de Concertation des Organisations Non Gouvernementales Maliennes,active,seco-ong-mali,22,Mali,National NGO
XI-GRID-grid4157124,"Institute of Psychiatry, Rawalpindi Medical University",active,iop-rmu,80,Pakistan,"Academic, Training and Research"
XM-DAC-46021,BANQUE OUEST AFRICAINE DE DEVELOPPEMENT,active,boadiita,40,Togo,Multilateral
YE-MSAL-288-2013,Youth without border organization for development,active,ywbod,22,Yemen,National NGO
SG-ACRA-201507403G,Grow Asia,active,growasia,23,Singapore,Regional NGO
US-EIN-20-3074517,TrustAfrica,active,trustafrica,21,United States,International NGO
PK-SEC-0108318,Teach For Pakistan,active,tfp,22,Pakistan,National NGO
ZA-CIP-2021-421804-08,Slum Dwellers International,active,sdi-int,21,South Africa,International NGO
BD-ROC-C-104266,RedOrange Media and Communications,active,redorange,70,Bangladesh,Private Sector
ZA-NPO-155-669,Pan Africa ILGA,active,pai155669,23,South Africa,Regional NGO
ET-CSA-1424,Consortium of Reproductive Health Associations (CORHA),active,corha,22,Ethiopia,National NGO
KE-RCO-155081,FSD Africa,active,fsdafrica,21,Kenya,International NGO
BI-NIF-4001055070,Association des Editeurs du Magazine Jimbere,active,j2022,22,Burundi,National NGO
AF-MOE-611,The Liaison Office,active,tlo,22,Afghanistan,National NGO
PY-RUC-80025907-6,WWF Paraguay,active,wwf-py,21,Paraguay,International NGO
TN-RNE-1027578P,Centre des Etudes Méditerranéennes et Internationales,active,cemi,22,Tunisia,National NGO
SN-NINEA-21516110A0,Goree Institute,active,gorin,22,Netherlands,National NGO
NL-KVK-54749484,FairChain Foundation,active,fc-f,21,Netherlands,International NGO
PS-MOI-RA279C,Palestinian Working Women Society for Development,active,pwwsd_2022,22,"Palestine, State of",National NGO
LB-MOI-30-ED,Samir Kassir Foundation,active,skf,22,Lebanon,National NGO
TH-MOI-KhorThor2882,ILGA Asia,active,ilgaasia,23,Thailand,Regional NGO
BI-NIF-4000450306,Burundi Leadership Training Programme,active,bltp,22,Burundi,National NGO
FI-PRO3087706-5,Riverrecycle Oy,active,riverrecycle,70,Finland,Private Sector
LB-MOI-3567,Collective for Research and Training on Development Action,active,crtda,22,Lebanon,National NGO
JO-MSD-19700011100010,Arab Women Organization of Jordan,active,awo2022,22,Jordan,National NGO
MM-MHA-0295,Gender Equality Network,active,gen,22,Netherlands,National NGO
CO-RUE-830053223,Liga Internacional de Mujeres por la Paz y la Libertad - Limpal Colombia,active,limpal-colombia,22,Colombia,National NGO
GB-GOV-11,HM Revenue and Customs,active,cbu_hmrc,10,United Kingdom,Government
MY-SSM-256530H,Asian-Pacific Resource and Research Centre for Women (ARROW),active,my-ssm,23,Malaysia,Regional NGO
RW-RGB-020-17,PRO-FEMMES TWESE HAMWE,active,profemmes,22,Rwanda,National NGO
CO-RUES-800121811,Corporación de Apoyo a Comunidades Populares,active,codacop,22,Colombia,National NGO
DK-CVR-42047007,International Centre for Antimicrobial Resistance Solutions,active,icars,80,Denmark,"Academic, Training and Research"
SS-RRC-140,AVSI South Sudan,active,avsi-ssd,21,South Sudan,International NGO
DK-CVR-25825012,SOS Børnebyerne,active,sosdk,21,Denmark,International NGO
US-EIN-81-2108637,Dalberg Catalyst,active,dalbergcatalyst,21,United States,International NGO
BJ-IFU-6201810257535,Association Béninoise pour le Marketing Social et la Communication pour la Santé (ABMS),active,abms,22,Benin,National NGO
BF-MATD-N00000408001,SOS Jeunesse et Défis,active,sosjd6,22,Burkina Faso,National NGO
US-EIN-061805406,Huairou Commission,active,hc2022,21,United States,International NGO
CH-FDJP-CHE10092705,WILPF,active,wilpf_22,21,Switzerland,International NGO
ID-DJP-030079198015000,PATTIRO,active,pattiro,22,Indonesia,National NGO
NL-KVK-41226182,Stichting Habitat for Humanity Nederland,active,hfhnl,22,Netherlands,National NGO
US-GOV-11,United States Department of State,active,state,10,United States,Government
US-GOV-32,United States Environmental Protection Agency,active,epa,10,United States,Government
US-GOV-16,United States Department of Commerce,active,doc,10,United States,Government
US-GOV-12,United States Trade and Development Agency,active,ustda,10,United States,Government
US-GOV-2,United States Department of Agriculture,active,usda,10,United States,Government
US-GOV-10,Peace Corp,active,peace,10,United States,Government
US-GOV-21,Inter-American Foundation,active,iaf,10,United States,Government
US-GOV-26,United States Department of Transportation,active,dot,10,United States,Government
US-GOV-14,United States Health and Human Services,active,hhs,10,United States,Government
US-GOV-15,United States Department of Justice,active,doj,10,United States,Government
IN-MCA-U74999MH2015PTC264094,Devidayal Solar Solutions Private Limited,active,ddsolar,70,India,Private Sector
US-GOV-9,United States Department of Interior,active,doi,10,United States,Government
US-GOV-7,United States Department of Defense,active,dod,10,United States,Government
US-GOV-20,United States Department of Energy,active,doe,10,United States,Government
US-GOV-19,United States Department of Homeland Security,active,dhs,10,United States,Government
XM-OCHA-HP3664,Jordan River Foundation,active,jrf_2022,22,Jordan,National NGO
US-EIN-83-2847769,60 Decibels,active,60db,70,United States,Private Sector
ci-moi-474-mis-dgat-dag-sdva,convention de la société civile ivoirienne,active,csci_benkadi,22,Côte D'Ivoire,National NGO
SS-RRC-652,SIHA-South Sudan,active,siha-southsudan,22,South Sudan,National NGO
ID-KHH-01060014412,Tifa Foundation,active,tifa_foundation,22,Indonesia,National NGO
061660068,Innovations for Poverty Action,active,ipa_,21,United States,International NGO
TZ-NNCB-00NGO-R2-00056,WAJIBU - Institute of Public Accountability,active,wajibu,22,"Tanzania, United Republic of",National NGO
NP-SWC-19781,International Nepal Fellowship Nepal,active,infnepal,22,Nepal,National NGO
NL-KVK-40539494,Doctors of the World (NL)/ Dokters van de Wereld,active,mdmnl,21,Netherlands,International NGO
US-EIN-84-3344516,"Aceli Africa, Inc.",active,aceliafrica,21,United States,International NGO
NL-KVK-76050475,The Global Center on Adaptation,active,gca,21,Netherlands,International NGO
GB-CHC-1187721,United World Schools,active,uws,21,United Kingdom,International NGO
ID-KHH-0018020.AH.01.07,HRWG Indonesia,active,hrwg_indonesia,22,Indonesia,National NGO
CO-CCB-0008863,Organizacion para la Educacion y Proteccion Ambiental -OpEPA-,active,opepa,22,Colombia,National NGO
CH-FDJP-110.162.567,FIND,active,finddiagnostics,60,Switzerland,Foundation
GB-COH-02742969,Genome Research Limited,active,grl,80,United Kingdom,"Academic, Training and Research"
PS-MOI-QR177HR,The Palestinian Initiative for the Promotion of Global Dialogue and Democracy-MIFTAH,active,miftah,22,"Palestine, State of",National NGO
KH-INGO-20201231,Action Aid Cambodia,active,aac,21,Cambodia,International NGO
GH-DSW-4004,Media Foundation for West Africa,active,mfwa,23,Ghana,Regional NGO
IL-RA-580675486,Tech2Peace,active,t2p,22,Israel,National NGO
XM-DAC-47062,International Institute of Tropical Agriculture (IITA),active,iita_2022,21,Nigeria,International NGO
JO-COA-0301-57112,Inter Islamic Network for Water Resources Development and Management,active,inwrdam,40,Jordan,Multilateral
KH-INGO,Action Aid Cambodia,withdrawn,aac,21,Cambodia,International NGO
CO-RUE-8600286699,fedesarrollo,active,fedesarrollo,70,Colombia,Private Sector
NL-KVK-24428291,Acacia Water,active,aw,70,Netherlands,Private Sector
NL-KVK-58076573,AUXFIN International B.V.,active,auxfinintl,70,Netherlands,Private Sector
GB-UKPRN-10007783,The University of Aberdeen,active,uoa,80,United Kingdom,"Academic, Training and Research"
US-EIN-23-6393344,World Relief Corp of National Association of Evangelicals,active,worldrelief,21,United States,International NGO
GH-RGD-CG056382017,Global Shea Alliance,active,globalshea,23,Ghana,Regional NGO
CO-CCB-01952534,"E3 - Ecología, Economía y Etíca",active,grupoe3,70,Colombia,Private Sector
CO-RUE-901337512,ICLEI Colombia,active,iclei,22,Colombia,National NGO
GB-SC-SC015263,University of Strathclyde,active,strathclyde,80,United Kingdom,"Academic, Training and Research"
CH-FDJP-CHE-109-991-002,Basel Institute on Governance,active,basel_institute,60,Switzerland,Foundation
BJ-IFU-6202112757059,IGD Benin,active,igd_benin,22,Benin,National NGO
LB-MOI-37-AD,The Lebanese Organisation for Studies and Training,active,rabi3,22,Lebanon,National NGO
BJ-IFU-6201001214905,Association Béninoise pour la Promotion de la Famille,active,abpf,22,Benin,National NGO
GB-COH-RC000653,University of Exeter,active,uoex,80,United Kingdom,"Academic, Training and Research"
AE-DMCC-23550,ARK Group DMCC,active,arkgroupdmcc1,70,United Arab Emirates,Private Sector
US-EIN-52-1497470,Conservation International Foundation,active,c_i_f,21,United States,International NGO
GB-CHC-1112404,Right To Play UK,active,rtp_uk,21,United Kingdom,International NGO
GB-COH-01250443,NIRAS Group (UK) Limited,active,niras_uk,70,United Kingdom,Private Sector
MZ-NUIT-700061787,Gorongosa Restoration Project,active,grp,30,Mozambique,Public Private Partnership
GB-COH-RC000659,University of Leicester,active,leics,80,United Kingdom,"Academic, Training and Research"
ET-MFA-150317,African Disability Forum (ADF),active,et-adf-0317,23,Ethiopia,Regional NGO
GB-CHC-1162997,Peaceful Change initiative,active,pci,21,United Kingdom,International NGO
NL-KVK-41199142,Rabo Foundation,active,rabofoundation,60,Netherlands,Foundation
BI-NIF-4000039331,Twitezimbere,active,twz1,22,Burundi,National NGO
KE-NCB-10488,Siasa Place,active,sp,22,Kenya,National NGO
NG-CAC-RC-1368639,Infrastructure Credit Guarantee Company Limited,active,infracredit,70,Nigeria,Private Sector
GB-CHC-1050821,Buddhist Compassion Relief Tzu Chi Foundation,active,tzuchiuk,22,United Kingdom,National NGO
LB-MOI-17312,Female,active,female,22,Lebanon,National NGO
NL-KVK-60351489,Frontclear,active,frontclear_ftap,70,Netherlands,Private Sector
GB-COH-10781862,Smart Villages Research Group,active,svrg,70,United Kingdom,Private Sector
US-EIN-47-4606264,"Hala Systems, Inc.",active,hala_systems,70,United States,Private Sector
LB-MOI-2402520,SMEX,active,smex,23,Lebanon,Regional NGO
DE-CR-RA000355-HRB726528,Fosera Solarsystems GmbH & Co. KG aA,active,fosaa,80,Germany,"Academic, Training and Research"
UG-RSB-80020000583761,Equatorial Power Limited,active,ep,70,Uganda,Private Sector
DK-CVR-78920610,Forests of the World,active,fowdk,21,Denmark,International NGO
CH-FDJP-CHE455926653,ILGA World,active,ilgaworld,21,Switzerland,International NGO
DE-CR-RA000299-HRB20002,Solar Cooling Engineering GmbH,active,sce-gmbh,70,Germany,Private Sector
PE-SUNARP-03024345,Universidad Peruana Cayetano Heredia,active,investigacion_cayetano,80,Peru,"Academic, Training and Research"
GB-COH-05712574,Parhelion Underwriting Limited,active,pul,70,United Kingdom,Private Sector
US-EIN-45-4535664,"Harvard Global Research and Support Services, Inc.",active,harvard_global,21,United States,International NGO
KE-NCB-218051200201502367,LVCT Health,active,lvct,22,Kenya,National NGO
XM-DAC-47149,International Commission on Missing Persons,active,icmp,15,Netherlands,Other Public Sector
GB-UKPRN-10007786,University of Bristol,active,unibristol,80,United Kingdom,"Academic, Training and Research"
KE-KRA-P052188980R,BFA Global Kenya Ltd,active,bfa_global,70,(No country assigned),Private Sector
KE-RCO-CF2015185025,Gatsby Africa,active,ga,60,Kenya,Foundation
AF-MOE-947,Human Rights Research and Advocacy Consortium,active,947,22,Afghanistan,National NGO
CH-FDJP-CHE326267730,TRIAL International,active,trial,21,Switzerland,International NGO
AF-MOE-118,Swedish Committee for Afghanistan,active,sca_afghanistan,21,Afghanistan,International NGO
US-EIN-52-1527835,International Foundation for Electoral Systems,active,ifes,21,United States,International NGO
KE-KRA-P052007235U,Imfact Working Capital Solutions Limited,active,imfact2022,70,Kenya,Private Sector
US-EIN-262048480,ImpactAssets Inc.,active,ia,21,United States,International NGO
PH-SEC-CN201214699,Child Rights Coalition Asia,active,crcasia,23,(No country assigned),Regional NGO
NA-NAMRA-04413362,AIDS and Rights Alliance for Southern Africa,active,arasaregional,23,Namibia,Regional NGO
SO-COA-107-0081-2023,Iftiin Foundation,active,iffoundation12,22,Somalia,National NGO
US-EIN-26-0126537,Global Integrity,active,gi,21,United States,International NGO
KE-KRA-P051698850Z,DataDrivenFinance Kenya Ltd,active,ddfkenya,70,Kenya,Private Sector
GB-COH-07177839,Bboxx,active,bboxx,70,United Kingdom,Private Sector
SN-NINEA-50255162X2,Nadji.Bi Sénégal SUARL,active,sn-ninea-50255162x2,70,Senegal,Private Sector
ID-DJP-032441156063000,PT Arup Indonesia,active,ptarupidn,70,Indonesia,Private Sector
GB-COH-12675400,Centre for Information Resilience,active,cir,21,United Kingdom,International NGO
BR-CNPJ-30619995-0001-34,Centro de Inteligência Territorial,active,cit_brazil,80,Brazil,"Academic, Training and Research"
NG-CAC-RC-929657,FMDQ Group PLC,active,fmdqgroupplc_2013,70,Nigeria,Private Sector
GB-CHC-1146162,Royal Society of Tropical Medicine & Hygiene,active,rstmh,21,United Kingdom,International NGO
PK-NTN-9051408-4,KHYBER MEDICAL UNIVERSITY,active,kmu,80,Pakistan,"Academic, Training and Research"
XM-DAC-46008,CAF Banco de Desarrollo de América Latina y el Caribe,active,caf,40,Venezuela (Bolivarian Republic of),Multilateral
BD-ROC-S-5933,University of Liberal Arts Bangladesh,active,chpd_ulab,80,Bangladesh,"Academic, Training and Research"
NL-KVK-51837609,Upinion Netherlands,active,upinion,70,Netherlands,Private Sector
NP-IRD-201252183,B. P. Koirala Institute of Health Sciences,active,bpkihs_dharan,80,Nepal,"Academic, Training and Research"
BO-NIT-351775028,CONEXIÓN,active,conexionla,23,Bolivia,Regional NGO
LK-DRC-GA635,Institute for Research and Development in Health & Social Care,active,irdsrilanka-1997,80,Sri Lanka,"Academic, Training and Research"
NG-CAC-1075488,Nevadic Limited,active,nvd_12,70,Nigeria,Private Sector
KE-KRA-P051883897F,Adili Solar Hubs Limited,active,adili_sh,70,Kenya,Private Sector
GB-CHC-1030884,The Wildfowl and Wetlands Trust,active,gb-chc-1030884,21,United Kingdom,International NGO
KE-KRA-P052141361L,CLIMATE ACTION PLATFORM - AFRICA,active,cap-a,22,Kenya,National NGO
GB-GOR-PB508,Royal Botanic Gardens Kew,active,rbg_kew,80,United Kingdom,"Academic, Training and Research"
XI-DUNS-645826186,Shifa Tameer-e-Millat University,active,stmu01,80,Pakistan,"Academic, Training and Research"
IN-MCA-U74900TN2013PTC093426,Basil Energetics Private Limited,active,bepl,70,India,Private Sector
GH-RGD-CG034642016,UK-Ghana Chamber of Commerce,active,ukgcc,22,Ghana,National NGO
BE-BCE_KB0-0421408778,International Peace Information Service,active,ipis,22,Belgium,National NGO
XI-IATI-KHF_IFH,Institute for Family Health,active,khf_ifh,22,Jordan,National NGO
PS-TIN-888005972,Water Sector Regulatory Council,active,wsrc1,15,"Palestine, State of",Other Public Sector
NL-KVK-57504091,Stiching Cardano Development,active,stichting_cd,60,Netherlands,Foundation
GB-COH-05572704,ACER International UK Ltd,active,aceruk,70,United Kingdom,Private Sector
BR-CNPJ-62579164-0001-72,Centro Brasileiro de Análise e Planejamento - Cebrap,active,_cebrap,80,Brazil,"Academic, Training and Research"
NL-KVK-34123218,Rijksakademie van beeldende kunsten,active,rabk,80,Netherlands,"Academic, Training and Research"
YE-MSAL-220,Building Foundation for Development,active,bfdyemen,22,Yemen,National NGO
ZA-CIP-2011-003386-08,Cambridge Institute for Sustainability Leadership,active,cisl,80,South Africa,"Academic, Training and Research"
GB-GOV-25,"UK Department for Energy, Security and Net Zero",active,desnz,10,United Kingdom,Government
ZA-CIP-2002-007758-08,ICLEI Africa,active,icleiafrica,21,South Africa,International NGO
GB-COH-OC422288,Tropical Health Consulting,active,thc,70,United Kingdom,Private Sector
YE-CR-17952,DeepRoot Consulting,active,dr,70,Yemen,Private Sector
UA-EDR-36159679,DiXi Group NGO,active,dixigroup,22,Ukraine,National NGO
TN-RNE-1526532C,Wallah We Can,active,wwc_27068084,22,Tunisia,National NGO
NL-KVK-41150792,Justice & Peace Netherlands,active,jp-nl,21,Netherlands,International NGO
UG-NGO-INDR45161196NB,African Centre for Trade and Development,active,actade,22,Uganda,National NGO
GB-GOV-26,"UK - Department of Science, Innovation and Technology",active,dsit,10,United Kingdom,Government
PS-MOI-QR-0049-F,Welfare Association (Taawon),active,welfare_taawon,21,"Palestine, State of",International NGO
MG-NIF-4003264720,Projet Jeune Leader,active,pjl,22,Madagascar,National NGO
YE-MSAL-19,Resonate! Yemen,active,rymn,22,Yemen,National NGO
GB-COH-02412299,Stonewall Equality Limited,active,stonewa11,21,United Kingdom,International NGO
HK-CR-2436455,Agsol Limited,active,agsollimited,70,Hong Kong,Private Sector
FR-RCS-53119997400027,Première Urgence Internationale,active,premiere-urgence,21,France,International NGO
BD-ROC-C-150855,YY Ventures,active,yy_ventures,70,Bangladesh,Private Sector
BD-NAB-0841,Center for Natural Resource Studies (CNRS),active,cnrs,22,Bangladesh,National NGO
GB-COH-12482833,AmplifyChange,active,amplifychange,21,United Kingdom,International NGO
SZ-CIT-201710132021804,Women Unlimited Eswatini,active,wu,22,eSwatini,National NGO
BD-NAB-0004,CARE Bangladesh,active,carebd,21,Bangladesh,International NGO
NG-CAC-69519,Centre for Journalism Innovation and Development,active,cjid_ng,22,Nigeria,National NGO
BD-NAB-0577,Dushtha Shasthya Kendra,active,dsk,22,Bangladesh,National NGO
BD-NAB-1748,Friendship,active,fb_2023,22,Bangladesh,National NGO
NL-KVK-91420784,War Child Alliance Foundation,active,wcaf,21,Netherlands,International NGO
YE-MSAL-32-M-2008,Studies & Economic Media Center (SEMC),active,semc-yemen,22,Yemen,National NGO
GB-GOR-EA53,"Centre for Environment, Fisheries and Aquaculture Science (Cefas)",active,cefas,10,United Kingdom,Government
IN-MCA-U74900TG2007NPL055085,George Institute for Global Health,active,tgi_india,80,India,"Academic, Training and Research"
GB-CHC-298375,Centre for Lebanese Studies,active,cls,23,United Kingdom,Regional NGO
IN-MHA-083780010,Society For Promotion of Area Resource Centres,active,sparc_iati,22,India,National NGO
NL-KVK-75373750,Institute for Community Based Sociotherapy,active,ic-bs_24,21,Netherlands,International NGO
PK-NTN-2158581-4,Shirkat Gah-Women's Resource Centre,active,shirkatgah,22,Pakistan,National NGO
NL-KVK-81042582,Netherlands Advisory Board on Impact Investing,active,thenab,22,Netherlands,National NGO
GB-COH-4625800,ISEAL,active,iseal,21,United Kingdom,International NGO
GB-CHC-1174610,Think Equal UK,active,thinkequal,15,United Kingdom,Other Public Sector
KE-NCB-218051200301082704,Independent Medico-Legal Unit,active,imlu,22,Kenya,National NGO
PS-TIN-562780742,Talent Acceleration Platform (TAP),active,tap,70,"Palestine, State of",Private Sector
UG-RSB-80010000758365,Innovex Uganda limited,active,in,70,Uganda,Private Sector
XM-OCHA-HPC8773,Education Cannot Wait,active,ecw,40,(No country assigned),Multilateral
US-EIN-46-3995547,International Budget Partnership,active,ibp,21,United States,International NGO
ID-KHH-AHU-0000401.AH.01.07,Southeast Asia Freedom of Expression Network (SAFEnet),active,safenet,22,Indonesia,National NGO
NG-CAC-6896199,Obodo Centre for Advocacy and Equal Rights,active,obodo_ng,22,Nigeria,National NGO
IN-MHA-083930308,"Mahila Sarvangeen Utkarsh Mandal, Pune, India",active,masumpune_87,22,India,National NGO
MW-NBM-NGO-L-13-059,Women's Legal Resources Centre,active,wolrec,22,Malawi,National NGO
GH-RGD-ET000570722,IDH THE SUSTAINABLE TRADE INITIATIVE,active,idh-ghana,21,Ghana,International NGO
US-EIN-042241718,"Education Development Center, Inc.",active,edc,21,United States,International NGO
GB-COH-08100658,Village Infrastructure Angels,active,via,70,United Kingdom,Private Sector
GB-COH-05380206,Joint Nature Conservation Committee,active,jncc,15,United Kingdom,Other Public Sector
GB-COH-02525806,Air Charter Service Group Ltd,active,acs_group,70,United Kingdom,Private Sector
UG-RSB-125289,PCP Uganda Limited,active,pcp-ug_125289,70,Uganda,Private Sector
US-EIN-47-2326975,Cadasta Foundation,active,cadasta,21,(No country assigned),International NGO
BI-NIF-4001458845,Association des Jeunes Burundais pour le Développement Inclusif (AJEBUDI-YAGA),active,ajebudi_2024,22,Burundi,National NGO
CH-FDJP-CHE-390.672.238,NatureFinance,active,nf2022,21,Switzerland,International NGO
RW-RRA-121040504,Africa Climate Ventures,active,acv,70,Rwanda,Private Sector
ID-DJP-016993966411000,Center for the Study of Islam and Society (PPIM),active,ppim,80,Indonesia,"Academic, Training and Research"
CA-CC-020387-4,Equality Fund,active,ef,21,Canada,International NGO
GB-CHC-1174115,The Conflict and Environment Observatory,active,ceobs,22,United Kingdom,National NGO
KE-RCO-PVT-2016-025726,Apollo Agriculture,active,apolloagriculture,70,Kenya,Private Sector
JO-CCD-181612,Sharkit Al Manhajyah Lelestsharat Al Tasweeqyeh,active,mset,70,Jordan,Private Sector
MU-CR-C191439,West Africa Blue,active,blue,70,Mauritius,Private Sector
KE-RCO-BN-J9S5BMEB,Ecovega Enterprises,active,ecovega,70,Kenya,Private Sector
AU-ABN-94642321640,Conciliation Resources Australia,active,cra,23,Australia,Regional NGO
SE-ON-802401-6134,The Kvinna till Kvinna Foundation - Head Office,active,ktk_ho,21,Sweden,International NGO
CA-CRA_ACR-827142530RR0001,Rainbow Railroad,active,rr_qfdi,21,Canada,International NGO
GB-CHC-1191805,Small International Development Charities Network,active,sidcn,22,United Kingdom,National NGO
GB-COH-14411359,Chemonics Group UK Ltd,active,chemonics_uk,70,United Kingdom,Private Sector
NL-KVK-27364265,Technische Universiteit Delft,active,nl_tud,80,(No country assigned),"Academic, Training and Research"
CH-FDJP-6602621019-7,Fight for Humanity,active,ffh,21,Switzerland,International NGO
CO-RUE-90020089,Fundacion Pacto Especializada en el Apoyo de Iniciativas Sociales,active,feadin,23,Colombia,Regional NGO
BF-MATD-1131,Association African Solidarité (AAS),active,240001090,22,Burkina Faso,National NGO
GB-COH-01630501,Mokoro,active,mko,70,United Kingdom,Private Sector
EG-CR-42812,Outreach Egypt,active,outreach_egypt,70,Egypt,Private Sector
KE-KRA-P052193943Z,Nairobi Climate Network,active,theclimatenetwork,22,Kenya,National NGO
GB-COH-04481639,Alinea International Ltd. UK,active,alinea_uk,70,United Kingdom,Private Sector
BF-MATD-118884808RR0001,Radios Rurales Internationales,active,bfrri,22,Burkina Faso,National NGO
GB-UKPRN-10007789,University of East Anglia,active,uea_uk,80,United Kingdom,"Academic, Training and Research"
GB-UKPRN-10000824,Bournemouth University Higher Education Corporation,active,bournemouth_university,80,United Kingdom,"Academic, Training and Research"
BD-NAB-557,The Hunger Project Bangladesh,active,thpdb,21,Bangladesh,International NGO
UG-NGO-INDR21712234NB,Uganda National NGO Forum,active,ngoforum_01,22,Uganda,National NGO
ZA-NPO-IT7504-1992-PMB,ACCORD,active,accord_2024,23,South Africa,Regional NGO
ZA-CIP-1997-015443-07,Wits Health Consortium (Pty) Ltd,active,whc,70,South Africa,Private Sector
GB-CHC-1186748,Neotree,active,nt_2024,21,United Kingdom,International NGO
GB-CHC-1159990,Sub-Sahara Advisory Panel,active,ssap,22,United Kingdom,National NGO
GB-COH-09902551,Camco Management Limited,active,camco,70,United Kingdom,Private Sector
XM-DAC-962,UN Trade and Development,active,unctad,40,Switzerland,Multilateral
AR-CUIT-30-70806240-1,Institute for Clinical Effectiveness and Health Policy,active,iecs-2024,21,Argentina,International NGO
GB-HESA-0163,University of Warwick,active,warwickpub123,80,United Kingdom,"Academic, Training and Research"
GT-RPJ-21339045,Fundación de Antropología Forense de Guatemala,active,fafg,21,Guatemala,International NGO
XI-ROR-01wk3d929,Universitas Brawijaya,active,medicine_ub,80,Indonesia,"Academic, Training and Research"
GB-COH-OC423567,Gridworks Development Partners,active,gridworkspartners,70,United Kingdom,Private Sector
GB-GOV-27,Ministry for Housing Communities and Local Government,active,mhclg,10,United Kingdom,Government
PE-SUNARP-11582738,Universidad Cientifica del Sur,active,cientifica-pe,80,Peru,"Academic, Training and Research"
PK-VSWA-2028-2002,Blue Veins,active,bveins,22,Pakistan,National NGO
AT-ZVR-482616437,HOPE'87 - Hundreds of Original Projects for Employment,active,hope87,22,Austria,National NGO
GB-CHC-313392,National Foundation for Educational Research,active,nfer,80,United Kingdom,"Academic, Training and Research"
KE-KRA-P051102229I,Trade and Development Bank,active,tdb01,40,Kenya,Multilateral
GE-NAPR-367,Curatio International Foundation,active,curatio,22,Georgia,National NGO
GB-COH-13697512,2X Global Limited,active,2xglobal,70,United Kingdom,Private Sector
SS-RRC-294,CHRISTIAN AGENCY FOR PEACE AND DEVELOPMENT (CAPaD),active,capad,22,South Sudan,National NGO
UA-EDR-24719411,"ARGUS, Company with Foreign Capital",active,argus_kyiv,70,Ukraine,Private Sector
CA-CRA_ACR-892100884,Commonwealth of Learning,active,col,15,Canada,Other Public Sector
GB-CHC-210639,The Royal United Services Institute for Defence and Security Studies,active,rusi,22,United Kingdom,National NGO
XM-OCHA-HPC1888,Rainwater Association of Somalia-RAAS,active,inforaas,22,Somalia,National NGO
XM-OCHA-HPC6052,Himilo Relief and Development Association (HIRDA),active,hirda,22,Somalia,National NGO
BE-BCE_KBO-0665.649.335,Seefar Foundation,active,seefarfoundation,21,Belgium,International NGO
XM-OCHA-HPC5902,PHYSICIANS ACROSS CONTINENTS (PAC),active,pac_som,21,Somalia,International NGO
XM-OCHA-HPC3382,Somali Community Concern,active,scc_2025,22,Somalia,National NGO
SO-COA-107-0079-2025,Kaalmo Relief and Development Organization (KARDO AID),active,kardo-somalia,22,Somalia,National NGO
XM-OCHA-HPC10477,Somali Women Vision,active,swvsom,22,Somalia,National NGO
GB-COH-08524506,Common Seas CIC,active,commonseas,70,United Kingdom,Private Sector
IN-MHA-5897,The Leprosy Mission Trust India,active,tlmti,22,India,National NGO
GH-RGD-CG016822016,Center for Democratic Development Ghana,active,cdd_admin,22,Ghana,National NGO
GB-COH-03591514,THE LEPROSY MISSION INTERNATIONAL,active,tlm_io,21,United Kingdom,International NGO
CH-FDJP-CHE109810537,Fondation suisse de déminage (FSD),active,fsd-switzerland_2025,60,Switzerland,Foundation
US-EIN-11-2724905,International Center for Journalists,active,icfj,21,United States,International NGO
BR-CNPJ-45358058000140,Universidade Federal de São Carlos - UFSCar,active,ufscar_brasil,80,Brazil,"Academic, Training and Research"
ZA-NPO-012983,Soul City Institute,active,sci2025,22,South Africa,National NGO
ZA-CIP-2007-012585-08,Reach Digital Health NPC,active,rdh,21,South Africa,International NGO
US-EIN-53-0196603,Georgetown University,active,georgetown,80,United States,"Academic, Training and Research"
US-EIN-113816205,Independent Diplomat,active,independent_diplomat,21,United States,International NGO
GB-CHC-1159483,Start Network,active,start-network,21,United Kingdom,International NGO
GH-RGD-CG081931122,East-West Seed Knowledge Transfer Foundation,active,ews-kt_gh,60,Ghana,Foundation
FR-RCS-42956525200054,Relief International France,active,ri_france,21,France,International NGO
SO-COA-107-0290-2025,Humanitarian Umbrella for Relief and Development Organization (HURDO),active,hu,22,Somalia,National NGO
NG-CAC-8270899,SUGAS GLOBAL AGRO LTD,active,sgal,70,Nigeria,Private Sector
US-EIN-52-1398742,Center for International Private Enterprise,active,cipe_1983,21,United States,International NGO
NL-KVK-32160247,SCOPEinsight B.V.,active,scopeinsight,70,Netherlands,Private Sector
US-EIN-521338892,National Democratic Institute for International Affairs,active,ndi,21,United States,International NGO
RW-RRA-102234096,Access to Finance Rwanda,active,afrwanda,70,Rwanda,Private Sector
UG-RSB-80010004091376,Design without Borders Africa,active,dwb_africa,70,Uganda,Private Sector
XI-DUNS-499432771,Navrongo Health Research Centre,active,nhrc,80,Ghana,"Academic, Training and Research"
US-SAM-VJ8RGVMEPAT7,New Digital Trade Coalition Inc.,active,new_digital_trade_coalition,22,United States,National NGO
US-EIN-770155782,Global Fund for Women,active,globalfundforwomen,21,United States,International NGO
MW-NBM-20125698,Malawi-Liverpool Wellcome Programme,active,mlw,21,Malawi,International NGO
XM-DAC-46027,FONPLATA DEVELOPMENT BANK,active,fonplata,40,Bolivia,Multilateral
BF-MATD-N4217,Association Burkinabè pour le Bien Etre Familial Burkina Faso,active,abbef,22,Burkina Faso,National NGO
XI-ROR-04pznsd21,American University of Beirut,active,auob,70,Lebanon,Private Sector
GB-CHC-1180966,Myanmar Trust UK,active,mtuk,22,United Kingdom,National NGO
GB-COH-05327824,Tax Justice Network,active,tjn,21,United Kingdom,International NGO
ZA-CIP-2022-449689-08,Energy Council of South Africa,active,energycouncilsa,70,South Africa,Private Sector
FR-INSEE-93282389100019,piermarc,active,piermarc,21,(No country assigned),International NGO
KE-RCO-CPR-2014-161876,Millennium Water Alliance Kenya,active,mwa_kenya,22,Kenya,National NGO
NL-KVK-86795341,Clim-Eat,active,clim-eat,60,Netherlands,Foundation
SL-NRA-1136607-8,Institute of Gender and Children's Health Research,active,igchr_sierraleone,22,Sierra Leone,National NGO
SL-OARG-2420280,Centre of Dialogue on Human Settlement and Poverty Alleviation (CODOHSAPA),active,codohsapa,22,Sierra Leone,National NGO
GB-COH-08195029,"Environmental Finance Limited, trading as Finance Earth",active,finance_earth,70,United Kingdom,Private Sector
US-EIN-52-1780162,Eurasia Foundation,active,ef-2025,21,United States,International NGO
ET-ERCA-0056106666,African Disability Forum (ADF),withdrawn,et-adf-0317,23,Ethiopia,Regional NGO
GB-1-201879-115,"Wheeler Institute for Business and Development, London Business School",withdrawn,wheeler,80,United Kingdom,"Academic, Training and Research"
