code,name,status,codeforiati:hq-country-or-region,codeforiati:organisation-type,codeforiati:registry-identifier,codeforiati:organisation-type-code
AU-5,Departamento de Negócios Estrangeiros e Comércio – Austrália,active,Australia,Government,ausgov,10
44000,Banco Mundial,active,(No country assigned),Multilateral,worldbank,40
US-EIN-941655673,Fundação William and Flora Hewlett,active,United States,Foundation,hewlett-foundation,60
41AAA,Gabinete das Nações Unidas de Serviços para Projetos (UNOPS),active,(No country assigned),Multilateral,unops,40
GB-CHC-1038860,Frontline AIDS,active,United Kingdom,International NGO,f-aids,21
XI-IATI-EC_INTPA,Comissão Europeia – Parcerias Internacionais,active,(No country assigned),Other Public Sector,ec-intpa,15
XI-IATI-EC_DEVCO,Comissão Europeia – Cooperação Internacional e Desenvolvimento,withdrawn,(No country assigned),Other Public Sector,ec-devco,15
SE-0,"Suécia, através da Agência Sueca de Cooperação para o Desenvolvimento Internacional (SIDA)",active,Sweden,Government,sida,10
CA-CRA-89980-1815-RR0001,Engenheiros sem Fronteiras Canadá,active,Canada,International NGO,ewb_canada,21
XM-DAC-41114,Programa das Nações Unidas para o Desenvolvimento (PNUD),active,(No country assigned),Multilateral,undp,40
GB-CHC-1075920,Indigo Trust,active,United Kingdom,Foundation,indtrust,60
GB-CHC-202918,Oxfam GB,active,United Kingdom,International NGO,oxfamgb,21
FI-3,Ministério dos Negócios Estrangeiros – Finlândia,active,Finland,Government,finland_mfa,10
IE-CHY-6663,Self Help Africa,active,Ireland,International NGO,self-help-africa,21
47045,"Fundo Global de Luta contra a AIDS, a Tuberculose e a Malária",active,Switzerland,Multilateral,theglobalfund,40
XM-DAC-46004,Banco Asiático de Desenvolvimento,active,(No country assigned),Multilateral,asdb,40
46004,Banco Asiático de Desenvolvimento,withdrawn,(No country assigned),Multilateral,asdb,40
GB-COH-07676886,Publish What You Fund,active,United Kingdom,International NGO,pwyf,21
NO-BRC-977538319,Conselho Norueguês para os Refugiados,active,Norway,International NGO,nrc,21
NL-KVK-41213450,SPARK,active,Netherlands,International NGO,spark,21
XM-DAC-3-1,"Ministério dos Negócios Estrangeiros, Danida – Dinamarca",active,Denmark,Government,danida,10
GB-CHC-285776,Catholic Agency For Overseas Development (CAFOD),active,United Kingdom,International NGO,cafod,21
47122,"Gavi, a Aliança das Vacinas",active,Switzerland,Public Private Partnership,gavi,30
US-EIN-300108263,GlobalGiving.org,active,United States,International NGO,globalgiving,21
GB-CHC-1029161,Camfed International,active,United Kingdom,International NGO,camfed,21
GB-CHC-291691,All We Can (anteriormente Methodist Relief and Development Fund),active,United Kingdom,International NGO,allwecan,21
GB-CHC-1074937,ADRA-UK,active,United Kingdom,International NGO,adrauk,21
GB-CHC-1017255,Homeless International,active,United Kingdom,International NGO,hi,21
GB-COH-4905100,Resource Extraction Monitoring,active,United Kingdom,International NGO,rem,21
NP-CRO-45995/063/064,Young Innovations Pvt. Ltd,active,Nepal,"Academic, Training and Research",yipl,80
GB-CHC-327421,Article 19,active,United Kingdom,International NGO,art19,21
GB-CHC-328434,ChildHope UK,active,United Kingdom,International NGO,childhopeuk,21
GB-CHC-1092236,Concern Worldwide UK,active,United Kingdom,International NGO,concernuk,21
GB-COH-4075590,LEAD International,active,United Kingdom,International NGO,lead_international,21
XM-DAC-21033,Secretariado da Transparência Internacional,active,Germany,International NGO,transparency-international,21
GB-CHC-1141028,AfriKids,active,United Kingdom,International NGO,afrikids,21
GB-CHC-1089879,EveryChild,active,United Kingdom,International NGO,evc,21
GB-CHC-1126727,MapAction,active,United Kingdom,International NGO,mapaction,21
GB-CHC-254781,The International Children's Trust,active,United Kingdom,International NGO,theict,21
GB-COH-NI21482,Trocaire (Irlanda do Norte),active,United Kingdom,International NGO,troc,21
GB-CHC-1001698,Interact Worldwide,active,United Kingdom,International NGO,iww_publish,21
GB-CHC-1837621,Health Poverty Action,active,United Kingdom,International NGO,hpa,21
GB-CHC-313139,Africa Educational Trust,active,United Kingdom,International NGO,aet,21
GB-CHC-800672,Living Earth Foundation,active,United Kingdom,International NGO,livingearth12,21
GB-COH-0277068,Fauna & Flora International,active,United Kingdom,International NGO,ffi_publisher,21
GB-CHC-1020488,Children in Crisis,active,United Kingdom,International NGO,cic,21
GB-CHC-1090745,ICA:UK,active,United Kingdom,National NGO,icauk,22
GB-CHC-298316,Build Africa,active,United Kingdom,International NGO,buildafrica,21
GB-CHC-265464,Tearfund,active,United Kingdom,International NGO,tearfund,21
GB-CHC-208724,War on Want,active,United Kingdom,International NGO,waronwant,21
GB-COH-06587734,InterClimate Network,active,United Kingdom,International NGO,icn,21
GB-COH-2082273,World Association for Christian Communication (Reino Unido),active,United Kingdom,International NGO,wacc-uk,21
GB-CHC-1064413,African Initiatives,active,United Kingdom,International NGO,ai_1064413,21
GB-COH-05322719,Opportunity International UK,active,United Kingdom,International NGO,opportunity-international-uk,21
GB-SC-SC030289,Mercy Corps Europa,active,United Kingdom,International NGO,mce,21
GB-COH-1100897,Fundação Aga Khan (Reino Unido),active,United Kingdom,International NGO,akfuk73,21
GB-CHC-1001349,Samaritan's Purse UK,active,United Kingdom,International NGO,spuk,21
GB-CHC-327461,Karuna Trust,active,United Kingdom,International NGO,karuna,21
GB-COH-4887855,HealthProm,active,United Kingdom,International NGO,hp_12,21
GB-CHC-207076,Royal Society for the Protection of Birds,active,United Kingdom,International NGO,rspb_,21
GB-CHC-299717,Send a Cow,active,United Kingdom,International NGO,sendacow,21
GB-CHC-1069208,Trust for Africa's Orphans,active,United Kingdom,International NGO,tao-03473165,21
GB-CHC-283302,Agency for Cooperation and Research in Development (ACORD),active,United Kingdom,International NGO,acord,21
GB-CHC-1068839,Bond,active,United Kingdom,National NGO,bond,22
GB-CHC-291824,Twin,active,United Kingdom,International NGO,twin-iati,21
GB-CHC-1059996,Power International,active,United Kingdom,International NGO,power,21
GB-CHC-1102028,Canon Collins Trust,active,United Kingdom,International NGO,canoncollinstrust,21
GB-COH-5419428,Water & Sanitation for the Urban Poor (WSUP),active,United Kingdom,Public Private Partnership,wsup,30
GB-COH-03877777,CDC Group plc,active,United Kingdom,Other Public Sector,bii,15
GB-CHC-328206,Womankind Worldwide,active,United Kingdom,International NGO,womankindworld,21
GB-CHC-281681,"Friends of the Earth England, Wales and Northern Ireland",active,United Kingdom,National NGO,foe_ewni,22
GB-CHC-272465,United Purpose,active,United Kingdom,International NGO,cu,21
GB-CHC-1125948,PONT,active,United Kingdom,International NGO,pont,21
GB-CHC-1138287,Rainforest Foundation UK,active,United Kingdom,International NGO,rfuk,21
41120,ONU Habitat,active,(No country assigned),Multilateral,unhabitat,40
GB-COH-04154075,Penal Reform International,active,United Kingdom,International NGO,pri,21
GB-CHC-288701,WaterAid,active,United Kingdom,International NGO,wateraid,21
GB-CHC-291167,Jeevika Trust,active,United Kingdom,International NGO,jeevika_trust,21
GB-CHC-313757,Voluntary Service Overseas (VSO),active,United Kingdom,International NGO,vso,21
GB-COH-1364201,Plan International UK,active,United Kingdom,International NGO,plan_uk,21
XM-DAC-21032,,active,United States,International NGO,psi,21
21032,Population Service International,withdrawn,United States,International NGO,psi,21
GB-COH-213890,Save the Children UK,active,United Kingdom,International NGO,scuk,21
NL-KVK-41198677,Hivos,active,Netherlands,International NGO,stichting_hivos,21
ZA-NPO-061-870,Southern African Catholic Bishops' Conference Aids Office,active,South Africa,Regional NGO,sacbc,23
CH-FDJP-CHE-110347351,The Global Alliance for Improved Nutrition,active,Switzerland,International NGO,gain,21
30001,The Global Alliance for Improved Nutrition,withdrawn,Switzerland,International NGO,,21
GB-CHC-1127206,StreetInvest,active,United Kingdom,International NGO,si,21
GB-CHC-1055436,Conciliation Resources,active,United Kingdom,International NGO,cr,21
GB-CHC-1115482,BRAC UK,active,United Kingdom,International NGO,bracuk,21
ZA-NPO-036-515,,active,South Africa,Regional NGO,gl,23
ZA-CIP-2001-005850-08,,withdrawn,South Africa,Regional NGO,gl,23
ZA-CIPC-2001/005850/08,Gender Links,withdrawn,South Africa,Regional NGO,gl,23
GB-CHC-218186,Leonard Cheshire Disability,active,United Kingdom,International NGO,lcd_admin,21
GB-COH-3008440,Forests Monitor,active,United Kingdom,International NGO,fm,21
GB-COH-2100867,SOS Sahel International UK,active,United Kingdom,International NGO,sossaheluk,21
GB-CHC-1065705,Survivors Fund (SURF),active,United Kingdom,International NGO,surf,21
GB-CHC-1122924,Developments In Literacy Trust UK,active,United Kingdom,International NGO,diltuk,21
GB-CHC-292506,CARE International UK,active,United Kingdom,International NGO,ciuk,21
GB-CHC-328158,Islamic Relief Worldwide,active,United Kingdom,International NGO,irw,21
GB-CHC-229476,Federação Internacional de Planeamento Familiar,active,United Kingdom,International NGO,ippf,21
GB-CHC-326568,Charity Projects Ltd (Comic Relief),active,United Kingdom,Foundation,cprojects,60
XM-DAC-41111,Fundo das Nações Unidas para o Desenvolvimento de Capital,active,United States,Multilateral,uncdf,40
NL-CCI-20081098,BRAC International,withdrawn,Netherlands,International NGO,bracintl,21
GB-CHC-1098106,Relief International UK,active,United Kingdom,International NGO,ri-uk,21
GB-CHC-1071886,TB Alert,active,United Kingdom,International NGO,tbalert,21
XM-DAC-41146,ONU Mulheres,active,(No country assigned),Multilateral,unw,40
TZ-BRE-63966,Twaweza,active,"Tanzania, United Republic of",Regional NGO,twaweza,23
GB-CHC-1104287,MicroLoan Foundation,active,United Kingdom,International NGO,mlf,21
GB-CHC-1152010,Child-to-Child,active,United Kingdom,International NGO,ctc,21
GB-CHC-1105851,Christian Aid,active,United Kingdom,International NGO,caid,21
GB-CHC-1139083,Grow Movement,active,United Kingdom,"Academic, Training and Research",growmovement_admin,80
GB-CHC-1079358,Motivation,active,United Kingdom,International NGO,motivation,21
US-EIN-27-5026293,Disability Rights Fund,active,United States,International NGO,drf,21
US-USAGOV,Estados Unidos da América,withdrawn,United States,Government,unitedstates,10
GB-CHC-1081247,WWF-UK,active,United Kingdom,International NGO,wwf-uk,21
GB-COH-1102208,MSI Reproductive Choices,active,United Kingdom,International NGO,msi,21
GB-CHC-207544,Sightsavers,active,United Kingdom,International NGO,ss-org,21
GB-COH-03788027,Triple Line,active,United Kingdom,Private Sector,tripleline_crownagents,70
GB-CHC-1058991,Railway Children,active,United Kingdom,International NGO,rc,21
GB-CHC-1140123,Vision for a Nation Foundation,active,United Kingdom,International NGO,vfan,21
21-PK-WWF,Fundo Mundial para a Natureza – Paquistão,active,Pakistan,International NGO,wwfpakistan,21
NL-KVK-27264198,ActionAid International,active,Netherlands,International NGO,aai,21
XI-IATI-IADB,Banco Interamericano de Desenvolvimento,active,(No country assigned),Multilateral,iadb,40
GB-CHC-327519,Zimbabwe Educational Trust,active,United Kingdom,International NGO,zet,21
GB-COH-871954,Practical Action,active,United Kingdom,International NGO,pa,21
GB-CHC-1127488,Restless Development,active,United Kingdom,International NGO,restless,21
GB-COH-2153193,International Alert,active,United Kingdom,International NGO,international-alert,21
DE-1,Ministério da Cooperação e do Desenvolvimento Económicos – Alemanha,active,Germany,Government,bmz,10
GB-CHC-1099776,Malaria Consortium,active,United Kingdom,International NGO,malariaconsortium,21
GB-CHC-1078768,People In Aid,active,United Kingdom,International NGO,peopleinaid,21
47135,Fundos de Investimento Climático,active,"Bilateral, unspecified",Multilateral,cif,40
IN-,MAMTA – Health Institute for Mother and Child,active,India,National NGO,mamta_himc,22
ciks,Centre for Indian Knowledge Systems,active,India,"Academic, Training and Research",ciks,80
GB-CHC-1070684,Cord,active,United Kingdom,Regional NGO,cord,23
GB-GOV-6,Ministério do Interior – Reino Unido,active,United Kingdom,Government,homeoffice,10
US-EIN-13-2702768,Pact,active,United States,International NGO,pact,21
GB-CHC-1071659,War Child UK,active,United Kingdom,International NGO,wcuk,21
GB-CHC-1107403,GOAL,active,Ireland,International NGO,goal,21
GB-COH-3578127,Ethical Trading Initiative,active,United Kingdom,International NGO,eti,21
GPAF-IMP-031,Development Aid from People to People (DAPP) Malawi,active,Malawi,National NGO,dapp,22
XM-DAC-41122,Fundo das Nações Unidas para a Infância (UNICEF),active,(No country assigned),Multilateral,unicef,40
US-IRS-562339052,CDA Collaborative Learning Projects,active,United States,International NGO,cda,21
SL-NRA-1001562-8,"Medical Research Centre (MRC), Serra Leoa",active,Sierra Leone,National NGO,mrc-sierra-leone,22
GB-SC-SC035314,Scotland's International Development Alliance,active,United Kingdom,Regional NGO,sinda,23
XM-DAC-41140,Programa Alimentar Mundial (PAM) das Nações Unidas,active,Italy,Multilateral,wfp,40
BE-BCE_KBO-0462279234,ACODEV,active,Belgium,National NGO,acodev,22
IE-CHY-6410,Dóchas – Irish Association of Non Governmental Development Organisations,active,Ireland,National NGO,dochas,22
GB-COH-01926828,Farm Africa,active,United Kingdom,International NGO,fa,21
IN-AR-775,Pragya India,active,India,National NGO,pragya,22
GB-CHC-1109789,Y Care International,active,United Kingdom,International NGO,ycare,21
GB-CHC-1115109,Women for Women International (Reino Unido),active,United Kingdom,International NGO,wfwiuk,21
GB-CHC-274467,ActionAid UK,active,United Kingdom,International NGO,aauk,21
NG-CAC-5938,Association for Reproductive and Family Health,active,Nigeria,National NGO,arfh,22
XM-DAC-46002,Banco Africano de Desenvolvimento,active,(No country assigned),Multilateral,afdb,40
46002,Banco Africano de Desenvolvimento,withdrawn,(No country assigned),Multilateral,afdb,40
NL-KVK-27327087,Fundação Akvo,active,Netherlands,International NGO,akvo,21
GB-CHC-1043843,Saferworld,active,United Kingdom,International NGO,saferworld,21
XM-DAC-41119,,active,(No country assigned),Multilateral,unfpa,40
41119,Fundo das Nações Unidas para a População,withdrawn,(No country assigned),Multilateral,unfpa,40
NP-DAO-27-127/062/063,Freedom Forum,active,Nepal,National NGO,ff,22
GB-CHC-1045348,Afghanaid,withdrawn,United Kingdom,International NGO,afghanaid,21
NZ-1,Nova Zelândia – Ministério dos Negócios Estrangeiros e do Comércio – Programa de Ajuda da Nova Zelândia,active,New Zealand,Government,mfat,10
CA-3,Canadá - Global Affairs Canada/Affaires mondiales Canada,active,Canada,Government,gac-amc,10
XI-IATI-EC_FPI,Comissão Europeia – Serviço dos Instrumentos de Política Externa,active,"Europe, regional",Other Public Sector,ec-fpi,15
XI-IATI-EC_NEAR,Comissão Europeia – Política de Vizinhança e Negociações de Alargamento,active,(No country assigned),Other Public Sector,ec-near,15
ES-DIR3-E04585801,Ministério dos Negócios Estrangeiros e da Cooperação – Espanha,active,Spain,Government,maec,10
GB-COH-1762840,HelpAge International,active,United Kingdom,International NGO,helpage_international,21
SACU,Send a Cow Uganda,active,Uganda,National NGO,sacu,22
XM-DAC-21-1,Departamento de Negócios Estrangeiros e Comércio – Irlanda,active,Ireland,Government,irishaid,10
GB-GOV-9,,active,United Kingdom,Government,dwp,10
GB-GOV-GB-9,,withdrawn,United Kingdom,Government,dwp,10
GB-9,Reino Unido – Departamento do Trabalho e das Pensões,withdrawn,United Kingdom,Government,dwp,10
GB-CHC-1120932,Network for Africa,active,United Kingdom,International NGO,network4africa,21
GB-CC-1098893,Blue Ventures Conservation,active,United Kingdom,International NGO,blueventures,21
GB-CHC-1114944,iPartner India,active,United Kingdom,International NGO,ip-india,21
GB-SC-SC037959,Link Community Development Scotland,active,United Kingdom,International NGO,lcds,21
GB-COH-07629751,Digital Campus,active,United Kingdom,"Academic, Training and Research",dc,80
ZA-NPO-013484,Heifer International South Africa,active,South Africa,National NGO,hsa,22
XI-IATI-EC_ECHO,Comissão Europeia – Proteção Civil e Ajuda Humanitária,active,(No country assigned),Other Public Sector,ec-echo,15
TN-TIN-102123727,CUAMM Trustees,active,"Tanzania, United Republic of",National NGO,cuammtrustees,22
GB-GOV-10,Reino Unido – Departamento da Saúde e dos Cuidados Sociais (DHSC),active,United Kingdom,Government,dhsc,10
GB-CHC-1120413,MICAIA,active,United Kingdom,International NGO,mic-uk,21
US-IRS-13-5661832,Plan International USA,active,United States,International NGO,plan_usa,21
GB-CHC-1096908,Afghanistan and Central Asian Association,active,United Kingdom,International NGO,acaa,21
GB-COH-RC000346,Reino Unido – Medical Research Council,active,United Kingdom,Government,mrc,10
KE-NGC-3372,I Choose Life Africa,active,Kenya,National NGO,ke-ngc-3372,22
GB-CHC-1065972,International Rescue Committee UK,active,United Kingdom,International NGO,irc_uk,21
GB-COH-06407873,HTSPE,active,United Kingdom,Private Sector,htspe,70
GB-CHC-1024903,Hospice Africa Ltd,active,United Kingdom,"Academic, Training and Research",hauk,80
GB-CHC-326859,Able Child Africa,active,United Kingdom,International NGO,ablechildafrica,21
NP-SWC-13712,Global Action Nepal,active,Nepal,National NGO,gan,22
GB-COH-2732176,Adam Smith International,active,United Kingdom,Private Sector,asi,70
US-EIN-131837418,The Foundation Center,active,United States,International NGO,foundation_center,21
GB-COH-4884328,Integrity Action,active,United Kingdom,International NGO,integrity_action,21
CH-4,Suíça – Agência Suíça para o Desenvolvimento e a Cooperação (SDC),active,Switzerland,Government,sdc_ch,10
GB-CHC-1078803,Bees for Development Trust,active,United Kingdom,International NGO,beesfordevelopment,21
FR-SIRET-4028868160030,ACTED,active,France,International NGO,acted,21
XM-DAC-7,Ministério dos Negócios Estrangeiros – Países Baixos,active,Netherlands,Government,minbuza_nl,10
GB-CHC-289036,Emmanuel International UK,active,United Kingdom,International NGO,eiuk,21
GB-CHC-291333,Feed the Minds,active,United Kingdom,International NGO,ftm-291333,21
NP-DAO-27-689/063/064,NGO Federation of Nepal,active,Nepal,National NGO,nfn,22
GB-COH-03259922,Crown Agents Limited,active,United Kingdom,Private Sector,cal,70
GB-COH-04589451,ARK (Absolute Return for Kids),active,United Kingdom,International NGO,ark,21
GB-CHC-290836,APT Action on Poverty,active,United Kingdom,International NGO,apt,21
KE-NGCB-149,SOS Children's Villages Kenya,active,Kenya,International NGO,soscvkenya,21
GB-CHC-1083008,MAG,active,United Kingdom,International NGO,mag,21
GB-CHC-1098752,Target TB,active,United Kingdom,International NGO,targettb,21
XM-DAC-41127,Escritório das Nações Unidas para a Coordenação de Assuntos Humanitários (OCHA),active,Switzerland,Multilateral,unocha,40
GB-COH-1858644,DAI Europe,active,United Kingdom,Private Sector,dai-e,70
GB-CHC-1087997,Stars Foundation,active,United Kingdom,Foundation,starsfoundation,60
NP-SWC-19336,,active,Nepal,National NGO,phase-nepal,22
NP-DAO-531/062/063,PHASE Nepal,withdrawn,Nepal,National NGO,phase-nepal,22
FR-6,Ministério da Europa e dos Negócios Estrangeiros – França,active,France,Government,france,10
XI-IATI-035026724,Hilfswerk Austria Zimbabwe,active,Zimbabwe,International NGO,hwa-zm,21
IE-CHY-15037,Plan Ireland Charitable Assistance Limited,active,Ireland,International NGO,plan_ireland,21
FR-3,Agence Française de Développement,active,France,Other Public Sector,afd,15
GB-CHC-209131,British Council,active,United Kingdom,Other Public Sector,britishcouncil,15
GB-CHC-1128536,Street Child,active,United Kingdom,International NGO,street_child,21
GB-CHC-1081695,Vision Aid Overseas,active,United Kingdom,International NGO,vao,21
GB-COH-03580586-GEC,Girls’ Education Challenge – Fund Manager PwC,active,United Kingdom,Private Sector,gecfundmanagerpwc,70
GB-COH-07669775,GEMS Education Solutions,active,Ghana,Private Sector,mgcubed,70
US-EIN-54-0536100,ChildFund International,active,United States,International NGO,childfund,21
NP-DAO-DANG-18-046/47,Backward Society Education (BASE),active,Nepal,National NGO,base_22,22
GB-CHC-1104458,Theatre for a Change UK,active,United Kingdom,International NGO,tfac,21
GB-CHC-1093861,International Medical Corps UK,active,United Kingdom,International NGO,imc_uk,21
GB-COH-7557881,Social Impact Lab CIC,active,United Kingdom,International NGO,simlab,21
KE-RCO-270901,Education Development Trust,withdrawn,Kenya,International NGO,edt_kenya,21
GB-CHC-213251,Lepra,active,United Kingdom,International NGO,lepra,21
NL-KVK-51018586,,withdrawn,Netherlands,Private Sector,zimmzimm,70
JO-CCD-50544,Arab Reporters for Investigative Journalism,active,Jordan,"Academic, Training and Research",arij,80
NL-KVK-41188664,ICS,active,Netherlands,International NGO,ics,21
DAC-1601,Fundação Bill & Melinda Gates,active,United States,Foundation,bmgf,60
NP-SWC-00589,Shtrii Shakti,active,Nepal,National NGO,shtrii_shakti,22
GB-CHC-1085096,Women and Children First (Reino Unido),active,United Kingdom,International NGO,wcf,21
MW-NBM-00139,Theatre for a Change Malawi,active,Malawi,National NGO,tfacmalawi,22
NL-KVK-41166983,Center for International Legal Cooperation (CILC),active,Netherlands,Foundation,cilc,60
GB-CHC-1135156,TREE AID,active,United Kingdom,International NGO,treea,21
CA-CRA_ARC-119304848,World University Service of Canada,active,Canada,International NGO,wusc,21
GB-CHC-1154085,Exeter Ethiopia Link,active,United Kingdom,International NGO,eel,21
TZ-BRLA-36057,KPMG East Africa,active,"Tanzania, United Republic of",Private Sector,kpmgea,70
GB-CHC-1053389,Viva,active,United Kingdom,International NGO,viva,21
XM-DAC-47111,Adaptation Fund,active,United States,Multilateral,af,40
47111,Adaptation Fund,withdrawn,United States,Multilateral,af,40
DK-CVR-33985339,Trianglen,active,Denmark,National NGO,trianglen,22
GB-CHC-1094478,Excellent Development,active,United Kingdom,International NGO,excellent,21
GB-CHC-1047501,Action Against Hunger UK,active,United Kingdom,International NGO,acf,21
CA-4,Ministério das Finanças do Canadá,active,Canada,Government,finance_canada,10
GB-CHC-1105489,Sabre Education Limited,active,United Kingdom,International NGO,sct,21
DE-AG-VR7795,Fairtrade Labelling Organizations International e.V.,active,Germany,International NGO,fairtrade_international,21
NL-KVK-41210098,Both ENDS,active,Netherlands,National NGO,bothends,22
NL-KVK-20093733,Heifer Nederland,active,Netherlands,National NGO,heifernederland,22
GB-CHC-1112699,Teach A Man To Fish,active,United Kingdom,International NGO,tamtf,21
NL-KVK-34141098,Fairfood International,active,Netherlands,National NGO,fairfood,22
NL-KVK-41201806,Transnational Institute,active,Netherlands,Foundation,tni,60
GB-CHC-261488,Amref Health Africa – Reino Unido,active,United Kingdom,International NGO,amrefha,21
XI-IATI-CHSA,Association CHS Alliance,active,Switzerland,International NGO,chs_alliance,21
NL-KVK-40535338,Friends of the Earth International,active,Netherlands,International NGO,foei,21
PK-MSW-633-1965,Rahnuma-Family Planning Association of Pakistan,active,Pakistan,National NGO,rfpap,22
GB-CHC-1147083,Rojiroti UK,active,United Kingdom,International NGO,rojiroti,21
GB-CHC-1125512,Lively Minds,active,United Kingdom,International NGO,livelyminds,21
NL-KVK-27108436,Oxfam Novib,active,Netherlands,International NGO,onl,21
GB-COH-877338,Institute of Development Studies,active,United Kingdom,"Academic, Training and Research",ids,80
GB-SC-SC032327,EMMS International,active,United Kingdom,International NGO,emms,21
US-EIN-522043740,"Discovery Learning Alliance, Inc.",active,United States,International NGO,dla,21
GB-CHC-1128267-8,HelpAge International UK,active,United Kingdom,National NGO,ageintl,22
GB-CHC-293734,Christian Engineers in Development,active,United Kingdom,International NGO,ced,21
GB-GOV-7,"Reino Unido – Ministério do Ambiente, da Alimentação e dos Assuntos Rurais",active,United Kingdom,Government,defra_transparency,10
BE-BCE_KBO-0447404580,Avocats Sans Frontières,active,Belgium,National NGO,asf,22
US-501c3-522318905,AidData,active,United States,"Academic, Training and Research",aiddata,80
XM-DAC-701-8,Agência de Cooperação Internacional do Japão (JICA),active,Japan,Government,jica,10
GB-SC-037597,CIFAL Scotland,active,United Kingdom,"Academic, Training and Research",cifal,80
GH-RGD-CG220182018,,active,Ghana,Foundation,star_ghanafoundation,60
US-EIN-84-1166148,Water for People,active,United States,International NGO,w4p,21
NL-KVK-27248417,Aqua for All,active,Netherlands,Foundation,aqua4all,60
GB-CHC-1112734,PHASE Worldwide,active,United Kingdom,International NGO,phase_worldwide,21
KE-NGC-9381,Across,active,Kenya,International NGO,across,21
GB-CHC-295224,Muslim Aid,active,United Kingdom,International NGO,muslimaid,21
GB-CHC-250456,Find Your Feet,active,United Kingdom,International NGO,fyf,21
XM-DAC-47501,Parceria Global para a Educação,active,United States,Multilateral,gpe,40
GB-CHC-1086159,One to One Children's Fund,active,United Kingdom,International NGO,onetoonecf,21
IN-ITA-1886,Micro Insurance Academy,active,India,"Academic, Training and Research",mia_india,80
GB-CHC-1121273,FRANK Water,active,United Kingdom,International NGO,frankwater,21
GB-COH-3799145,Coffey International Development,active,United Kingdom,Private Sector,coffey,70
GB-COH-04276635,act4africa,active,United Kingdom,International NGO,act4africa,21
NL-KVK-41022454,Stichting Red een Kind,active,Netherlands,International NGO,redeenkind,21
GB-CHC-1096479,ShelterBox,active,United Kingdom,International NGO,shelterbox,21
GB-CHC-1108464,Bees Abroad UK,active,United Kingdom,International NGO,bauk,21
US-EIN-13-5563422,Catholic Relief Services,active,United States,International NGO,crs,21
XM-DAC-41108,Fundo Internacional de Desenvolvimento Agrícola (FIDA),active,(No country assigned),Multilateral,ifad,40
GB-CHC-1001813,The HALO Trust,active,United Kingdom,International NGO,halo,21
NL-KVK-56484038,ICCO Cooperation,active,Netherlands,International NGO,icco-cooperation,21
GB-CHC-1077889,Pump Aid,active,United Kingdom,International NGO,pumpaid,21
GB-CHC-328273,Food for the Hungry UK,active,United Kingdom,International NGO,fh,21
GB-CHC-1126550,PEAS (Promoting Equality in African Schools),active,United Kingdom,International NGO,peas,21
UA-EDR-37199602,Escola de Economia e Gestão de Kiev,active,Ukraine,"Academic, Training and Research",kse,80
GB-CHC-270901,,active,United Kingdom,International NGO,eddevtrust,21
GB-CHC-1122799,Retrak,active,United Kingdom,International NGO,retrak,21
XM-DAC-30010,UNITAID,active,Switzerland,Multilateral,utd,40
GB-SC-044007,Bioclimate Research and Development,active,United Kingdom,International NGO,bioclimate,21
GB-CHC-220949,Cruz Vermelha Britânica,active,United Kingdom,International NGO,gb-chc-220949,21
NL-KVK-32108345,CHOICE for Youth and Sexuality,active,Netherlands,International NGO,cfyas,21
NL-KVK-27378529,Agência Empresarial dos Países Baixos,active,Netherlands,Government,rvo,10
NL-KVK-41180500,SeeYou Foundation,active,Netherlands,International NGO,syf,21
XM-DAC-47086,Private Infrastructure Development Group,active,United Kingdom,Multilateral,pidg,40
GB-CHC-1079599,BasicNeeds,active,United Kingdom,International NGO,basicneeds,21
GB-CHC-1071660,Cecily's Fund,active,United Kingdom,International NGO,cecily,21
NL-KVK-41150298,Amref Flying Doctors,active,Netherlands,National NGO,amrefnl,22
XM-DAC-301-2,Canadá – Centro de Investigação para o Desenvolvimento Internacional,active,Canada,Other Public Sector,idrccrdi,15
GB-CHC-1000717,CODA International,active,United Kingdom,International NGO,coda,21
US-EIN-13-3287064,InterAction,active,United States,International NGO,interaction,21
ZA-ROC-1999/05072/08,Desmond Tutu HIV Foundation,active,South Africa,"Academic, Training and Research",dthfxx12,80
GB-CHC-1143852,Hagar International UK,active,United Kingdom,International NGO,hagar_uk,21
GB-COH-353570,Water Witness International,active,United Kingdom,International NGO,water-witness-international,21
NL-KVK-34200988 (deprecated),Fundação RAIN (anteriormente),active,Netherlands,International NGO,rainfoundation,21
NL-KVK-34229026,Stichting Aflatoun International,active,Netherlands,International NGO,aflatoun,21
GB-GOV-8,Reino Unido – Ministério da Defesa,active,United Kingdom,Government,ukmod,10
ZA-NPO-025-359,mothers2mothers,active,South Africa,International NGO,m2m_sa,21
NL-KVK-34214586,partos,active,Netherlands,National NGO,partos_nl,22
XM-DAC-41304,"Organização das Nações Unidas para a Educação, a Ciência e a Cultura (UNESCO)",active,France,Multilateral,unesco,40
GB-CHC-1157009,Rainforest Foundation UK,active,United Kingdom,International NGO,abaseen,21
ML-NIF-086108989R,Association de Soutien au Développement des Activités de Population,active,Mali,National NGO,asdap,22
BD-NAB-0203,"Association for Prevention of Septic Abortion, Bangladesh (BAPSA)",active,Bangladesh,National NGO,bapsa,22
GB-CHC-1069182,International Service,active,United Kingdom,International NGO,unais,21
GB-COH-06133927,Avanti Communications Plc,active,United Kingdom,Private Sector,ava_admin,70
GH-DSW-258,Friends of the Earth – Gana,active,Ghana,National NGO,foe-ghana,22
XM-DAC-918-3,Banco Europeu de Investimento,active,(No country assigned),Multilateral,eib,40
GB-CHC-1084729,World Child Cancer UK,active,United Kingdom,International NGO,wccuk,21
MZ-MOJ-F2G1No4,Magariro,active,Mozambique,National NGO,magariro,22
XI-IATI-EBRD,Banco Europeu de Reconstrução e Desenvolvimento,active,"Bilateral, unspecified",Multilateral,ebrd,40
GB-CHC-000391,The Open University,active,United Kingdom,"Academic, Training and Research",open_university,80
GB-CHC-1038785,Mifumi UK,active,United Kingdom,International NGO,mifumi_uk,21
GB-CHC-1094272,Project Harar,active,United Kingdom,International NGO,phe,21
XM-DAC-77,Ministério dos Negócios Estrangeiros da Roménia,active,Romania,Government,uasd,10
XI-IATI-1001,The Coca-Cola Export Corporation,active,United States,Private Sector,tccec,70
GB-CHC-1125217,Welbodi Partnership,active,United Kingdom,"Academic, Training and Research",welbodipartnership,80
FI-PRO-143138,Kepa ry,active,Finland,National NGO,kepa,22
KE-NCB-OP/218/051/915/65,Windle Trust Kenya,active,Kenya,National NGO,wtk,22
NL-KVK-41048542,Stichting Agriterra,active,Netherlands,Foundation,agriterra,60
UG-NGB-5914-7209,Cheshire Services Uganda,withdrawn,Uganda,National NGO,csu,22
GB-CHC-1150214,Carers Worldwide,active,United Kingdom,International NGO,cww,21
GB-CHC-1054369,KwaAfrica,active,United Kingdom,International NGO,kwaafrica,21
KE-NGC-663,Agência Adventista de Desenvolvimento e Recursos Assistenciais (ADRA Somalia),active,Somalia,International NGO,adrasom,21
MZ-MOJ-F30G1No89,ANDA,active,Mozambique,National NGO,anda,22
GB-CHC-1117528,Haiti Hospital Appeal,active,United Kingdom,International NGO,hha,21
NL-KVK-30285304,Stichting Humana,active,Netherlands,International NGO,humana_houben,21
GB-CHC-1148404,Internews Europe,active,United Kingdom,International NGO,ieu,21
NL-KVK-41217404,Fundação GPPAC,active,Netherlands,International NGO,gppac,21
GB-COH-NI011322,War on Want NI,active,United Kingdom,International NGO,wowni,21
GB-CHC-1123946,Youth Business International,active,United Kingdom,International NGO,ybi,21
GB-CHC-1049160,Anti-Slavery International,active,United Kingdom,International NGO,asil,21
XM-DAC-2-10,Cooperação Belga para o Desenvolvimento,active,Belgium,Government,be-dgd,10
GB-COH-1110949,Mott MacDonald Limited,active,United Kingdom,Private Sector,mml,70
US-EIN-941191246,The Asia Foundation,active,United States,International NGO,taf,21
GB-CHC-1129603,Cyan International,active,United Kingdom,International NGO,cyan,21
GB-SC-SC012302,Scottish Catholic International Aid Fund (SCIAF),active,United Kingdom,International NGO,sciaf,21
GB-CHC-1151615,Signal,active,United Kingdom,International NGO,signal,21
CH-FDJP-CHE109668357,Fundação Lemann,active,Switzerland,Foundation,lemann,60
UG-NGB-5914-9186,CRANE,active,Uganda,National NGO,crane,22
GB-CHC-1076235,BBC Media Action,active,United Kingdom,International NGO,bbcmediaaction,21
US-EIN-20-4451390,Natural Resource Governance Institute (NRGI),active,United States,International NGO,nrgi,21
SK-ZRSR-31784828,Fundação Pontis,active,Slovakia,Foundation,pontis,60
NO-BRC-971277882,NORAD – Agência Norueguesa para a Cooperação de Desenvolvimento,active,Norway,Government,norad,10
US-EIN-20-3690821,Rights and Resources Initaitive,active,United States,International NGO,rri,21
KE-RCO-C95110,,active,Kenya,Foundation,kcdf,60
US-EIN-81-3014704,Syria Justice and Accountability Centre (SJAC),active,United States,National NGO,sjac,22
XI-IATI-5914-1107,Fundação Stromme,active,Uganda,National NGO,stromme_ug,22
GB-CHC-1122299,interburns,active,United Kingdom,International NGO,interburns,21
GB-COH-06368740,Development Initiatives Poverty Research,active,United Kingdom,International NGO,dipr,21
GB-CHC-294329,Progressio (encerrada),active,United Kingdom,International NGO,progressio,21
US-EIN-52-1826242,,active,United States,International NGO,tan,21
CA-CRA_ACR-127202349,Instituto Internacional para o Desenvolvimento Sustentável,active,Canada,International NGO,iisd,21
GB-GOV-24,Office for National Statistics,active,United Kingdom,Government,ons,10
GB-CHC-285908,World Vision Reino Unido,active,United Kingdom,International NGO,wvuk,21
GB-COH-3031674,Traidcraft Exchange,active,United Kingdom,International NGO,traidcraft,21
DE-CR-RA000217-HRB157125B,Fundação Wayamo,active,Germany,International NGO,wayamo,21
GB-COH-294860,ADD International (Action on Disability and Development),active,United Kingdom,International NGO,addinternational,21
GB-CHC-1076497,Sense International,active,United Kingdom,International NGO,sense_international,21
GB-CHC-1142476,Friends of Kipkelion,active,Kenya,Regional NGO,kipkelion,23
GB-CHC-1050327,The Leprosy Mission England and Wales,active,United Kingdom,International NGO,tlmew,21
NL-KVK-41155934,,active,Netherlands,International NGO,vso_nl,21
GB-CHC-1089490,Hope and Homes for Children,active,United Kingdom,International NGO,hhc,21
GB-CHC-1156822,Welsh Centre for International Affairs,active,United Kingdom,National NGO,wcia,22
KE-NCB-OP218051200904966065,Pan African Climate Justice Alliance,active,Kenya,International NGO,pacja,21
GB-COH-11126312,Global Disability Innovation Hub,active,United Kingdom,"Academic, Training and Research",gdihub,80
GB-COH-OC301540,KPMG LLP,active,United Kingdom,Private Sector,kpmgllp,70
GB-COH-05393391,,active,United Kingdom,International NGO,galvmed,21
GB-CH-05393391,,withdrawn,United Kingdom,International NGO,galvmed,21
UG-NGB-63360,Protecting Families Against HIV/AIDS,active,Uganda,National NGO,prefa_1,22
NL-KVK-27293385,"WO=MEN, Dutch Gender Platform",active,Netherlands,National NGO,wo-men,22
VN-MOST-A399,,active,Viet Nam,National NGO,cdi_vn_2021,22
IN-MCA-U74999DL2004NPL131340,Oxfam India,active,India,National NGO,oxfamindia,22
GB-SC-035056,International Primary Care Respiratory Group,active,United Kingdom,"Academic, Training and Research",ipcrg,80
NL-KVK-41217595,Stichting ActionAId,active,Netherlands,International NGO,aanl,21
DK-CVR-88136411,Oxfam IBIS,active,Denmark,International NGO,ibis_denmark,21
NL-KVK-41160054,Cordaid,active,Netherlands,International NGO,cordaid,21
NP-SWC-27693,Aasaman Nepal,active,Nepal,National NGO,aasaman,22
MZ-MOJ-203D,Alfalit,active,Mozambique,National NGO,alfalit,22
NL-KVK-08215619-201210000,Kadaster International,active,Netherlands,Government,kad,10
NL-KVK-41077447,ECDPM,active,Netherlands,"Academic, Training and Research",ecdpm,80
GB-CHC-1067406,Doctors of the World UK,active,United Kingdom,International NGO,dotw_uk,21
GB-CHC-1046001,Disability and Development Partners,active,United Kingdom,International NGO,ddp,21
PK-NTN-6110190392611,,active,Pakistan,"Academic, Training and Research",aaip,80
GB-CHC-1113868,Hand in Hand International,active,United Kingdom,International NGO,handinhand,21
BD-NAB-1301,"Transparência Internacional, Bangladesh",active,Bangladesh,National NGO,tib,22
BE-BCE_KBO-0464019195,,active,Belgium,International NGO,apopo,21
NL-KVK-61172863,Stichting fondsbeheer DGGF lokaal MKB,active,Netherlands,Foundation,dggf_financing_local_smes,60
US-EIN-042347643,Abt Associates Inc,active,United States,Private Sector,abt,70
XM-DAC-84,Ministério dos Negócios Estrangeiros da Lituânia,active,Lithuania,Government,lithuania_mfa,10
IE-CHY-6998,Christian Aid Ireland,active,Ireland,International NGO,caid_ireland,21
NL-KVK-34308169,Free a Girl,active,Netherlands,Foundation,freeagirl,60
XI-IATI-1002,United Mission to Nepal,active,Nepal,International NGO,umn,21
GB-COH-1134415,MADE in Europe,active,United Kingdom,International NGO,mie-1134415,21
GB-CHC-214779,The Salvation Army International Development UK,active,United Kingdom,International NGO,said-uk,21
US-EIN-13-3287064NAM,InterAction's NGO Aid Map,withdrawn,United States,International NGO,ia_nam,21
GB-CHC-1145119,Varkey Foundation,active,Ghana,International NGO,varkeyfoundation,21
NL-KVK-34197379,dance4life,active,Netherlands,International NGO,dance4life,21
US-EIN-95-3202116,World Vision International,active,United States,International NGO,wvi,21
GB-CHC-1105277,Learning for Life,active,United Kingdom,International NGO,learningforlife,21
GB-CHC-1061352,Orbis Charitable Trust,active,United Kingdom,International NGO,orbis_uk,21
GB-GOV-21,Reino Unido – Governo da Escócia,active,United Kingdom,Government,scottish_government,10
GB-COH-2695347,Options Consultancy Services,active,United Kingdom,Private Sector,options,70
NL-KVK-41149287,Terre des Hommes Netherlands,active,Netherlands,International NGO,tdh_nl,21
GB-CHC-1110434,Wellfound,active,United Kingdom,International NGO,wellfound,21
NL-KVK-41149486,Stichting Vluchteling,active,Netherlands,International NGO,st_vluchteling,21
GB-CHC-1133342,Zing,active,United Kingdom,Foundation,zing,60
NL-KVK-41009723,ZOA,active,Netherlands,International NGO,zoa,21
NL-KVK-41223308,Stichting Onderzoek Multinationale Ondernemingen (SOMO),active,Netherlands,"Academic, Training and Research",somo,80
NL-KVK-06702132,WYG International B.V.,active,United Kingdom,Private Sector,wygi,70
GB-COH-1869600,Itad,active,United Kingdom,Private Sector,itad,70
GB-COH-03122495,Oxford Policy Management,active,United Kingdom,Private Sector,opml,70
GB-COH-SC301345,Upper Quartile,active,United Kingdom,Private Sector,uq,70
NL-KVK-32037590,International Procurement Agency,active,Netherlands,Private Sector,ipa,70
GB-COH-02768268,Nathan Associates London Ltd.,active,United Kingdom,Private Sector,nathan,70
GB-COH-5155300,Alcis Holdings Limited,active,United Kingdom,Private Sector,alcis,70
mz-moj-64vq1,Ajuda de Desenvolvimento de Povo para Povo (ADPP),active,Mozambique,National NGO,adpp,22
GB-COH-2394229,Palladium International Ltd (Reino Unido),active,United Kingdom,Private Sector,palladium,70
FI-PRO-1498487-2,Plan International Finland,active,Finland,International NGO,planinternationalfinland,21
NL-KVK-41193594,Rutgers,active,Netherlands,International NGO,rutgers,21
GB-COH-00637978,Maxwell Stamp PLC,active,United Kingdom,Private Sector,mstamp,70
KE-NCB-218-051-9341-334,African Academy of Sciences,active,Kenya,International NGO,aas,21
GB-CHC-1101217,LAMB Health Care Foundation,active,United Kingdom,National NGO,lhcf,22
GB-COH-03580586,PwC,active,United Kingdom,Private Sector,pwc,70
GB-CHC-1048007,Link Community Development International,active,United Kingdom,International NGO,lcdi_admin,21
NG-CAC-RC481360,The Convention on Business Integrity,active,Nigeria,International NGO,cbi-nigeria,21
GB-COH-1574821,Landell Mills,active,United Kingdom,Private Sector,landell-mills,70
GB-COH-00986729,"Natural Resources Institute, Universidade de Greenwich.",active,United Kingdom,"Academic, Training and Research",nri,80
NL-KVK-41215393,War Child Holland,active,Netherlands,International NGO,warchildholland,21
GB-COH-01245534,Atos IT Services Ltd,active,United Kingdom,Private Sector,atosuk,70
NL-KVK-41158230,CARE Nederland,active,Netherlands,International NGO,carenederland,21
GB-COH-03613839,IOD PARC,active,United Kingdom,Private Sector,iodparc,70
NL-KVK-41210820,Clean Clothes Campaign,active,Netherlands,International NGO,ccc,21
GB-COH-FC012665,McKinsey & Company,active,(No country assigned),Private Sector,mck,70
GB-COH-08327972,Aktis Strategy Ltd,active,United Kingdom,Private Sector,aktis,70
NL-KVK-41236410,Dorcas Aid International,active,Netherlands,International NGO,dai,21
US-GOV-18,,active,United States,Government,millenniumchallenge,10
US-18,Millennium Challenge Corporation,withdrawn,United States,Government,millenniumchallenge,10
NL-KVK-41202535,Mama Cash,active,Netherlands,Foundation,mamac,60
GB-COH-8835431,Simprints,active,United Kingdom,International NGO,simprints,21
GB-CHC-1158206,Water Works,active,United Kingdom,International NGO,waterworks,21
NL-KVK-30214009,PAX,active,Netherlands,International NGO,pax,21
NL-KVK-27284008,DECP,active,Netherlands,National NGO,decp,22
CO-CCB-00159397,Urgent Action Fund Latin America and the Caribbean,active,Colombia,Regional NGO,uafla,23
US-EIN-03-0419743,Urgent Action Fund for Women's Human Rights,active,United States,International NGO,uaf,21
NL-KVK-41177385,Tearfund Nederland,active,Netherlands,National NGO,tear,22
NL-KVK-41152786,SNV Netherlands Development Organisation,active,Netherlands,International NGO,snv,21
NL-KVK-41167934,Stichting Kinderpostzegels Nederland,active,Netherlands,International NGO,skn,21
US-EIN-522044704,Aeras,active,United States,International NGO,aeras,21
US-EIN-06-1597-668,Just Associates,active,United States,International NGO,jass,21
IN-MHA-083781496,,active,India,National NGO,fhf,22
US-EIN-521291786,Association for Women's Rights in Development (AWID),active,United States,International NGO,awid,21
NL-KVK-41179943,World Vision Países Baixos,active,Netherlands,Foundation,wvnld,60
NL-KVK-41201463,Save the Children Países Baixos,active,Netherlands,International NGO,scnl,21
NL-KVK-41151952,IRC,active,Netherlands,International NGO,irc,21
XM-OCHA-CERF,Fundo Central de Resposta de Emergência das Nações Unidas (CERF),active,United States,Multilateral,cerf,40
NL-KVK-34106722,AWEPA,active,Netherlands,International NGO,awepa,21
NL-KVK-40594571,Simavi,active,Netherlands,Foundation,simavi,60
NL-KVK-41118168,Stichting Woord en Daad,active,Netherlands,International NGO,w-d,21
NL-KVK-41198890,Plan International Países Baixos,active,Netherlands,International NGO,plannlno,21
XI-IATI-OFID,Fundo da OPEP para o Desenvolvimento Internacional (OFID),active,Austria,Multilateral,ofid,40
XI-IATI-CWSEC,Secretariado da Commonwealth,active,(No country assigned),Multilateral,commonwealthsecretariat,40
NL-KVK-41201644,Fundação Wemos,active,Netherlands,International NGO,wemos,21
US-EIN-26-1931968,Promundo-US,active,United States,International NGO,pmo-us,21
NL-KVK-33185213,Royal Tropical Institute,active,Netherlands,International NGO,kit,21
NL-KVK-41207580,Stichting Health Action International,active,Netherlands,Foundation,hai,60
NI-MIGOB-3602,Fondo Centroamericano de Mujeres,active,Nicaragua,Foundation,fcam,60
NL-KVK-34159275,UTZ,active,Netherlands,International NGO,utz,21
NL-KVK-41207989,Aidsfonds - Soa Aids Nederland,active,Netherlands,International NGO,nl-kvk-41207989,21
UG-RSB-73316,African Centre for Global Health and Social Transformation,active,Uganda,International NGO,achest,21
ZW-PVO-WO1789,Family Aids Caring Trust,active,Zimbabwe,National NGO,fact,22
GB-CHC-222655,Liverpool School of Tropical Medicine,active,United Kingdom,"Academic, Training and Research",lstm,80
GB-COH-RC000710,,active,United Kingdom,"Academic, Training and Research",queen_mary_london,80
KE-NCB-200201282375,Urgent Action Fund – Africa,active,Kenya,Regional NGO,uaf-africa,23
GB-CHC-1142516,ColaLife,active,United Kingdom,National NGO,colalife,22
XM-DAC-47059,Organização Internacional de Direito ao Desenvolvimento (IDLO),active,Italy,Multilateral,idlo,40
NL-KVK-41149831,Mensen met een Missie,active,Netherlands,National NGO,mm1,22
NL-KVK-30204842,Netherlands Food Partnership,active,Netherlands,Foundation,nfp,60
NL-KVK-41208813,Defence for Children International Netherlands – ECPAT Netherlands,active,Netherlands,National NGO,dciecpatnl,22
XM-DAC-41302,Organização Internacional do Trabalho (OIT),active,Switzerland,Multilateral,ilo,40
NL-KVK-27189542,Netherlands Institute for Multiparty Democracy (NIMD),active,Netherlands,International NGO,nimd-hq,21
NL-KVK-40530467,Milieudefensie,active,Netherlands,National NGO,foenl,22
US-EIN-47-4128047,Friends of Publish What You Fund,active,United States,International NGO,friendsofpwyf,21
BD-ROC-S-12313,,active,Bangladesh,"Academic, Training and Research",bpcrs,80
NL-KVK-58183167,Fundação HE,active,Netherlands,Foundation,hefoundation,60
KE-NCB-93175,Amref Health Africa in Kenya,active,Kenya,International NGO,amrefkenya,21
NL-KVK-41150939,Solidaridad Europa,active,Netherlands,International NGO,solidaridad-europe,21
UG-RSB-29587,,active,Uganda,National NGO,fidauganda,22
US-EIN-31-1812979,CREA,active,India,International NGO,creausa-org,21
NL-KVK-52957535,Free Press Unlimited,active,Netherlands,International NGO,free_press_unlimited,21
NL-KVK-41172933,WASTE advisers on urban environment and development,active,Netherlands,Foundation,waste,60
FR-SIRET-77566669600015,SECOURS CATHOLIQUE – CARITAS FRANÇA,active,France,International NGO,sccf,21
GB-CHC-1062638,Disasters Emergency Committee,active,United Kingdom,National NGO,dec-uk,22
US-EIN-91-1179750,,active,United States,International NGO,pbi_io,21
NL-KVK-40409352,Cruz Vermelha Neerlandesa,active,Netherlands,International NGO,nlrc,21
XI-IATI-IKI,International Climate Initiative/BMU – Seceratriado da IKI,active,Germany,Government,bmu_iki,10
NL-KVK-51756811,Solidaridad,active,Netherlands,International NGO,solidaridad,21
NL-KVK-34111374,Fundação Fair Wear,active,Netherlands,International NGO,fwf,21
NL-KVK-40530953,Anistia Internacional Países Baixos,active,Netherlands,International NGO,amnesty,21
NL-KvK-41177601,Mondiaal FNV,active,Netherlands,National NGO,mondiaalfnv,22
NL-KVK-41177588,WNF Wereld Natuur Fonds,active,Netherlands,International NGO,wnf,21
AU-ACNC-19242959685,International Women's Development Agency,active,Australia,International NGO,iwda,21
NL-KVK-41180885,Comité Neerlandês da UICN,active,Netherlands,International NGO,iucn_nl,21
NL-KVK-41155305,Tropenbos International,active,Netherlands,International NGO,tbi,21
ZA-PBO-064-502,Sonke Gender Justice,active,South Africa,International NGO,sjg,21
NL-KVK-27267681,Centro do Clima da Cruz Vermelha e do Crescente Vermelho,active,Netherlands,International NGO,climate_centre,21
NL-KVK-9099028,Wetlands International,active,(No country assigned),International NGO,wi,21
PK-VSWA-511-2007,Acid Survivors Foundation,active,Pakistan,National NGO,_admin,22
NL-KVK-54436222,CNV Internationaal,active,Netherlands,National NGO,nl-kvk-54436222-27541,22
GB-COH-01846493,AECOM,active,United Kingdom,Private Sector,aecom,70
GB-CHC-1160256,,active,United Kingdom,International NGO,read-foundation,21
BE-BCE_KBO-0410057701,Institute of Tropical Medicine,active,Belgium,Other Public Sector,itm,15
ZW-ROD-2172,,active,Zimbabwe,National NGO,galz,22
BE-BCE_KBO-0264814354,Agência de desenvolvimento belga (Enabel),active,Belgium,Government,enabel,10
GB-CHC-287287,Centre for Economic Policy Research,active,United Kingdom,National NGO,cepr,22
NL-KVK-41197577,Aldeias de Crianças SOS – Países Baixos,active,Netherlands,Foundation,sosnl,60
NL-KVK-41211943,HealthNet TPO,active,Netherlands,International NGO,healthnet,21
GB-SC-SCO45223,marysmeals,active,United Kingdom,International NGO,marysmeals,21
AF-MOE-1212,Afghanistan Public Policy Research Organization (APPRO),active,Afghanistan,"Academic, Training and Research",appro-af,80
GB-COH-04105827,MannionDaniels,active,United Kingdom,Private Sector,manniondaniels,70
BE-GTCF-630789842,APPRO – Europe,active,Belgium,"Academic, Training and Research",appro-eu,80
NL-KVK-27195046,VNG International,active,Netherlands,Other Public Sector,vngi,15
KE-RCO-C1-61,Sede da Amref Health Africa,active,Kenya,International NGO,amrefhq,21
NL-KVK-09098104,Wageningen University & Research - Stichting Wageningen Research,active,Netherlands,"Academic, Training and Research",wageningen_ur,80
NL-KVK-27078545,FMO,active,Netherlands,Public Private Partnership,fmo,30
GB-COH-03846881,Social Development Direct Limited,active,United Kingdom,Private Sector,sddirect,70
XI-IATI-CABI,CABI,active,(No country assigned),Multilateral,cabi,40
US-EIN-52-1764268,BSR,active,United States,International NGO,bsr_admin,21
GB-COH-07964746,,active,United Kingdom,Private Sector,satelliteapplicationscatapultltd,70
GB-COH-11080032,,active,United Kingdom,Private Sector,medaccess,70
NL-KVK-40530156,COC Nederland,active,Netherlands,National NGO,cocnl_publisher,22
NL-KVK-41078390,Centro Europeu de Jornalismo,active,Netherlands,National NGO,ejc,22
KR-GOV-010,República da Coreia,active,Korea (Republic of),Government,odakorea,10
ET-MFA-0001989741,Amref Health Africa in Ethiopia,active,Ethiopia,International NGO,amrefeth,21
GB-COH-02651349,IMC WORLDWIDE,active,United Kingdom,Private Sector,imcw_admin,70
IN-MCA-U74140DL1998PLC097579,IPE Global Limited,active,India,Private Sector,ipeglobal,70
GB-CHC-209603,Royal National Lifeboat Institution (RNLI),active,United Kingdom,International NGO,rnli_international,21
GB-COH-05543952,Cardno Emerging Markets,active,United Kingdom,Private Sector,cardnoem,70
MW-NBM-R1527,Amref Health Africa in Malawi,active,Malawi,National NGO,amrefmw,22
XI-IATI-WAI,WASH Alliance International,active,Netherlands,International NGO,wai,21
GB-CHC-1148143,Stakeholder Democracy Network,active,United Kingdom,International NGO,sdn,21
GB-COH-04354941,Sound Seekers Limited,active,United Kingdom,International NGO,soundseekers,21
US-DOS-64562614,One Acre Fund,active,(No country assigned),International NGO,oneacrefund,21
MW-CNM-BCM-CF,Baylor College of Medicine Children's Foundation Malawi,active,Malawi,National NGO,bcm-cf,22
UG-NGB-5914-252,Amref Health Africa in Uganda,active,Uganda,National NGO,amrefug,22
GB-CHC-228248,Overseas Development Institute,active,United Kingdom,"Academic, Training and Research",odi,80
NL-KVK-53521129,"IDH, the Sustainable Trade Initiative",active,Netherlands,International NGO,idh,21
MW-CNM-C076-1999,Youth Net and Counselling – YONECO,active,Malawi,National NGO,yoneco1997,22
XM-DAC-69-1,Ministério dos Assuntos Estrangeiros e Europeus da República Eslovaca,active,Slovakia,Government,slovakaid,10
US-EIN-20-1173866,Omidyar Network Fund Inc.,active,United States,Foundation,omidyarnetwork,60
CA-CRA_ACR-101182509,Cowater International Inc,active,Canada,Private Sector,cowater,70
ZA-NPO-057-611,,active,South Africa,Regional NGO,nj_1,23
FI-PRO-139407,Caritas Finlândia,active,Finland,National NGO,caritasfin,22
XM-DAC-903,Sociedade Financeira Internacional,active,United States,Multilateral,ifcwbg,40
US-EIN-550825466,IntraHealth International,active,United States,International NGO,intrahealth,21
NL-KVK-855689493,Stichting Mayday Rescue Foundation,active,Netherlands,Foundation,maydayrescue,60
GB-COH-08828458,International Network of People who Use Drugs (INPUD),active,United Kingdom,International NGO,inpud_admin,21
US-EIN-13-4128413,Global Alliance for TB Drug Development,active,United States,"Academic, Training and Research",tb-a,80
NL-KVK-41146461,Stichting Deltares,active,Netherlands,Foundation,deltares,60
NO-BRC-871033552,Norwegian People's Aid,active,Norway,International NGO,npa,21
GB-CHC-1145640,The Queen Elizabeth Diamond Jubilee Trust,active,United Kingdom,Foundation,qedjt,60
ZA-PBO-930040668,Orbis Africa,active,South Africa,International NGO,orbis_africa,21
XM-DAC-1409,Enhanced Integrated Framework,active,Switzerland,Multilateral,eif,40
IM-CR-024714B,openmindedly,active,Isle of Man,Private Sector,openmindedly,70
GB-COH-08333641,Delivery Associates Ltd,active,United Kingdom,Private Sector,delivery_associates,70
XM-DAC-41110,Secretariado do Programa Conjunto das Nações Unidas sobre HIV/AIDS (ONUSIDA),active,Switzerland,Multilateral,unaids,40
NL-KVK-41209946,Mainline,active,Netherlands,Foundation,mainline,60
GB-COH-SC100833,LTS International Limited,active,United Kingdom,Private Sector,lts,70
GB-CHC-1126281,Human Relief Foundation,active,United Kingdom,International NGO,hrf,21
US-EIN-262681792,International Initiative for Impact Evaluation,active,United States,International NGO,3ie,21
BE-BCE_KBO-0453975341,Search for Common Ground (SFCG),active,Belgium,International NGO,sfcg,21
BE-BCE_KBO-0453475391,Search for Common Ground (SFCG),withdrawn,Belgium,International NGO,sfcg,21
US-EIN-13-5660870,Comité Internacional de Socorro,active,United States,International NGO,irc_inc,21
NP-SWC-27288,Burns Violence Survivors – Nepal,active,Nepal,National NGO,bvs-nepal,22
US-EIN-13-3960591,,active,United States,International NGO,social_accountability_international,21
NL-KVK-56083459,Women Peacemakers Program,active,Netherlands,International NGO,wpp,21
GB-COH-01650169,Ecorys UK,active,United Kingdom,Private Sector,ecuk,70
US-EIN-471065461,The Global Forum on MSM & HIV (MSMGF),active,United States,International NGO,msmgf,21
US-EIN-56-1071085,Ipas,active,United States,International NGO,ipas,21
NG-CAC-495140,Women Environmental Programme,active,Nigeria,National NGO,wep,22
DK-CVR-36980214,DanChurchAid,active,Denmark,International NGO,dca,21
NL-KVK-41214768,Global Network of People Living with HIV (GNP+),active,Netherlands,International NGO,gnpplus,21
BO-NIT-1013209020,,active,Bolivia,International NGO,wwf_bolivia,21
GB-COH-08705643,,active,United Kingdom,Other Public Sector,ktn,15
GB-COH-SC349355,Global Network of Sex Work Projects (NSWP),active,United Kingdom,International NGO,nswp,21
NL-KVK-34219433,Fundação Max,active,Netherlands,Foundation,max-foundation,60
CH-FDJP-66029860165,INTERNATIONAL DISABILITY ALLIANCE,active,Switzerland,International NGO,ida,21
US-EIN-27-5026463,Disability Rights Advocacy Fund,active,United States,International NGO,draf,21
DK-CVR-29439915,Caritas Dinamarca,active,Denmark,National NGO,caritas_denmark,22
NL-KVK-66926262,Win Win Strategies,active,Netherlands,International NGO,wws,21
GB-COH-03054929,DAI Global Health,active,United Kingdom,Private Sector,healthpartners-international,70
GB-COH-OC305127,BDO LLP,active,United Kingdom,Private Sector,bdo,70
US-EIN-203908371,Fórum Económico Mundial,active,United States,International NGO,worldeconomicforum,21
BW-CIPA-CO20151011,International Treatment Preparedness Coalition (ITPC),active,Botswana,International NGO,itpc,21
TZ-BRLA-4368,Amref Health Africa in Tanzania,active,"Tanzania, United Republic of",International NGO,amreftz,21
US-EIN-52-1238773,Women's Environment & Development Organization,active,United States,International NGO,wedo,21
GB-COH-NI630024,Siren Associates,active,United Kingdom,Private Sector,siren,70
GB-COH-8159144,Construction Sector Transparency Initiative (CoST),active,(No country assigned),International NGO,cost_uk,21
NL-KVK-32022621,,active,Netherlands,International NGO,rnw_org,21
BE-BCE_KBO-0550758080,Instituto Europeu para a Paz,active,Belgium,Other Public Sector,eip,15
NL-KVK-33226495,Atradius Dutch State Business,active,Netherlands,Private Sector,adsb,70
ZA-NPO-029-864,CIVICUS World Alliance for Citizen Participation,active,South Africa,International NGO,civicus,21
NG-CAC-IT-23286,Centre For Citizens With Disabilities,active,Nigeria,National NGO,ccdnigeria,22
XI-IATI-UNPF,UN Pooled Funds,active,(No country assigned),Multilateral,unpf,40
CH-FDJP-66006990023,ACT Alliance,active,Switzerland,International NGO,act_alliance,21
NL-KVK-30258482,,active,Netherlands,International NGO,kerk_in_actie,21
XM-DAC-47064,International Network for Bamboo and Rattan (INBAR),active,(No country assigned),Multilateral,inbar,40
NL-KVK-27251823,Support Trust for Africa Development (STAD),active,Netherlands,International NGO,stad,21
XM-DAC-5-52,,active,Germany,Other Public Sector,giz,15
XM-DAC-236,Ministério da Economia e das Finanças do Benim,active,Benin,Government,mefbenin,10
DK-CVR-44623528,COWI,active,Denmark,Other Public Sector,cowi,15
NL-KVK-34148682,AFEW International,active,Netherlands,International NGO,afewinternational,21
XM-DAC-30011,União Internacional para a Conservação da Natureza e dos Seus Recursos,active,Switzerland,Other Public Sector,iucn,15
BJ-IFU-3200700033415,Société Nationale des Eaux du Bénin (SONEB),active,Benin,Other Public Sector,soneb-benin,15
LB-MOI-18291,Arab foundation for freedoms and equality,active,Lebanon,Regional NGO,afemena,23
US-GOV-1,Agência dos Estados Unidos para o Desenvolvimento Internacional (USAID),active,United States,Government,usaid,10
GB-COH-07321996,Integrity Research and Consultancy Ltd,active,United Kingdom,Private Sector,integrity,70
CH-FDJP-109458452,DCAF – Geneva Centre for Security Sector Governance,active,Switzerland,Foundation,dcaf,60
US-EIN-943287156,Association for Progressive Communication,active,United States,International NGO,apc,21
KE-RCO-201036685,UHAI EASHRI,active,Kenya,Foundation,uhai-eashri,60
CZ-ICO-25755277,People in Need,active,Czechia,International NGO,pin,21
ZA-NPO-060766,,active,South Africa,International NGO,cal_2000-pu,21
BE-BCE_KBO-0427736148,Trias,active,Belgium,National NGO,trias,22
IE-CHY-20009601,Trocaire,active,Ireland,International NGO,trocaire,21
GB-CHC-1171353,Global Innovation Fund,active,United Kingdom,International NGO,gif,21
GB-COH-04161656,ICF Consulting Services Ltd,active,United Kingdom,Private Sector,icf,70
BJ-IFU-6201408024805,Associação Nacional de Comunas do Benim (ANCB),active,Benin,National NGO,ancb_benin,22
US-EIN-13-2890727,Guttmacher Institute,active,United States,International NGO,guttmacher,21
XM-DAC-41301,Organização das Nações Unidas para a Alimentação e a Agricultura (FAO),active,Italy,Multilateral,fao,40
CH-FDJP-106064950,Medair,active,Switzerland,International NGO,medair,21
NL-KVK-27302841,Giro555 (Stichting Samenwerkende Hulporganisaties),active,Netherlands,International NGO,giro555,21
GB-COH-RC000053,,active,United Kingdom,"Academic, Training and Research",thebritishacademy,80
XM-DAC-928,Organização Mundial da Saúde,active,Switzerland,Multilateral,who,40
GB-CHC-1154230,Girls Not Brides: The Global Partnership to End Child Marriage,active,United Kingdom,International NGO,girlsnotbrides,21
NL-KVK-41152832,Stichting Nederlands Instituut voor Internationale Betrekkingen 'Clingendael',active,Netherlands,"Academic, Training and Research",clingendael,80
IN-MCA-U74900MH2015PTC310042,,withdrawn,India,Private Sector,intellecap,70
NL-KVK-41160229,PUM Netherlands,active,Netherlands,International NGO,pumnl,21
NL-KVK-41153698,World Federalist Movement - Institute for Global Policy,active,Netherlands,International NGO,wfm-igp,21
GB-CHC-1091105,Meningitis Research Foundation,active,United Kingdom,International NGO,mrf,21
PH-SEC-FN200806591,Women's Global Network on Reproductive Rights,active,Philippines,International NGO,wgnrr_iati,21
US-EIN-27-3755556,IDEO.org,active,United States,International NGO,ideo_org,21
ET-CSA-0081,,active,Ethiopia,National NGO,swda,22
CH-FDJP-66004229946,Fórum Económico Mundial – Genebra,active,Switzerland,International NGO,weforum_geneva,21
BE-BCE_KBO-0410644946,Caritas International (Bélgica),active,Belgium,National NGO,cibe,22
CH-FDJP-CHE105834763,Helvetas Swiss Intercooperation,active,Switzerland,International NGO,hsi,21
NL-KVK-30195730,MVO Nederland,active,Netherlands,Other Public Sector,mvo_nederland,15
ML-NIF-400100027H,DNH Mali (Direção Nacional de Hidráulica do Mali),active,Mali,Government,pca-gire,10
US-EIN-13-1624114,Near East Foundation (NEF USA),active,United States,International NGO,nef_usa,21
US-EIN-58-1454716,The Carter Center,active,United States,International NGO,carter-center,21
NL-KVK-41169161,International Child Development Initiatives,withdrawn,Netherlands,International NGO,icdi,21
NL-KVK-27290536,HiiL innovating Justice,active,Netherlands,Foundation,hiil_mfa,60
PS-MOI-RA-22220-A,Union of Agricultural Work Committees,active,"Palestine, State of",National NGO,uawc,22
NL-KVK-53815211,Stichting VU Amsterdam - Amsterdam Centre for World Food Studies,active,Netherlands,"Academic, Training and Research",acwfs_vu,80
ET-MOT-020/4/007,Ethiopian Horticulture Producer Exporters Association (EHPEA),active,Ethiopia,National NGO,ehpea,22
NL-KVK-41197411,Instituto Internacional de Documentação Fiscal (IBFD),active,Netherlands,"Academic, Training and Research",ibfd,80
NL-KVK-67143555,United Work,active,Netherlands,National NGO,united_work,22
NL-KVK-27102631,Comité Nacional dos Países Baixos do UNICEF,active,Netherlands,National NGO,unicefnl,22
XM-DAC-6-4,AICS - Agenzia Italiana per la Cooperazione allo Sviluppo/Agência Italiana para a Cooperação e o Desenvolvimento,active,Italy,Government,aics,10
US-EIN-26-4129153,Climate Policy Initiative,active,United States,"Academic, Training and Research",cpi,80
LR-MPEA-NGO-AC-0298,YMCA of Liberia,active,Liberia,National NGO,libymca,22
KE-RCO-CPR-2009-5689,,active,Kenya,Regional NGO,tma,23
KE-RCO-CPR/2009/5689,TradeMark East Africa,withdrawn,Kenya,Regional NGO,tmea,23
TR-MOI-27-018-163,Local Development and Small Projects Support,active,Turkey,National NGO,ldsps,22
BE-BCE_KBO-0418766123,Vlaamse Interuniversitaire Raad voor Universitaire Ontwikkelingssamenwerking (VLIR-UOS),active,Belgium,"Academic, Training and Research",vlir-uos,80
ET-CSA-0009,,active,Ethiopia,National NGO,dec_ethiopia,22
AR-CENOC-16969-A,Fundación Fondo Mujeres del Sur,active,Argentina,Foundation,fms,60
US-EIN-58-2368165,Fundação das Nações Unidas,active,United States,National NGO,unf,22
XM-DAC-47058,International IDEA,active,Sweden,Multilateral,idea,40
NL-KVK-41146484,IHE Delft Institute for Water Education,active,Netherlands,"Academic, Training and Research",ihedelft,80
US-EIN-13-2626135,TechnoServe,active,United States,International NGO,tns,21
MZ-NUIT-700098168,Administração de Infra-Estruturas de Águas e Saneamento,active,Mozambique,Government,aias,10
XM-DAC-46009,Banco de Desenvolvimento do Caribe (BDC),active,(No country assigned),Multilateral,caribank,40
US-EIN-463668128,Comissão para as Mulheres Refugiadas,active,United States,International NGO,w_r_c,21
MZ-NUIT-50039061,Agência de Desenvolvimento do Vale do Zambeze,active,Mozambique,Government,agencia_do_zambeze,10
US-EIN-56-2460366,Conflict Dynamics International,active,United States,International NGO,cdi,21
GB-COH-RC000658,Universidade de Leeds,active,United Kingdom,"Academic, Training and Research",leedsuni,80
MW-MRA-20125995,Mulanje Mission Hospital,active,Malawi,National NGO,mmh,22
NL-KVK-73728489,,active,Netherlands,International NGO,inso,21
GB-CHC-1140276,International NGO Safety Organisation,withdrawn,United Kingdom,International NGO,inso,21
XM-DAC-41116,Programa das Nações Unidas para o Meio Ambiente (PNUA),active,(No country assigned),Multilateral,un-environment,40
MW-RG-2977,Palliative Care Support Trust,active,Malawi,National NGO,pcst,22
GB-CHC-802353,Ethiopiaid Reino Unido,active,United Kingdom,International NGO,ethiopiaiduk,21
NL-KVK-70292361,Access to Seeds Foundation,active,Netherlands,International NGO,atsf,21
BE-BCE_KBO-0408643875,Oxfam Solidarité-Solidariteit,active,Belgium,National NGO,oxsol,22
US-EIN-33-1112770,CLASP,active,United States,International NGO,clasp,21
NL-KVK-58279199,The Access to Nutrition Foundation,active,Netherlands,International NGO,atnf,21
GB-CHC-1106349,International Network for Advancing Science and Policy,active,United Kingdom,International NGO,inasp,21
BD-NAB-1102,Population Services and Training Centre (PSTC),active,Bangladesh,National NGO,pstc_1102,22
JO-CCD-200138796,Horizons for Green Development,active,Jordan,National NGO,horizons,22
GB-CHC-1082565,Handicap International UK,active,United Kingdom,"Academic, Training and Research",hiuk,80
ET-CSA-0638,Send a Cow Ethiopia,active,Ethiopia,National NGO,sacethiopia,22
RS-APR-17062603,Caritas Sérvia,active,(No country assigned),National NGO,caritas_serbia,22
NL-KVK-41185216,Netherlands Commission for Environmental Assessment,active,Netherlands,Foundation,ncea,60
US-EIN-23-7069110,Oxfam America,active,United States,International NGO,oxfamus,21
KE-NCB-218/051/15179/10159,Kesho Kenya,active,Kenya,National NGO,kesho_kenya,22
KE-NCB-OP21805193101154,Ananda Marga Universal Relief Team (AMURT) Africa,active,Kenya,National NGO,amurt_kenya,22
KE-NCB-KENCBOP218051200802235390,Pastoralist Girls Initiative,active,Kenya,National NGO,pgi_kenya,22
LB-MOI-26_AD,Fundação Berytech,active,Lebanon,Foundation,berytech,60
NL-KVK-64680029,,active,Netherlands,Foundation,wfaf,60
NL-KVK-41150085,Nuffic,active,Netherlands,"Academic, Training and Research",nuffic20171017,80
BJ-IFU-6201200599008,ONG ALCRER,active,Benin,National NGO,alcrer-1,22
SE-ON-802017-3517,Diakonia Sweden,active,Sweden,International NGO,diakonia-sweden,21
BJ-IFU-6201101048400,Social Watch Benin,active,Benin,National NGO,swb_1,22
GB-GOV-13,"Department for Business, Energy and Industrial Strategy (BEIS) – Reino Unido",active,United Kingdom,Government,beis,10
US-EIN-13-1687001,"The Population Council, Inc.",active,United States,"Academic, Training and Research",populationcouncil,80
SN-NINEA-621108990A0,Panos Institute West Africa (PIWA),active,Senegal,International NGO,ipao,21
NL-KVK-41159889,Prince Claus Fund,active,Netherlands,International NGO,pcf,21
US-EIN-11-3803281,African Center for Economic Transformation (ACET),active,United States,Regional NGO,acet,23
GB-COH-09288843,The Power of Nutrition,active,United Kingdom,Foundation,the_power_of_nutrition,60
DK-CVR-20699310,Conselho Dinamarquês para os Refugiados,active,Denmark,International NGO,drc,21
GB-CHC-1051681,Charitable Trust – Secção do Reino Unido da Amnistia Internacional,active,United Kingdom,International NGO,aiuk,21
GB-EDU-133784,Universidade de Birmingham,active,United Kingdom,"Academic, Training and Research",universityofbirmingham,80
MZ-NUIT-600000381,Fundo de Investimento e Património do Abastecimento de Água (FIPAG),active,Mozambique,Other Public Sector,fipag,15
ZW-PVO-15/2003,CARE International in Zimbabwe,active,Zimbabwe,International NGO,ciz,21
US-EIN-521257057,Instituto de Recursos Mundiais,active,United States,International NGO,wri,21
KE-RSO-14210,United Disabled Persons of Kenya,withdrawn,Kenya,National NGO,udpk,22
BE-BCE_KBO-0435563751,Memisa,active,Belgium,"Academic, Training and Research",memisa,80
ZW-PVO-26/79,World Vision Zimbabwe,active,Zimbabwe,International NGO,wvz-gec,21
NL-KVK-34271281,World Waternet,active,Netherlands,Foundation,worldwaternet,60
NL-KVK-24316726,Ecorys Nederland B.V.,active,Netherlands,Private Sector,ecorysnl,70
XM-DAC-47136,Global Green Growth Institute (GGGI),active,(No country assigned),Multilateral,gggi,40
BE-BCE_KBO-0448755949,Collectif Stratégies Alimentaires,active,Belgium,National NGO,csa,22
NL-KVK-34370207,Universidade de Amesterdã,active,Netherlands,"Academic, Training and Research",uva_org,80
NL-KVK-41201198,The Hunger Project Netherlands,active,Netherlands,International NGO,thp_org,21
BE-BCE_KBO-0451857573,VVSG – Vereniging van Vlaamse Steden en Gemeenten,active,Belgium,Other Public Sector,vvsg,15
BE-BCE_KBO-0425410524,SOS FAIM – SOS HUNGER,active,Belgium,National NGO,sosfaim,22
ET-CSA-0486,Wolayita Development Association,active,Ethiopia,"Academic, Training and Research",woda_0486,80
BE-BCE_KBO-0423616717,VVOB Education for Development,active,Belgium,Other Public Sector,vvob,15
BE-BCE_KBO-0423588904,Autre Terre asbl,active,Belgium,"Academic, Training and Research",a-t,80
BE-BCE_KBO-0449400604,Ngo-federatie (Vlaamse federatie van ngo's voor ontwikkelingssamenwerking),active,Belgium,National NGO,ngo-federatie,22
CA-CRA_ACR-872374426,War Child Canada,active,Canada,International NGO,wcc,21
KE-NCB-218/051/93132/90,Federation of Women Lawyers Kenya,active,Kenya,National NGO,fida,22
IN-MCA-U74140WB1983PTC036093,PricewaterhouseCoopers Private Limited India,active,India,Private Sector,pwcplindia,70
ET-CSA-1063,Orbis Ethiopia,active,Ethiopia,National NGO,orbis_ethiopia,22
BE-BCE_KBO-0461076236,Centre Tricontinental – CETRI,active,Belgium,National NGO,ct-admin,22
BE-BCE_KBO-0418015461,Entraide et Fraternité,active,Belgium,National NGO,ef_,22
GB-CHC-1076822,Save the Children International,active,United Kingdom,International NGO,sci,21
BE-BCE_KBO-0422717486,Louvain Coopération,active,Belgium,National NGO,lc,22
BE-BCE_KBO-0451516390,Brulocalis,active,Belgium,Other Public Sector,brulocalis,15
BE-BCE_KBO-0421207751,Centre National de Coopération au Développement (CNCD-11.11.11),active,Belgium,National NGO,cncd,22
BE-BCE_KBO-0418282311,Viva Salud,active,Belgium,National NGO,g3w-m3m_admin,22
BE-BCE_KBO-0416486821,Oxfam-Magasins du monde (omdm),active,Belgium,National NGO,omdm,22
BE-BCE_KBO-0451461655,Union des Villes et Communes de Wallonie (UVCW),active,Belgium,Other Public Sector,uvcw,15
XM-OCHA-CBPF,OCHA Country Based Pooled Funds,active,(No country assigned),Multilateral,unocha-cbpf,40
BE-BCE_KBO-0424198222,Association for Cultural Technical and Educational Cooperation (ACTEC),active,Belgium,National NGO,actec,22
BE-BCE_KBO-0408908151,Iles de Paix,active,Belgium,National NGO,idp,22
NP-SWC-1844,Center for Research on Environment Health and Population Activities (CREHPA),active,Nepal,National NGO,crehpa,22
US-EIN-237297651,Orbis International,active,United States,International NGO,orbis_international,21
BE-BCE_KBO-0474198059,Africalia,active,Belgium,Other Public Sector,africalia,15
BE-BCE_KBO-0419872616,Tearfund VZW (TFBE),active,Belgium,National NGO,tfb_admin1,22
BE-BCE_KBO-0413986102,Wereldsolidariteit-Solidarité Mondiale (WSM),active,Belgium,National NGO,wsm,22
NG-CAC-692943,Academy for Health Development (AHEAD),active,Nigeria,"Academic, Training and Research",ahead,80
BE-BCE_KBO-0461634084,Rode Kruis-Vlaanderen Internationaal vzw,active,Belgium,National NGO,rkiv,22
BE-BCE_KBO-0410661673,SCI Projets Internationaux ASBL – Service Civil International branche belge,active,Belgium,National NGO,scibelgium,22
BE-BCE_KBO-0432552989,Fonds voor Ontwikkelingssamenwerking – Socialistische Solidariteit VZW,active,Belgium,National NGO,fos,22
BE-BCE_KBO-0445412518,Institute for International Workers Education,active,Belgium,National NGO,iiwe,22
AF-MOE-138,Fundação Aga Khan – Afeganistão,active,Afghanistan,Foundation,akf_afghanistan,60
BE-BCE_KBO-0415627875,ULB-Coopération,active,Belgium,National NGO,ulbcoop,22
DK-CVR-37295728,NIRAS A/S,active,Denmark,Private Sector,niras,70
NL-KVK-62066064,GOGLA – Global Off-Grid Lighting Association,active,Netherlands,Private Sector,gogla,70
US-EIN-06-1608361,African Population and Health Research Center,active,United States,International NGO,aphrc,21
BE-BCE_KBO-0409451054,Enfance Tiers Monde Kinderen Derde Wereld,active,Belgium,National NGO,etmkdw,22
ZW-ROD-MA988/87,Women's Action Group,active,Zimbabwe,National NGO,wag-1983,22
BE-BCE_KBO-0408628435,SOS Kinderdorpen België / SOS Villages d'Enfants Belgique,active,Belgium,International NGO,svdbskb_admin,21
ET-CSA-1233,EngenderHealth Ethiopia,active,Ethiopia,International NGO,engenderhealth_eth,21
US-EIN-52-2145827,Chemonics International Inc.,active,United States,Private Sector,chemonics,70
BE-BCE_KBO-0441988715,Fairtrade Bélgica,active,Belgium,National NGO,fairtrade_be,22
LB-MOI-497,ABAAD – Resource Center for Gender Equality,active,Lebanon,National NGO,arcfge,22
ZM-PCR-10104052014,,active,Zambia,International NGO,pphpz,21
BE-BCE_KBO-0462132150,Croix-Rouge de Belgique Communauté francophone - Activités internationales ASBL,active,Belgium,National NGO,crb-ai_admin,22
BE-BCE_KBO-0431955945,Sensorial Handicap Cooperation,active,Belgium,"Academic, Training and Research",shc,80
BE-BCE_KBO-0415880570,Association pour la Promotion de l'Education et de la Formation à l'Etranger,active,Belgium,Other Public Sector,apefe,15
BE-BCE_KBO-0433439550,Défi Belgique Afrique,active,Belgium,National NGO,dba,22
BE-BCE_KBO-0463455904,Chaîne de l'Espoir Belgique / Keten van Hoop België / Chain of Hope Belgium,active,Belgium,National NGO,cdeb-kvhb_admin,22
BE-BCE_KBO-0432235661,Handicap International Belgique,active,Belgium,National NGO,hib,22
BE-BCE_KBO-0415426155,Miel Maya Honing asbl,active,Belgium,National NGO,mmha,22
NL-KVK-34185938,Access to Medicine Foundation,active,Netherlands,Foundation,atmf,60
BE-BCE_KBO-0442168263,VETERINAIRES SANS FRONTIERES / DIERENARTSEN ZONDER GRENZEN - BÉLGICA,active,Belgium,National NGO,vsfbelgium,22
BE-BCE_KBO-0419189557,Rotary Clubs For Development,active,Belgium,National NGO,rc4d,22
BE-BCE_KBO-0454555163,RCN Justice & Démocratie,active,Belgium,National NGO,rcn,22
BE-BCE_KBO-0460162753,Medecins du Monde Belgique / Dokters van de Wereld Belgïe,active,Belgium,National NGO,medecins,22
BE-BCE_KBO-0413119733,VIA Don Bosco,active,Belgium,National NGO,via-db,22
BE-BCE_KBO-0408022778,Djapo,active,Belgium,National NGO,djapo,22
BE-BCE_KBO-0420656336,Rikolto in Belgium,active,Belgium,National NGO,rikolto_belgium,22
BE-BCE_KBO-0407562029,Comité Nacional da Bélgica do UNICEF,active,Belgium,National NGO,ub,22
BE-BCE_KBO-0662878501,Rikolto,active,Belgium,Foundation,rikolto,60
BE-BCE_KBO-0418088113,Broederlijk Delen,active,Belgium,National NGO,bd,22
BE-BCE_KBO-0417299047,Protos,active,Belgium,National NGO,protos,22
BE-BCE_KBO-0479866027,Studio Globo,active,Belgium,"Academic, Training and Research",sg,80
BE-BCE_KBO-0478060441,Beweging voor Internationale Solidariteit / Mouvement pour la Solidarité Internationale,active,Belgium,National NGO,bismsi,22
BE-BCE_KBO-0479222461,BOS+ tropen,active,Belgium,National NGO,bos_plus_tropen,22
BE-BCE_KBO-0432622077,FIAN Belgium,active,Belgium,National NGO,fian-belgium,22
BE-BCE_KBO-0463729878,Benelux Afro Center,active,Belgium,National NGO,bac,22
BE-BCE_KBO-0432624255,Solsoc,active,Belgium,National NGO,solsoc,22
BE-BCE_KBO-0408095925,Auto-Développement Afrique (ADA),active,Belgium,National NGO,ada,22
CO-RUE-860013779-5,,active,Colombia,Private Sector,profamilia,70
BE-BCE_KBO-0416934803,Forum Universitaire pour la Coopération Internationale au Développement – FUCID ASBL,active,Belgium,National NGO,fucid,22
BE-BCE_KBO-0418399305,COMMISSION JUSTICE ET PAIX ASBL (cjp),active,Belgium,National NGO,cjp,22
BE-BCE_KBO-0408656248,Fundo Mundial para a Natureza – Bélgica (WWF-BE),active,Belgium,National NGO,wwf-be,22
BE-BCE_KBO-0472089102,GEOMOUN ASBL,active,Belgium,National NGO,geomoun,22
BE-BCE_KBO-0408256667,Congodorpen vzw,active,Belgium,National NGO,congodorpen,22
GB-COH-04644326,Agulhas Applied Knowledge,active,United Kingdom,Private Sector,aak,70
BE-BCE_KBO-0409597544,FONCABA ASBL KBA VZW,active,Belgium,National NGO,foncaba,22
BE-BCE_KBO-0432503697,Eclosio,active,Belgium,National NGO,eclosio,22
BE-BCE_KBO-0420790948,Universitair Centrum voor Ontwikkelingssamenwerking,active,Belgium,National NGO,ucos,22
XM-DAC-7-PPR-4000005312,,active,Indonesia,Foundation,ybawahid,60
CO-RUE-900.683.942-8,,active,Colombia,Public Private Partnership,rpm,30
BE-BCE_KBO-0421210424,Koepel van de Vlaamse Noord-Zuidbeweging 11.11.11 VZW,active,Belgium,National NGO,111111_publisher,22
BE-BCE_KBO-0415365777,Oxfam Wereldwinkels,active,Belgium,National NGO,oww,22
JO-MSD-2013011100066,Queen Rania Foundation for Education and Development,active,Jordan,National NGO,qrfed,22
KE-NCB-218-051-93197-173,,active,Kenya,Regional NGO,fawe-rs,23
KE-NCB-218.051.93197.173,,withdrawn,Kenya,Regional NGO,fawe-rs,23
NL-KVK-09119363,Fundação PRACTICA,active,Netherlands,Foundation,practica,60
JO-COA-1701-HPC,,active,Jordan,Other Public Sector,hpc,15
US-EIN-22-3087809,IREX (International Research and Exchange Board),active,United States,International NGO,irex,21
XM-DAC-47066,Organização Internacional para as Migrações (OIM),active,Switzerland,Multilateral,iom,40
BE-BCE_KBO-0416867297,KIYO,active,Belgium,International NGO,kiyo,21
US-EIN-900634376,C40 Cities Climate Leadership Group,active,United States,"Academic, Training and Research",c40cities,80
GB-CHC-1135700,British & Irish Agencies Afghanistan Group,active,United Kingdom,International NGO,baag,21
BE-BCE_KBO-0546740696,Académie de recherche et d'enseignement supérieur,active,Belgium,"Academic, Training and Research",ares,80
BE-BCE_KBO-0474912493,Dynamo International asbl,active,Belgium,National NGO,dynamo_international,22
BE-BCE_KBO-0445741823,Quinoa,active,Belgium,National NGO,quinoa,22
BE-BCE_KBO-0443262185,Echos Communication,active,Belgium,National NGO,ec,22
BE-BCE_KBO-0448723978,Médecins Sans Vacances,active,Belgium,National NGO,msv,22
BE-BCE_KBO-0446340550,Comité pour l'abolition des dettes illégitimes,active,Belgium,National NGO,cadtm,22
BE-BCE_KBO-0415499795,ITECO – Centre de formation pour le développement,active,Belgium,National NGO,iteco,22
NL-KVK-40478591,Real Associação Neerlandesa de Futebol,active,Netherlands,Other Public Sector,knvb,15
ES-CIF-G81164105,Action Against Hunger Spain,active,Spain,International NGO,acfspain,21
BE-BCE_KBO-0406694670,Damiaanactie / Action Damien,active,Belgium,National NGO,damien-foundation,22
RW-RGB-101-RGB-NGO-2014,UWEZO Youth Empowerment,active,Rwanda,National NGO,uwezo_youth_empowerment,22
NL-KVK-41208024,Stichting Aidenvironment,active,Netherlands,Foundation,aidenvironment,60
BE-BCE_KBO-0425420917,Plan International Bélgica,active,Belgium,National NGO,pib,22
NL-KVK-32102434,Fundação RUAF,active,Netherlands,Foundation,ruaf,60
US-EIN-030358029,Population Media Center,active,United States,International NGO,pmc,21
BE-BCE_KBO-0430826290,Le Monde selon les femmes asbl,active,Belgium,National NGO,mondefemmes,22
BE-BCE_KBO-0417549465,Coopération par l'Education et la Culture,active,Belgium,National NGO,cec,22
DK-CVR-25191501,Danmission,active,Denmark,National NGO,danmission,22
IN-MHA-337680017,Network For Enterprise Enhancement and Development Support,active,India,National NGO,needs,22
CO-RUE-860049972,Fundación Oriéntame,active,Colombia,National NGO,orientame,22
CH-FDJP-CHE102197003,Federação Internacional dos Contabilistas,active,Switzerland,International NGO,ifac,21
US-EIN-27-1414646,Clinton Health Access Initiative,active,United States,International NGO,chai,21
US-EIN-13-3327220,Action Against Hunger USA,active,United States,International NGO,aahusa,21
GB-COH-07157505,ODI Global Advisory Ltd,active,United Kingdom,"Academic, Training and Research",odi_sales_ltd,80
UG-NGB-5914-129,AVSI FOUNDATION IN UGANDA,active,Uganda,International NGO,avsi_uganda,21
GH-DSW-2046,African Women's Development Financiamento,active,Ghana,Regional NGO,awdf,23
DE-CR-BonnVR8726,IFOAM – Organics International,active,Germany,International NGO,ifoam,21
GB-COH-05126149,The MENTOR Initiative,active,United Kingdom,International NGO,the_mentor_initiative,21
EG-CR-117508,,active,Egypt,Private Sector,nroot,70
BD-NAB-0271,Bangladesh Nari Progati Sangha,active,Bangladesh,National NGO,bnps,22
GB-CHC-1112842,"Transparência Internacional, Reino Unido",active,United Kingdom,International NGO,ti-uk,21
GB-CHC-1119168,Energy 4 Impact,active,United Kingdom,International NGO,e4i,21
US-EIN-75-3130860,Center for Civilians in Conflict,active,United States,International NGO,civic_admin,21
GB-COH-RC000672,,active,United Kingdom,"Academic, Training and Research",uos,80
GB-CHC-1047653,Raleigh International,active,United Kingdom,International NGO,raleigh_int,21
BE-BCE_KBO-0410757386,Solidagro,active,Belgium,"Academic, Training and Research",solidagro_admin,80
NL-KVK-41199723,NLR,active,Netherlands,International NGO,nlr,21
TZ-TRA-101-091-759,Economic and Social Research Foundation (ESRF),active,"Tanzania, United Republic of","Academic, Training and Research",esrf,80
NL-KVK-24365461,Right to Play Netherlands Foundation,active,Netherlands,International NGO,rtp,21
NL-KVK-08134161,VEI (Vitens-Evides International),active,Netherlands,Private Sector,vei_nl,70
XM-DAC-21018,Federação Internacional da Cruz Vermelha e do Crescente Vermelho (IFRC),active,Switzerland,International NGO,ifrcrcs,21
UG-NGB-10890,Bucks Community NGO,active,Uganda,National NGO,bucksfarm,22
XM-DAC-43000,Fundo Monetário Internacional,active,United States,Multilateral,imf,40
GB-CHC-314137,Association of Commonwealth Universities,active,United Kingdom,"Academic, Training and Research",acu,80
NL-KVK-56185154,"NpM, Platform for Inclusive Finance",active,Netherlands,National NGO,npm,22
GB-CHC-1113101,Tropical Health and Education Trust,active,United Kingdom,International NGO,tropicalhealth,21
US-EIN-52-0595110,Universidade Johns Hopkins,active,United States,"Academic, Training and Research",gi-jhu,80
NL-KVK-56821743,MDF Global,active,Netherlands,Foundation,mdf,60
CH-FDJP-CHE100871337,Conselho Internacional de Organizações Voluntárias,active,Switzerland,International NGO,icva,21
US-EIN-521750875,Iraq Foundation,active,United States,International NGO,iraq_foundation,21
ES-CIF-G-8236803,Oxfam Intermón,active,Spain,International NGO,oxfamintermon,21
XM-DAC-41123,Organização das Nações Unidas para o Desenvolvimento Industrial (UNIDO),active,(No country assigned),Multilateral,unido,40
GH-DSW-4711,Savana Signatures,active,Ghana,National NGO,savsign-org,22
GB-COH-00041424,,active,(No country assigned),Public Private Partnership,ul,30
BD-NAB-0682,Development Organisation of the Rural Poor,active,Bangladesh,National NGO,dorp-org,22
BE-BCE_KBO-0453072647,Institut de Formation Syndical International - Internationaal Syndicaal Vormingsinstituut,active,Belgium,National NGO,ifsi_isvi,22
MW-CNM-C057/1998,the center for victimized women and children,active,Malawi,National NGO,cavwoc,22
NL-KVK-65306198,equileap,active,Netherlands,International NGO,equileap,21
UG-NGB-1826,Family Life Education Program,active,Uganda,National NGO,flepuganda,22
GB-COH-RC000631,University College London,active,United Kingdom,"Academic, Training and Research",ucl,80
TZ-TRA-101-304-795,Chama cha Uzazi na Malezi Bora Tanzania (UMATI),active,"Tanzania, United Republic of",National NGO,umati,22
KE-NCB-218/051/96110/823,Centre for the Study of Adolescence,active,Kenya,"Academic, Training and Research",csa-kenya,80
US-GOV-17,,active,United States,Government,dol,10
GB-CHC-1114727,Joshua Orphan and Community Care,active,(No country assigned),International NGO,jocc_uk,21
BE-BCE_KBO-0460240749,Light For The World Belgium,active,Belgium,National NGO,lftw-be,22
JO-CCD-2826,World Vision Síria,withdrawn,Syrian Arab Republic,International NGO,wvsyria,21
IN-MHA-231650063,Voluntary Health Association of India,active,(No country assigned),"Academic, Training and Research",vhai-org,80
DK-CVR-20074035,ADRA Dinamarca,active,Denmark,National NGO,adra-dk,22
KE-RCO-78260,ADS-Nyanza,active,Kenya,Other Public Sector,ads-nyanza,15
HK-CR-1494242,Solidaridad Sul e Sudeste da Ásia,active,India,International NGO,solidaridad-ssea,21
GH-DSW-5574,Solidaridad África Ocidental,active,Ghana,International NGO,solidaridad-waf,21
XI-IATI-FIABEL,Fiabel,active,Belgium,National NGO,fiabel,22
KE-NCB-218/051/9384/74,CARE SOMALIA,active,Kenya,National NGO,csom1,22
GB-COH-07627789,D. Capital Partners,active,United Kingdom,Public Private Partnership,dcapitalpartners,30
JO-MSD-2009011100178,The Princess Alia Foundation,active,Jordan,Foundation,paf_2018,60
GB-CHC-1157722,Irise International,active,United Kingdom,International NGO,irise_int,21
TZ-TRA-102316134,"Iringa Development of Youth, Disabled and Children Care",active,"Tanzania, United Republic of",National NGO,idydc,22
TZ-TRA-116315386,Babawatoto Centre For Children and Youth,active,"Tanzania, United Republic of",National NGO,bawacecy-tz,22
TZ-TRA-110-664-087,Railway Children Africa,active,"Tanzania, United Republic of",National NGO,rc2africa,22
US-GOV-6,,active,United States,Government,treasury,10
US-EIN-14-1945286,"The Global Development Incubator, Inc",active,United States,International NGO,gdi,21
TZ-TRA-121406209,CHEKA SANA TANZANIA,active,"Tanzania, United Republic of",National NGO,cst,22
GB-COH-06735120,Worldwide Hospice Palliative Care Alliance,active,United Kingdom,International NGO,whpca,21
GB-COH-RC000797,Universidade de Manchester,active,United Kingdom,"Academic, Training and Research",uom,80
IT-CF-97091470589,INTERSOS Onlus,active,Italy,International NGO,intersos_main,21
GB-GOV-14,Department for Education – Reino Unido,active,United Kingdom,Government,dfe,10
US-EIN-27-1661997,GiveDirectly,active,United States,International NGO,givedirectly,21
MM-MHA-1/Local/0047,Karuna Mission Social Solidarity - KMSS,active,Myanmar,National NGO,kmss,22
CA-CRA_ACR-817387277,Fundação Mastercard,active,Canada,Foundation,mastercard-foundation,60
BD-NAB-002,BRAC,active,Bangladesh,International NGO,brac_admin2,21
GB-CHC-223106,Royal College of General Practitioners (RCGP),active,United Kingdom,National NGO,rcgp-international,22
US-EIN-042312909,Brigham and Women's Hospital,active,United States,"Academic, Training and Research",bwh,80
US-EIN-237413005,FHI360,active,United States,International NGO,fhi360,21
XM-DAC-47056,World Agroforestry Centre,active,Kenya,"Academic, Training and Research",icraf_,80
GB-COH-10633588,Abt Britain Limited,active,United Kingdom,Private Sector,abtbritain,70
GB-CHC-213280,Royal College of Obstetricians & Gynaecologists,active,United Kingdom,"Academic, Training and Research",rcog_resilience_in_obstetric_skills,80
GB-COH-02188452,,active,United Kingdom,"Academic, Training and Research",iied,80
KE-KRA-P051311853T,Northern Rangelands Trust,active,Kenya,National NGO,nrt-kenya,22
GB-CHC-1047608,Alliance of Religions and Conservation,active,United Kingdom,International NGO,alliance_of_religions_and_conservation,21
BD-NAB-051,YWCA of Bangladesh,active,Bangladesh,National NGO,ywcabd,22
PS-MOI-QR-209-HR,,active,"Palestine, State of",National NGO,wclac,22
XI-IATI-MIF,Fundo Multilateral de Investimento,active,United States,Multilateral,fomin,40
IE-CHY-20009090,Concern Worldwide UK,active,Ireland,International NGO,concern_worldwide,21
XM-OCHA-FTS18563,"Social Fund for Development, Iémen",active,Yemen,Other Public Sector,sfd-yemen,15
US-EIN-63-0676451,International Fertilizer Development Center,active,United States,International NGO,ifdc-us,21
LB-MOI-14739,,active,Lebanon,Regional NGO,marsa_welead,23
US-EIN-134166228,Acumen,active,United States,International NGO,acumen,21
GB-CHC-1046579,Consortium for Street Children,active,United Kingdom,International NGO,csc,21
IN-MHA-147110006,CINI,active,India,National NGO,cini_jhk,22
SE-ON-802007-2446,Afrikagrupperna Sweden,active,Sweden,International NGO,afrikagrupperna,21
XI-IATI-OCHASDC,Gabinete das Nações Unidas para a Coordenação dos Assuntos Humanitários (contribuições especialmente designadas),active,United States,Multilateral,unocha-sdc,40
GH-DSW-4834,NORSAAC,active,Ghana,National NGO,norsaac,22
GB-COH-04930461,Concordis International,active,United Kingdom,International NGO,concordis,21
CR-RPJ-3-006-125548,Fundacion Acceso,active,Costa Rica,Regional NGO,fundacion-acceso,23
US-GOV-23,,active,United States,Government,ftc,10
US-GOV-TBD,,withdrawn,United States,Government,ftc,10
US-EIN-91-1157127,PATH,active,United States,International NGO,_path_,21
DE-CR-VR32914,Water Integrity Network Association,active,Germany,International NGO,win,21
IL-RA-580166452,Musalaha Ministry of Reconciliation,active,Israel,"Academic, Training and Research",mmr_admin2,80
AF-MOE-22,CARE International Afeganistão,active,Afghanistan,International NGO,ciafg,21
GB-COH-02622374,Energy Saving Trust,active,United Kingdom,Other Public Sector,energy_saving_trust,15
PK-SEC-0080655,DKT (Paquistão),active,Pakistan,Private Sector,dkt,70
XI-GRID-grid.442465.5,Universidade de Mzumbe,active,"Tanzania, United Republic of","Academic, Training and Research",m_u,80
US-EIN-32-0060251,AIDSPAN,active,United States,International NGO,aidspan,21
KE-KRA-P051119468K,Kisumu Medical and Education Trust,active,Kenya,National NGO,kmet,22
XM-DAC-45001,International Trade Centre (ITC),active,Switzerland,International NGO,itc,21
AU-ACNC-18055208636,Oxfam Australia,active,Australia,International NGO,oau,21
FR-RCS-389515180,Solidarites International,active,France,International NGO,solidarites-international,21
US-EIN-23-1352010,American Friends Service Committee,active,United States,"Academic, Training and Research",afsc,80
XI-GRID-grid.52681.38,Universidade BRAC,active,Bangladesh,"Academic, Training and Research",bu,80
US-GOV-22,,active,United States,Government,dfc,10
KE-RCO-84486,"Transparência Internacional, Quénia",active,Kenya,National NGO,ti_kenya,22
GB-CHC-1151219,DeafKidz International,active,United Kingdom,International NGO,dki1151219,21
LB-MOI-853,AVT-L Association of Victims of Terrorism Lebanon,active,Lebanon,National NGO,avt-l,22
IQ-NGO-1Z2634,"Rehabilitation, Education and Community Health (REACH)",active,Iraq,National NGO,reach-iraq,22
XM-DAC-41121,Alto Comissariado das Nações Unidas para os Refugiados (ACNUR),active,Switzerland,Multilateral,unhcr,40
US-EIN-58-1593137,,active,United States,International NGO,dkti,21
XM-DAC-701-2,Ministério dos Negócios Estrangeiros do Japão,active,Japan,Government,mofa-jpn,10
XI-IATI-AGR,AgResults Initiative,active,(No country assigned),Multilateral,agresults,40
BJ-IFU-4201710116446,"Institut National de l'Eau, Benin",active,Benin,"Academic, Training and Research",ine_benin,80
BJ-IFU-4201710182326,Agence Nationale d'Approvisionnement en Eau Potable en Milieu Rural du Benin,active,Benin,Government,anaepmr_benin,10
GB-COH-02517018,,active,United Kingdom,National NGO,uuk,22
NL-KVK-70292388,Index Initiative Foundation,active,Netherlands,Foundation,iif,60
US-EIN-13-5562308,Universidade de Nova Iorque,active,United States,"Academic, Training and Research",nyu,80
BJ-IFU-4201710012551,Comuna de Dangbo – Benim,active,Benin,Other Public Sector,dangbo,15
BJ-IFU-6201810251129,Comuna de Adjarra – Benim,active,Benin,Other Public Sector,adjarra,15
BJ-IFU-6201000068802,Comuna de Parakou – Benim,active,Benin,Other Public Sector,parakou,15
BJ-IFU-5200081145006,Comuna de Toffo – Benim,active,Benin,Other Public Sector,toffo,15
BJ-IFU-6200901945503,Comuna de Toviklin – Benim,active,Benin,Other Public Sector,toviklin,15
BJ-IFU-6201101182902,Comuna de Kpomassè – Benim,active,Benin,Other Public Sector,kpomasse,15
BJ-IFU-6200801257400,Comuna de Zè – Benim,active,Benin,Other Public Sector,ze,15
BJ-IFU-6201501755307,Comuna de Allada – Benim,active,Benin,Other Public Sector,allada,15
BJ-IFU-6201001076902,Comuna de Aplahoué – Benim,active,Benin,Other Public Sector,aplahoue,15
BJ-IFU-6200901944805,Comuna de Lalo – Benim,active,Benin,Other Public Sector,lalo,15
GH-RGD-CG109732014,,active,Ghana,Regional NGO,twnafrica,23
BJ-IFU-6200901851300,Comuna de Kétou – Benim,active,Benin,Other Public Sector,ketou,15
BJ-IFU-5200801335602,Comuna de Adjohoun – Benim,active,Benin,Other Public Sector,adjohoun,15
BJ-IFU-6200901944008,Comuna de Adja-Ouere – Benim,active,Benin,Other Public Sector,adja-ouere,15
BJ-IFU-6201200579608,Comuna de Pobè – Benim,active,Benin,Other Public Sector,pobe,15
BJ-IFU-6200901944209,Comuna de Bopa – Benim,active,Benin,Other Public Sector,bopa,15
BJ-IFU-6201001843703,Comuna de Akpro-Missérété – Benim,active,Benin,Other Public Sector,akpro-misserete,15
BJ-IFU-6201000370801,Comuna de Comè – Benim,active,Benin,Other Public Sector,come,15
BJ-IFU-6201300688700,Comuna de Avrankou – Benim,active,Benin,Other Public Sector,avrankou,15
BJ-IFU-6201100143407,Comuna de Ifangni – Benim,active,Benin,Other Public Sector,ifangni,15
SE-ON-802004-1524,We Effect,active,Sweden,International NGO,weeffect,21
BJ-IFU-6201100034408,Comuna de Klouékanmè – Benim,active,Benin,Other Public Sector,klouekanme,15
KE-KRA-P051502549C,National Coalition of Human Rights Defenders – Quénia,active,Kenya,National NGO,nchrdk,22
ZA-NPO-006-981,Instituto de Estudos de Segurança,active,South Africa,International NGO,issafrica,21
NP-SWC-10136,Nepal Disabled Human Rights Center,active,Nepal,National NGO,dhrc_nepal,22
IN-MCA-AAE-8458,Deloitte Touche Tohmatsu India LLP,active,India,Private Sector,dttillp,70
UG-NGO-1406,DefendDefenders,active,Uganda,"Academic, Training and Research",defenddefenders,80
KE-NCB-2180511703310709,Send a Cow Kenya,active,Kenya,National NGO,sac_kenya,22
NL-KVK-70048436,Global Rights Compliance,active,Netherlands,Foundation,grc2018,60
US-EIN-11-3580024,Centro Internacional de Justiça Transitória,active,United States,International NGO,ictj,21
DK-CVR-19348407,CISU,active,Denmark,National NGO,cisu,22
UG-NGB-0498,Fundação Mukisa,active,Uganda,National NGO,mukisa_foundation,22
NL-KVK-27367015,Organização de Investigação Científica dos Países Baixos (NWO),active,Netherlands,Government,nwo,10
US-EIN-13-3377893,Rainforest Alliance,active,United States,International NGO,rainforest-alliance,21
GB-CHC-1127366,British Asian Trust,active,United Kingdom,International NGO,b_a_t,21
RW-RGB-002-RGB-NGO-2017,EDUCATION DEVELOPMENT TRUST - RUANDA,withdrawn,Rwanda,International NGO,edt_rwanda,21
GB-CHC-1058162,Christian Blind Mission (UK) Ltd.,active,United Kingdom,International NGO,cbm,21
US-EIN-53-0242652,,active,United States,International NGO,the_nature_conservancy,21
GB-COH-RC000664,Universidade de Nottingham,active,United Kingdom,"Academic, Training and Research",uni_of_nottingham,80
LK-DRC-GA139,Women's Fund Asia,active,Sri Lanka,Regional NGO,wf-asia,23
HK-CR-2091642,Seefar,active,Hong Kong,Private Sector,seefar,70
SO-MPND-L43135002018MJ,,active,Somalia,National NGO,nagaad,22
GB-CHC-1118528,Child.org,active,(No country assigned),International NGO,child-dot_org,21
XI-IATI-DGF,Democratic Governance Facility,active,Uganda,Other Public Sector,dgf,15
NP-SWC-8220,Aapasi Sahayog Kendra Syangja Nepal (ASK Nepal),active,Nepal,National NGO,ask,22
NE-DGI-5355,Timidria,active,Niger,National NGO,timidria,22
DK-CVR-12006004,Center for Church-Based Development,active,Denmark,International NGO,cku,21
XI-GRID-grid.9829.a,Kwame Nkrumah University of Science and Technology,active,Ghana,"Academic, Training and Research",knust,80
DK-CVR-63407216,Save the Children DK,active,Denmark,International NGO,redbarnet,21
GB-CHC-1089110,Global Canopy,active,United Kingdom,International NGO,globalcanopy,21
NL-KVK-60633468,Water Finance Facility,active,Netherlands,Private Sector,wff,70
GB-COH-10333897,Pegasys Limited,active,United Kingdom,Private Sector,pegasys-eu,70
XM-DAC-21016,Comité Internacional da Cruz Vermelha (ICRC),active,Switzerland,Multilateral,icrc,40
DK-CVR-40781218,Fundo Mundial para a Natureza – Dinamarca,active,Denmark,Foundation,wwfdk,60
DE-CR-RA000220-VR3810,Welthungerhilfe,active,Germany,International NGO,whh,21
MZ-NUIT-500004037,Direcção Provincial de Saúde de Nampula,active,Mozambique,Government,dps-nampula,10
KE-KRA-P051097200R,International Centre of Insect Physiology and Ecology (ICIPE),active,Kenya,"Academic, Training and Research",icipe,80
DK-CVR-12921047,CARE Danmark Fonden for Frivillig Ulandsbistand,active,Denmark,National NGO,12921047,22
NL-KVK-27368929,Universiteit Leiden,active,Netherlands,"Academic, Training and Research",universiteit_leiden,80
NL-KVK-72849770,Stichting Beheer Subsidiegelden DRA,active,Netherlands,International NGO,stichting-subsidiegelden-dra,21
KE-RCO-C110031,Farm Concern International,active,Kenya,Regional NGO,fci,23
ET-CSA-0976,Dawuro Development Association,active,Ethiopia,"Academic, Training and Research",dawuro_da,80
DK-CVR-20453672,Agência Dinamarquesa de Desenvolvimento Sindical (Ulandssekretariatet),active,Denmark,International NGO,loftf,21
DK-CVR-18243717,ActionAid Denmark (Mellemfolkeligt Samvirke),active,Denmark,International NGO,aadk,21
US-EIN-84-1648607,Educate!,active,United States,International NGO,educate,21
CH-FDJP-CHE232974628,Responsible Mining Foundation,active,Switzerland,Foundation,rmf,60
ID-KHH-0000871,,active,Indonesia,National NGO,ja_ppmn,22
DK-CVR-14723692,Mission Øst,active,Denmark,International NGO,missioneast,21
GB-COH-RC000297,King's College London,active,United Kingdom,"Academic, Training and Research",kingscollegelondon,80
DK-CVR-16077593,Confederation of Danish Industry,active,Denmark,Private Sector,di,70
NL-KVK-50130536,Universidade de Twente,active,Netherlands,"Academic, Training and Research",utwente,80
DK-CVR-31378028,,active,Denmark,National NGO,3fi,22
DK-CVR-13078513,DUF – The Danish Youth Council,active,Denmark,National NGO,duf,22
GB-COH-07291220,50 Eight Limited,active,United Kingdom,Private Sector,fifty_eight,70
DK-CVR-58185728,Associação Dinamarquesa de Planeamento Familiar,active,Denmark,National NGO,dfpa,22
RW-RGB-61-RGB-NGO-2017,ActionAid Rwanda,active,Rwanda,National NGO,aar,22
DK-CVR-35429867,Global Focus,active,Denmark,National NGO,globaltfokus,22
CH-FDJP-CHE109506789,Centro Internacional de Genebra para a Desminagem Humanitária,active,Switzerland,Foundation,gichd,60
DK-CVR-14766383,Disabled People's Organisations Denmark,active,Denmark,National NGO,dpod,22
GB-UKPRN-10007774,Universidade de Oxford,active,United Kingdom,"Academic, Training and Research",oxford,80
GB-CHC-1077216,Compassion UK,active,United Kingdom,International NGO,comp_uk,21
GB-CHC-1016676,INTRAC,active,United Kingdom,International NGO,intrac,21
US-EIN-26-3933134,Special Hope Network,active,United States,International NGO,shn,21
GB-COH-08212556,PositiveNegatives,active,United Kingdom,Other Public Sector,posneg,15
NL-KVK-64763064,Data4Development,active,Netherlands,Private Sector,d4d,70
GB-CHC-1161729,Hope for Children,active,United Kingdom,International NGO,hfc,21
SE-ON-802005-9823,WWF Suécia,active,Sweden,International NGO,wwf-se,21
US-EIN-91-1148123,Mercy Corps Global,active,United States,International NGO,mcg,21
GB-CHC-1108718,African Revival,active,United Kingdom,International NGO,africanrevival,21
NL-KVK-30276595,Koninklijk Nederlands Meteorologisch Instituut,active,Netherlands,Government,knmi,10
PK-SEC-0105957,Sehat Kahani (Community Innovation Hub),active,Pakistan,Private Sector,sehatkahanicih,70
NL-KVK-70333564,Mercy Corps Países Baixos,active,Netherlands,International NGO,mcn,21
PE-SUNARP-12623829,International Indigenous Women Forum,active,Peru,Foundation,fimi_iiwf_2019,60
XI-IATI-ACATBA,Association Centrafricaine de Traduction de la Bible et Alphabetisation,active,Central African Republic,National NGO,acatba,22
XI-GRID-grid.13001.33,Universidade do Zimbabwe,active,Zimbabwe,"Academic, Training and Research",1-uz,80
CH-FDJP-CHE109994012,Interpeace,active,Switzerland,International NGO,interpeace,21
DK-CVR-20700211,Cruz Vermelha Dinamarquesa,active,Denmark,National NGO,danishrc,22
MW-NBM-NGO/L/18/024,Palliative Care Association of Malawi,active,Malawi,National NGO,pacam,22
MW-MRA-20123139,NKHOMA MISSION HOSPITAL,active,Malawi,National NGO,nmhiati,22
MW-MRA-20120896,David Gordon Memorial Hospital,active,Malawi,"Academic, Training and Research",dgmh,80
DE-CR-RA000243-HRB5459,,active,Germany,Private Sector,particip,70
ML-NIF-082208943A,Groupe Pivot Santé Population,active,Mali,"Academic, Training and Research",gpsp-org,80
MZ-NUIT-700179850,Plataforma Moçambicana da Água (PLAMA),active,Mozambique,National NGO,plama,22
NL-KVK-27310568,,active,Netherlands,Foundation,arq_intl,60
UG-RSB-80010003259159/105066,SolarNow Services (U) Ltd,active,Uganda,Private Sector,solarnowsofa,70
GB-CHC-1145721,Zambia Orphans Aid UK,active,United Kingdom,International NGO,zoa_uk,21
dk-cvr-26487013,International Media Support,active,Denmark,International NGO,ims,21
US-EIN-22-2852248,Village Enterprise,active,United States,International NGO,villageenterprise,21
IT-RI-97241280151,We World - GVC Onlus,active,Italy,International NGO,ww-gvc,21
GB-CHC-1143797,Syria Relief,active,United Kingdom,National NGO,sr,22
TR-MOI-27-019-074,Emissa,active,Turkey,National NGO,emissa,22
US-EIN-52-1818273,International Center for Not-for-Profit Law,active,United States,International NGO,icnl_org,21
FI-PRO-1993025-9,Instituto Florestal Europeu,active,Finland,"Academic, Training and Research",efi,80
US-EIN-13-3622707,WSP USA Solutions Inc.,active,United States,Private Sector,lbg,70
CA-CRA_ACR-805837713,OpenNorth,active,Canada,International NGO,opennorth,21
DK-CVR-20356731,PlanBørnefonden,active,Denmark,International NGO,plb,21
NL-KVK-32092131,Fundação Edukans,active,Netherlands,International NGO,edukans_foundation,21
GB-CHC-1027201,Institute for War & Peace Reporting,active,United Kingdom,International NGO,iwpr,21
GB-CHC-1150993,Near East Foundation UK (NEF UK),active,United Kingdom,International NGO,nef-uk,21
FR-INSEE-32101874900127,Medecins du Monde France,active,France,International NGO,mdm-fr,21
NG-CAC-54522,Centre for Legal Research and Development,active,Nigeria,National NGO,clerd-prpi,22
GB-CHC-1140288,The Fred Hollows Foundation (Reino Unido),active,United Kingdom,International NGO,fhfuk,21
NL-KVK-34176587,Radio La Benevolencija,active,Netherlands,International NGO,rlb,21
NL-KVK-41081480,Stichting Liliane Fonds,active,Netherlands,National NGO,slf,22
XI-IATI-LPI,Living Peace Institute,active,Congo (Democratic Republic of the),National NGO,lpi,22
US-EIN-30-0739799,Heartland Alliance International,active,United States,International NGO,ha-i,21
JE-FSC-NPO_1108,Irrawaddy Policy Exchange,active,United Kingdom,"Academic, Training and Research",ipe,80
KE-NCB-OP/218/051/924/84,ACTIONAID INTERNATIONAL KENYA,active,Kenya,International NGO,aaik,21
US-EIN-45-5015494,Instiglio,active,United States,International NGO,instiglio,21
NG-CAC-73022,Niger Delta Stakeholders Initiative for Community Development and Empowerment,active,Nigeria,National NGO,ndsicde,22
XM-DAC-5-7,Ministério Federal dos Negócios Estrangeiros – Alemanha,active,Germany,Government,fo_germany,10
US-EIN-27-4933181,IDinsight,active,United States,International NGO,idinsight,21
XM-DAC-61-2,Ministério dos Negócios Estrangeiros – Eslovénia,active,Slovenia,Government,si-mfa,10
US-EIN-47-3594688,Global Fund to End Modern Slavery,active,United States,National NGO,gfems,22
US-EIN-45-2796201,"Namati, Inc",active,United States,International NGO,namati_inc,21
GB-COH-893249298,,active,(No country assigned),"Academic, Training and Research",wrgb,80
XI-IATI-NSO,Netherlands Space Office,active,Netherlands,"Academic, Training and Research",nso,80
US-EIN-22-3900800,VisionFund International,active,United States,International NGO,vfi,21
CA-CRA_ACR-118846575,Center for International Studies and Cooperation,active,Canada,International NGO,ceci,21
GB-COH-07026479,AgDevCo,active,United Kingdom,Private Sector,agdevco,70
XM-DAC-47008,World Vegetable Center,active,Taiwan (Province of China),International NGO,worldveg,21
GB-CHC-1178168,CDAC Network,active,United Kingdom,International NGO,cdacnetwork,21
GH-DSW-1103,Regional Advisory Information and Network Systems,active,Ghana,National NGO,rains,22
KE-KRA-P051713416W,AFELT,active,Kenya,"Academic, Training and Research",afelt,80
DE-CR-RA000217-HRB121747B,Democracy Reporting International gGmbH,active,Germany,International NGO,dri,21
BJ-IFU-5201000673108,CARE BENIN/TOGO,active,United States,International NGO,carebenintogo,21
GB-COH-02693163,Westminster Foundation for Democracy,active,United Kingdom,Other Public Sector,wfd,15
UG-RSB-80010000253134/25060,Uganda Martyrs University,active,Uganda,"Academic, Training and Research",umu,80
XI-GRID-grid.442626.0,Universidade de Gulu,active,Uganda,"Academic, Training and Research",guluuni,80
XI-GRID-grid.442459.a,"Universidade de Dodoma (UDOM), Tanzânia",active,"Tanzania, United Republic of","Academic, Training and Research",udom,80
KE-KRA-P051542095J,LIWA Programme Trust,active,Kenya,"Academic, Training and Research",liwa-admin,80
GH-DSW-2000,Northern Network for Education Development,active,Ghana,National NGO,nned,22
US-EIN-45-4613016,Accountability Lab,active,United States,National NGO,alab,22
XI-GRID-grid.419346.d,International Food Policy Research Institute.,active,United States,International NGO,ifpri,21
GH-RGD-99389,Opportunity International Savings and Loans Ltd,active,Ghana,Private Sector,oisl_gh,70
NG-CAC-1260478,Fundação Silsab,active,Nigeria,National NGO,silsab1-_,22
XI-BRIDGE-6385676864,Secretariado do GEF,active,United States,Multilateral,gef,40
KE-NCB-21805120080955572,Ashoka East Africa,active,Kenya,International NGO,ashoka,21
GB-CHC-206658,World Horse Welfare,active,United Kingdom,International NGO,whw2019,21
US-EIN-522112460,IMA World Health,active,United States,International NGO,us-imawh,21
FR-RCS-78049888700022,Centre International de Développement et de Recherche,active,France,International NGO,cidr,21
GB-COH-RC000749,Zoological Society of London,active,United Kingdom,International NGO,zsl,21
XM-DAC-47080,OCDE,active,France,Multilateral,oecd,40
ZA-NPO-048-364,SouthSouthNorth,active,South Africa,International NGO,ssn,21
CH-FDJP-258577051,Humanitarian Quality Assurance Initiative,active,Switzerland,International NGO,hqai,21
GB-GOV-2,HM Treasury,active,United Kingdom,Government,hmtfitb,10
NO-BRC-917687811,Coalition for Epidemic Preparedness Innovations,active,Norway,International NGO,cepi,21
GB-GOV-15,Department for International Trade,active,United Kingdom,Government,dit,10
GB-NIC-101412,Children in Crossfire,active,United Kingdom,International NGO,cicni,21
XM-OCHA-HPC3664,Jordan River Foundation,active,Jordan,National NGO,jrf,22
XM-OCHA-HPC6770,King Salman Humanitarian Aid and Relief Centre,active,Saudi Arabia,Government,ksrelief291,10
MZ-MOJ-100717344,IMD Moçambique,active,Mozambique,National NGO,imdmozambique,22
GB-CHC-1081769,Transform Africa,active,United Kingdom,International NGO,transafrica19,21
CH-FDJP-CHE107828868,,active,Switzerland,International NGO,swisscontact,21
CH-FDJP-CHE109947366,Fundação Hirondelle,active,Switzerland,International NGO,fh_ch,21
GB-CHC-1147298,One Young World,active,United Kingdom,National NGO,oyw,22
GB-EDU-133903,London School of Hygiene and Tropical Medicine,active,United Kingdom,"Academic, Training and Research",lshtm,80
GB-GOV-12,"Department for Digital, Culture, Media and Sport – Reino Unido",active,United Kingdom,Government,dcms,10
GB-CHC-1117377,Village Water Ltd,active,United Kingdom,International NGO,villagewater,21
FR-RCS-31899089200065,Action Contre la Faim,active,France,International NGO,acf-fr,21
US-EIN-27-3440108,,active,United States,Private Sector,vera-solutions,70
CA-CRA_ACR-107848319,Action Canada for Sexual Health and Rights,active,Canada,International NGO,acfshr,21
NP-IRD-302274734,CARE Nepal,active,Nepal,International NGO,cnepal,21
US-EIN-13-1804349,World Education Inc.,active,United States,"Academic, Training and Research",wei,80
PK-VSWA-32-2004,Fundação Tameer-e-Khalaq,active,Pakistan,National NGO,tkf1234,22
NP-IRD-302113730,"Agência Adventista de Desenvolvimento e Recursos Assistenciais, Nepal",active,Nepal,International NGO,adra_nepal,21
IT-CF-95008730160,Cesvi,active,Italy,International NGO,cesvi,21
GB-CHC-282305,Minority Rights Group,active,United Kingdom,International NGO,mrg,21
XM-DAC-7-PPR-4000002894,,active,Mozambique,Government,iwrm,10
PE-SUNARP-11744379,Centro de Promocion y Defensa de los Derechos Sexuales y Reproductivos,active,Peru,Regional NGO,promsex,23
XM-OCHA-HPC8568,CARE International Switzerland in Sudan,active,Sudan,International NGO,cis,21
UG-RSB-80020001996190,,active,Uganda,Private Sector,lpa,70
RW-RGB-77-RGB-NGO-2013,Health Development Initiative,active,Rwanda,National NGO,hdi,22
KE-RCO-105217,Kenya Private Sector Alliance,active,Kenya,Private Sector,kepsa,70
KE-KRA-P051098561L,KITUO CHA SHERIA,active,Kenya,National NGO,kituo,22
FR-RCS-83764263600018,Syrian Center for Media and Freedom of Expression,active,France,National NGO,scm,22
SS-RRC-004,Nonviolent Peaceforce South Sudan,active,South Sudan,International NGO,npss,21
NL-KVK-31047672,Twynstra Gudde,active,Netherlands,Private Sector,twynstragudde,70
ID-KHH-AHU17AH0107,Institute for Policy Research and Advocacy (ELSAM),active,Indonesia,National NGO,elsam,22
GB-COH-00070527,,active,United Kingdom,"Academic, Training and Research",lse,80
GB-GOV-52,"Conflict, Stability and Security Fund",active,United Kingdom,Government,cssf,10
GB-GOV-50,Cross-Government Prosperity Fund,active,United Kingdom,Government,prosperityfund,10
GB-CHC-1174874,Royal Commonwealth Ex-Services League,active,United Kingdom,International NGO,rcel,21
CH-FDJP-CHE110141200,Drugs for Neglected Diseases initiative,active,Switzerland,"Academic, Training and Research",dndi_transparency,80
RW-RRA-103197639,Greater Virunga Transboundary Collaboration,active,Rwanda,Government,gvtc,10
NP-SWC-37725,South Asian Women Development Forum,active,(No country assigned),"Academic, Training and Research",sawdf-admin,80
NP-SWC-46024,Accelerator Nepal,active,Nepal,National NGO,acceleratornepal,22
CA-CRA_ACR-869974816,Nutrition International,active,Canada,International NGO,nutritionintl,21
CH-FDJP-CHE-105181636,Centre for Humanitarian Dialogue (HD Centre),active,Switzerland,Foundation,hdcentre,60
US-EIN-13-3870223,International Aids Vaccine Initiative (IAVI),active,United States,International NGO,iavi,21
KE-RCO-CPR/2011/63463,Partnership for African Social & Governance Research (PASGR),active,Kenya,"Academic, Training and Research",pasgr,80
NL-KVK-09181221,Resilience,active,Netherlands,"Academic, Training and Research",resilience,80
NL-KVK-41145371,Maastricht School of Management,active,Netherlands,Foundation,msm-ipd,60
BF-MATD-RNRD00045-4000004688,,active,Burkina Faso,National NGO,cdc_ohg,22
GB-COH-06274284,Carbon Trust Advisory Ltd,active,United Kingdom,Private Sector,carbontrustadvisory,70
IN-MHA-231660927,,active,India,National NGO,phfi,22
GB-COH-07171834,,active,United Kingdom,Private Sector,taginternational,70
GB-UKPRN-10007801,,active,United Kingdom,"Academic, Training and Research",uop,80
NA-NAMRA-04822224,,active,Namibia,International NGO,pv,21
ZA-CIP-2005-028883-23,Okapi Consulting,active,South Africa,International NGO,okapiconsulting,21
NL-KVK-34234456,Health Insurance Fund,active,Netherlands,International NGO,hif,21
GB-COH-OC350651,Montrose International LLP,active,(No country assigned),"Academic, Training and Research",montrose_llp,80
GB-CHC-1013587,Chance for Childhood,active,United Kingdom,International NGO,chanceforchildhood,21
GB-COH-7207947,PRI Association,active,United Kingdom,"Academic, Training and Research",pri_icf,80
NO-BRC-980997278,INTOSAI Development Initiative,active,Norway,International NGO,idi,21
JO-MSD-2011101100001,Jordan Open Source Association,active,Jordan,National NGO,josa,22
US-EIN-53-0196584,,active,United States,"Academic, Training and Research",gwu_gwi,80
NL-KVK-30238214,Impunity Watch,active,Netherlands,International NGO,iw_admin,21
NG-CAC-83813,Neem Foundation,active,Nigeria,National NGO,neem,22
US-EIN-23-2220051,iDE,active,United States,International NGO,ide,21
FR-RCS-40885667200030,Triangle Génération Humanitaire,active,France,International NGO,tgh,21
AU-ABN-42097054165,Land Equity International,active,Australia,Private Sector,lei,70
GB-COH-RC000655,,active,United Kingdom,"Academic, Training and Research",keele-university,80
US-EIN-20-8530747,Results for Development,active,United States,International NGO,r4d,21
XM-DAC-50-21,,active,Spain,Government,aecid,10
ES-DIR3-EA0035768,Agência Espanhola de Cooperação Internacional para o Desenvolvimento (AECID),withdrawn,Spain,Government,aecid,10
GH-DSW-3064,ActionAid Ghana,active,Ghana,National NGO,aag,22
NG-CAC-19258,Centre for Environment Human Rights and Development,active,Nigeria,International NGO,cehrd1,21
NL-KVK-53744993,World Benchmarking Alliance Foundation,active,Netherlands,Foundation,wba,60
XI-IATI-3435,,active,Sudan,National NGO,sosss_admin,22
CO-CCB-S0052181,transforma,active,Colombia,National NGO,transforma,22
YE-MSAL-80/295,Yamaan Foundation for Health and Social Development,active,Yemen,National NGO,yffhsd,22
GB-COH-02863827,ClientEarth,active,United Kingdom,International NGO,clientearth-1,21
CH-FDJP-CHE106823242,Fondation Terre des hommes – Aide à l'enfance dans le monde,active,Switzerland,International NGO,tdh_foundation,21
GB-SC-015096,Universidade de Dundee,active,United Kingdom,"Academic, Training and Research",uodcepmlp,80
ZW-ROD-MA0000405/2015,Young Africa International HUB,active,Zimbabwe,International NGO,yai-hub,21
XM-DAC-47021,International Potato Center,active,Peru,Multilateral,cip,40
ET-CSA-3994,Triggerise Ethiopia,active,Ethiopia,International NGO,trig,21
BD-NAB-0210,ActionAid Bangladesh,active,Bangladesh,International NGO,aab,21
US-EIN-45-2779314,Shift Project Ltd.,active,United States,International NGO,shiftproject,21
KE-KRA-P051155108P,Kenya National Commission on Human Rights,active,Kenya,Government,knchr,10
GB-CHC-290767,World Jewish Relief,active,United Kingdom,International NGO,wjr_001,21
ET-CSA-0062,DKT Ethiopia,active,Ethiopia,International NGO,dkt_ethiopia,21
NL-KVK-40407706,Unie van Waterschappen,active,Netherlands,Other Public Sector,uvw,15
GB-COH-03147724,Mercy Ships UK Limited,active,United Kingdom,International NGO,msuk,21
US-EIN-94-3045180,Rainforest Action Network,active,United States,International NGO,ran,21
XI-GRID-grid.9783.5,Universidade de Kinshasa,active,Congo (Democratic Republic of the),"Academic, Training and Research",dspd_unikin,80
GB-CHC-1106156,kidasha,active,United Kingdom,International NGO,kidasha,21
DE-CR-RA000209-VR1207,World Vision Alemanha,active,Germany,International NGO,wv_de,21
ET-CSA-0784,World Vision Etiópia,active,Ethiopia,International NGO,wv_et_activities,21
IT-CF-00677540288,Doctors with Africa CUAMM,active,Italy,International NGO,cuamm,21
AT-UID-U74408937,Ground Truth Solutions,active,Austria,International NGO,ground-truth-solutions,21
XI-BRIDGE-3665722432,Fórum Africano de Administração Fiscal,active,South Africa,International NGO,ataf,21
GB-CHC-1123241,Peace Direct,active,(No country assigned),International NGO,peacedirect,21
XI-GRID-grid.8193.3,Universidade de Dar es Salaam,active,"Tanzania, United Republic of","Academic, Training and Research",udsm-cbs,80
XM-DAC-30009,Small Arms Survey,active,Switzerland,"Academic, Training and Research",sas_sana,80
ET-CSA-0475,Family Guidance Association of Ethiopia,active,Ethiopia,National NGO,fgae_ethiopia,22
XM-DAC-576,Ministério dos Negócios Estrangeiros – Emirados Árabes Unidos (EAU),active,United Arab Emirates,Government,mofaic_uae,10
KE-NCB-2180511304359047,Population Services Quénia,active,Kenya,National NGO,pskenya_19,22
KE-NCB-2180511403539790,Faith to Action Network,active,Kenya,International NGO,f2a,21
UG-NGO-3329,Auschwitz Institute for the Prevention of Genocide and Mass Atrocities,active,Uganda,"Academic, Training and Research",aipr,80
KE-NCB-218051200501953650,Healthright International – Quénia,active,Kenya,National NGO,hri,22
CN-SAIC-9111010506489375XP,Carbon Trust (Beijing) Consulting Limited,active,China,Private Sector,ctbeijing,70
GB-COH-OC364842,,active,United Kingdom,Private Sector,mcs_new,70
LB-MOI-6491,Restart Center,active,Lebanon,National NGO,restartcenter,22
GB-CHC-297716,Business in the Community,active,United Kingdom,International NGO,bitc,21
GB-CHC-1141552,Balloon Ventures Foundation,active,United Kingdom,International NGO,bvf,21
ZA-CIP-2007-0308903-08,African Parks Network,active,South Africa,International NGO,african_parks,21
GB-COH-06581421,The Institute for Strategic Dialogue,active,United Kingdom,"Academic, Training and Research",isdglobal,80
ML-NIF-055000335T,Near East Foundation Mali (NEF Mali),active,Mali,International NGO,nef_mali,21
NL-KVK-41186799,Women Engage for a Common Future,active,Netherlands,International NGO,wecf,21
US-EIN-52-5170039,International Crisis Group,active,Belgium,International NGO,crisisgroup,21
FR-RCS-49962201700014,Bibliothèques Sans Frontières,active,France,International NGO,bsf1,21
SE-ON-802425-8702,Stockholm International Water Institute,active,Sweden,International NGO,siwi,21
GH-RGD-CG077262013,Nature and Development Foundation,active,Ghana,National NGO,ndf_fgm,22
BD-NAB-2004,"Centre for Injury Prevention and Research, Bangladesh (CIPRB)",active,Bangladesh,National NGO,ciprb,22
XI-IATI-RUF,,active,Netherlands,Foundation,ruf,60
XM-DAC-40-3,,active,Greece,Government,greece_mfa,10
XI-BRIDGE-1812689272,The Mailman School of Public Health,active,United States,"Academic, Training and Research",mailman_school_of_public_health,80
US-EIN-04-2103547,Universidade de Boston,active,United States,"Academic, Training and Research",bu-carbx-admin,80
LB-MOI-110,Fundação Rene Moawad,active,Lebanon,National NGO,rmf-lb,22
GB-CHC-1173827,Accountable Now,active,United Kingdom,International NGO,accountablenow,21
NL-KVK-30157019,Larive International,active,Netherlands,Private Sector,larive,70
NG-CAC-57289,Environmental Centre for Oil Spills and Gas Flaring (NACGOND),active,Nigeria,National NGO,nacgond-,22
US-GOV-13,,active,United States,Government,usadf,10
US-GOV-13-ADF,,withdrawn,United States,Government,usadf,10
FR-RCS-519655997,Handicap International Federation,active,France,International NGO,hi_fed,21
US-EIN-82-3941326,Luminate Foundation Inc.,active,United States,Foundation,luminate,60
US-EIN-98-0513530,Alliance for a Green Revolution for Africa,active,United States,International NGO,agra,21
GB-COH-08567792,Behavioural Insights Team,active,United Kingdom,Private Sector,bit,70
NP-SWC-24,Nepal Netra Jyoti Sangh,active,Nepal,National NGO,nnjs_nepal,22
KE-KRA-P051161193S,Trust for Indigenous Culture and Health,active,Kenya,International NGO,ticah,21
CO-RUE-830140714-1,Brujula Comunicaciones Estrategicas SAS,active,Colombia,Private Sector,brujula,70
XI-GRID-grid.11194.3c,Makerere University School of Public Health,active,Uganda,"Academic, Training and Research",maksph,80
UG-NGB-12317,Reach A Hand Uganda,active,Uganda,National NGO,rahuug,22
GB-COH-08567552,UN Global Compact Local Network UK,active,United Kingdom,Multilateral,ungc-uk,40
NL-KVK-815165924,STC International,active,Netherlands,"Academic, Training and Research",stc-international,80
NP-SWC-17775,The Leprosy Mission Nepal,active,Nepal,National NGO,tlmnepal,22
LB-MOI-25465,Fiftyfifty,active,Lebanon,National NGO,fiftyfifty-lb,22
GB-CHC-1172875,East African Playgrounds,active,United Kingdom,International NGO,eap,21
XM-DAC-41130,Agência das Nações Unidas para Auxílio aos Refugiados da Palestina no Próximo Oriente (UNRWA),active,(No country assigned),Multilateral,unrwa,40
BD-NAB-0918,Centre for Policy Dialogue,active,Bangladesh,National NGO,cpd,22
KE-KRA-P000634725S,African Women's Development and Communication Network,active,Kenya,Regional NGO,femnet,23
UG-NGO-2292,,active,Uganda,International NGO,wipc,21
US-EIN-37-1552838,Fundação GSMA,active,United States,Foundation,gsma_foundation,60
CH-FDJP-CHE296622304,The Global Initiative Against Transnational Organized Crime,active,Switzerland,Other Public Sector,gi-toc,15
BE-BCE_KBO-0434417468,CODEART ASBL,active,Belgium,National NGO,codeart,22
LB-MOI-1-100,Al Majmoua,active,Lebanon,National NGO,al_majmoua,22
XI-IATI-ESFD,Economic and Social Fund for Development,active,Lebanon,Government,esfd,10
XI-IATI-DKTDRC,,active,Congo (Democratic Republic of the),National NGO,dkt_drc,22
JO-CCD-200104681,Leaders of Tomorrow,active,Jordan,Private Sector,sqf,70
AE-HFZA-1526,Altai Consulting,active,United Arab Emirates,Private Sector,altai,70
CA-CRA_ACR-811793611,Grand Challenges Canada,active,Canada,National NGO,hgc,22
NP-CRO-83836,,withdrawn,(No country assigned),Other Public Sector,7272,15
YE-MSAL-473-2001,Family Counseling and Development Foundation,active,Yemen,National NGO,fcdf,22
ET-CSA-1327,,active,Ethiopia,National NGO,jfa-pfe,22
CH-FDJP-CHE331930936,Global Antibiotic Research and Development Partnership,active,Switzerland,Public Private Partnership,gardp,30
US-EIN-47-5049026,International Youth Alliance for Family Planning,active,United States,International NGO,iyafp,21
UG-NGB-1277,Forum for Women in Democracy,active,Uganda,National NGO,fowode,22
RW-RGB-114-RGB-RGO-2013,The Legal Aid Forum,active,Rwanda,National NGO,laf,22
AE-ADCD-64747,,withdrawn,(No country assigned),International NGO,72728,21
NL-KVK-30114696,Palladium Europe,active,Netherlands,Private Sector,palladium_eur,70
NL-KVK-50744984,BoP Innovation Center,active,Netherlands,Foundation,bopinc,60
CO-RUE-900619925-0,,active,Colombia,Private Sector,awaketravel,70
YE-MSAL-18-2013,Mwatana for Human Rights,active,Yemen,National NGO,mwatana,22
GB-CHC-1122330,CDP Worldwide,active,United Kingdom,International NGO,cdp,21
GB-COH-RC000541,,active,United Kingdom,"Academic, Training and Research",soas,80
NL-KVK-41169658,Stichting Fern,active,Netherlands,International NGO,stichtingfern,21
GB-CHC-1154413,,active,(No country assigned),International NGO,cbi,21
FI-PRO-0998454-4,Finn Church Aid (Kirkon Ulkomaanapu sr),active,Finland,International NGO,fca,21
GB-COH-06069322,Development Media International,active,United Kingdom,International NGO,dmi_admin,21
US-EIN-47-3511012,"SDSN Association, Inc.",active,United States,International NGO,sdsna,21
BE-BCEKB0-0537407021,,active,Belgium,National NGO,wapa,22
XI-GRID-grid.7247.6,Universidade dos Andes,active,Colombia,"Academic, Training and Research",uand_2020,80
NL-KVK-74064800,Programming Their Future,active,Netherlands,"Academic, Training and Research",p-t-f-,80
US-EIN-13-1740011,Wildlife Conservation Society,active,United States,International NGO,wcs,21
NL-KVK-27186453,Netherlands Water Partnership,active,Netherlands,Foundation,nwp,60
GB-COH-02962250,Commonwealth Local Government Forum,active,United Kingdom,International NGO,clgf_data,21
NL-KVK-64460789,Coöperatief Climate Fund Managers U.A.,active,Netherlands,Private Sector,cfm,70
CH-FDJP-CHE251665168,Fundação Earthworm,active,Switzerland,International NGO,ewf,21
GB-CHC-1082139,Fundação Thomson Reuters,active,United Kingdom,Foundation,trf,60
GB-LAE-LND,City of London Corporation,active,United Kingdom,Other Public Sector,col-greenfinance,15
GB-CHC-1160263,WasteAid UK,active,United Kingdom,International NGO,wasteaid,21
GB-COH-RC000660,Universidade de Liverpool,active,United Kingdom,"Academic, Training and Research",uol,80
MU-CR-C134274,Shortlist Professionals Limited,active,Mauritius,Private Sector,shortlistogti,70
GB-CHC-1187935,International Campaign Women´s Right to Safe Abortion,active,United Kingdom,National NGO,icwrsa,22
GB-CHC-208223,Royal Institute of International Affairs,active,United Kingdom,"Academic, Training and Research",riia,80
DE-CR-RA000220-VR9971,CARPO – Center for Applied Research in Partnership with the Orient,active,Germany,International NGO,carpo,21
GB-CHC-1150964,inHive,active,United Kingdom,International NGO,inhive,21
BE-BCE-KBO-0461977940,,active,Belgium,National NGO,fdhommes,22
GB-COH-11116719,,active,United Kingdom,Private Sector,brink_innovation,70
GB-CHC-1079752,RedR UK,active,United Kingdom,International NGO,redruk,21
XI-IATI-WBTF,Fundos Fiduciários do Banco Mundial,active,United States,Multilateral,wbtf,40
GB-COH-11373728,Cowater UK Limited,active,United Kingdom,Private Sector,cowateruk,70
ZA-CIP-M2005001486,Sexual Reproductive Health and Rights Africa Trust,active,South Africa,Regional NGO,srhr_africa_trust,23
US-EIN-61-1725201,"Field Ready, EUA",active,United States,International NGO,field_ready,21
GB-UKPRN-10007141,Universidade de Central Lancashire,active,United Kingdom,"Academic, Training and Research",uclan,80
ML-NIF-084106436R,Conseil et Appui pour l'Education à la Base Mali,active,Mali,National NGO,caeb_mali,22
XM-OCHA-7482,World Vision República Centro-Africana.,active,Central African Republic,International NGO,wv_cf,21
GB-COH-07840888,MedicineAfrica Ltd.,active,United Kingdom,"Academic, Training and Research",medafrica,80
CA_ON-ONT-1597880,CANADEM,active,Canada,International NGO,canadem,21
ET-CSA-1351,Ethiopian Public Health Association,active,Ethiopia,Other Public Sector,epha,15
NL-KVK-68758766,CAPABUILD,active,Netherlands,International NGO,capabui,21
NL-KVK-72908114,The AGRI3 Fund,active,Netherlands,Public Private Partnership,agri3_fund,30
NL-KVK-729081140000,The AGRI3 Fund,withdrawn,Netherlands,Public Private Partnership,,30
YE-MSAL-49-M-2019,Sana'a Center for Strategic Studies,active,Yemen,National NGO,scss,22
XI-IATI-BBDN,Bangladesh Business and Disability Network,active,Bangladesh,National NGO,bbdn,22
GB-UKPRN-10007164,"University of the West of England, Bristol",active,United Kingdom,"Academic, Training and Research",uwe,80
MX-RFC-ICM160118IZ1,Iniciativa Climatica de Mexico,active,Mexico,National NGO,icm_mx,22
XM-DAC-7-PPR-4000002938,Global Water Partnership,active,Sweden,International NGO,gwp,21
JO-CCD-200006694,"Entiqal for Training ""Partners for Good""",active,Jordan,National NGO,pfg,22
XI-IATI-WVDRC,World Vision República Democrática do Congo,active,Congo (Democratic Republic of the),International NGO,wv_cd,21
ID-KHH-5018112631240040,NLR Indonesia,active,Indonesia,National NGO,nlr_indonesia,22
GB-CHC-1076722,TRAFFIC International,active,United Kingdom,"Academic, Training and Research",traffic,80
US-EIN-81-2339233,Youth Development Labs Inc,active,United States,International NGO,ylabs,21
AM-SRALE-222.160.00823,Eurasia Partnership Foundation,active,Armenia,Foundation,epf,60
US-EIN-83-3580499,,active,United States,International NGO,orraa_inc,21
GB-CHC-1177110,Elrha,active,United Kingdom,International NGO,elrha,21
GB-CHC-206504,Instituto Internacional de Estudos Estratégicos,active,United Kingdom,"Academic, Training and Research",iiss,80
XI-GRID-grid.8652.9,,active,Ghana,"Academic, Training and Research",ugorid,80
NL-KVK-30114598,Rabo Partnerships,active,Netherlands,Private Sector,rabo_partnerships,70
IE-CHY-20041069,Ethiopiaid Irlanda,active,Ireland,International NGO,ethiopiaidireland,21
GB-GOV-1,"Foreign, Commonwealth and Development Office – Reino Unido",active,United Kingdom,Government,fcdo,10
XM-OCHA-HPC9829,IMPACT Initiatives,active,Switzerland,International NGO,impact_initiatives,21
US-EIN-82-0644678,Synergía – Initiatives for Human Rights,active,United States,International NGO,synergiaihr,21
GB-COH-11594545,McKinsey Development Partners,active,United Kingdom,Private Sector,mdp,70
XI-GRID-grid.7836.a,Universidade da Cidade do Cabo,active,South Africa,"Academic, Training and Research",uct,80
XI-IATI-KHF,Fundação Rei Hussein,active,Jordan,National NGO,khf,22
GB-COH-04465125,"Imperial College of Science, Technology and Medicine",active,United Kingdom,"Academic, Training and Research",imperial,80
GB-CHC-1158838,The Freedom Fund,active,United Kingdom,International NGO,tff,21
CA-CRA_ACR-119075091,Oxfam – Quebec,active,Canada,International NGO,oqc,21
GB-CHC-1175658,Global Steering Group for Impact Investment,active,United Kingdom,International NGO,gsg,21
ID-KHH-6014052331100057,Kemitraan Bagi Pembaruan Tata Pemerintahan,active,Indonesia,National NGO,kemitraan,22
MX-RFC-SLP1412039F3,Soluciones en Legislación y Política Ambiental AC,active,Mexico,National NGO,polea,22
GB-CHC-1166956,UK-Med,active,United Kingdom,International NGO,uk-med,21
JO-CCD-45293,Sowt podcasting and training L.L.C,active,Jordan,Private Sector,sowt,70
BD-NAB-2686,Bangladesh Youth Leadership Center,active,Bangladesh,National NGO,bylc,22
US-EIN-27-3166994,Global Impact Investing Network,active,United States,National NGO,giin,22
MX-RFC-IIN920701G55,IDOM INGENIERIA,active,Mexico,Private Sector,idom_mx,70
ID-DJP-312529852906000,Asia Justice and Rights,active,Indonesia,Regional NGO,ajar,23
CH-FDJP-CHE105829963,Solidar Suisse,active,Switzerland,International NGO,solidarsuisse,21
GB-UKPRN-10007790,Universidade de Edimburgo,active,United Kingdom,"Academic, Training and Research",uoe,80
KE-KRA-P051335339D,African Institute For Development Policy,active,Kenya,International NGO,afidep,21
JO-CCD-200167994,,active,Jordan,International NGO,lifed_admin,21
NL-KVK-27363950,Sociaal-Economische Raad,active,Netherlands,Other Public Sector,ser,15
KE-KRA-P051172537S,,active,Kenya,Other Public Sector,fsdk,15
GB-COH-10516061,Cobra Collective CIC,active,United Kingdom,International NGO,cobracollective,21
GB-GOR-OT1175,Northern Ireland Cooperation Overseas Ltd,active,United Kingdom,Other Public Sector,nico,15
AT-ZVR-315688676,,active,Austria,International NGO,lftw-int,21
XI-GRID-grid.473464.6,Water & Land Resource Center – Universidade de Adis Abeba,active,Ethiopia,"Academic, Training and Research",wlrc_aau,80
NG-CAC-30547,Paradigm Initiative,active,Nigeria,International NGO,paradigm,21
JO-MSD-200159274,JoWomenomics,active,Jordan,National NGO,jowomenomics,22
NL-KVK-09108013,Advance Consulting,active,Netherlands,Private Sector,ac1999,70
XI-GRID-grid.11835.3e,Universidade de Sheffield,active,United Kingdom,"Academic, Training and Research",tuos,80
XM-DAC-47015,CGIAR,active,France,"Academic, Training and Research",cgiar,80
UG-RSB-197310,Financial Sector Deepening Uganda,active,Uganda,National NGO,fsduganda,22
NL-KVK-41192276,Stichting Wilde Ganzen/ IKON,active,Netherlands,National NGO,nl_wg,22
ZM-PCR-12015013762,Prospero Limited,active,Zambia,National NGO,prospero,22
GB-COH-RC000679,Universidade de York,active,United Kingdom,"Academic, Training and Research",uoy,80
ZA-NPO-081-788,,active,South Africa,International NGO,sustainable_livelihoods_foundation,21
XM-DAC-41149,Gabinete das Nações Unidas para a Coordenação do Desenvolvimento,active,United States,Other Public Sector,undco,15
GB-COH-02871809,Global Witness,active,United Kingdom,International NGO,globalwitness,21
GB-CHC-1175791,Global Anaesthesia Development Partnerships,active,United Kingdom,"Academic, Training and Research",gadp,80
US-EIN-042103594,Abdul Latif Jameel Poverty Action Lab at MIT,active,United States,"Academic, Training and Research",jpal,80
MW-RG-1011251,Wala Ltd,active,Malawi,Private Sector,walaltd,70
US-EIN-83-1236759,,active,United States,Private Sector,neopenda,70
US-EIN-53-0235320,Pathfinder International,active,United States,International NGO,pathfinder1,21
BI-NIF-4000742330,AUXFIN Burundi,active,Burundi,Private Sector,auxfinbi,70
MZ-MOJ100094525,Fundação Micaia,active,Mozambique,National NGO,micfound,22
MY-SSM-1172311D,Forever Sabah,active,Malaysia,National NGO,fs,22
UA-EDR-9795443,Centre for Economic Strategy – Ucrânia,active,Ukraine,National NGO,ces-ua,22
FR-INSEE-31827645800037,"Association de solidarité internationale, Agriculteurs français et développement international (Afdi) France",active,France,Other Public Sector,afdi-fr,15
GB-CHC-1017336,Elton John AIDS Foundation,active,United Kingdom,Foundation,ejaf,60
CA_AB-ABT-203435797,Alinea International Ltd.,active,Canada,Private Sector,alineainternational_2020,70
GB-CHC-1188731,Sustainable Hospitality Alliance,active,United Kingdom,International NGO,sha,21
BR-CNPJ-14.563.354/0001-50,Instituto BVRio,active,Brazil,International NGO,bvrio,21
NL-KVK-861193660,OurLoop Stitchting,active,Netherlands,Foundation,loop,60
GB-CHC-1137523,The Proforest Initiative UK,active,United Kingdom,"Academic, Training and Research",pi-uk,80
US-EIN-13-1623838,EngenderHealth,active,United States,International NGO,ehorg,21
US-EIN-843236198,Corus International,active,United States,International NGO,corus,21
US-EIN-52-2135531,Forest Trends Association,active,United States,International NGO,forest-trends,21
GB-CHC-1074857,Church of England – The Archbishops' Council,active,United Kingdom,"Academic, Training and Research",coe-abc,80
GB-COH-02515034,Timber Trade Federation Ltd.,active,United Kingdom,Private Sector,ttf,70
US-EIN-38-2846307,Mercy-USA for Aid and Development,active,United States,International NGO,mercy-usa,21
US-EIN-13-4052259,Media Development Investment Fund,active,United States,International NGO,mdif,21
KE-RCO-PLC-MYSMV2,,active,Kenya,Private Sector,eabx,70
GB-CHC-1144091,,active,United Kingdom,Other Public Sector,nesta,15
GB-NIC-073343,Global Fund for Community Foundations,active,United Kingdom,Foundation,gfcf,60
GB-CHC-1123384,Foundation for Social Improvement,active,United Kingdom,"Academic, Training and Research",the_fsi,80
ES-NIF-G02766913,Fields Data,withdrawn,Spain,International NGO,fd-es,21
ES-NIF-G79408852,Medicos del Mundo,active,Spain,International NGO,mdm_spain,21
BE-BCE_KBO-0464147473,Laïcité et Humanisme en Afrique Centrale (LHAC),active,Belgium,National NGO,lhac,22
KE-RCO-CPR-2010-28036,Open Capital Advisors,active,Kenya,Private Sector,oca,70
GB-COH-RC000652,,active,United Kingdom,"Academic, Training and Research",university_of_essex,80
GE-RS-406061513,,active,Georgia,National NGO,cpd_2021,22
US-EIN-30-0805768,,active,United States,International NGO,tffus,21
ZA-NPO-053-456,,active,South Africa,National NGO,cegaa,22
KE-NCB-OP-218-051-9994-1329,,active,Kenya,National NGO,creawkenya,22
NP-CRO-1158-065-066,Kathmandu Medical College Public Limited,active,Nepal,"Academic, Training and Research",kmc,80
ZA-CIT-9415005603,Universidade de Stellenbosch,active,South Africa,"Academic, Training and Research",su-impala,80
GB-COH-RC000668,,active,United Kingdom,"Academic, Training and Research",soton,80
NG-CAC-37051,,active,Nigeria,National NGO,dsfn,22
GB-CHC-1173320,South West International Development Network,active,United Kingdom,"Academic, Training and Research",swidn,80
GB-HESA-10004113,Universidade de Loughborough,active,United Kingdom,"Academic, Training and Research",lboro,80
CA-CC-13474046,,active,Canada,National NGO,transparently_lebanese,22
CH-FDJP-106756410,,active,Switzerland,International NGO,world_ywca,21
CH-660-0294975-4,World Young Women's Christian Association,withdrawn,Switzerland,International NGO,world_ywca,21
NP-IRD-301131441,,active,Nepal,International NGO,aain,21
SN-NINEA-004487121,,active,Senegal,International NGO,awa_sn,21
KE-NCB-218051981161116,Equality Now,active,Kenya,International NGO,e_n,21
UG-NGO-1317,,active,Uganda,Regional NGO,siharegional,23
GH-RGD-CG001532017,PPAG,active,Ghana,National NGO,ppag_123,22
NL-KVK-69759103,,active,Netherlands,Private Sector,laterite_bv,70
XM-OCHA-585,,active,Austria,Multilateral,icmpd,40
NL-KVK-27293917,The Hague Academy for Local Governance,active,Netherlands,"Academic, Training and Research",tha,80
IT-CF-80017510225,,active,Italy,National NGO,sosvdb_italia,22
KE-NCB-218-051-9263-33,Young Women's Christian Association of Kenya,active,Kenya,National NGO,ywcakenya,22
SS-RRC-342,Young Women Christian Association of South Sudan (YWCA SS),active,South Sudan,National NGO,ywcass,22
NL-KVK-74983393,IDH Investment Management B.V.,active,Netherlands,Private Sector,idh_im,70
UG-RSB-229709,Mango Tree Property Management LTD,active,Uganda,Private Sector,mangotree,70
NL-KVK-41039028,Stichting Leprazending Nederland – The Leprosy Mission Netherlands,active,Netherlands,Foundation,leprazending-tlm-nl,60
XI-IATI-SPR,,active,Congo (Democratic Republic of the),Regional NGO,spr,23
SS-RRC-465,Assistance Mission for Africa,active,South Sudan,National NGO,ama-south-sudan,22
UG-NGO-3580,,active,Uganda,International NGO,amwa,21
JO-CCD-200178924,,active,Jordan,International NGO,ktk,21
ID-KHH-AHU-0013363.AH.01.04,,active,Indonesia,National NGO,pekka_21,22
NG-CAC-IT-NO96562,Olamma Cares Foundation,active,Nigeria,National NGO,olammacares,22
SS-RRC-405,Eve Organization for Women Development,active,South Sudan,National NGO,eveowd,22
DE-CR-RA000220-HRB7745,Forschungsinstitut zur Zukunft der Arbeit GmbH (IZA),active,Germany,"Academic, Training and Research",iza,80
CA_ON-ONT-1783682,,active,Canada,International NGO,genderatwork,21
NL-KVK-74799525,Legal Action Worldwide,active,Netherlands,International NGO,law,21
ZA-NPO-189357,,active,South Africa,National NGO,sisonke,22
UG-204CBO-JJA02202000348,,active,Uganda,Regional NGO,jidu2021,23
GB-COH-RC000721,London Business School,active,United Kingdom,"Academic, Training and Research",lbs,80
IN-MHA-083930147,,withdrawn,India,"Academic, Training and Research",kemhrc,80
XI-GRID-grid.10347.31,,active,Malaysia,"Academic, Training and Research",rmc_um,80
XI-GRID-grid.11142.37,,active,Malaysia,"Academic, Training and Research",upm,80
PS-MOI-QR-1420-C,,active,"Palestine, State of",National NGO,ywca,22
EG-MOSS-3959350,,active,Egypt,National NGO,imc-2021,22
US-EIN-13-3615533,,active,United States,"Academic, Training and Research",educomm,80
BD-ROC-C-107131,Light Castle Partners,active,Bangladesh,Private Sector,lcp,70
US-EIN-522042014,GoodWeave International,active,United States,International NGO,goodweave_intl,21
TH-TIN-0993000190092,Asian Coalition for Housing Rights,active,Thailand,Regional NGO,achr,23
GB-COH-OC359103,,active,United Kingdom,Private Sector,bcg,70
JO-CCD-58307,,active,Jordan,Private Sector,7iberdotcom,70
KE-NCB-WDCBO542010192,Women Challenged to Challenge,active,Kenya,National NGO,wctc,22
UG-NGO-S59143785,,active,Uganda,National NGO,nuwodu,22
ET-CSA-1128,,active,Ethiopia,National NGO,ewla,22
et-CSA-0444,,active,Ethiopia,National NGO,ewdna2025,22
NL-KVK-83517626,,active,Netherlands,Private Sector,investinternational,70
NL-KVK-77583442,,active,Netherlands,Government,ti_nl,10
XM-OCHA-4438,,active,Bangladesh,"Academic, Training and Research",icddrb,80
GB-COH-10959095,,active,United Kingdom,"Academic, Training and Research",thefaradayinstitution,80
HK-CR-2288921,,active,Hong Kong,Private Sector,elevatelimited,70
NL-KVK-80547745,,active,Netherlands,Foundation,traide_foundation,60
MZ-NUIT-700089584,,active,Mozambique,National NGO,cesc,22
US-EIN-04-3309296,,active,United States,National NGO,pilpg,22
MY-SSM-1162174T,,active,Malaysia,International NGO,musawah,21
ZA-NPO-213-268,,active,South Africa,National NGO,sanpud,22
US-EIN-74-2244146,,active,United States,International NGO,rmi,21
GH-RGD-CG200980721,,active,Ghana,International NGO,isdao,21
IN-MHA-094421114,,active,India,"Academic, Training and Research",itforchange,80
XM-DAC-46012,,active,United States,Multilateral,idbinvest,40
TZ-NNCB-INGOR2000123,,active,"Tanzania, United Republic of",International NGO,apn,21
PA-PRP-5789,,active,Panama,Foundation,fundacionavina,60
BR-CNPJ-26990192000114,,active,Brazil,International NGO,wwfbr,21
UG-NGO-3690,,withdrawn,Uganda,International NGO,rv-ww2,21
GH-DSW-7992,,active,Ghana,National NGO,assn,22
XM-DAC-46025,,active,Saudi Arabia,Multilateral,isdb,40
ID-DJP-018321174017000,,active,Indonesia,International NGO,wwf_id,21
TN-RNE-1540791FPN000,,active,Tunisia,International NGO,wwfna,21
PH-SEC-CN200340507,,active,Philippines,Regional NGO,samdhana_institute,23
PK-NTN-1433899-8,,active,Pakistan,National NGO,pill,22
ZM-PCR-10102712014,,active,Zambia,International NGO,wwfzambia,21
KE-KRA-P051326872M,,active,Kenya,National NGO,sdi-k,22
ID-DJP-023047012526000,,active,Indonesia,National NGO,bwi,22
GB-CHC-1102909,,active,United Kingdom,International NGO,climate-group,21
BR-CNPJ-09294138-0001-15,,active,Brazil,Private Sector,agroicone,70
GH-DSW-1334,,active,Ghana,Regional NGO,wanep,23
NG-CAC-11660,,active,Nigeria,National NGO,crerd_ng,22
KE-NCB-OP2180511619410357,,active,Kenya,National NGO,wwf-kenya,22
PH-SEC-CN200324943,,active,Philippines,Regional NGO,ntfp-ep,23
CO-RUE-8300033586,,active,Colombia,Regional NGO,gaia,23
BF-MATD-2407,,active,Burkina Faso,National NGO,spong-burkina,22
GH-RGD-CG159432015,,active,Ghana,National NGO,gnbcc,22
LR-MFDPNGO-0961,,active,Liberia,Regional NGO,sdi,23
MY-SSM-199601006465,,active,Malaysia,International NGO,iwrawasiapacific,21
US-EIN-83-3732786,,active,United States,International NGO,agwa,21
IN-MHA-1070-99-2000,,active,India,National NGO,cividep,22
KE-NCB-218051200602584403,,active,Kenya,National NGO,ad,22
BJ-IFU-6201500233008,,active,Benin,National NGO,pascib_benin,22
ML-MAT-028-MAT-DNIC-DAG,,active,Mali,National NGO,seco-ong-mali,22
XI-GRID-grid4157124,,active,Pakistan,"Academic, Training and Research",iop-rmu,80
XM-DAC-46021,,active,Togo,Multilateral,boadiita,40
YE-MSAL-288-2013,,active,Yemen,National NGO,ywbod,22
SG-ACRA-201507403G,,active,Singapore,Regional NGO,growasia,23
US-EIN-20-3074517,,active,United States,International NGO,trustafrica,21
PK-SEC-0108318,,active,Pakistan,National NGO,tfp,22
ZA-CIP-2021-421804-08,,active,South Africa,International NGO,sdi-int,21
BD-ROC-C-104266,,active,Bangladesh,Private Sector,redorange,70
ZA-NPO-155-669,,active,South Africa,Regional NGO,pai155669,23
ET-CSA-1424,,active,Ethiopia,National NGO,corha,22
KE-RCO-155081,,active,Kenya,International NGO,fsdafrica,21
BI-NIF-4001055070,,active,Burundi,National NGO,j2022,22
AF-MOE-611,,active,Afghanistan,National NGO,tlo,22
PY-RUC-80025907-6,,active,Paraguay,International NGO,wwf-py,21
TN-RNE-1027578P,,active,Tunisia,National NGO,cemi,22
SN-NINEA-21516110A0,,active,Netherlands,National NGO,gorin,22
NL-KVK-54749484,,active,Netherlands,International NGO,fc-f,21
PS-MOI-RA279C,,active,"Palestine, State of",National NGO,pwwsd_2022,22
LB-MOI-30-ED,,active,Lebanon,National NGO,skf,22
TH-MOI-KhorThor2882,,active,Thailand,Regional NGO,ilgaasia,23
BI-NIF-4000450306,,active,Burundi,National NGO,bltp,22
FI-PRO3087706-5,,active,Finland,Private Sector,riverrecycle,70
LB-MOI-3567,,active,Lebanon,National NGO,crtda,22
JO-MSD-19700011100010,,active,Jordan,National NGO,awo2022,22
MM-MHA-0295,,active,Netherlands,National NGO,gen,22
CO-RUE-830053223,,active,Colombia,National NGO,limpal-colombia,22
GB-GOV-11,,active,United Kingdom,Government,cbu_hmrc,10
MY-SSM-256530H,,active,Malaysia,Regional NGO,my-ssm,23
RW-RGB-020-17,,active,Rwanda,National NGO,profemmes,22
CO-RUES-800121811,,active,Colombia,National NGO,codacop,22
DK-CVR-42047007,,active,Denmark,"Academic, Training and Research",icars,80
SS-RRC-140,,active,South Sudan,International NGO,avsi-ssd,21
DK-CVR-25825012,,active,Denmark,International NGO,sosdk,21
US-EIN-81-2108637,,active,United States,International NGO,dalbergcatalyst,21
BJ-IFU-6201810257535,,active,Benin,National NGO,abms,22
BF-MATD-N00000408001,,active,Burkina Faso,National NGO,sosjd6,22
US-EIN-061805406,,active,United States,International NGO,hc2022,21
CH-FDJP-CHE10092705,,active,Switzerland,International NGO,wilpf_22,21
ID-DJP-030079198015000,,active,Indonesia,National NGO,pattiro,22
NL-KVK-41226182,,active,Netherlands,National NGO,hfhnl,22
US-GOV-11,,active,United States,Government,state,10
US-GOV-32,,active,United States,Government,epa,10
US-GOV-16,,active,United States,Government,doc,10
US-GOV-12,,active,United States,Government,ustda,10
US-GOV-2,,active,United States,Government,usda,10
US-GOV-10,,active,United States,Government,peace,10
US-GOV-21,,active,United States,Government,iaf,10
US-GOV-26,,active,United States,Government,dot,10
US-GOV-14,,active,United States,Government,hhs,10
US-GOV-15,,active,United States,Government,doj,10
IN-MCA-U74999MH2015PTC264094,,active,India,Private Sector,ddsolar,70
US-GOV-9,,active,United States,Government,doi,10
US-GOV-7,,active,United States,Government,dod,10
US-GOV-20,,active,United States,Government,doe,10
US-GOV-19,,active,United States,Government,dhs,10
XM-OCHA-HP3664,,active,Jordan,National NGO,jrf_2022,22
US-EIN-83-2847769,,active,United States,Private Sector,60db,70
ci-moi-474-mis-dgat-dag-sdva,,active,Côte D'Ivoire,National NGO,csci_benkadi,22
SS-RRC-652,,active,South Sudan,National NGO,siha-southsudan,22
ID-KHH-01060014412,,active,Indonesia,National NGO,tifa_foundation,22
061660068,,active,United States,International NGO,ipa_,21
TZ-NNCB-00NGO-R2-00056,,active,"Tanzania, United Republic of",National NGO,wajibu,22
NP-SWC-19781,,active,Nepal,National NGO,infnepal,22
NL-KVK-40539494,,active,Netherlands,International NGO,mdmnl,21
US-EIN-84-3344516,,active,United States,International NGO,aceliafrica,21
NL-KVK-76050475,,active,Netherlands,International NGO,gca,21
GB-CHC-1187721,,active,United Kingdom,International NGO,uws,21
ID-KHH-0018020.AH.01.07,,active,Indonesia,National NGO,hrwg_indonesia,22
CO-CCB-0008863,,active,Colombia,National NGO,opepa,22
CH-FDJP-110.162.567,,active,Switzerland,Foundation,finddiagnostics,60
GB-COH-02742969,,active,United Kingdom,"Academic, Training and Research",grl,80
PS-MOI-QR177HR,,active,"Palestine, State of",National NGO,miftah,22
KH-INGO-20201231,,active,Cambodia,International NGO,aac,21
GH-DSW-4004,,active,Ghana,Regional NGO,mfwa,23
IL-RA-580675486,,active,Israel,National NGO,t2p,22
XM-DAC-47062,,active,Nigeria,International NGO,iita_2022,21
JO-COA-0301-57112,,active,Jordan,Multilateral,inwrdam,40
KH-INGO,,withdrawn,Cambodia,International NGO,aac,21
CO-RUE-8600286699,,active,Colombia,Private Sector,fedesarrollo,70
NL-KVK-24428291,,active,Netherlands,Private Sector,aw,70
NL-KVK-58076573,,active,Netherlands,Private Sector,auxfinintl,70
GB-UKPRN-10007783,,active,United Kingdom,"Academic, Training and Research",uoa,80
US-EIN-23-6393344,,active,United States,International NGO,worldrelief,21
GH-RGD-CG056382017,,active,Ghana,Regional NGO,globalshea,23
CO-CCB-01952534,,active,Colombia,Private Sector,grupoe3,70
CO-RUE-901337512,,active,Colombia,National NGO,iclei,22
GB-SC-SC015263,,active,United Kingdom,"Academic, Training and Research",strathclyde,80
CH-FDJP-CHE-109-991-002,,active,Switzerland,Foundation,basel_institute,60
BJ-IFU-6202112757059,,active,Benin,National NGO,igd_benin,22
LB-MOI-37-AD,,active,Lebanon,National NGO,rabi3,22
BJ-IFU-6201001214905,,active,Benin,National NGO,abpf,22
GB-COH-RC000653,,active,United Kingdom,"Academic, Training and Research",uoex,80
AE-DMCC-23550,,active,United Arab Emirates,Private Sector,arkgroupdmcc1,70
US-EIN-52-1497470,,active,United States,International NGO,c_i_f,21
GB-CHC-1112404,,active,United Kingdom,International NGO,rtp_uk,21
GB-COH-01250443,,active,United Kingdom,Private Sector,niras_uk,70
MZ-NUIT-700061787,,active,Mozambique,Public Private Partnership,grp,30
GB-COH-RC000659,,active,United Kingdom,"Academic, Training and Research",leics,80
ET-MFA-150317,,active,Ethiopia,Regional NGO,et-adf-0317,23
GB-CHC-1162997,,active,United Kingdom,International NGO,pci,21
NL-KVK-41199142,,active,Netherlands,Foundation,rabofoundation,60
BI-NIF-4000039331,,active,Burundi,National NGO,twz1,22
KE-NCB-10488,,active,Kenya,National NGO,sp,22
NG-CAC-RC-1368639,,active,Nigeria,Private Sector,infracredit,70
GB-CHC-1050821,,active,United Kingdom,National NGO,tzuchiuk,22
LB-MOI-17312,,active,Lebanon,National NGO,female,22
NL-KVK-60351489,,active,Netherlands,Private Sector,frontclear_ftap,70
GB-COH-10781862,,active,United Kingdom,Private Sector,svrg,70
US-EIN-47-4606264,,active,United States,Private Sector,hala_systems,70
LB-MOI-2402520,,active,Lebanon,Regional NGO,smex,23
DE-CR-RA000355-HRB726528,,active,Germany,"Academic, Training and Research",fosaa,80
UG-RSB-80020000583761,,active,Uganda,Private Sector,ep,70
DK-CVR-78920610,,active,Denmark,International NGO,fowdk,21
CH-FDJP-CHE455926653,,active,Switzerland,International NGO,ilgaworld,21
DE-CR-RA000299-HRB20002,,active,Germany,Private Sector,sce-gmbh,70
PE-SUNARP-03024345,,active,Peru,"Academic, Training and Research",investigacion_cayetano,80
GB-COH-05712574,,active,United Kingdom,Private Sector,pul,70
US-EIN-45-4535664,,active,United States,International NGO,harvard_global,21
KE-NCB-218051200201502367,,active,Kenya,National NGO,lvct,22
XM-DAC-47149,,active,Netherlands,Other Public Sector,icmp,15
GB-UKPRN-10007786,,active,United Kingdom,"Academic, Training and Research",unibristol,80
KE-KRA-P052188980R,,active,(No country assigned),Private Sector,bfa_global,70
KE-RCO-CF2015185025,,active,Kenya,Foundation,ga,60
AF-MOE-947,,active,Afghanistan,National NGO,947,22
CH-FDJP-CHE326267730,,active,Switzerland,International NGO,trial,21
AF-MOE-118,,active,Afghanistan,International NGO,sca_afghanistan,21
US-EIN-52-1527835,,active,United States,International NGO,ifes,21
GB-COH-46049,,active,United Kingdom,International NGO,testdave,21
KE-KRA-P052007235U,,active,Kenya,Private Sector,imfact2022,70
US-EIN-262048480,,active,United States,International NGO,ia,21
PH-SEC-CN201214699,,active,(No country assigned),Regional NGO,crcasia,23
NA-NAMRA-04413362,,active,Namibia,Regional NGO,arasaregional,23
SO-COA-107-0081-2023,,active,Somalia,National NGO,iffoundation12,22
US-EIN-26-0126537,,active,United States,International NGO,gi,21
KE-KRA-P051698850Z,,active,Kenya,Private Sector,ddfkenya,70
GB-COH-07177839,,active,United Kingdom,Private Sector,bboxx,70
SN-NINEA-50255162X2,,active,Senegal,Private Sector,sn-ninea-50255162x2,70
ID-DJP-032441156063000,,active,Indonesia,Private Sector,ptarupidn,70
GB-COH-12675400,,active,United Kingdom,International NGO,cir,21
BR-CNPJ-30619995-0001-34,,active,Brazil,"Academic, Training and Research",cit_brazil,80
NG-CAC-RC-929657,,active,Nigeria,Private Sector,fmdqgroupplc_2013,70
GB-CHC-1146162,,active,United Kingdom,International NGO,rstmh,21
PK-NTN-9051408-4,,active,Pakistan,"Academic, Training and Research",kmu,80
XM-DAC-46008,,active,Venezuela (Bolivarian Republic of),Multilateral,caf,40
BD-ROC-S-5933,,active,Bangladesh,"Academic, Training and Research",chpd_ulab,80
NL-KVK-51837609,,active,Netherlands,Private Sector,upinion,70
NP-IRD-201252183,,active,Nepal,"Academic, Training and Research",bpkihs_dharan,80
BO-NIT-351775028,,active,Bolivia,Regional NGO,conexionla,23
LK-DRC-GA635,,active,Sri Lanka,"Academic, Training and Research",irdsrilanka-1997,80
NG-CAC-1075488,,active,Nigeria,Private Sector,nvd_12,70
KE-KRA-P051883897F,,active,Kenya,Private Sector,adili_sh,70
GB-CHC-1030884,,active,United Kingdom,International NGO,gb-chc-1030884,21
KE-KRA-P052141361L,,active,Kenya,National NGO,cap-a,22
GB-GOR-PB508,,active,United Kingdom,"Academic, Training and Research",rbg_kew,80
XI-DUNS-645826186,,active,Pakistan,"Academic, Training and Research",stmu01,80
IN-MCA-U74900TN2013PTC093426,,active,India,Private Sector,bepl,70
GH-RGD-CG034642016,,active,Ghana,National NGO,ukgcc,22
BE-BCE_KB0-0421408778,,active,Belgium,National NGO,ipis,22
XI-IATI-KHF_IFH,,active,Jordan,National NGO,khf_ifh,22
PS-TIN-888005972,,active,"Palestine, State of",Other Public Sector,wsrc1,15
NL-KVK-57504091,,active,Netherlands,Foundation,stichting_cd,60
GB-COH-05572704,,active,United Kingdom,Private Sector,aceruk,70
BR-CNPJ-62579164-0001-72,,active,Brazil,"Academic, Training and Research",_cebrap,80
NL-KVK-34123218,,active,Netherlands,"Academic, Training and Research",rabk,80
YE-MSAL-220,,active,Yemen,National NGO,bfdyemen,22
ZA-CIP-2011-003386-08,,active,South Africa,"Academic, Training and Research",cisl,80
GB-GOV-25,,active,United Kingdom,Government,desnz,10
ZA-CIP-2002-007758-08,,active,South Africa,International NGO,icleiafrica,21
GB-COH-OC422288,,active,United Kingdom,Private Sector,thc,70
YE-CR-17952,,active,Yemen,Private Sector,dr,70
UA-EDR-36159679,,active,Ukraine,National NGO,dixigroup,22
TN-RNE-1526532C,,active,Tunisia,National NGO,wwc_27068084,22
NL-KVK-41150792,,active,Netherlands,International NGO,jp-nl,21
UG-NGO-INDR45161196NB,,active,Uganda,National NGO,actade,22
GB-GOV-26,,active,United Kingdom,Government,dsit,10
PS-MOI-QR-0049-F,,active,"Palestine, State of",International NGO,welfare_taawon,21
MG-NIF-4003264720,,active,Madagascar,National NGO,pjl,22
YE-MSAL-19,,active,Yemen,National NGO,rymn,22
GB-COH-02412299,,active,United Kingdom,International NGO,stonewa11,21
HK-CR-2436455,,active,Hong Kong,Private Sector,agsollimited,70
FR-RCS-53119997400027,,active,France,International NGO,premiere-urgence,21
BD-ROC-C-150855,,active,Bangladesh,Private Sector,yy_ventures,70
BD-NAB-0841,,active,Bangladesh,National NGO,cnrs,22
GB-COH-12482833,,active,United Kingdom,International NGO,amplifychange,21
YE-MOPIC-0036,,active,Yemen,International NGO,partnersyemen,21
SZ-CIT-201710132021804,,active,eSwatini,National NGO,wu,22
BD-NAB-0004,,active,Bangladesh,International NGO,carebd,21
NG-CAC-69519,,active,Nigeria,National NGO,cjid_ng,22
BD-NAB-0577,,active,Bangladesh,National NGO,dsk,22
BD-NAB-1748,,active,Bangladesh,National NGO,fb_2023,22
NL-KVK-91420784,,active,Netherlands,International NGO,wcaf,21
YE-MSAL-32-M-2008,,active,Yemen,National NGO,semc-yemen,22
GB-GOR-EA53,,active,United Kingdom,Government,cefas,10
IN-MCA-U74900TG2007NPL055085,,active,India,"Academic, Training and Research",tgi_india,80
GB-CHC-298375,,active,United Kingdom,Regional NGO,cls,23
IN-MHA-083780010,,active,India,National NGO,sparc_iati,22
NL-KVK-75373750,,active,Netherlands,International NGO,ic-bs_24,21
PK-NTN-2158581-4,,active,Pakistan,National NGO,shirkatgah,22
NL-KVK-81042582,,active,Netherlands,National NGO,thenab,22
GB-COH-4625800,,active,United Kingdom,International NGO,iseal,21
GB-CHC-1174610,,active,United Kingdom,Other Public Sector,thinkequal,15
KE-NCB-218051200301082704,,active,Kenya,National NGO,imlu,22
PS-TIN-562780742,,active,"Palestine, State of",Private Sector,tap,70
UG-RSB-80010000758365,,active,Uganda,Private Sector,in,70
XM-OCHA-HPC8773,,active,(No country assigned),Multilateral,ecw,40
US-EIN-46-3995547,,active,United States,International NGO,ibp,21
ID-KHH-AHU-0000401.AH.01.07,,active,Indonesia,National NGO,safenet,22
IT-CF-97050280581,,active,Italy,International NGO,cispngo,21
NG-CAC-6896199,,active,Nigeria,National NGO,obodo_ng,22
IN-MHA-083930308,,active,India,National NGO,masumpune_87,22
MW-NBM-NGO-L-13-059,,active,Malawi,National NGO,wolrec,22
GH-RGD-ET000570722,,active,Ghana,International NGO,idh-ghana,21
US-EIN-042241718,,active,United States,International NGO,edc,21
GB-COH-08100658,,active,United Kingdom,Private Sector,via,70
GB-COH-05380206,,active,United Kingdom,Other Public Sector,jncc,15
GB-COH-02525806,,active,United Kingdom,Private Sector,acs_group,70
UG-RSB-125289,,active,Uganda,Private Sector,pcp-ug_125289,70
US-EIN-47-2326975,,active,(No country assigned),International NGO,cadasta,21
BI-NIF-4001458845,,active,Burundi,National NGO,ajebudi_2024,22
CH-FDJP-CHE-390.672.238,,active,Switzerland,International NGO,nf2022,21
RW-RRA-121040504,,active,Rwanda,Private Sector,acv,70
ID-DJP-016993966411000,,active,Indonesia,"Academic, Training and Research",ppim,80
CA-CC-020387-4,,active,Canada,International NGO,ef,21
GB-CHC-1174115,,active,United Kingdom,National NGO,ceobs,22
KE-RCO-PVT-2016-025726,,active,Kenya,Private Sector,apolloagriculture,70
JO-CCD-181612,,active,Jordan,Private Sector,mset,70
MU-CR-C191439,,active,Mauritius,Private Sector,blue,70
KE-RCO-BN-J9S5BMEB,,active,Kenya,Private Sector,ecovega,70
AU-ABN-94642321640,,active,Australia,Regional NGO,cra,23
SE-ON-802401-6134,,active,Sweden,International NGO,ktk_ho,21
CA-CRA_ACR-827142530RR0001,,active,Canada,International NGO,rr_qfdi,21
GB-CHC-1191805,,active,United Kingdom,National NGO,sidcn,22
GB-COH-14411359,,active,United Kingdom,Private Sector,chemonics_uk,70
NL-KVK-27364265,,active,(No country assigned),"Academic, Training and Research",nl_tud,80
CH-FDJP-6602621019-7,,active,Switzerland,International NGO,ffh,21
CO-RUE-90020089,,active,Colombia,Regional NGO,feadin,23
BF-MATD-1131,,active,Burkina Faso,National NGO,240001090,22
GB-COH-01630501,,active,United Kingdom,Private Sector,mko,70
EG-CR-42812,,active,Egypt,Private Sector,outreach_egypt,70
KE-KRA-P052193943Z,,active,Kenya,National NGO,theclimatenetwork,22
GB-COH-04481639,,active,United Kingdom,Private Sector,alinea_uk,70
BF-MATD-118884808RR0001,,active,Burkina Faso,National NGO,bfrri,22
GB-UKPRN-10007789,,active,United Kingdom,"Academic, Training and Research",uea_uk,80
GB-UKPRN-10000824,,active,United Kingdom,"Academic, Training and Research",bournemouth_university,80
BD-NAB-557,,active,Bangladesh,International NGO,thpdb,21
UG-NGO-INDR21712234NB,,active,Uganda,National NGO,ngoforum_01,22
ZA-NPO-IT7504-1992-PMB,,active,South Africa,Regional NGO,accord_2024,23
ZA-CIP-1997-015443-07,,active,South Africa,Private Sector,whc,70
GB-CHC-1186748,,active,United Kingdom,International NGO,nt_2024,21
GB-CHC-1159990,,active,United Kingdom,National NGO,ssap,22
GB-COH-09902551,,active,United Kingdom,Private Sector,camco,70
XM-DAC-962,,active,Switzerland,Multilateral,unctad,40
AR-CUIT-30-70806240-1,,active,Argentina,International NGO,iecs-2024,21
GB-HESA-0163,,active,United Kingdom,"Academic, Training and Research",warwickpub123,80
GT-RPJ-21339045,,active,Guatemala,International NGO,fafg,21
XI-ROR-01wk3d929,,active,Indonesia,"Academic, Training and Research",medicine_ub,80
GB-COH-OC423567,,active,United Kingdom,Private Sector,gridworkspartners,70
GB-GOV-27,,active,United Kingdom,Government,mhclg,10
PE-SUNARP-11582738,,active,Peru,"Academic, Training and Research",cientifica-pe,80
PK-VSWA-2028-2002,,active,Pakistan,National NGO,bveins,22
AT-ZVR-482616437,,active,Austria,National NGO,hope87,22
GB-CHC-313392,,active,United Kingdom,"Academic, Training and Research",nfer,80
KE-KRA-P051102229I,,active,Kenya,Multilateral,tdb01,40
GE-NAPR-367,,active,Georgia,National NGO,curatio,22
GB-COH-13697512,,active,United Kingdom,Private Sector,2xglobal,70
SS-RRC-294,,active,South Sudan,National NGO,capad,22
UA-EDR-24719411,,active,Ukraine,Private Sector,argus_kyiv,70
CA-CRA_ACR-892100884,,active,Canada,Other Public Sector,col,15
GB-CHC-210639,,active,United Kingdom,National NGO,rusi,22
XM-OCHA-HPC1888,,active,Somalia,National NGO,inforaas,22
XM-OCHA-HPC6052,,active,Somalia,National NGO,hirda,22
BE-BCE_KBO-0665.649.335,,active,Belgium,International NGO,seefarfoundation,21
XM-OCHA-HPC5902,,active,Somalia,International NGO,pac_som,21
XM-OCHA-HPC3382,,active,Somalia,National NGO,scc_2025,22
SO-COA-107-0079-2025,,active,Somalia,National NGO,kardo-somalia,22
XM-OCHA-HPC10477,,active,Somalia,National NGO,swvsom,22
GB-COH-08524506,,active,United Kingdom,Private Sector,commonseas,70
IN-MHA-5897,,active,India,National NGO,tlmti,22
GH-RGD-CG016822016,,active,Ghana,National NGO,cdd_admin,22
GB-COH-03591514,,active,United Kingdom,International NGO,tlm_io,21
CH-FDJP-CHE109810537,,active,Switzerland,Foundation,fsd-switzerland_2025,60
US-EIN-11-2724905,,active,United States,International NGO,icfj,21
BR-CNPJ-45358058000140,,active,Brazil,"Academic, Training and Research",ufscar_brasil,80
ZA-NPO-012983,,active,South Africa,National NGO,sci2025,22
ZA-CIP-2007-012585-08,,active,South Africa,International NGO,rdh,21
US-EIN-53-0196603,,active,United States,"Academic, Training and Research",georgetown,80
US-EIN-113816205,,active,United States,International NGO,independent_diplomat,21
GB-CHC-1159483,,active,United Kingdom,International NGO,start-network,21
GH-RGD-CG081931122,,active,Ghana,Foundation,ews-kt_gh,60
FR-RCS-42956525200054,,active,France,International NGO,ri_france,21
SO-COA-107-0290-2025,,active,Somalia,National NGO,hu,22
NG-CAC-8270899,,active,Nigeria,Private Sector,sgal,70
US-EIN-52-1398742,,active,United States,International NGO,cipe_1983,21
NL-KVK-32160247,,active,Netherlands,Private Sector,scopeinsight,70
US-EIN-521338892,,active,United States,International NGO,ndi,21
RW-RRA-102234096,,active,Rwanda,Private Sector,afrwanda,70
UG-RSB-80010004091376,,active,Uganda,Private Sector,dwb_africa,70
XI-DUNS-499432771,,active,Ghana,"Academic, Training and Research",nhrc,80
US-SAM-VJ8RGVMEPAT7,,active,United States,National NGO,new_digital_trade_coalition,22
US-EIN-770155782,,active,United States,International NGO,globalfundforwomen,21
MW-NBM-20125698,,active,Malawi,International NGO,mlw,21
XM-DAC-46027,,active,Bolivia,Multilateral,fonplata,40
BF-MATD-N4217,,active,Burkina Faso,National NGO,abbef,22
XI-ROR-04pznsd21,,active,Lebanon,Private Sector,auob,70
XI-IATI-CLAD,,active,Venezuela (Bolivarian Republic of),Multilateral,clad,40
GB-CHC-1180966,,active,United Kingdom,National NGO,mtuk,22
GB-COH-05327824,,active,United Kingdom,International NGO,tjn,21
ZA-CIP-2022-449689-08,,active,South Africa,Private Sector,energycouncilsa,70
FR-INSEE-93282389100019,,active,(No country assigned),International NGO,piermarc,21
ET-CSA-1560,,active,Ethiopia,National NGO,eocdicac,22
KE-RCO-CPR-2014-161876,,active,Kenya,National NGO,mwa_kenya,22
NL-KVK-86795341,,active,Netherlands,Foundation,clim-eat,60
SL-NRA-1136607-8,,active,Sierra Leone,National NGO,igchr_sierraleone,22
SL-OARG-2420280,,active,Sierra Leone,National NGO,codohsapa,22
GB-COH-08195029,,active,United Kingdom,Private Sector,finance_earth,70
US-EIN-52-1780162,,active,United States,International NGO,ef-2025,21
US-EIN-35-2725269,,active,(No country assigned),International NGO,sfa_foundation,21
UG-NGO-INDP51781129NB,,active,Uganda,Regional NGO,rac-001,23
UA-EDR-42661077,,active,Ukraine,National NGO,imtd_int_11,22
TR-VKN-4940457659,,active,(No country assigned),National NGO,kamer,22
GB-COH-00559784,,active,United Kingdom,"Academic, Training and Research",pirbright_institute,80
UA-EDR-38621206,,active,Ukraine,National NGO,r2p,22
UA-COA-44916875,,active,Ukraine,National NGO,vs,22
SE-ON-802002-3209,,active,Sweden,National NGO,smc,22
ET-ERCA-0056106666,,withdrawn,Ethiopia,Regional NGO,et-adf-0317,23
GB-1-201879-115,"Wheeler Institute for Business and Development, London Business School",withdrawn,United Kingdom,"Academic, Training and Research",wheeler,80
